id,type,text1,text2,text3,text4,notes,Column 08,Column 09,Column 10
# Types: WEAPON,SHIP,RESOURCE,CUSTOM,ACTION_TOOLTIP,ASTEROID,PLANET,SHIP_SYSTEM,FACTION,TERRAIN
ls_looted_cerberus_ds,SHIP,"Во, эта хумийская посудина - отличная находка. Крепкая как сквиг, и места полно и для бойзов, и для лута. Но ни один нормальный Ноб не оставит свою тачку без большой дакки!

Раньше это был боевой грузовик класса Cerberus, но новые орочьи хозяева серьезно его перекроили. Теперь это ганшип с заметной огневой мощью, хоть и слабоватой флюкс-емкостью. Для плохо защищенных конвоев он все еще опасен: тяжелые стволы легко давят и сметают легкий эскорт.",,,,,,,
ls_brawler_ds,SHIP,"Вот это уже дело! Наконец-то по-настоящему жирная дакка на реально крепкой лоханке, и большой генератор, чтобы запитать самые зубастые пушки, какие только найдешь!

Brawler - один из любимых трофеев орочьих пиратов: зеленокожих впечатляет, как он поливает огнем. Такие тяжелые ганшипы дают ощутимую огневую мощь и живучесть даже совсем хламовой орочьей своре фрегатов, поэтому любой амбициозный варбосс охотно пойдет за таким куском лута.",,,,,,,
ls_wayfarer_ds,SHIP,"Дом для твоих летунов: эта развалина не про большую дакку, но дыру мы заделали достаточно, чтобы флайбойзы могли чиниться и пополняться. Только совсем мягкие гиты и хумии захотят сидеть на таком корабле в нормальной драке.

Чтобы доставлять свои хламолеты в бой, орки иногда переделывают лутаные грузовики в примитивные ангары для ремонта и перезарядки орочьих истребителей. В остальном такие корабли обычно мало на что годятся, а большую часть трюма выдирают под нужды авиакрыла. Но это все еще остатки боевого грузовика класса Wayfarer, и для самообороны у него неожиданно приличная огневая мощь.",,,,,,,
ls_laberus_ds,SHIP,"Эти остроносые хумийские фрегаты умеют драться: как бойзы, быстрые и с кучей дакки. Если давно хотел прибрать один к рукам - вот, блестящий экземпляр прямо тут. Не острый, говоришь? Да у него вон спереди рога торчат!

Фрегаты класса Lasher часто ходят в эскорте конвоев и в антипиратских патрулях. При всей эффективности неудивительно, что многие из них попадали в руки тех самых пиратов, на которых охотились. Оркам нравится сочетание скорости и огня, но в затяжных боях большинство Lasher редко остается в одном пригодном к сборке куске. Поэтому распространенный ""ремонт"" - приварить нос от побитого Cerberus (который обычно валяется в том же поле обломков после боя) к мощной кормовой части Lasher.

В итоге выходит быстрый ударный корабль с большей прочностью корпуса, чем у обычного Lasher, при сохранении его вполне приличного щита. Скорость держат по-орочьи: привычным перекрутом двигателя.",,,,,,,
ls_mudskipper_ds,SHIP,"Эй, хватит ныть и залазь внутрь! В моей шаттле места дофига для толпы бойзов, летает дед быстро, и спереди стоит нормальная дакка. Будешь дальше прятаться в тех жирных крюзерах - никакой настоящей драки не увидишь! Следующего гита, что пожалуется на дыру в стене, заряжу в гит-лаунчу!

Мелкие суда, попавшие оркам в лапы, почти неизбежно переделывают в штурмовые шаттлы или ганшипы для абордажников, невзирая на то, насколько они вообще для этого подходят. По правде, только совсем отбитый пират полезет в бой на переделанном Mudskipper. Даже так, у пиратов хватило ума поставить большую пушку, чтобы держать дистанцию, а не нестись в самую мясорубку, орущей ""Вааагх!"" во всю глотку.",,,,,,,
ls_shoota_skipper_ds,SHIP,"С такой штукой ты никогда не опоздаешь на драку, только заставь гротов набить все гандподы даккой и бомбами - будет обидно, если кончится в разгар рубки.

Странная конструкция, собранная из разных обломков в то, что отдаленно похоже на переросший истребитель. Носит мощную супершуту и для орочьего корабля просто невероятно подвижна. Каждый такой аппарат - предмет гордости умелого мекбоя, и наборы вооружения у них разные, но обычно очень злые.

По названию можно подумать, что когда-то это был вариант Mudskipper, но все, что от тех несчастных кораблей осталось, давно погребено глубоко в этом корпусе. По бокам стоят уникальные парные гандподы, в которые влезает удивительно много ракет и патронов для такого малого судна, поэтому успешные орочьи флайбойзы такое очень любят.",,,,,,,
ls_centurion_ds,SHIP,"Самый крепкий фрегат, какой мы можем залутать, и дакка у него по всем сторонам. Для твоих лучших 'ардбойзов - чтобы всякая мелочь не лезла к заднице босса!

Живучий Centurion - определенно один из самых сильных фрегатов в орочьем арсенале. Им часто командуют 'ардбойзы варбосса или доверенные нобы, работая чем-то вроде телохранителей больших военных кораблей. Широкие сектора обстрела и очень крепкая защита делают его отличным эскортом.",,,,,,,
ls_smol_rok_ds,SHIP,"Рок может и смол, но все равно дед крепкий.

Хотя большинство орочьих роков размером как минимум с эсминец, некоторые ушлые экипажи умудряются склепать более мелкие астероиды с обломками легких фрегатов в это жалкое подобие фрегата. При всей грубости конструкции смол-рок очень живуч и умеет больно бить.",,,,,,,
ls_grunt,SHIP,"Метал бавкс для бойзов. Сажай своих бойзов в метал бавкс и кидай бавкс на хумийский форт.

Эти крепкие шаттлы обычно служат базовым орочьим транспортом для переброски варбанд между планетами, а заодно имеют небольшой трюм под лут и прочий хлам бойзов. Как и положено орочьей технике, они вооружены и не стесняются переть в лоб в драку (хотя им бы лучше этого не делать).",,,,,,,
,,,,,,,,,
ls_mule_ds,SHIP,"Нормальный дестроя для любого босса, который хочет лупить цели покрупнее жалких шаттлов и при этом не огрести. Дакка не самая большая, зато он дед крепкий: бусты побольше, чтобы догонять хумийские корабли, и места под лут навалом! Только не строй из себя флэшгита перед одним из тех больших вагонов.

Mule - популярная добыча у орков, как и у человеческих пиратов Сектора, благодаря боевым качествам и вместительному трюму. Лутаная версия получила прибавку скорости, позволяющую догонять большинство торговых целей; там ее достойный носовой залп и тяжелая броня позволяют продавливать сопровождающие фрегаты, пока корабль пробивается к добыче. Но против целей выше своего класса такие суда обычно слабеют: для орочьего корабля вооружение у них все-таки относительно легкое.",,,,,,,
ls_tarsus_ds,SHIP,"Хумии тупые, потому что пихают все свои блестящие габбинзы в корабль без нормальной дакки, и бойзы просто приходят и лутают это все. А теперь мы габбинзы забрали, габбин-дырка пустая. Значит, засунем в габбин-дырку нормальную дакку... хр... хр. Чего значит ""а куда габбинзы класть"", а, гит? В габбин-дырку, конечно.

Грузовики - частая цель орочьих пиратов в Секторе, а крепкие Tarsus чаще доживают до состояния ""можно собрать"" после того, как рейдеры закончат с прежними владельцами. Типичная переделка - выдрать грузовой отсек Tarsus под генераторы и системы питания какой-нибудь огромной пушки. Но даже с такой переделкой флюкс у корабля опасно растет почти во всех боях, кроме самых коротких. Все равно это остается довольно простым способом добыть большую дакку без необходимости лезть за более опасной добычей вроде эсминца класса Manticore.",,,,,,,
ls_hammerhead_ds,SHIP,"Только мягкие гиты летают на лутаных хумийских баржах! Чтобы заполучить по-настоящему крутую дакку, надо бить хумийских 'ардбойзов, и у этого корабля ее предостаточно!

По сравнению с лутаными грузовиками, лутаные эсминцы вроде Hammerhead куда популярнее у орков, которым удалось их захватить. Малые слоты оригинального Hammerhead заменяют еще одним средним, чтобы выкатить на стол самую жирную дакку. Перекачанный двигатель делает корабль еще опаснее, но потеря ПВО и открытые участки корпуса также делают его еще уязвимее оригинала при обходе с фланга.",,,,,,,
ls_haula,SHIP,"Лодка для всей габбинзы и топлива для бойзов. И пихай туда всех гитов, которые тебе не нравятся.

Большинство орков быстро злится от идей вроде логистики и снабжения, поэтому просто сваливает все нужное в кривой хлам, сваренный из остовов разбитых танкеров и грузовиков. Не так эффективно, как специализированные транспорты, зато оркам не нужно ломать голову, что и куда грузить. Служба на таком корабле - отличное наказание для любого мягкого гита, который выбесил босса.",,,,,,,
ls_manticore_ds,SHIP,"Самая лучшая дакка, какую найдешь на корабле такого размера, босс! Тут и модные хумийские габбинзы, чтоб видеть гитов издалека и как следует их расстреливать, и пушек хватает, чтобы выбить сквига даже из хумийского крюзера!

Огневая мощь, прочность и вполне приличная скорость эсминца класса Manticore оставили сильное впечатление на орочьих пиратов, поэтому каждый лутаный Manticore после драки становится одним из самых желанных трофеев. Оркофицированные Manticore почти полностью отказались от ""поинт""-обороны и целиком заточены на то, чтобы сыпать как можно больше дакки в сторону врага, и в этой роли они пугающе эффективны.",,,,,,,
ls_rok_ds,SHIP,"Ща мы их рокнем!

Орочий рок - это хламокорабль, сделанный путем приделывания двигателей к астероидам. Такие ""корабли"" обычно обвешаны обломками судов и лутаным оружием и превращены в подвижную огневую платформу. Их также могут сбрасывать на планеты как штурмовые десантные блоки и полевые огневые базы. У большинства роков несколько орудийных платформ, которые можно потерять, не выводя из строя сам астероид. Сам рок очень крепкий и плохо берется маломощным оружием, потому что у него почти нет уязвимых внутренних систем. Но брони у него тоже нет, и при достаточной силе его можно разнести.",,,,,,,
ls_terror_ds,SHIP,"Для всех бойзов, кому не достались самые быстрые корабли: эта штука может перевезти их толпу и разнести хумийские форты, чтобы ты добрался до всех блестящих габбинзов.

Метко названный класс Terror - это орочий корабль наземного штурма, созданный для доставки крупных орочьих сил на цели рейда. Эти громоздкие суда популярны у разных кланов и ненавидимы армиями Сектора. Чтобы лучше выполнять задачу, корабли довольно тяжело бронированы и набиты тяжелыми орудиями и автопушками для подавления сопротивления на земле. В тесный ангар также впихнуто несколько тяжелых штурмовых шаттлов Landa для отдельных высадок.",,,,,,,
ls_terror_ds_cv,SHIP,"Коробка для всех твоих флайбойзов, получше той, на которой ты раньше летал. Только смотри, чтобы у тебя были нормальные самолеты, а то на этой коробке самой дакки - на гретчина не хватит.

Метко названный класс Terror - это орочий корабль наземного штурма, созданный для доставки крупных орочьих сил на цели рейда. Громоздкий транспорт отлично подходит для переделки в авианосец и способен нести приличное количество орочьих летательных аппаратов для боев и на земле, и в космосе. Версия Deathskull более живучая и с чуть более тяжелой огневой мощью, но поддержка собственных авиакрыльев у нее ограниченная.",,,,,,,
ls_loota_ds,SHIP,"Кто, по-твоему, достанет меку детали для проекта, если мы не будем выходить и тырить их? Все габбинзы, что нужны для нормального лутинга, и достаточно дакки, чтобы отогнать прочих гитов от того, что ты по праву спер!

Будучи кланом, известным кражами и лутингом по всему космосу, Deathskulls разработали специализированные корпуса для разбора обломков, которые при необходимости полезны и в добыче, и в перевозках. В лобовом бою это не самые сильные корабли, но они довольно крепкие, а их полезность точно оценит любой варбосс. Предприимчивые меки с радостью держат целые флоты таких судов, чтобы обеспечить постоянный поток материалов для своих новых поделок.",,,,,,,
ls_kill_bursta_ds,SHIP,"Если хочешь, чтобы надоедливые гиты исчезали в тот же миг, как косо на тебя глянут, у меня есть нужный корабль! Он дед крепкий, но лучше бери с собой побольше бойзов, чтобы они отвлекали врага, пока Bursta делает свое дело!

Орочьи ""Kill-Ships"" - серия мощных эсминцев, созданных легендарным орком-ученым-меком Оркимидесом. Старого мека из Deathskulls захватили охотники за головами, когда клан только появился в Секторе: хотели добыть образец для Галактийской академии. К несчастью для академии, слабая охрана и недооценка орочьей физиологии закончились тем, что мек буквально перевернул операционный стол вместе с захватчиками, после чего сбежал, прихватив ценные датапады и настоящий диплом Академии (позже использованный для подтирания).

Используя добычу, Оркимидес разработал серию специализированных орочьих боевых кораблей, куда менее хламовых и куда надежнее типичных орочьих развалюх. Эти суда крайне популярны у орочьих кланов и поэтому всегда в дефиците.

Kill Bursta - главный и, пожалуй, самый страшный из Kill-Ships. Он несет чудовищный осадный миномет Bursta Каннона, способный испарить фрегат одним попаданием и пробить почти любую броню. Бронированный нос позволяет кораблю впитывать серьезный фронтальный огонь, оставляя реактору мощность для главного оружия. В сочетании с хорошей броней и щитами Kill Bursta становится крайне опасным при нормальной поддержке других орочьих военных кораблей.",,,,,,,
ls_bursta_prow,SHIP,Тяжело бронированный нос Kill Bursta.,,,,,,,
ls_rok_ds_right,SHIP,"Орудийная платформа, прикрученная к орочьему року.",,,,,,,
ls_rok_ds_left,SHIP,"Орудийная платформа, прикрученная к орочьему року.",,,,,,,
,,,,,,,,,
ls_mora_ds,SHIP,"Вот это уже нормальный дом для всех чокнутых флайбойзов в Ваагхе! Куча ангаров под все твои истребители и боммеры, и крепости хватает, чтобы боднуть крюзер при работающем кастомном силовом поле. Но мы же не дадим флайбойзам веселиться одним! Нечего добру пропадать - ракеты и бомбы зря валяться не должны, верно?

Как и Venture, крепкий и повсеместный Mora - любимая цель орочьих падальщиков. Любой захваченный или поднятый из обломков такой корабль наверняка станет гордостью предприимчивого варбосса. Но орков не устраивает сидеть сзади, пока их штурмовики делают всю работу. Поэтому лутаный Mora часто обвешивают дополнительными ракетными и пушечными слотами, чтобы флайбосс тоже мог ""ввязаться"" в драку. Для большинства других авианосцев такая переделка была бы безумием, но крепкий Mora реально способен угрожать в линии боя, пока его ограниченный флюкс-пул тянет вооружение.",,,,,,,
ls_venture_ds,SHIP,"Варбоссу, который хочет крушить черепа, нужен крюзер, а этот хумийский крюзер - один из их любимчиков. Как только мы сделали его по-орочьи правильным, он стал дед крепким и с кучей дакки - все, что надо от крюзера. Не слушай гитов, которые ноют, что в нем нет модных габбинзов: только пансигиты нуждаются в мек-цацках, чтобы выбивать хумиям зубы!

Класс Venture - один из самых распространенных крейсеров у малых сил Сектора, поэтому именно они чаще всего становятся добычей крупных орочьих рейдов. В итоге лутаные Venture превратились в самые массовые и популярные орочьи крейсеры в регионе. В отличие от более мелких лутаных орочьих корыт, большинство таких крейсеров любовно ""кастомизируют"", увеличивая огневую мощь, прочность корпуса и массу по сравнению с обычным Venture.

Хотя возможности этих кораблей все еще могут уступать тяжелым крейсерам крупных фракций, вид орочьего крейсера, несущегося на таран с ревущими во все стороны пушками, впечатляет даже самых опытных капитанов.",,,,,,,
ls_eagle_ds,SHIP,"Не такой крепкий, как часть других крюзеров, зато этот реально убойный. Дакки и запперов тут больше, чем у большинства других, и летает быстро. Стоит всех усилий, чтобы залутать такой у хумийских 'ардбойзов.

Быстрый и мощный Eagle закономерно привлекает орочьих лутеров, а захваченные экземпляры обычно становятся гордостью флота варбосса. Лобовые слоты разобраны, чтобы освободить место под одно переразмеренное орудие, которое в сочетании с высокой скоростью корабля и солидным флюкс-пулом дает по-настоящему жуткий эффект. Однако по общему числу слотов он уступает исходной версии.",,,,,,,
ls_megabommer_ds,SHIP,"Тебе нужен боммер для твоих бомб. Тебе нужен большой боммер для больших бомб. Тебе нужен мега-боммер для мега-бомб!

Странная конструкция, по сути безумно увеличенная версия орочьего бомбардировщика. Эта огромная махина размером с крейсер может подтащить к врагу ужасающую полезную нагрузку под прикрытием толстой брони и вполне приличного щита, а потом вывалить все это на несчастную цель.

Из-за хаотичной природы орков никогда не знаешь, чего ждать от таких кораблей: иногда это классические бомбовозы, иногда флайбоссы предпочитают ракеты, а некоторые меки собирают так называемые Бласта-Боммер с капитальными баллистическими орудиями для штурмовых проходов по цели.",,,,,,,
ls_mega_haula,SHIP,"Я НЕ БУДУ СИДЕТЬ ТУТ КАК РАНТХЕРД, КОГДА ВОКРУГ ИДЕТ ДРАКА! ВААААГХ!

Естественная эволюция хаула - это мега-хаула, крупный смешанный грузо-топливный транспорт, обычно построенный на лутаных корпусах Colossus. В отличие от младших Haula, орки, командующие этими кораблями, обычно хотя бы мелкие нобы и самостоятельные боссы, и они терпеть не могут пропускать драку.

Поэтому большинство таких судов вооружено умеренно, а как типичная модификация - в систему хранения АМ-топлива прямо встраивают огромный огнемет. С точки зрения безопасности это, конечно, безумие, но для орка еще большее безумие - сидеть в стороне, когда бой в разгаре. В переделанный трюм также впихивают модифицированные шахтерские дроны, чтобы добавить в смесь еще больше буквальной огневой мощи.",,,,,,,
ls_big_rok_ds,SHIP,"Большой рок - значит большая дакка!

Орочий рок - это хламокорабль, сделанный путем приделывания двигателей к астероидам. Такие ""корабли"" обычно обвешаны обломками судов и лутаным оружием и превращены в подвижную огневую платформу. Их также могут сбрасывать на планеты как штурмовые десантные блоки и полевые огневые базы. У большинства роков несколько орудийных платформ, которые можно потерять, не выводя из строя сам астероид. Сам рок очень крепкий и плохо берется маломощным оружием, потому что у него почти нет уязвимых внутренних систем. Но брони у него тоже нет, и при достаточной силе его можно разнести.

Этот биг-рок несет тяжелую огневую мощь и даже небольшой ангар, но при этом еще менее подвижен, чем его младшие собратья.",,,,,,,
ls_big_rok_ds_left,SHIP,"Тяжелая орудийная платформа, прикрученная к орочьему року.",,,,,,,
ls_big_rok_ds_right,SHIP,"Тяжелая орудийная платформа, прикрученная к орочьему року.",,,,,,,
ls_stompa_factory,SHIP,"Большой рок, выдолбленный под строительную площадку для нескольких крупных орочьих мехов, известных как стомпа. Этот экземпляр вооружен до зубов и способен бодаться даже с капитальными кораблями. Однако его слабую подвижность легко использовать против него, особенно если уничтожить двигатели.",,,,,,,
ls_stompa_factory_l,SHIP,Модуль двигателя Фабрики Стомпы,,,,,,,
ls_stompa_factory_r,SHIP,Модуль двигателя Фабрики Стомпы,,,,,,,
ls_stompa_factory_f,SHIP,Орудийный модуль Фабрики Стомпы,,,,,,,
ls_stompa_factory_stompa_1,SHIP,Недостроенная стомпа,,,,,,,
ls_stompa_factory_stompa_2,SHIP,Недостроенная стомпа,,,,,,,
,,,,,,,,,
ls_tur_ds,SHIP,"Чего, это крюзер босса? Да я этот корабль сам собрал! Работает лучше любой рухляди, что найдешь в этой свалке! Тут мои лучшие габбинзы стоят!

Изначально задуманный как творческий план побега мека с крюзера класса Venture, залутанного его боссом, класс Tur стал популярным выбором среди молодых предприимчивых меков, решивших пойти своим путем. С мощным генератором на базе движка Venture и способностью к экстремальным скоростным рывкам эти корабли могут быть крайне опасны для тех, кто недооценит их хламовый вид.",,,,,,,
ls_yaroudomo,SHIP,"Бойзы на том корабле какие-то странные, говорю тебе. Поют какую-то чудную шанти, а потом корабль весь искрит и бьет током. Спорю, любой большой мек захотел бы его разобрать и посмотреть, какие сочные габбинзы внутри!

Легенда гласит, что варлорд Шрумсмаша повел Ваагх в северные пределы центральных миров, где его флот таинственно исчез. Спустя десятилетия регион начали терзать орочьи пираты на странных кораблях и с необычным акцентом. Этот класс лутаных судов, хоть и сильно деградировал в руках новых владельцев, похоже, содержит необычные системы радиоэлектронной борьбы, которые к настоящему времени выродились в простой ЭМИ-излучатель. При этом эти суда сохраняют нетипично высокую маневренность для орочьего лута.",,,,,,,
ls_mek_box_ds,SHIP,"Каждому нормальному меку нужен нормальный ящик с инструментом. Тупые его вечно теряют, когда какой-то гит выбивает им зубы из-за грога. Умные, как мы, ставят на коробку нормальный заппа и кучу дополнительных канов, чтобы гиты не лезли к нашим габбинзам.

Хотя орки в основном известны тем, что лутают готовые корабли, они вполне умеют собирать суда из разных частей так, что средний капитан Сектора их уже не узнает. Эти так называемые Mek-Box - любимые корабли странствующих меков, которым нужно хранить свой лут и иметь достаточно огневой мощи для защиты дома. Обычно обвешаны последними изобретениями мека и забиты запчастями, чтобы при необходимости запускать дополнительные файта и кан.",,,,,,,
ls_heron_ds,SHIP,"Моя лучшая работа, вот это. Не найдешь другого крюзера, что ее перегонит, и генератор у нее тоже мой лучший. Боссы любят свои крюзеры большими и крепкими, а у меня тут лучший вид дакки и заппов, чтобы их всех разнести!

Странным образом любимые среди орочьих меков, немногие Heron, попавшие в орочьи руки, часто переделываются в почти неузнаваемые легкие крейсеры, лишь отдаленно похожие на исходную форму. Используя мощный двигатель Heron, эти корабли получают невероятную мобильность, а их мек-мастера обычно переделывают их под очень широкий набор вооружения. Хрупкая полетная палуба Heron редко переживает такие переделки, поэтому итоговые мек-крюзеры обычно становятся мощными, но довольно хрупкими ударными крейсерами.",,,,,,,
,,,,,,,,,
,,,,,,,,,
ls_hulk_ds,SHIP,"Это хулк, в космосе. Значит это космохулк. Самый большой и самый крепкий корабль - для самого большого и крепкого босса, чтобы как следует накостылять любому пансигиту-хумию!

Сборная солянка из различных разбитых военных кораблей Сектора: космохалк - орочий капитальный корабль с серьезной огневой мощью, который также служит узлом орочьей активности. Эти суда, какими бы нетипичными ни были, способны биться на равных с линкором класса Onslaught, и любой орочий варлорд, у которого есть такой корабль, вполне может угрожать флоту одной из крупных держав Сектора.",,,,,,,
ls_star_krumpa_ds,SHIP,"Самый большой и самый злой босс имеет самый большой и самый злой крюзер! Так мы покажем всем прочим гитам и хумиям, кто тут главный! Он летит быстро и кромсает еще сильнее! Чего, хочешь такой себе? Обломись!

С учетом хаотичной и кровавой жизни зеленокожего капитана его любимый корабль редко живет достаточно долго, чтобы стать чем-то большим, чем куча салваж-хлама. Но со временем успешные варбоссы могут отстроить свою тачку в по-настоящему жуткую машину из трофеев, добытых в победных боях. Орки питаются победой и растут с каждым триумфом - их крюзеры отражают это. Крупнейшие и успешнейшие из них уже почти не напоминают какой-либо корабль Персеанского Сектора, но от этого не становятся менее смертоносными.

Тип баттл-крюзер Star Krumpa делает ставку на экстремальную скорость и тяжелую баллистическую мощь, жертвуя защитой лишь немного. Для многих капитанов крейсеров это приговор: в лоб выдержать такого монстра они не могут, а среагировать и уйти от его рывка скорости - не успевают. В прямой схватке его чистая огневая мощь способна тягаться даже с капитальными кораблями флотов Сектора.",,,,,,,
,,,,,,,,,
ls_loot_horda,SHIP,"Смотри, чтобы с блестящими габбинзами босса ничего не случилось. Если корабль раскромсают - нас тоже раскромсают, так что мы раскромсаем любого гита, который захочет раскромсать этот корабль, понял?

Даже орки иногда вынуждены признать, что в их и без того просторные трюмы больше уже ничего не запихнуть. В итоге некоторые суда орочьего флота превращаются в раздутые кучи прикрученных контейнеров и прочего хлама, работая чем-то вроде импровизированного корабля снабжения. По-орочьи, даже такие неповоротливые корыта вооружены куда лучше, чем любой грузовик мог бы мечтать, но они настолько перегружены всем подряд, что при перехвате им обычно остается только драться - что оркам в целом и нужно.

Да, они способны выдержать много урона и наказать неосторожного капитана, но для нескольких компетентных военных кораблей такая цель обычно не проблема. Поэтому это лакомая добыча для командиров, желающих сорвать оркам их жалкое подобие линии снабжения. Впрочем, быть жирной приманкой, привлекающей врага, оркам опять же только в радость.",,,,,,,
,,,,,,,,,
ls_attack_fighta_ds,SHIP,"Ни одна нормальная флаймоба не обойдется без эскадрона атак-файта. От сбивания хумийских боммеров, которые хотят проделать дырку в новой блестящей тачке босса, до пробивания дыр в хумийских кораблях для абордажников - они умеют все!

Атак-файта - один из самых распространенных орочьих штурмовиков у кланов и пиратов. Эти крепкие аппараты оснащены тяжелыми шутами и крупнокалиберной пушкой, что позволяет им справляться с большинством вражеских истребителей и фрегатов. Против более крепких целей их огневой мощи уже не хватает, но они отлично отвлекают вражеских стрелков ПВО и давят щиты.",,,,,,,
ls_fighta_bomma_ds,SHIP,"Бей их жестко, бей низко и дай им побольше Дакки.

Файта Боммер - одни из самых грозных и универсальных орочьих штурмовиков: прочные, с ракетной нагрузкой, способной угрожать всем, кроме самых тяжелых боевых кораблей, и с шутами для борьбы с вражескими истребителями. Неудивительно, что на Файта-Боммер летали некоторые из самых знаменитых орочьих эскадрилий и асов.",,,,,,,
ls_kan_ds,SHIP,"Килла Кан - боевой мех, созданный путем кибернетического подключения гретчина к бронированной ""банке"". Эти мехи дают мелким зеленокожим больше огневой мощи и живучести, чем у всех, кроме самых мощных истребителей Сектора. Этот вариант оснащен биг-шута и гротзука, что позволяет ему работать по легким и средним целям на ближней и средней дистанции.

""Йар! Кто теперь самый большой и самый злой, а? Я вам покажу, покажу вам всем!",,,,,,,
ls_drilla_kan_ds,SHIP,"Килла Кан - боевой мех, созданный путем кибернетического подключения гретчина к бронированной ""банке"". Эти мехи дают мелким зеленокожим больше огневой мощи и живучести, чем у всех, кроме самых мощных истребителей Сектора. Этот вариант оснащен буром и гротзука, что делает его смертельно опасным при вскрытии и разрыве большинства средних боевых кораблей.

""Йар! Кто теперь самый большой и самый злой, а? Я вам покажу, покажу вам всем!",,,,,,,
ls_miningpod,SHIP,"Лутаная шахтерская капсула, переделанная под огнемет скорча. Довольно смертоносна против легких кораблей и ракет, но дальности не хватает, чтобы действовать независимо от материнского корабля или оказывать поддержку с большого расстояния.",,,,,,,
ls_bomma_ds,SHIP,"Быстрый он, говоришь? А у меня боммер побольше, бомбы побольше и дакка побольше, а мы все знаем: самое большое - самое лучшее!

Орочьи боммеры - крупные и неуклюжие аппараты, созданные для переноса огромного количества бомб и обвешанные оборонительными пулеметами и броней. Против мелких кораблей они не слишком хороши, но чтобы не подпустить эскадрилью таких машин, нужна очень плотная ПВО-сетка. А если бомбы долетают до цели, урон получается ужасающий.",,,,,,,
ls_landa,SHIP,"Крепкий как бойзы, ага. Если дырки для высадки бойзов нет - он сам ее сделает!

Landa - крупные орочьи штурмовые шаттлы, рассчитанные на высадку толп орк-бойзов на планеты или космостанции, а потом - на вывоз лута. Как и большинство орочьей техники, Landa неуклюжи, но очень тяжело бронированы и вооружены до зубов: тяжелые шуты и ракеты позволяют работать по разнообразным легким целям, пока они выгружают свой смертоносный груз.",,,,,,,
ls_deff_dread_ds,SHIP,"Это тебе не мелкий Килла Кан, так что готовься быть раскромсанным, все вы, гроты! Это не Килла Кан!

Дефф-дред - тяжелобронированный боевой мех, которым управляет орк, кибернетически вшитый в тяжелую металлическую ""банку"". Минус такого решения - это, собственно, жизнь в темной тесной банке. Что, очевидно, делает пилотов Дефф-дред еще более безумными, а сами эти мехи - куда более опасными против широкого спектра целей.

Этот Dread из Death Skull - максимально бронированный вариант в своей линейке: в одной руке металлический щит-плита с встроенной гатлинг-пушкой, в другой - тепловая чоппа. Такие дреды реально 'ард и отлично держат врага занятым, пока остальные Deathskull тырят весь хороший габбинз.",,,,,,,
,,,,,,,,,
ls_onihime_bm,SHIP,"Где я взял свой корабль? О, это тебе встанет в немало зубов. Хотя ладно, дай-ка я лучше просто выбью их из твоей пасти! Хр-хр.

Многие орочьи конструкции явно происходят от лутаных кораблей фракций Сектора или собраны из разных обломков, но этот класс не похож ни на что, что видели офицеры разведки Гегемонии. Часть систем отдаленно напоминает фрегат класса Yaroudomo, но другие узлы выглядят полностью уникальными. А с типичными орочьими переделками распознать исходный корабль под слоями кричащей покраски и заплаток становится еще труднее.

Тем не менее корабли этого класса на удивление хорошо сохранились для орочьих владельцев; некоторые связывают это с привычкой Бэд Мунз действительно обслуживать и полировать свое снаряжение - хотя бы ради понтов перед другими орками. Конструкция построена вокруг чрезвычайно мощной спинальной энергетической пушки.",,,,,,,
ls_miko_es,SHIP,"Загадочный корабль, удивительно похожий на мистический эсминец из-за границы другого мира. Однако все фантастические элементы, питавшие оригинал, здесь заменены переразмеренными топливными баками, гигантским двигателем и абсурдным числом маневровых ускорителей.

Таинственная система корабля позволяет сбрасывать большую часть флюкса, создаваемого его переразмеренным скорострельным мегабластером, но ценой риска цепных взрывов. Старую телепортационную систему заменили перегруженным бустером, который все же сохранил некое ""мистическое"" свойство корпуса и позволяет почти мгновенные рывки в полном пренебрежении законами физики.",,,,,,,
,,,,,,,,,
# Evil Sunz,,,,,,,,,
ls_lasher_es,SHIP,"Эти остроносые хумийские фрегаты умеют драться: как бойзы, быстрые и с кучей дакки. А этот вот имеет еще более правильную дакку, чем хумийская версия, и теперь он краснее, значит летает еще быстрее!

Фрегаты класса Lasher часто ходят в эскорте конвоев и антипиратских патрулях. При всей эффективности неудивительно, что многие из них попадали в руки тех самых пиратов, на которых охотились. Оркам по душе сочетание скорости и огня; в особенности Ивил Санз используют лутаные версии как быстрые ударные фрегаты с жестокой огневой мощью и отличной скоростью, но ограниченной живучестью в затяжном бою.",,,,,,,
ls_kite_es,SHIP,"Не самый большой корабль, какой найдешь, но с нормальным меком и его можно сделать дед-убойным. Если бойзам нужно больше тачек, такие всегда выгодная покупка за твои зубы!

Это не первый раз, когда шаттл класса Kite отправляют на военную службу, но орки переделали его куда радикальнее обычного. Усиленная броня и дополнительные оружейные слоты дают лутаному Kite неожиданно сильный укус для его размера. Перекачанный орочий двигатель сохраняет высокую скорость несмотря на увеличение массы. Сам по себе он не угроза большим боевым кораблям, но стая таких машин составляет ядро многих варбанд Ивил Санз.",,,,,,,
ls_shade_es,SHIP,"Эти хумийские ""фаз-корабли"" реально фазтят! Потому мы сделали его красным и еще быстрее! Эта штука может и маленькая, но я загнал все хумийские светящиеся габбинзы одному меку, и теперь тут есть место под настоящую мощу!

Орочья одержимость скоростью неизбежно заставляет их завидовать хумийской фазовой технологии, которая будто бы дает эффект экстремально быстрого движения. Поэтому орки очень хотят заполучить такие корабли, хотя поймать их действительно трудно. Захваченные экземпляры обычно обшивают дополнительными плитами и отдают мекбою, чтобы ""сделать быстрее"". Но большинство орочьих меков не особо понимает тонкости фазовой технологии (хотя способны на еще более безумные инженерные чудеса) и выбирает проверенный путь: ""больше силовая установка"".

Частично из-за того, что гигантский моторный блок теперь занимает больше двух третей корабля, частично из-за ограниченной орочьей способности материализовывать веру в реальность, этот фрегат каким-то образом имитирует свойства фазового корабля, когда движки выкручены на максимум: яркое шоу из выхлопного пламени и искр неплохо дополняет его, честно говоря, посредственную огневую мощь.",,,,,,,
ls_hound_es,SHIP,"Для дакки эта штука так себе, зато с этим буром кусается как нормальный сквигхаунд. Остается только залутать что-нибудь получше через дырку, которую он проделает.

Повсеместный Hound обычно слишком слабо вооружен, чтобы сильно интересовать орочьих рейдеров, но некоторые предприимчивые меки поняли, что его высокая скорость и приличная броня отлично подходят для таранных атак. Особенно Ивил Санз любят почти суицидальные врезки во фланги крупных целей, и, как стая настоящих гончих, достаточное количество таких машин может разорвать даже очень крупного противника.",,,,,,,
ls_dram_es,SHIP,"Самая дешевая телега для твоих флайбойзов. Лопается, когда на нее просто криво посмотрят, но это расплата за то, что не выбил себе место на крюзере у ноба.

Частая жертва орочьих рейдов: немногие уцелевшие Dram после атаки орков обычно переделываются в самодельные мини-авианосцы для эскадрилий флайбойзов. Просторные топливные баки теперь вмещают удивительно много орочьих файта и боммер, а сам корабль достаточно быстр, чтобы не отставать от скоростных ударных машин Ивил Санз. Однако несмотря на попытки орков навесить дополнительную броню и слить большую часть топлива, это все еще танкер с огромной дырой посередине, то есть крайне хрупкая цель.",,,,,,,
ls_krima_es,SHIP,"По-настоящему правильная тачка для бойзов, которые хотят возить большую дакку со стилем! Кто сказал, что с пушками надо ползать как сквиг-улитка? Правда, за такое придется заплатить.

Krima - еще один экспериментальный доминионский прототип, найденный Бэд Мунz и оркофицированный под их нужды. Орки даже прикрутили к Krima элементы реакторной схемы Apeiron. Под орочьими переделками скрывается мощный и изящный ударный фрегат с сильной энергетикой.

Конструкция настолько понравилась оркам, что Ивил Санз специально ходили ее ""добывать"" у Бэд Мунз. Но эти варианты не смогли восстановить продвинутые реакторы бэд мунз и вместо этого компенсировали недостаток просто большими жирными двигателями. Зато свою версию они дополнительно усилили встроенными ракетными модулями.",,,,,,,
,,,,,,,,,
ls_phaeton_es,SHIP,"Даже лучшему флайбоссу нужно держать бойзов на топливе, а лучшим мекбоям нужен хороший запас красной краски, чтобы все летало быстрее. Эти хумийские танкеры дают и то и другое, а после того как мы утащили топливо, внутри еще и место нашлось для нормальной дакки!

Если другие орки чаще охотятся за рудами или техничными габбинзами, то Ивил Санз предпочитают топливные конвои - буквально чтобы подпитывать свою ненасытную жажду мчаться по звездам на бешеной скорости. Многие танкеры, каким-то чудом пережившие такие рейды, переделываются в тяжелые эсминцы с удивительно внушительной огневой мощью. Их топливные баки частично перепрофилируют под тяжелое вооружение и даже эскадрилью флайбойзов. Эти корабли служат более тяжелым резервом для легких и быстрых ударных машин Ивил Санз и являются одними из немногих медленных судов, которыми Ивил Санз вообще соглашаются управлять.",,,,,,,
ls_scrapjet_es,SHIP,"Мы бьем их даккой и бомбами, а потом возвращаемся на второй заход раньше, чем они поймут, что вообще произошло!

Большинство Ивил Санз терпеть не может таскать бомбы на огромном мега-боммере или тяжелом крюзере, медленно ползущем по космосу. Поэтому их любимый ударный аппарат - корабль размером с эсминец. Как и у многих судов Ивил Санз, здесь стоит переразмеренный топливный бак, чтобы машина не сдувалась, пока носится по Сектору, и встроенный массивный огнемет для использования этого топлива. Корабль также имеет достойную носовую огневую мощь и вместительный бомбоотсек, но ограничен хрупкой рамой, типичной для кораблей Ивил Санз.

Несмотря на явно орочью сборку, эти машины удивительно элегантны, из-за чего некоторые подозревают, что при проектировании орки могли вдохновляться кем-то с куда большей технологической... утонченностью.",,,,,,,
ls_drilla_es,SHIP,"Вот это уже нормальная дрилла! Быстрая, дед крепкая и с большой даккой, чтобы пробивать себе путь! Лучшей тачки и желать нельзя!

Только орки могли всерьез продвигать идею рукопашного боя в космосе, и тараны класса Gouga - образцовый пример этого безумного подхода. Тяжело бронированные и вооруженные, они пробиваются к выбранной цели и начинают с пугающей скоростью выгрызать даже самую толстую броню. Отсутствие щитов делает лобовую атаку на капитальные корабли обычно бесперспективной (но это орков никогда не останавливало), и любой линкор, в корпус которого вонзился такой аппарат, обычно слишком поздно понимает, насколько все плохо.",,,,,,,
ls_terror_es,SHIP,"Для всех бойзов, кому не достались самые быстрые корабли: эта штука может перевезти их толпу и разнести хумийские форты, чтобы ты добрался до всех блестящих габбинзов.

Метко названный класс Terror - это орочий корабль наземного штурма, созданный для доставки крупных орочьих сил на цели рейда. Эти громоздкие суда популярны у разных кланов и ненавидимы армиями Сектора. Чтобы лучше выполнять задачу, корабли довольно тяжело бронированы (для корабля Ивил Санз) и набиты тяжелыми орудиями и автопушками для подавления сопротивления на земле. В тесный ангар также впихнуто несколько тяжелых штурмовых шаттлов Landa для отдельных высадок.",,,,,,,
ls_terror_es_cv,SHIP,"Коробка для всех твоих флайбойзов, получше той, на которой ты раньше летал. Только смотри, чтобы у тебя были нормальные самолеты, а то на этой коробке самой дакки - на гретчина не хватит.

Метко названный класс Terror - это орочий корабль наземного штурма, созданный для доставки крупных орочьих сил на цели рейда. Громоздкий транспорт отлично подходит для переделки в авианосец и способен нести приличное количество орочьих летательных аппаратов для боев и на земле, и в космосе, но для орочьего корабля сам по себе вооружен слабо.",,,,,,,
ls_hellsquig_es,SHIP,"Каждому меку нужна нормальная тачка, чтобы показать, что он реально чего-то стоит перед боссом, и эта показывает как надо! До модных крюзеров не дотягивает, но дакка как у них, и бусты нормальные, чтобы еще и этих гитов перегонять! Плюс место для всех хитрых мек-габбинзов, чтобы сделать ее еще смертоноснее!

Hell Squig - по сути обломок или недостроенный Smash Hamma крюза, который мек превратил в личный проект. Сохранив ""голову"" смэш хамма, корабль дополнительно кастомизирован под очень гибкие конфигурации вооружения, подкрепленные мощными генераторами и впечатляющей скоростью при активации корабельной системы.",,,,,,,
,,,,,,,,,
ls_flame_rumbla_es,SHIP,"Эта махина возит весь ""сок"" босса, пока он там ломает головы, и тебе лучше не продырявить его топливный кувшин, когда он вернется! Хотя глотнуть можно, хр-хр.

Даже Ивил Санз вынуждены признать, что для их безумного расхода топлива иногда нужна хотя бы какая-то логистическая поддержка. Даже самый отбитый флайбой иногда понимает, что нужно место, где можно ""дозаправиться"" или хотя бы ""взять новую тачку"". Но даже те, кто согласен сидеть на более крупном и тяжелом корабле, не будут мирно торчать в тылу как какой-нибудь хаула. Экипажи этих самодельных скрап-риг усиливают станцию всем хламом, который найдут, и ставят тяжелые сплаша-орудия, напрямую связанные с топливными баками через мощные насосы.

В итоге получается смертоносный ближнебойный крюзер, который роль ""огневой поддержки"" понял, пожалуй, слишком буквально.",,,,,,,
ls_eagle_es,SHIP,"Не такой крепкий, как некоторые другие крюзеры, но этот реально убойный. Флайбойзы, жадные гиты, проделали в нем здоровые дыры - теперь места под дакку меньше, зато больше пусковых туб для их игрушек!

Быстрый и мощный Eagle закономерно привлекает орочьих лутеров, а захваченные экземпляры обычно становятся гордостью флота варбосса. Эта версия у Ивил Санз переделана в боевой авианосец, известный как Terror Krooza: такие машины наводят ужас на торговые линии, потому что могут буквально извергать удивительно большие пачки файта и бомма по требованию, при этом сохраняя заметную огневую мощь базового Eagle.",,,,,,,
ls_smash_hamma_es,SHIP,"Хумийский молотобот и так с даккой, но мы сделали его больше и лучше! Летает по-настоящему быстро, а мек так сильно его кастомизировал, что ты можешь выбрать любую любимую дакку, босс!

Грубая имитация Hammerhead, собранная из лутаных частей, неожиданно получилась весьма способным боевым кораблем и стала предметом гордости меков Ивил Санз, которые ее разработали. Переразмеренный и настроенный кастом-двигатель делает этот крейсер очень быстрым для своего класса, а каждый экземпляр глубоко перерабатывается меками под разные схемы вооружения, хотя чаще всего сборка уходит в тяжелую баллистику.",,,,,,,
,,,,,,,,,
ls_skarfist_es,SHIP,"Не самый быстрый, какой можно достать, но кто-то же должен тащить большую дакку! Для боссов, которым нужен крупный вагон для перевозки бойзов и пушек, но без слишком сильного отставания.

Ивил Санз не любят капитальные корабли из-за их обычно низкой скорости. Но орки есть орки: от соблазна ""больше значит лучше"" им не уйти. Эти баттлкруза, собранные из множества обломков, не совсем тянут на настоящие капиталы, зато отлично работают как мобильная база для банды Ивил Санз, обеспечивая критично важную ракетную, летную и артиллерийскую поддержку. Встроенные сола-вспышка орудия особенно хороши в расчистке пути для флайбойзов Ивил Санз.",,,,,,,
ls_star_krumpa_es,SHIP,"Самый большой и самый злой босс имеет самый большой и самый злой крюзер! Так мы покажем всем прочим гитам и хумиям, кто тут главный! Он летит быстро и кромсает еще сильнее! Чего, хочешь такой себе? Обломись!

С учетом хаотичной и кровавой жизни зеленокожего капитана его любимый корабль редко живет достаточно долго, чтобы стать чем-то большим, чем куча салваж-хлама. Но со временем успешные варбоссы могут отстроить свою тачку в по-настоящему жуткую машину из трофеев, добытых в победных боях. Орки питаются победой и растут с каждым триумфом - их крюзеры отражают это. Крупнейшие и успешнейшие из них уже почти не напоминают какой-либо корабль Персеанского Сектора, но от этого не становятся менее смертоносными.

Тип баттл-крюзер Star Krumpa делает ставку на экстремальную скорость и тяжелую баллистическую мощь, жертвуя защитой лишь немного. Для многих капитанов крейсеров это приговор: в лоб выдержать такого монстра они не могут, а среагировать и уйти от его рывка скорости - не успевают. В прямой схватке его чистая огневая мощь способна тягаться даже с капитальными кораблями флотов Сектора. Эта версия Ивил Санз меняет часть огневой мощи на еще более впечатляющую скорость и небольшой ангар.",,,,,,,
,,,,,,,,,
ls_attack_fighta_es,SHIP,"Ни одна нормальная флаймоба не обойдется без эскадрона атак-файта. От сбивания хумийских боммеров, которые хотят проделать дырку в новой блестящей тачке босса, до пробивания дыр в хумийских кораблях для абордажников - они умеют все!

Атак-файта - один из самых распространенных орочьих штурмовиков у кланов и пиратов. Версия Ивил Санз делает упор на догфайт и несет больше шут, чем другие варианты. Против крепких целей им недостает мощи, но как помеха для вражеских стрелков ПВО и инструмент давления на щиты они очень неприятны.",,,,,,,
ls_fighta_bomma_es,SHIP,"Бей их жестко, бей низко и дай им побольше Дакки.

Файта Боммер - одни из самых грозных и универсальных орочьих штурмовиков. В версии Ивил Санз сделан упор на высокую скорость и ракетные блоки: отдельный боеприпас слабее, но за счет объема огня они все еще способны угрожать средним кораблям, а шуты помогают в борьбе с вражескими истребителями. Неудивительно, что на Файта-Боммер летали некоторые из самых знаменитых орочьих эскадрилий и асов.",,,,,,,
ls_kan_es,SHIP,"Килла Кан - боевой мех, созданный путем кибернетического подключения гретчина к бронированной ""банке"". Эти мехи дают мелким зеленокожим больше огневой мощи и живучести, чем у всех, кроме самых мощных истребителей Сектора. Этот вариант оснащен цепная чоппа и скорча, что делает его смертельно опасным в ближнем бою против большинства целей.

""Йар! Кто теперь самый большой и самый злой, а? Я вам покажу, покажу вам всем!",,,,,,,
ls_blitza_bomma_es,SHIP,"ВАААААГХ!!! БЫСТРЕЕЕЕ!!!! ВАААААГХ!!! Ой-ой....

Не желая летать на медленном тяжелом боммере, спид-фрик из Ивил Санз предпочитают метко названный блица-бомма, который ныряет на вражеский корабль на запредельной скорости, сбрасывает нагрузку и уходит вверх в последний момент... или вообще не уходит. Флоты Сектора быстро поняли, что плотный дальний флак-экран - обязательное условие, чтобы остановить этих безумцев до сближения.",,,,,,,
ls_drillakilla_es,SHIP,"Мы не дадим канам веселиться одним, теперь и мы будем сами делать дырки!

Только орки могли догадаться поставить пару штурмовых буров на штурмовик: эти корпуса почти целиком заточены под питание двух огромных буров, летящих на бешеной скорости в сторону вражеских кораблей. Как и блица боммер, такие аппараты при повреждениях нередко врезаются прямо в цель.",,,,,,,
ls_deff_dread_es,SHIP,"Это тебе не мелкий Килла Кан, так что готовься быть раскромсанным, все вы, гроты! Это не Килла Кан!

Дефф-дред - тяжелобронированный боевой мех, которым управляет орк, кибернетически вшитый в тяжелую металлическую ""банку"". Минус такого решения - это, собственно, жизнь в темной тесной банке. Что, очевидно, делает пилотов Дефф-дред еще более безумными, а сами эти мехи - куда более опасными против широкого спектра целей.

Одержимые скоростью Ивил Санз еще сильнее бесятся от того, что их заживо запечатывают в металлическую банку, поэтому эта версия полностью заточена на рвать и кромсать цель в ближнем бою, будучи вооруженной пугающим набором оружия ближнего боя и спаренным скорча.",,,,,,,
,,,,,,,,,
# Bad Moon,,,,,,,,,
ls_wolf_bm,SHIP,"Мелкая, но дед-убойная штука у меня тут. Апгрейднул новейшим мековским теллипортой вместо того хумийского панси-габбинза. Теперь можешь выходить в зад любому гиту и взрывать ему сквиг-отсек!

Продвинутые Wolf обычно не слишком популярны у других орочьих кланов из-за сложности обслуживания. Но красивые энергетические пушки и теллипорта - ровно то, что нужно Бэд Мунз. Вооруженный до зубов ракетами и всякой яркой даккой, этот маленький фрегат - любимец рейдеров Бэд Мунз.",,,,,,,
ls_wayfarer_bm,SHIP,"Теперь у хи-ги-монийских хумийских кораблей есть правильная блестящая дакка, и ты можешь получить свою всего за чуть-чуть сверкающих габбинзов. С этой бластой ты точно быстро отобьешь вложения!

Переделанный лутаный грузовик, почти целиком посвященный установке и питанию лутаной тепловая импульсная пушка, снятой с разбитого Onslaught. Корпус Wayfarer сравнительно живуч и неплохо вооружен, но не заблуждайся: его единственный настоящий козырь против толкового противника - именно TPC. И когда ее применяют правильно, враги орков быстро понимают, что за вычурной внешностью бэд мунз скрывается противник, которого лучше не недооценивать.",,,,,,,
ls_centurion_bm,SHIP,"Самый крепкий фрегат, какой мы можем залутать, и дакка у него по всем сторонам. Для твоих лучших 'ардбойзов - чтобы всякая мелочь не лезла к заднице босса!

Живучий Centurion - определенно один из самых сильных фрегатов в орочьем арсенале. Им часто командуют 'ардбойзы варбосса или доверенные нобы, работая чем-то вроде телохранителей крупных военных кораблей. Вариант Бэд Мунз несет впечатляющий огонь от двух средних турелей и хорош как эскорт огневой поддержки.",,,,,,,
ls_bromen_bm,SHIP,"Самый блестящий заппа у меня тут, и крепкий, и убойный, не то что те хумийские панси-заппы. Но встанет тебе недешево.

Продвинутый фрегат, который, похоже, основан на давно забытом исследовательском проекте по совмещению ЭМИ-излучателя Omen с прочным корпусом и огневой мощью Brawler. Вполне вероятно, что орки просто скормили найденные непонятно где обрывки данных в фабрикатор и ""подправили"" результат. В итоге получился очень сильный фрегат даже по меркам Сектора: сбалансированные огонь и живучесть плюс мощное встроенное заппа-поле.

Кроме того, мощный генератор - ядро исходной концепции - имеет дополнительный потенциал, который орки могут кустарно раскрыть, повышая наступательные возможности корабля ценой защиты.",,,,,,,
ls_aperion_bm,SHIP,"Самая пафосная тачка до крюзера, и с бластой и заппой дерется как крюзер! С самым накрученным генератором, какой бойзы нашли, и лучшей теллипортой пора показать прочим гитам, кто тут реально самый блестящий!

Похоже, орки вытащили этот высокотехнологичный проект ганшипа из какого-то древнего исследовательского хранилища и довели его своей инженерией. Фрагменты данных, поднятые с уничтоженных экземпляров, указывают, что Apeiron был неудачным прототипом на этапе разработки продвинутого ганшипа Hyperion. Этот вариант имеет лучшую живучесть, но почти по всем прочим параметрам уступает. Владеть такой блестящей машиной - предмет особой гордости любого большого мека.

Часть оригинального проекта была завязана на так называемый Apeiron Drive, который вроде бы давал постоянную слабую темпоральная оболочка вокруг корабля, но ценой примерно четверти мощности реактора, из-за чего проект и закрыли. Орочьи меки, работающие над этим кораблем, сильно изуродовали привод, но часть его свойств можно воспроизвести, если перенаправить мощность от сильной щитовой системы.",,,,,,,
ls_basilisk_bm,SHIP,"То, что он не такой большой, как крюзеры, не значит, что он не держит удар как крюзер! Тут какое-то специальное силовое поле, которое режет любую дакку, а все ракеты рядом летят как пьяные. И еще какой-то перекрученный искатель-гитов, так что твоя дакка отлично выносит флайгитов!

Неясно, как бэд мунз удается добывать столько чертежей высокотехнологичных прототипов для своего флота, но результат такой: эти орки могут выставлять удивительное количество хай-тек конструкций с очень необычными корабельными системами. Basilisk берет технологию темпоральная оболочка от Scarab и применяет ее в обороне, создавая темпоральный разлом, который заметно гасит силу входящих попаданий и одновременно ускоряет время вокруг корабля. Удар от активации системы также способен сбивать с толку ракеты рядом с кораблем, что делает его отличным вариантом и для эскорта, и для легких ударных ролей.",,,,,,,
ls_glimmer_bm,SHIP,"Удобные они, эти мелкие ребята. Блестящие штуки делают всю мек-работу за тебя, так что можно сосредоточиться на по-настоящему веселом - например, поставить на этот корабль самую большую бласту!

Сам факт, что такие грубые существа, как орки, способны использовать ""автоматизированные"" боевые корабли, для экспертов Персеанского Сектора выглядит абсурдом. И все же технологический потенциал этих существ снова превзошел ожидания. Корабли уже не полностью автономны, но остаются смертоносными, потому что снимают многие слабости обычных орочьих экипажей.

В данном случае лутаный Glimmer развивает свою исходную роль огневой поддержки дальше, используя большой энергетический слот для выдачи тяжелого дальнобойного огня, впечатляющего даже по меркам ИИ-фрегата.",,,,,,,
ls_squighawk_bm,SHIP,"Какой смысл летать быстро, если бьешь как пансигит? Нужна нормальная бум-туба с нормальной даккой!

Squighawk - орочий скрап-фрегат, известный возможностью ставить два средних оружия и тяжелую торпедную трубу бласта, что делает его смертоносным ударным фрегатом с довольно впечатляющей скоростью. Его сдерживает ограниченная гибкость, но в остальном это типичный пример орочьей одержимости разрушением и скоростью.",,,,,,,
ls_krima_bm,SHIP,"По-настоящему правильная тачка для бойзов, которые хотят возить большую дакку со стилем! Кто сказал, что с пушками надо ползать как сквиг-улитка? Правда, за такое придется заплатить.

Krima - еще один экспериментальный доминионский прототип, найденный Бэд Мунz и оркофицированный под их нужды. Орки даже прикрутили к Krima элементы реакторной схемы Apeiron. Под орочьими переделками скрывается мощный и изящный ударный фрегат с сильной энергетикой.

Эта версия имеет вполне достойные щиты, которыми при необходимости можно пожертвовать ради еще большей мобильности и огневой мощи, ускоряя течение времени на борту.",,,,,,,
,,,,,,,,,
ls_mule_bm,SHIP,"Нормальный дестроя для любого босса, который хочет лупить цели покрупнее жалких шаттлов и при этом не огрести. Дакка не самая большая, зато он дед крепкий: бусты побольше, чтобы догонять хумийские корабли, и места под лут навалом! Только не строй из себя флэшгита перед одним из тех больших вагонов.

Mule - популярная добыча у орков, как и у человеческих пиратов Сектора, благодаря боевым качествам и вместительному трюму. Лутаная версия получила прибавку скорости, позволяющую догонять большинство торговых целей; версия Бэд Мунз несет несколько турелей и тяжелую броню, за счет чего способна кошмарить большинство эскортных фрегатов, пока пробивается к призу. Но против целей выше своего класса такие суда обычно слабеют: для орочьего корабля вооружение у них все-таки относительно легкое.",,,,,,,
ls_gold_tooth_bm,SHIP,"Крепкая посудина, чтобы как следует таскать всех твоих флайбойзов и габбинзы. Дакки хватит, чтобы отогнать гитов, что положили глаз на твой хлам, но лучше, чтобы рядом были и другие бойзы с большой пушкой.

Эти боевые грузовики, собранные из обломков Mule и Venture, служат очень живучими транспортами груза, которые одновременно могут работать авианосцами. Большинство нобов Бэд Мунз, конечно, предпочло бы что-то более хай-тек и блестящее, но флот таких кораблей дает конвоям бэд мун исключительную обороноспособность благодаря тяжелой броне, демпфирующему силовому полю и возможности выпускать приличное число истребителей. В прямом же лобовом бою им обычно есть что желать.",,,,,,,
ls_stheno_bm,SHIP,"Самый модный мековский эсминец, какой только можно достать: летает почти по-фазному, чтобы завистливые гиты из Ивил Санз лопнули от злости, и с таким количеством заппов, что никто не пропустит, как ты ломаешь головы этой штукой!

Stheno - отбракованный прототип черных операций эпохи Доминиона. Его фазовые возможности в итоге уступили общей универсальности Medusa, и проект закрыли. Орки, разграбившие старые доминионские лаборатории на Назбаде, сумели поднять этот прототип вместе с другими неудачными образцами и приспособили их под свои нужды.

Stheno - достаточно хорошо бронированный корабль с высокопроизводительным реактором. Фазовую систему снова выдрали и заменили мощными двигателями, которые на полной тяге буквально ускоряют течение времени на борту, создавая иллюзию фазового эффекта, так полюбившегося оркам.

Избыточные энергетические выбросы от перегруженных ""фаз-движков"" на Stheno дополнительно превращены в оружие: по корпусу установлено кольцо заппа-стержней, постоянно испускающих волны энергопотрясения, смертельные для малых аппаратов и ракет и способные выводить из строя вооружение более крупных целей. Это с лихвой компенсирует слабое ПВО-прикрытие корабля.",,,,,,,
ls_mudfish_bm,SHIP,"Mudskippa? Ты меня за какого-то хумийского грузовозчика держишь? Это нормальный флэш-дестроя, с нормальной броней, нормальной даккой и нормальной блестящей клешней, чтобы снести тебе лицо, если еще раз будешь ржать над моей тачкой!

Да, это действительно грязепрыг. Но в типичной манере бэд мун ни один уважающий себя флэшгит не поедет на транспорте, который не стоит и сопли. После чрезмерной переделки этот эсминец способен драться на равных с базовыми эсминцами Сектора, имея эффективные, хоть и несколько ограниченные, варианты вооружения.",,,,,,,
ls_dazzle_bm,SHIP,"Один из кораблей, залутанных у больших гладкомозглых. Не самый быстрый, зато с нормальным запасом ""сока"", чтобы питать всякие бласты! Эти гладкомозги даже сделали так, что бласты летят ровнее!

Один из крупнейших дрон-кораблей под орочьим контролем: исходный корпус существенно перестроен, а ИИ-ядро либо подавлено, либо вообще заменено на киборка. Такие суда дают неожиданно высококлассный эсминец, сочетающий точность ИИ с орочьей огневой мощью; их результативность превосходит большинство линейных эсминцев флотилий Сектора. Впрочем, позволить себе такой редкий лут может лишь самый богатый варбосс.",,,,,,,
,,,,,,,,,
ls_blasta_pod_bm,SHIP,"Босс, я понял! Если бласта продолжает взрывать корабль, на котором стоит, значит надо дать ей стрелять снаружи корабля!

Расточительное, но, если подумать, вполне ""разумное"" решение проблемы мегабласт-оружия. Лутаный шахтерский дрон переделывают и усиливают под одну мегабласту с ограниченным боезапасом. Эти дроны могут выдать смертоносный огонь, если им дадут полностью отстреляться... если только они не рванут раньше. Только Бэд Мунз могут позволить себе так транжирить свои модные бласты.",,,,,,,
ls_attack_fighta_bm,SHIP,"Ни одна нормальная флаймоба не обойдется без эскадрона атак-файта. От сбивания хумийских боммеров, которые хотят проделать дырку в новой блестящей тачке босса, до пробивания дыр в хумийских кораблях для абордажников - они умеют все!

Атак-файта - один из самых распространенных орочьих штурмовиков у кланов и пиратов. Эти крепкие аппараты оснащены тяжелыми шутами и крупнокалиберной пушкой, что позволяет им справляться с большинством вражеских истребителей и фрегатов. Файта Бэд Мунз предпочитают использовать свои модные ракеты для дальнего боя по истребителям и в целом живучее большинства других орочьих вариантов, но платят за это меньшей эффективностью в классическом догфайте.",,,,,,,
ls_fighta_bomma_bm,SHIP,"Бей их жестко, бей низко и дай им побольше Дакки.

Файта Боммер - одни из самых грозных и универсальных орочьих штурмовиков. Вариант Бэд Мун тяжелее и неповоротливее, но несет печально известную грот-бомба, что делает его очень эффективным против крупных боевых кораблей противника, сохраняя при этом некоторую способность отбиваться от перехватчиков. Неудивительно, что на Файта-Боммер летали некоторые из самых знаменитых орочьих эскадрилий и асов.",,,,,,,
ls_kan_bm,SHIP,"Килла Кан - боевой мех, созданный путем кибернетического подключения гретчина к бронированной ""банке"". Эти мехи дают мелким зеленокожим больше огневой мощи и живучести, чем у всех, кроме самых мощных истребителей Сектора. Вариант Бэд Мун оснащен кастом шута и кан роккит лонча, что дает ему хорошую дальнобойную огневую мощь.

""Йар! Кто теперь самый большой и самый злой, а? Я вам покажу, покажу вам всем!",,,,,,,
ls_deff_dread_bm,SHIP,"Это тебе не мелкий Килла Кан, так что готовься быть раскромсанным, все вы, гроты! Это не Килла Кан!

Дефф-дред - тяжелобронированный боевой мех, которым управляет орк, кибернетически вшитый в тяжелую металлическую ""банку"". Минус такого решения - это, собственно, жизнь в темной тесной банке. Что, очевидно, делает пилотов Дефф-дред еще более безумными, а сами эти мехи - куда более опасными против широкого спектра целей.

Версия Бэд Мунз - редкий пример полностью дальнобойного дефф-дред. Это не делает пилотов менее отмороженными: машина способна перегружать и без того нестабильное оружие ради еще большего урона.",,,,,,,
,,,,,,,,,
ls_venture_bm,SHIP,"Варбоссу, который хочет крушить черепа, нужен крюзер, а этот хумийский крюзер - один из их любимчиков. Как только мы сделали его по-орочьи правильным, он стал дед крепким и с кучей дакки - все, что надо от крюзера. Не слушай гитов, которые ноют, что в нем нет модных габбинзов: только пансигиты нуждаются в мек-цацках, чтобы выбивать хумиям зубы!

Класс Venture - один из самых распространенных крейсеров у малых сил Сектора, поэтому именно они чаще всего становятся добычей крупных орочьих рейдов. В итоге лутаные Venture превратились в самые массовые и популярные орочьи крейсеры в регионе. В отличие от более мелких лутаных орочьих корыт, большинство таких крейсеров любовно ""кастомизируют"", увеличивая огневую мощь, прочность корпуса и массу по сравнению с обычным Venture. Бэд Мунз особенно любят эти корабли, когда не удается добыть более модный крейсер: просторный трюм используют в торговле с другими орочьими кланами, а сам корабль дополнительно усиливают тяжелым вооружением.

Хотя возможности этих кораблей все еще могут уступать тяжелым крейсерам крупных фракций, вид орочьего крейсера, несущегося на таран с ревущими во все стороны пушками, впечатляет даже самых опытных капитанов.",,,,,,,
ls_flashblasta_bm,SHIP,"Пока все остальные гиты возятся в грязи, мы знаем: нормальную работу делают дакка, бласты и ракеты. К черту ""конденсаторы"" - у нас и так достаточно ""сока"", чтобы качать самые блестящие бласты и заппы, какие найдешь!

Flashбласта построен в привычном клановом вычурном стиле, имитируя ""модные"" дизайны, увиденные у хумийских флотов. Несмотря на внешнее сходство с хай-тек линиями, на деле это тяжелый крейсер с впечатляющей огневой мощью, которую он может еще сильнее форсировать ценой перегрузки и повреждения собственных оружейных систем. Риск высокий, но мало какой крейсер Сектора выдержит Flashбласта, если тот откроет огонь всеми стволами сразу.",,,,,,,
ls_moonfang_bm,SHIP,"Для показушников, которые хотят быстрее влетать в драку, но все равно тащить нормальную дакку! Кусается сильнее самого зубастого сквига и летит так, что догонит даже самых скользких панси!

В отличие от других орочьих кланов, Бэд Мунз любят переделывать корабли до почти полной неузнаваемости. Moonfang - один из таких проектов легкого крейсера, собранный из частей разных среднетехнологичный крейсеров и оснащенный довольно мощным реактором, дающим высокую максимальную скорость и достаточную мощность для прожорливого энергетического вооружения Бэд Мунз. Но в конце дня это все-таки легкий крейсер, а не хай-тек гонщик, поэтому при переразгоне он становится уязвимым - а орки, как известно, очень любят переразгон.",,,,,,,
ls_paramork_bm,SHIP,"Эти гиты могут думать, что у них лучшие детали, но пока они еле тащат свои задницы, мы уже впереди! Может и поменьше, зато дед крепкий, с кучей места для флайбойзов, а если какой-то флэшгит захочет украсть твой фраг, ты быстро выделишь ему удобное место под свою дакку!

Paramорочий (или, возможно, Gork) - импровизированный авианосец, собранный из того, что осталось от Paragon: либо поврежденного слишком сильно, чтобы стать Paragork, либо просто из излишков. Несмотря на уверения экипажа, что у них ""лучшие куски"", Paramорочий (или, возможно, Gork) явно не равен старшему брату в лобовой схватке. Но для боевого авианосца крейсерского размера он защищен очень хорошо: тяжелая броня, крепкий щит и вдобавок достойная огневая мощь.

Уникальная особенность Paramорочий (или, возможно, Gork) - мощная, но хлипко собранная моторная группа, которая дает высокую скорость ровно до момента, пока эти двигатели неизбежно не отстрелят с корпуса. В лучшем состоянии корабль сочетает сильные стороны Mora и Heron с продвинутой (по орочьим меркам) системой наведения, позволяющей выдавать внушительный поддерживающий огонь для своих флаймобов. В худшем - быстро получает условный ""Reaper по колену"" и остается дрейфовать в космосе.",,,,,,,
ls_paramork_engine_l,SHIP,"Один из двигателей Paramорочий (или, возможно, Gork): в основном снят с Colossus, неплохо бронирован, но все равно очень нестабилен и закреплен откровенно плохо.",,,,,,,
ls_paramork_engine_r,SHIP,"Один из двигателей Paramорочий (или, возможно, Gork): в основном снят с Colossus, неплохо бронирован, но все равно очень нестабилен и закреплен откровенно плохо.",,,,,,,
,,,,,,,,,
ls_Snazdreg_bm,SHIP,"Ты самый блестящий, ты самый богатый, и у тебя самый лучший корабль! Вот это по-настоящему правильный баттл-крюза для варбосса! Сюда можно навесить какие угодно пушки и ракеты, есть модный генератор, движок и щит, даже ангар под флайбойзов есть. Что бы тебе ни понадобилось - она это сделает, и сделает со шиком!

Snazdreg - крупный капитальный корабль Бэд Мунz, служащий флагманом заметных варбоссов клана. По компоновке оружия и универсальности он отдаленно похож на баттлкруза класса Odyssey, но на деле использует очень мало его реальных деталей. Вместо этого многие Snazdreg построены на кусках астероидов, которые орки склепали в киль корабля. Это дает судну значительную прочность, компенсируя относительно легкую для такого размера броню.

В атаке Snazdreg сочетает мощный форсаж двигателя с сильным бортовым залпом, который можно настроить почти под любое оружие, показавшееся владельцу-орку ""достаточно модным"", хотя Бэд Мунз почти неизбежно тянутся к энергетике - например, к TPC, вкоряченной прямо в нос корабля.",,,,,,,
ls_paragork_bm,SHIP,"Самый крепкий корабль, какой хумии вообще умеют делать, и что толку, если спросишь меня! Какая польза уметь держать дакку, если сам не можешь нормально даккать? Мы все исправили правильно и как надо! Как Горк: бьет тебя сильно, а потом еще сильнее, когда ты отвечаешь!

Paragорочий (или, возможно, Mork) - пример того, чего орки способны добиться при наличии правильных материалов и достаточного числа проб и ошибок. Гордость доминионской науки переосмыслена (в основном) в идола войны и разрушения. В отличие от в основном скрапового Snazdreg, Paragорочий (или, возможно, Mork) совершенно явно когда-то был Paragon, и удивительно большая часть конструкции уцелела - без сомнений, благодаря легендарной живучести исходного корабля.

Знаменитый генератор щит-крепость у Paragon каким-то образом тоже выжил, но орков не устраивает сидеть за силовым полем, каким бы ""крепким"" оно ни было, если нельзя участвовать в веселье. Благодаря стараниям одного мека щит теперь перенаправляет избыточную энергию от мощных попаданий в проводники на корпусе, а затем выбрасывает ее обратно в виде довольно сильных электрических ударов. Получающийся шторм разрушения иногда (но не всегда) оказывается достаточно забавным, чтобы заткнуть бурчание орудийных расчетов, которых заставили временно прекратить стрельбу.",,,,,,,
,,,,,,,,,
ls_sand_condor_sb,SHIP,"Горк тебе пасть размажет как положено! Вааааааагх!

Сильно модифицированный сквигхок, вероятно залутанный или выменянный у бэд мунз, дал снейкбайты неожиданно продвинутый боевой корабль. Владельцы густо обшили его дополнительными плитами, но главное - шип-системы у снейкбайты часто питают шаманы-""weirdбойзы"" своей странной психической энергией, позволяя имитировать работу щита, фазового телепорта и энергетического оружия без продвинутых технологий, причем эффект усиливается при большем числе орков рядом.

Уникальный встроенный Gork's Fist можно сверхзарядить энергией вааагх, чтобы проламывать даже капитальную защиту, если вовремя не остановить. Правда, последующий психический перелив может быть смертелен уже для всех участников.",,,,,,,
ls_scrappa_sb,SHIP,"Для хорошей старой драки ничего лучше скраппа нет. Он не будет мяться, как те модные гиты с габбинзами и всякой фигней. Только по-настоящему крепкие черепа и по-настоящему тяжелые удары.

Самодельный ганшип из камня, хлама и костей, отдаленно напоминающий Brawler. Примитивный корабль со слабым реактором и двигателем, что частично компенсируется большим числом стволов и более-менее приличной броней. Украшенные черепами самых крупных сквигов, которых владелец сумел завалить, эти корабли служат опорой тех немногих снейкбайты, которые вообще сумели выйти в космос.",,,,,,,
ls_rok_sb,SHIP,"Рок может и смол, но все равно дед крепкий.

Хотя большинство орочьих роков размером как минимум с эсминец, некоторые ушлые экипажи умудряются склепать более мелкие астероиды с обломками легких фрегатов в это жалкое подобие боевого корабля. У снейкбайты это часто просто самый большой камень, который их примитивный движок на ""сквиг-соке"" вообще может сдвинуть. Вооружение у них плачевное, поэтому чаще всего их используют как таран и отвлекающую цель.",,,,,,,
ls_rok_sb_front,SHIP,Каменная часть рока.,,,,,,,
,,,,,,,,,
ls_spine_rippa_sb,SHIP,"У сквига вырвешь хребет - и все, он готов к еде. У корабля вырвешь хребет - и все, он готов к луту.

Spine Rippa так называется потому, что это буквально страшно расколоченный Buffalo с переломанным килем, который теперь держится на сквиг-клее, костях и любом хламе, какой снейкбайты сумели найти. Несмотря на крайне сомнительную пригодность к полетам, корабль тяжело вооружен и удивительно живуч для такой конструкции.",,,,,,,
,,,,,,,,,
ls_fighta_sb,SHIP,"Ничто так не воплощает старые порядки, как правильный хедбатт!

У примитивных снейкбайты выбор космических машин ограничен: эти штурмовики представляют собой, по сути, усиленный камень и кости с прикрученным двигателем. Они живучие, но даже по меркам орков неуклюжие, и их пушки плохо справляются с броней. Зато то, что не пробивают пушки, вполне может пробить усиленный корпус при таране.",,,,,,,
,,,,,,,,,
ls_sunfish_ba,SHIP,"Вот это уже работа для настоящего грота! Но, видать, мелким гитам нельзя доверять правильную рек-нон-сенс работу!

Mumba - очень маленький орочий корабль, едва ли крупнее некоторых тяжелых штурмовиков или ганшипов, но под завязку набитый электронными габбинзами и ""гит-искателями"" для подсветки целей боссам. Ни один орк, кроме блад акс, не имеет достаточно самоконтроля, чтобы реально ""докладывать"" обнаруженные цели вместо немедленной атаки в лоб.

Впрочем, корабль хотя бы оснащен гибкими слотами вооружения, чтобы экипаж совсем не заскучал.",,,,,,,
ls_gremlin_ba,SHIP,"Какие-то хумии все-таки умеют в правильную скрытную работу. Только зачем-то вешают фиолетовые лампы, чтобы тебя было видно даже с закрытыми глазами. Мы эти лампы как следует расколошматили, покрасили все по-настоящему в фиолетовый - теперь это реально мертво-снежно!

Один из самых странных уроков, который командиры Гегемонии вынесли из боев с орками, касается подгруппы ""Kommandoz"", применяющей всякие ""скрытные"" приемы, немыслимые для прочих орков. Естественно, фазовые корабли привлекают таких орков за способность вести разного рода тайные операции на поле боя и вне его.

Странно, но даже при том, что фазовые катушки у этого корабля повреждены в типично небрежной орочьей манере, сообщений о том, как эти суда возникают из ниоткуда или исчезают в вспышках огня и вновь появляются мгновение спустя, слишком много, чтобы списать все на некомпетентность плохо обученных экипажей.",,,,,,,
ls_wayfarer_ba,SHIP,"Хумии не раздалбывают свои грузовозы по приколу из-за всяких ""конвенций"" и прочей ерунды. Орки тоже не раздалбывают грузовозы без причины, потому что в них обычно весь хороший лут. Значит, если не хочешь, чтобы тебя раздалбали, садись в грузовоз... но дакку тоже бери.

Орки Блад Акс необычны тем, что им хватает дальновидности понять: умереть не страшно, но очень неудобно. Поэтому ""прятаться"" - приемлемый способ войны, если в конце можно кого-то зарезать. Для такой тактики отлично подходит маскировка под лутаные грузовики, но большинство из них слишком слабо вооружены по орочьим меркам. Поэтому крепкий Wayfarer стал любимым выбором наемников блад акс.

Несмотря на совершенно неподходящую камуфляжную раскраску, не один патрульный капитан почему-то пропускал такие суда без досмотра, если у них включен транспондер (или то, что выглядит как транспондер).",,,,,,,
ls_leadbelcha_ba,SHIP,"Тебе не нужно много дакки. Тебе нужно даккать в правильное место. А чтобы даккать в правильное место, тебе нужно много дакки.

В отличие от многих других кланов, блад акс собирают корабли по более ""стандартизированным"" схемам, иногда даже симметричным. Leadbelcha - крепкий ганшип, набитый разнообразным легким вооружением для максимальной плотности огня по направлению цели. В рейдах он крайне опасен для других фрегатов, которых способен легко перегружать. В крупных боях это рядовые корабли огня, прикрывающие зад большого босса.",,,,,,,
ls_zagblitz_ba,SHIP,"Хумии умеют делать кое-какие хорошие габбинзы - например, эти ""термин-ней-та"" бумбы, которые сначала нормально взрывают, а потом еще и добивают. Мы их как следует ""реквизировали"" и сделали по-орочьи правильными!

Фрегаты класса Tempest - премиальный выбор наемников и охотников за головами Сектора; блад акс орки-наемники иногда сталкиваются с ними и остаются впечатлены. Изящный дизайн Tempest орки повторить не могут, но предприимчивые мекбои способны сварганить нечто куда более грубое, но функционально похожее, вдобавок с тем, что выглядит как дроны терминатор, добытые из весьма сомнительных источников.

Но они же орки, так что все равно предпочитают влетать в корабль противника вместе с дронами.",,,,,,,
ls_back_stabbaz_ba,SHIP,"Втыкай сильно, пока не смотрят! Втыкай еще сильнее, когда уже смотрят!

По сравнению с более самодельными конструкциями Ивил Санз, блад акс рамма действуют ""терпеливее"": жертвуют частью скорости ради чуть лучшей защиты и оружейных слотов. Такие корабли могут подождать немного дольше, прежде чем неизбежно влететь врагу в зад и заняться привычным делом.",,,,,,,
,,,,,,,,,
ls_gore_stabba_ba,SHIP,"Не самый крепкий корабль, но реально быстрый и убойный. Пусть другие гиты хвастаются своими кучами сквиг-навоза, у них и половины тех тактикальных маневров нет, которые ты можешь здесь вытворять.

Удивительно легкий эсминец, который часто используют нобы блад акс, не желающие маскироваться под грузовоз. По числу стволов он уступает эсминцам других орочьих кланов, но может оказаться куда более скользким, чем намекает его и без того приличная подвижность. Для орочьего корабля он собран на удивление аккуратно и хорошо показывает более ""организованный"" (по-орочьи) подход блад акс к проектированию.",,,,,,,
ls_nebula_ba,SHIP,"Да не так просто абордировать хумиев, когда у них везде дакка. Да, можно подойти близко на одном из боссовых крюзеров, но ты-то не босс. Не переживай: эта штука везет кучу бойзов и имеет пусковые абордажных капсул, чтобы вы сразу влезли в драку. А что с их даккой? Какой даккой? Это же очевидно класса Nebula линейный, набитая хумийскими гротлингами, они же стрелять не будут!

Превосходно замаскированная Nebula (то есть полностью перекрашенная в лесной камуфляж с огромной эмблемой блад акс прямо по центру), где дополнительные турели дополняют замену шаттлбэя на пусковую трубу абордажных капсул. Один из самых распространенных рейдерских кораблей блад акс (а иногда странным образом и для их более ""легальной"" деятельности в Секторе). Такие Nebula не обязаны выигрывать у обычных эсминцев в лобовом бою, но их орочий абордаж - угроза, к которой нельзя относиться легкомысленно.

Исследования Tri-Tachyon указывают на вероятность 0.039% того, что ИИ огневого контроля получает необъяснимые лаги при наведении на эти суда - зеркально с похожим эффектом у человеческих экипажей.",,,,,,,
ls_escort_karrier,SHIP,"Что такое ""эскортить""? Это значит держаться рядом с боссом и раздалбывать всех гитов, которые лезут к боссу. То есть просто старая добрая правильная ваагх-работа!

Идея истребительного эскорта для большинства орков совершенно чужда. Но блад акс каким-то образом реализуют ее, строя хламовые авианосцы с минимальной личной огневой мощью, зато способные возить много флайбойзов без траты места на тяжелое фронтовое вооружение. Конечно, поскольку ""эскортируемые"" корабли все равно пилотируют орки, на практике эти носители регулярно бросают прямо в центр драки.

Тем не менее, как более специализированные носители штурмовой авиации по сравнению с большинством других орочьих авианосцев, Mindaz лучше поддерживают постоянное насыщение неба орочьими летунами, особенно когда ими руководит босс блад акс с хотя бы зачаточным пониманием авианосных операций.",,,,,,,
ls_bloodfang_ba,SHIP,"Хорошо, что мы разломали те модные фиолетово-светящиеся габбинзы, но круглая штука посередине - вообще бесполезный мусор. Теперь все мертво-снежно и с правильной даккой, чтобы профессионалы сделали работу как надо!

Успешные отряды коммандо обычно апгрейдят свой лутаный гремлин в полноценный штурмовой аппарат тяжелой огневой поддержки для полка коммандо. Это увеличенные гремлин, где вся сборка фазовых катушек заменена одним крупным турельным узлом. Такая перегрузка исходного корпуса и энергосистемы явно не идет кораблю на пользу, но он сохраняет странную способность как будто исчезать посреди боя или возникать из ниоткуда - несмотря на полное отсутствие рабочих функций у оставшейся фазовой катушки.

Попытки обратной разработки или даже надежного обнаружения этой чуждой стелс-технологии пока не дали пригодного результата. И вообще, с чего это ты думаешь, что такие корабли вообще существуют? Орк большой и зеленый, фиолетовых орков не бывает.",,,,,,,
ls_buffalo_ba,SHIP,"Основной выбор для средних грузоперевозок в Секторе: грузовик класса Buffalo отлично воплощает принцип ""Load--н-Pay"", распространенный в местной логистике.

Имея всего одну малую оружейную точку, этот корпус по сути представляет собой большой двигатель с крошечным жилым блоком и грузовыми захватами. Капитан, вышедший на таком корабле без конвоя, обычно не получает второго шанса повторить ошибку. Выполнять что-то похожее на боевой маневр Buffalo не способен, а боковые тяговые движки рассчитаны лишь на стыковку - если он вообще доберется до пункта назначения.

Силовые установки - главный вклад в стоимость корпуса, которая хоть и невысока, но остается в пределах нормы для среднего грузовика. Ключевая причина повсеместного распространения класса - его чертеж обычно жестко зашит в базы чертежей почти каждой орбитальной верфи.

Чего уставился? Отвали.",,,,,,,
ls_orka_ba,SHIP,"Космос - это как огромная куча сквиг-навоза. Ни зога не видно, и он убивает тебя, если ты недостаточно крепкий или без дыхательной трубки. Поэтому так же, как хитрый снотлинг может спрятать твою любимую сквиг-ногу в такой куче, мы можем ждать хумиев прямо в космосе - просто надо уйти ""под"" него! Где там ""под""? Там, где я сказал, гит!

В отличие от других кораблей Kommando, Orka уникален тем, что, похоже, сохраняет остатки наполовину рабочей фазовой катушки. Однако в работе он не ведет себя как обычный фазовый аппарат, даже поврежденный. Похоже, орк ""ныряет"" во что-то, что не совсем p-пространство: поток времени там ускоряется не так сильно, зато нагрузка на корабль заметно ниже. Поэтому Orka может долго оставаться скрытым, прежде чем всплыть и выдать смертоносный торпедный залп.

Даже при вынужденном лобовом столкновении он сохраняет достаточно вооружения для самообороны, частично компенсируя в остальном посредственную мобильность.",,,,,,,
,,,,,,,,,
ls_falken_ba,SHIP,"У хумиев бывают хорошие идеи для быстрых и убойных крюзеров. Нет ничего постыдного в том, чтобы учиться у хумиев - так их проще убивать! Как улучшить легкий крюзер? Дать ему правильную крепкую броню и большую дакку, чтобы он был по-настоящему тяжелый, металлический и... легкий!

Этот удивительно хорошо собранный орочий военный корабль, по-видимому, частично вдохновлен легким крейсером класса Falcon, но, как орки любят, заметно перекачан по огневой мощи относительно хумийского аналога. Несмотря на значительный апган вооружения, корабль сохраняет впечатляющую рывковую мобильность, позволяя стремительно сближаться с целью - иногда будто из ниоткуда. Это сделало его стандартным линейным крюзером клана блад акс: им нравится универсальная и мощная огневая нагрузка, хорошая подвижность и встроенные пусковые абордажных капсул, отлично подходящие их более тактикальному стилю боя.

Но Falco-н-образная куча хлама в конце дня все равно остается Falco-н-образной кучей хлама. Поэтому защитные возможности у корабля лишь немного лучше Falcon и заметно слабее Eagle, из-за чего как линейный крейсер это в некотором смысле компромисс на полпути.",,,,,,,
ls_gutblasta_ba,SHIP,"Лучший способ использовать всю свою дакку - использовать вообще всю свою дакку. С этим крюзером ты никогда не будешь жаловаться, что под нее не хватает места. Дед крепкий и достаточно яркий, чтобы отвлечь гитов, пока остальные ребята тычут их в мягкие места!

Внушительный орочий корабль, который, похоже, частично вдохновлен тяжелым крейсером класса Dominator, но в совершенно не-орочьей манере набит безумным количеством малых оружейных слотов. Крупных стволов немного, однако суммарный залп множества мелких ракет и каннонов дает смертоносный поток огня, раздирающий почти любую цель впереди или любую, у которой не хватает ПВО, чтобы сдержать ракетный дождь. При этом корма у корабля почти не защищена, и в редких случаях, когда он оказывается в меньшинстве, его легко обойти с фланга. Правда, с орками на такой сценарий особо не рассчитывают.",,,,,,,
ls_gore_slag_ba,SHIP,"Мало иметь лучшие пушки и ракеты, надо еще засунуть их прямо врагу в мягкие места. Быть крепким не обязательно, если враг уже расплавлен в шлак!

Gore Slag создан, чтобы компенсировать медлительность Gutбласта: крайне тяжелое вооружение ставят на сравнительно быстрый корпус. Эффективность щитов и броня принесены в жертву огромным запасам боеприпасов, которые этот корабль способен вываливать с пугающей скоростью. Более того, то, что блад акс реально умеют сдерживаться и не бросаться в лоб сразу, позволяет этим судам работать очень эффективной тыловой поддержкой - роль, которой у большинства других орочьих кланов просто нет.",,,,,,,
,,,,,,,,,
ls_dredslaught_ba,SHIP,"Вот так и работает ""цепь командования"": слушаешь босса на самом большом корабле, или тебя приковывают к следующей вылетевшей ракете! А теперь по кораблям, и готовьте овервош-дакку по моему сигналу из крик-туб!

Блад Акс понимают: даже если у тебя куча бойзов, толку мало, если они не делают, что им сказали. Да, можно всегда вбить гиту его пасть в череп, но тогда остальные орки этого не услышат через вакуум (и сам гит после такого тоже вряд ли что-то услышит). Поэтому капитальный корабль блад акс вроде Dredslaught - это не просто мощный авианосец-линкор, а еще и командный центр с очень громкими ""крик-габбинзами"", чтобы каждый гит на поле боя слышал босса как следует. Благодаря этому орочий флот с одним или несколькими такими чудовищами воюет заметно эффективнее типично разрозненных варбанд других кланов.

Но и в лобовом бою тачка босса не может быть панси. Dredslaught собран из остатков разных капитальных кораблей в нечто, отдаленно напоминающее Onslaught - явно из-за впечатления, которое оригинал произвел на орков, встречавшихся с ним в бою. При этом Dredslaught меняет часть сырой огневой мощи и знаменитую тепловая импульсная пушка на ангарное пространство и встроенную систему связи, позволяющую вызвать огневую поддержку по цели, которая раздражает командующего варбосса. То, что такая ""поддержка"" не всегда идет от какого-то конкретного орочьего корабля, лучше лишний раз не обдумывать.",,,,,,,
,,,,,,,,,
ls_hunta_killa_ba,SHIP,"Зеленый ведущий на связи, у нас вражеские крылья на... один... три... пять часов... да зог его, там! Гиты вон там!

В отличие от других орочьих кланов, блад акс дают своим летунам более ""модные"" обозначения, и метко названные ханта-килла в основном заточены под перехват вражеских штурмовиков. При всем громком названии это по сути обычные орочьи файта со встроенными стикк-бомбы лонча и шута, лучше приспособленные к борьбе с малыми целями.",,,,,,,
ls_blasta_bomma,SHIP,"Бомбы - это весело, пока не кончились. Подумай! Подумай, сколько дакки можно иметь вместо этого!

Не все орочьи боммер строятся под тяжелую бомбовую нагрузку: для бомбардировки приходится слишком близко подходить к опасному флак-экрану (хотя для орков это не всегда минус), а главное - после сброса надо проходить скучную фазу ""возврат на базу"". Поэтому эти боммер оснащены так, чтобы подолгу держаться у цели и поливать ее всеми видами дакки и ракет. Против тяжелых целей они не столь разрушительны, как полный бомбовый сброс, но, если их не остановить, способны продавливать даже сильные щиты и рвать на куски большинство легких кораблей, которым удалось пережить их разгул.",,,,,,,
ls_night_squawk_ba,SHIP,"Теперь ты меня видишь. Теперь я тебя не вижу.

Эти орочий файта-бомма встречаются очень редко и, несмотря на отсутствие заметных систем РЭБ, по ним чрезвычайно сложно навестись. Для своего размера они несут тяжелую огневую мощь и смертоносные zзап-бомбы, способные наносить серьезный урон и вызывать энергетические дуги по корпусу вражеских кораблей. Это делает их, возможно, самыми опасными орочий файта-боммер - к счастью, они редки на поле боя. Хотя трудно сказать, редки ли они на самом деле, или просто редко оставляют свидетелей.",,,,,,,
ls_kan_ba,SHIP,"Килла Кан - боевой мех, созданный путем кибернетического подключения гретчина к бронированной ""банке"". Эти мехи дают мелким зеленокожим больше огневой мощи и живучести, чем у всех, кроме самых мощных истребителей Сектора. Вариант блад акс ""штурмовой"" оснащается усиленной броней, мощным короткодействующим дробовиком и zзап стикк, что позволяет уверенно работать по легким целям и выводить из строя более тяжелые, но ценой скорости.

""Йар! Кто теперь самый большой и самый злой, а? Я вам покажу, покажу вам всем!",,,,,,,
ls_looted_terminator,SHIP,"Дрон Terminator, добытый из крайне подозрительного источника. Раз луч - это не дакка, ему поставили комби-шута для правильной дакки!",,,,,,,
ls_deff_dread_ba,SHIP,"Это тебе не мелкий Килла Кан, так что готовься быть раскромсанным, все вы, гроты! Это не Килла Кан!

Дефф-дред - тяжелобронированный боевой мех, которым управляет орк, кибернетически вшитый в тяжелую металлическую ""банку"". Минус такого решения - это, собственно, жизнь в темной тесной банке. Что, очевидно, делает пилотов Дефф-дред еще более безумными, а сами эти мехи - куда более опасными против широкого спектра целей.

Эта версия блад акс на удивление скрытная и часто проходит сквозь флак-огонь, прежде чем нанести смертельный удар силовым топором; вдобавок она может забрасывать стиккбомба, расчищая путь через вражеские штурмовики. Ее основной минус - немного более слабая броня.",,,,,,,
,,,,,,,,,
ls_deff_skwardon_uzgob,SHIP,"Даже если нас разорвут к зогу, сказочники еще вечно будут трепаться о том, как парни из дефф-сквадрон отправили Джангалу в солнце!

Дефф-сквадрон - печально известная толпа файта-боммер флайбойзы под командованием флайбосс Уzgob 'Mavarork'. Сквадрон славится готовностью выполнять задачу любой ценой; лучше всего это описал Гизмод, однажды сказавший своему коммандиру: ""С каких это пор пара оторванных крыльев и движков мешала нам делать дело?""",,,,,,,
,,,,,,,,,
ls_brute_go,SHIP,"Как хорошая стабба, только размером с корабль. Все равно будет втыкать гитов как надо.

Brute таранный корабль - гофф-штурмовики, созданные, чтобы врезаться прямо в корпус вражеского корабля своим мощным шипованным тараном. У них нет модных силовых буров, как у других таранов, но Brute компенсирует это экстремальной прочностью: несмотря на размер, лобовая броня сопоставима с некоторыми крейсерами, и остановить такой аппарат до контакта очень непросто.

При этом Brute остается довольно простой машиной с крайне ограниченными возможностями на случай, если таран не решил задачу.",,,,,,,
ls_bone_breaka_go,SHIP,"Какая-то дакка - это хорошо, но настоящая драка начинается, когда слышишь, как гиты хрустят под твоим сапогом. Или под твоим дефф-ролла!

Как и следует из репутации клана, даже в космосе Гофф предпочитают ближний контакт. При достойной огневой мощи главная роль Bone Breaka - переехать противника носовым дефф-ролла. По сравнению с таранными кораблями Ивил Санз гофф-версии жертвуют скоростью ради значительно более мощной брони, делая Bone Breaka крайне живучим тараном во главе штурмовой волны Гофф.",,,,,,,
,,,,,,,,,
ls_aperion_baa,SHIP,"Apeiron - провальный прототип в ходе разработки продвинутого ганшипа класса Hyperion. Эта версия обладает лучшей живучестью и встроенным реактором, слегка ускоряющим течение времени на борту, но почти по всем остальным параметрам уступает Hyperion. Данный экземпляр доработан для ренегатской наемной эскадрильи Lao Baa и имеет повышенную боевую выносливость и надежность.

Хай-тек фрегат, созданный во время работ над Hyperion, был отбракован из-за худших характеристик, но позже принят на вооружение определенной наемной группой для элитного состава. Часть оригинального проекта была завязана на так называемый Apeiron Drive, который, похоже, обеспечивал постоянную слабую темпоральная оболочка вокруг корабля, но ценой примерно четверти мощности реактора, из-за чего проект и закрыли.",,,,,,,
ls_miemieko,SHIP,"Mie~ Mie~. Фирменный дрон эскадрильи Lao Baa, устанавливаемый на все их суда. Эти небольшие, хорошо защищенные аппараты дают плотное флак-прикрытие материнскому кораблю с помощью того, что подозрительно похоже на орочий лобба (они даже клетчатку не закрасили!), но их снаряды уже оснащены военными дистанционными взрывателями Сектора, что дает отличную эффективность ПВО.",,,,,,,
ls_basilisk_baa,SHIP,"Тяжелый прототипный фрегат, ответвленный от проекта Scarab; эти экспериментальные корабли были получены определенной наемной группой после рейда на некий исследовательский объект. Концепция делает упор на мощную точечную оборону, но корабль при необходимости способен закрывать и другие роли. Этот конкретный экземпляр модифицирован для ренегатской наемной эскадрильи Lao Baa и отличается повышенной выносливостью и надежностью в бою.

Группа, получившая чертежи, затем продолжила развитие проекта до ""практически пригодного"" состояния, а при достаточном финансировании и денежном ""убеждении"" одной подрядной фирмы довела его до высокоманевренного фрегата, способного сверхзаряжать свою ""оболочку"". Активация этой модифицированной темпоральная оболочка проецирует ионное поле, которое может отключать ракеты поблизости, однако поле также нестабильно реагирует на любой материальный контакт - фирма-подрядчик счастливо списала это как ""странное поведение щита"".

Как и у Scarab, темпоральный щит у Basilisk может работать как темпоральная оболочка, но из-за ограничений базовой оборонительной функции эффект ускорения времени у него ниже.",,,,,,,
,,,,,,,,,
ls_redbutton,SHIP_SYSTEM,Не нажимай,,,,,,,
ls_ere_we_go,SHIP_SYSTEM,"Waaagh! Орки на этом корабле впадают в боевое бешенство, и корабль неуправляемо рвется вперед. Баллистическое оружие также получает повышенную скорострельность и сниженные флюкс-затраты. Эффект слабее, чем у форсажный привод или ускоренная подача боеприпасов, но длится дольше. На время действия увеличивается и масса корабля для тарана.",,,,,,,
ls_snazzy_boosta,SHIP_SYSTEM,"Лучший буста, какой можно купить за зубы: эти улучшенные ускорители не только дают кораблю рывок скорости, но и позволяют частично сохранять управление поворотом во время работы. Избыточная мощность также повышает скорострельность всего баллистического и энергетического оружия на борту.",,,,,,,
ls_reactor_boosta,SHIP_SYSTEM,"Временно повышает выход реактора: дает короткий рывок скорости, слегка улучшает маневренность и увеличивает рассеивание флюкса, пока активен. Может хранить до 4 зарядов.",,,,,,,
ls_dakka,SHIP_SYSTEM,Сильно увеличивает дальность всего баллистического оружия этого корабля и снижает его флюкс-стоимость; скорострельность также постепенно возрастает вместе с отдачей.,,,,,,,
ls_bomming_run,SHIP_SYSTEM,Бомбы пошли! Корабль рывком идет вперед и случайным образом сбрасывает из бомбоотсека разные типы бомб и ракет. Может хранить два заряда; последующие заряды восстанавливаются медленно.,,,,,,,
ls_rok_boosta,SHIP_SYSTEM,"На короткое время резко увеличивает скорость и массу рока, эффективно для тарана. Долгая перезарядка.",,,,,,,
miko_repairkit,SHIP_SYSTEM,"Продвинутая нано-ремонтная система, встроенная в корпус, восстанавливает прочность и боеготовность корабля, собирая и перерабатывая обломки поврежденных судов. По неизвестной причине предохранитель не позволяет наноботам собирать материалы с кораблей, поврежденных кем-то кроме носителя системы. Чем больше урона наносит этот корабль, тем быстрее восстанавливаются заряды системы.",,,,,,,
ls_phas_engine,SHIP_SYSTEM,"Сильно увеличивает течение времени на корабле за счет переразмеренного двигателя и чистой веры в то, что именно такой двигатель должен давать такой эффект. Орочья уверенность, что фаз-корабли устойчивы к урону, также дает снижение урона по корпусу и броне. При полной мощности нестабильные выхлопные узлы и двигатель создают электрические дуги и/или пламя. Во время работы непрерывно генерирует флюкс.",,,,,,,
ls_uh_oh,SHIP_SYSTEM,"Если корабль получает достаточно урона во время захода, он ускоряется и пытается таранить цель, нанося фугасный урон.",,,,,,,
ls_fly_waaagh,SHIP_SYSTEM,"Вдохновляет штурмовики корабля всплеском энергии Waaaagh!, одновременно выпуская дополнительные аппараты на усиление каждого крыла (количество зависит от базового числа машин в крыле). Каждый истребитель корабля дает +2% к урону и снижению получаемого урона всем остальным истребителям этого же корабля, до 30%, а также слегка ускоряет течение времени для этих истребителей.",,,,,,,
ls_drilla_drive,SHIP_SYSTEM,Дает рывок скорости при сохранении ограниченного управления и устремляет корабль на цель; во время действия также слегка снижает урон по броне и увеличивает массу.,,,,,,,
ls_tellyporta,SHIP_SYSTEM,После короткой подготовки телепортирует корабль в район курсора. Точность невысокая.,,,,,,,
ls_zzap_field,SHIP_SYSTEM,"Непрерывно бьет ближайшие цели наносящими урон ЭМИ-дугами; по сравнению с EMP излучатель наносит больше энергетического урона, но меньше ЭМИ. Во время работы постоянно генерирует флюкс, но не отключает оружие.",,,,,,,
ls_snazzy_tellyporta,SHIP_SYSTEM,"После короткой зарядки телепортирует корабль в район курсора. Большая дальность, но точность невысокая.",,,,,,,
ls_temporal_forcefield,SHIP_SYSTEM,"Окутывает корабль темпоральной оболочкой, которая рассеивает часть входящих попаданий в другой временной поток, резко повышая эффективность и покрытие щита на короткое время. Также ускоряет течение времени на корабле, но слабее, чем обычная темпоральная оболочка. Как побочный эффект, на короткое время после активации также гасит ракеты рядом с кораблем. При установленном щит шунт ускорение времени дополнительно увеличивается.

Орочья версия менее эффективна и ускоряет время слабее обычного Temporal Shield. Установка Supa Overload модификация корпуса увеличивает ускорение времени, но уменьшает прирост эффективности щита.",,,,,,,
ls_temporal_shield,SHIP_SYSTEM,"Окутывает корабль темпоральной оболочкой, которая рассеивает часть входящих попаданий в другой временной поток, резко повышая эффективность и покрытие щита на короткое время. Также ускоряет течение времени на корабле, но слабее, чем обычная темпоральная оболочка. Как побочный эффект, на короткое время после активации также гасит ракеты рядом с кораблем. При установленном щит шунт ускорение времени дополнительно увеличивается.",,,,,,,
ls_targetting_squig,SHIP_SYSTEM,"Активирует специализированного прицельного сквиг, увеличивая дальность корабля и уменьшая отдачу оружия; также повышает урон по истребителям и ракетам.",,,,,,,
ls_blasta_overdrive,SHIP_SYSTEM,"Перегружает выход реактора корабля: значительно повышает урон энергетического оружия, скорость снарядов, дальность снарядов (но не лучей) и снижает их флюкс-стоимость. Также слегка повышает скорость и маневренность. Из-за перегруза энергии во время действия может вызывать отказы оружия. Во время работы генерирует немного флюкса.",,,,,,,
ls_plough_them,SHIP_SYSTEM,"Перегружает системы корабля, быстро разгоняя его вперед. Баллистическое оружие также получает повышенную скорострельность и сниженные флюкс-затраты. Эффект слабее, чем у форсажный привод или ускоренная подача боеприпасов. На время действия увеличивается масса корабля для тарана. Можно активировать дважды подряд, затем заряды медленно восстанавливаются до двух.",,,,,,,
ls_glitta_drive,SHIP_SYSTEM,"Активирует сифон сбора энергии, который резко снижает эффективность рассеивания флюкса кораблем, но при этом позволяет рассеивать жёсткий флюкс; также повышает скорострельность энергетического и баллистического оружия и разгоняет корабль вперед. Однако если корабль уйдет в перегрузку во время действия системы, энергетическая обратная связь удвоит длительность перегрузки.",,,,,,,
ls_ard_field_system,SHIP_SYSTEM,"Вдвое снижает любой урон по щиту корабля. Любое попадание по щиту свыше 100 урона вызывает молниевую обратную связь по ближайшей вражеской цели, нанося 100 ед. энергетического и ЭМИ-урона и стравливая 50 флюкса. Во время действия постоянно накапливает жёсткий флюкс.",,,,,,,
ls_ded_sneaky,SHIP_SYSTEM,Становится прям совсем скрытным. Дает небольшой прирост скорости и маневренности с сохранением возможности стрельбы. После короткой задержки дает возможность на короткое время избегать всех снарядов и столкновений.,,,,,,,
ls_ded_sneaky_fighter,SHIP_SYSTEM,Становится прям совсем скрытным. Дает небольшой прирост скорости и маневренности с сохранением возможности стрельбы. После короткой задержки дает возможность на короткое время избегать всех снарядов и столкновений. Укороченная длительность и меньше зарядов по сравнению с корабельной версией.,,,,,,,
ls_ramma_drone,SHIP_SYSTEM,"Когда родительский корабль активирует систему, дрон также на полной скорости таранит ближайшую вражескую цель.",,,,,,,
ls_takital_relocation,SHIP_SYSTEM,"Waaaaagh!, но в другом направлении, чтобы тебя не раскромсали до того, как ты начнешь кромсать сам. Дает рывок скорости и маневренности, а также после короткой задержки - кратковременное уклонение от всех снарядов и столкновений. Пока орки заняты... репозишунингом, оружие стрелять не может.",,,,,,,
ls_get_dat_git,SHIP_SYSTEM,"Помечает какого-то гита к расплющиванию, увеличивая получаемый им урон на 25%; использование стоит немного флюкса.",,,,,,,
ls_takital_insertion,SHIP_SYSTEM,"Waaaaagh! в правильном направлении, но по-хитрому, чтобы тебя не раскромсали до того, как ты начнешь кромсать сам. Корабль рывком идет вперед с ограниченным управлением; во время рывка корабль не сталкивается с объектами и уклоняется от входящего огня, но не может стрелять и использовать щиты.",,,,,,,
ls_arty_strike,SHIP_SYSTEM,"Помечает серию точек рядом с вражеским кораблем, которые после короткой задержки накрываются взрывным артиллерийским ударом из... откуда-то.... Мощный коммуникационный импульс от носовой части корабля также зап'ает ближайшие цели перед ним.",,,,,,,
ls_eyez_in_da_sky,SHIP_SYSTEM,"Мек использует флай-гиты авианосца как импровизированные гит-искатель. Пока система активна, каждый живой истребитель авианосца дает ему +5% к урону и дальности баллистического и энергетического оружия, до 50%. Ракеты авианосца также получают +2.5% к максимальной скорости, до 25%.",,,,,,,
ls_eyu,SHIP_SYSTEM,"Кратковременно увеличивает максимальную скорость и подвижность. Позволяет кулак Горка быстро выстрелить 18 раз с немного сниженным уроном. Блокирует активный стравливание во время действия. Если к моменту окончания эффекта уровень флюкса корабля выше 50%, есть шанс вызвать разрушительный внутренний взрыв, но также высвободить волну психических молний по ближайшим целям.",,,,,,,
ls_lambda_teleporter,SHIP_SYSTEM,"Выполняет короткую телепортацию и высвобождает избыточную энергию телепорта в виде самонаводящихся частиц, наносящих сильный ЭМИ-урон.",,,,,,,
ls_deff_skwadron,SHIP_SYSTEM,Призывает двух остальных членов дефф-сквадрон.,,,,,,,
ls_deff_dred_melee,SHIP_SYSTEM,"Рывком сближается с целью для ближнего боя, получает бонус скорости и слегка снижает входящий урон.",,,,,,,
ls_stomp_em,SHIP_SYSTEM,"Перегружает стомпа в режим бешенства, разгоняет ее к выбранной цели и пытается таранить; отключает щиты, но дает резко повышенные скорость и массу при заметном снижении входящего урона. Перегруженный реактор также повышает рассеивание флюкса. Если стомпа не оснащена оружием ближнего боя, бонусы скорости и снижения урона уменьшаются, а рассеивание флюкса увеличивается.",,,,,,,
ls_launch_everything,SHIP_SYSTEM,"Резко повышает скорострельность, дальность и отдачу всего ракетного и баллистического оружия на очень короткое время.",,,,,,,
,,,,,,,,,
ls_lobba,WEAPON,"Старая добрая лобба умеет как следует влупить гитам, а заодно и швырять тех гитов, которые тебе не нравятся, хр-хр!

Лобба - крупнокалиберный орочий миномет, стреляющий фугасными снарядами на удивительно приличную дальность. Эти тяжелые боеприпасы набиты взрывчаткой и способны угрожать даже крейсерской броне, но летят очень медленно и при всей дальности остаются неточными.",,,,,,,
ls_big_lobba,WEAPON,"Бигга лобба, чтобы забрасывать бомбы дальше, и с дополнительным стволом для еще большего лоббинга!

Лобба - крупнокалиберный орочий миномет, стреляющий фугасными снарядами на удивительно приличную дальность. Эти тяжелые боеприпасы набиты взрывчаткой и способны угрожать даже крейсерской броне, но летят очень медленно и при всей дальности остаются неточными. Big Лобба - спаренный вариант лобба с большей дальностью и скорострельностью.",,,,,,,
ls_zzap_kannon,WEAPON,"Иногда мелкий гит лезет под твою заппу и хорошо так заппается - смешно, конечно, но большую заппу лучше тратить на хумийские крюзеры. Мек доработал ее так, чтобы большой зап не уходил впустую по истребителям.

Мощная Zзапpa-пушка, откалиброванная так, чтобы больше не цеплять мелкие цели вроде истребителей. Zзап Каннона может выдавать тяжелый залповый урон по большинству целей при относительно хорошей эффективности, если корабль выдерживает всплески флюкса от этого оружия. Минус в том, что приоритет ""бить ближайшую подходящую цель"" никуда не делся, и, как у большинства орочьих стволов, Zзапpa пушка не всегда попадает в ту цель, в которую задумано - хотя в какую-нибудь цель попадет обязательно.",,,,,,,
ls_zzappa,WEAPON,"Бесит, что твои бойзы ни в кого толком не попадают? Эта штука даст тем вертлявым панси-гидам такой правильный зап, что не забудут, только смотри, чтобы генераторов хватало качать зап-сок.

Орочье зап-оружие - это по сути мощные генераторы дуги, наносящие значительный энергетический и ЭМИ-урон ценой высокого флюкс-расхода. Для орочьих стволов у них хорошая дальность и неплохая флюкс-эффективность, но их сдерживают время зарядки и склонность бить ближайшего врага, а не выбранную цель (хотя для орка ближайший враг обычно и есть ""правильная"" цель).",,,,,,,
ls_eye_of_mork,WEAPON,"Морк на тебя смотрит, и сейчас расплавит тебя как следует!

Взгляд Морка - по сути огромная зап-пушка, установленная в массивную генераторную тарелку и способная выплескивать поток энергетических дуг. Эти дуги непредсказуемы и наводятся лишь в общем направлении, но попадут во что-нибудь обязательно, а когда попадают - вал электрических разрядов рвет на части все, кроме самых крепких кораблей.",,,,,,,
ls_rokkit_launcha,WEAPON,"Единственное, что лучше одного взрыва, - это много взрывов, а много ракет - лучший способ сделать много взрывов. А лучшие ракеты - орочьи: дед крепкие и с самым жирным бахом. Гротский автолоада держит достаточно ракет, чтобы разнести любого гита.

Орки любят взрывы, и ракеты - один из самых простых способов их устроить. По сравнению с распространенными в Секторе ракетами орочьи тяжелее, прочнее и несут более мощный заряд, но обычно менее точны, пока гроты в панике пихают одну ракету за другой в лоток. Из-за крупных габаритов в залпе их меньше.",,,,,,,
ls_rokkit_fighta,WEAPON,"Ракеты для флайбойзов. Жми кнопку и смотри, как бахает.",,,,,,,
ls_rokkitpod,WEAPON,"Единственное, что лучше ракет, - это дофига ракет.

Роккит-под - простой пусковой блок, по сути попытка напихать на корабль максимум ракет. В итоге он имеет очень впечатляющий боезапас и темп огня, способные перегружать системы точечной обороны.",,,,,,,
ls_grot_rail,WEAPON,"Бесит, что ракеты не взрываются где надо на хумийских кораблях? От грот-бомба не убежишь!

Грот-бомба - это ракета, которой управляет гретчин, мелкий родственник орков. Большинство гретчинов с радостью хватается за шанс полетать на такой блестящей ракете, обычно не до конца осознавая последствия прибытия в точку назначения. При этом пилоты из них так себе, поэтому ракеты не самые маневренные в Секторе, но удар у них очень тяжелый.",,,,,,,
ls_grot_launcha,WEAPON,"Спаренная рельсовая пусковая, чтобы запускать вдвое больше грот-бомба.

Грот-бомба - это ракета, которой управляет гретчин, мелкий родственник орков. Большинство гретчинов с радостью хватается за шанс полетать на такой блестящей ракете, обычно не до конца осознавая последствия прибытия в точку назначения. При этом пилоты из них так себе, поэтому ракеты не самые маневренные в Секторе, но удар у них очень тяжелый. Крупная Лонча имеет внутренний отсек под дополнительные ракеты и толпу гретчинов, дерущихся за право пилотировать.",,,,,,,
ls_grot_hanger,WEAPON,"Вот это уже нормальный ангар для всех твоих бомб-меков: они могут клепать бомбы прямо во время драки, так что не придется бояться, что боезапас кончится.

Грот-бомба - это ракета, которой управляет гретчин, мелкий родственник орков. Большинство гретчинов с радостью хватается за шанс полетать на такой блестящей ракете, обычно не до конца осознавая последствия прибытия в точку назначения. При этом пилоты из них так себе, поэтому ракеты не самые маневренные в Секторе, но удар у них очень тяжелый. Этот ангар способен медленно производить новые грот-бомба по ходу боя, поддерживая постоянное давление на противника.",,,,,,,
ls_doomdiva_launcher,WEAPON,"Мы любим летать быстро и крушить все подряд. Поэтому лучше всего - крушить, летая быстро!

Doom Diva - особый вариант пусковой грот-бомба, стреляющий ракетой Doom Diva. Вместо классического взрывного заряда она наносит урон за счет очень высокоскоростного удара: перехватить такую цель трудно, а по слабым щитам эффект может быть разрушительным. Такие ракеты популярнее среди гретчинов-добровольцев из-за бешеной скорости, но на этой скорости у пилота почти нет времени корректировать наводку, что ограничивает эффективность против мелких целей.",,,,,,,
ls_tellyporta_blasta,WEAPON,"Смотри, если у хумийского корабля нет крепких кусков, то появляется дырка, и бойзы могут залезть внутрь. Значит эта габбинза удаляет крепкие куски. Потом вы, гиты, залезаете внутрь, потому что дырка уже есть.

Tellyporta бласта - боевое применение орочьей теллипорта-технологии. Выпуская варп-пузырь, который разворачивается при контакте с твердым корпусом, оружие просто телепортирует броню прочь от корабля-носителя, полностью игнорируя целостность этой брони. Если бласта попадает по корпусу, эффект еще хуже: целые жизненно важные секции могут внезапно исчезнуть. К сожалению, пузырь легко срывается противодействующим силовым полем, и щит обычно делает эффект почти безвредным.",,,,,,,
ls_bubble_chukka,WEAPON,"Они стреляют... пузырями?

Странно названная пузырная чукка на деле представляет собой продвинутый проектор гравитационного поля, который запускает гравипузыри, способные взрываться с заметной силой. Мощность пузырей варьируется: маленькая пузырная чукка не может создавать пузыри, опасные для тяжелых истребителей и крупных кораблей, но против плохо защищенных штурмовиков и ракет бывает разрушительна.",- Обычные последние слова пилотов Talon,,,,,,
ls_kustom_mega_blasta,WEAPON,"Эта бласта - моя лучшая работа! Тут дополнительный генератор, дополнительная моща, дополнительный взрыв, и бласта взрывается, когда касается вещей, и... эй! Не трог-

Кастом Mega Бласта - орочье название целого набора мощных энергетических пушек, созданных меками. Конструкции различаются, но обычно дают невероятную для своего размера огневую мощь, ограниченную в основном высокой энергозатратностью и малой дальностью. При этом оружие крайне нестабильно: почти каждый выстрел может закончиться тем, что в расплавленный шлак превратится либо вражеский корабль, либо сам пользователь. Для орков оба исхода одинаково веселы.",,,,,,,
ls_kustom_mega_cannon,WEAPON,"Не переживай, босс, в этот раз я точно сделал правильно. Тут экстра-экстра генератор, экстра-экстра моща и экстра-экстра бум! Чем больше, тем луч-

Кастом Mega Каннона - увеличенная мегабласта для более крупных орочьих кораблей. Она способна на по-настоящему пугающую огневую мощь, но если рванет, взрыв легко может оторвать нос фрегату. Как обычно, орков такой результат развлекает при любом раскладе.",,,,,,,
ls_kustom_supa_cannon,WEAPON,"В этот раз она точно починена как надо, босс, обещ-

Кастом Supa Cannon - спаренный вариант Кастом Mega Cannon с улучшенным генератором, обеспечивающим более высокий устойчивый темп огня и чуть лучшую дальность. А главное - в редком приступе здравого смысла меки поняли, что пушка, которая не взрывается, успевает выдать больше дакки, и потому оружие сделали куда ""надежнее""... ну, если верить самим мекам.",,,,,,,
ls_big_shoota,WEAPON,"Это база, просто база. Но лишняя дакка никогда не помешает.

Предпочитаемое малое баллистическое оружие многих орочьих кораблей - крупнокалиберные машин-пушки, сочетающие оглушительный шум, посредственную точность и достойный урон.",,,,,,,
ls_twin_shoota,WEAPON,"Все еще вообще не достаточно дакки, но начинать с чего-то надо.

Предпочитаемое малое вооружение многих орочьих кораблей - крупнокалиберные машин-пушки, сочетающие оглушительный шум, посредственную точность и достойный урон. Спаренная версия может накрывать противника плотным огнем, давить щиты и угрожать всем, кроме самых бронированных штурмовиков.",,,,,,,
ls_flakka_dakka,WEAPON,"Просто начинай стрелять, не переживай: промахнулся - значит, это был наш; попал - значит, их.

Четырехствольная флак-пушка, быстро стреляющая флак-снарядами. Каждый снаряд слабее классического флака Сектора, но суммарно установка легко заливает пространство смертоносной шрапнелью, рвущей истребители и ракеты.",,,,,,,
ls_supashoota_turret,WEAPON,"Не совсем болта, но лучше ты вряд ли найдешь.

Supaшута - усиленный биг-шута, по сути средняя автопушка, стреляющая фугасно-бронебойными снарядами с эффектом, похожим на более крупные Болта Cannon. Скорострельности и мощности хватает, чтобы эффективно работать и по истребителям.",,,,,,,
ls_bolta,WEAPON,"Пуля у этой пушки специальная: у нее взрывная голова, так что она влетает в цель и потом взрывается. И устраивает знатный бардак.

Так называемая Болта - нехарактерно продвинутое для орков оружие, стреляющее реактивными APHE-снарядами, которые пробивают корпус цели и взрываются внутри. Это дает им намного большую эффективность по броне, чем у обычных автопушек, при сохранении хорошей работы по щитам.",,,,,,,
ls_mega_bolta,WEAPON,"Когда нужно реально раскромсать большой хумийский крюзер, эта болта делает дело. Дакки много, и лупит она дед мощно.

Так называемая Болта - нехарактерно продвинутое для орков оружие, стреляющее реактивными APHE-снарядами, которые пробивают корпус цели и взрываются внутри. Это дает им намного большую эффективность по броне, чем у обычных автопушек, при сохранении хорошей работы по щитам. MegaБолта объединяет две отдельные Болта Cannon в одной крупной турели, добавляя темп огня и немного точности.",,,,,,,
ls_deffstorm_bolta,WEAPON,"Даккадаккадаккадаккадаккадаккадаккадакка!

Деффшторм Болта - полностью отбитый гатлинг-болта, выбрасывающий неприлично огромный объем огня. Как только спуск нажат, сборка не прекратит стрельбу, пока не кончится боекомплект или она не заклинит - что, к сожалению, происходит довольно часто. Тем не менее по сравнению с нидлер болты этого оружия куда смертоноснее, пусть и немного слабее стандартной болта.",,,,,,,
ls_kill_kannon,WEAPON,"Нет ничего лучше большой правильной канноны, когда надо кого-то раскромсать. У этой есть автолоада для быстрых повторных выстрелов, только не забудь заставить гротов ее смазывать.

Килл-каннона - стандартная орочья крупнокалиберная пушка, выступающая ""брутально-хитрой"" парой к ""хитро-брутальной"" болта. Обычно это просто большая пушка под мощные снаряды, хотя большинство вариантов имеет ту или иную систему заряжания для поддержания темпа в гуще боя.",,,,,,,
ls_deth_kannon,WEAPON,"Когда нужно, чтобы цель стала совсем дед, эта штука делает дело. Самая большая каннона для самого злого босса!

Смертоканнона - еще более крупная версия килл-каннона, обычно встречающаяся на орочьих капиталах и тяжелых крейсерах. Ее мощности достаточно, чтобы за один-два удара размолоть даже броню Onslaught, но снаряды настолько огромны, что никакой ""модный"" заряжатель не держит нормальный темп огня, поэтому каждый промах особенно болезнен. Впрочем, когда орк вспоминает выстрелить из этой пушки, цель обычно уже слишком близко, чтобы промахнуться.",,,,,,,
ls_mini_rokkit_launcha,WEAPON,"Эти ракеты не дают самый большой бах, но в них есть модные габбинзы, и они летят почти как гретчин! Или там реально гретчин за штурвалом?

""Умная"" Роккит - среднедальняя орочья ракета с примитивной системой наведения для простого сопровождения цели. Это может быть что угодно: простая электроника, мозг сквига, прикрученный к ракете, или любой другой вариант, который меку подвернулся в тот день. Такие ракеты слабее большинства других орочьих боеприпасов, но запускаются большими пачками и отлично работают по легким судам и истребителям. В достаточном количестве могут угрожать и более тяжелой броне. Это базовая пусковая версия с приличным, но ограниченным боезапасом.

Ракеты малой пусковой настроены на более быстрое сгорание топлива ради ускоренного полета, что дает меньшую дальность.",,,,,,,
ls_rokkit_lobba,WEAPON,"Ракета умная, потому что ее сделали мозгобои, или она умная, потому что в ней мозг бойза?

""Умная"" Роккит - среднедальняя орочья ракета с примитивной системой наведения для простого сопровождения цели. Это может быть что угодно: простая электроника, мозг сквига, прикрученный к ракете, или любой другой вариант, который меку подвернулся в тот день. Такие ракеты слабее большинства других орочьих боеприпасов, но запускаются большими пачками и отлично работают по легким судам и истребителям. В достаточном количестве могут угрожать и более тяжелой броне. Пусковая оснащена загрузчиком (который, возможно, даже автоматический, если гротам повезло), чтобы не пустеть в бою.",,,,,,,
ls_rokkit_belcha,WEAPON,"Смотри, как полетели! А ну не тормозите, гиты, подавайте ракеты, или следующего я лично запихну в трубу!

""Умная"" Роккит - среднедальняя орочья ракета с примитивной системой наведения для простого сопровождения цели. Это может быть что угодно: простая электроника, мозг сквига, прикрученный к ракете, или любой другой вариант, который меку подвернулся в тот день. Такие ракеты слабее большинства других орочьих боеприпасов, но запускаются большими пачками и отлично работают по легким судам и истребителям. В достаточном количестве могут угрожать и более тяжелой броне. Пусковая имеет автозарядник (или просто много гротов), чтобы не прерывать огонь в бою.

Эта версия способна выплевывать абсурдное число умная роккит, компенсируя слабое наведение и урон каждой отдельной ракеты чистым количеством.",,,,,,,
ls_jet_shoota,WEAPON,"Помни: запирай гротов внутри, чтобы не сбежали. Хотя куда им бежать - но терять хорошую шута жалко.

Совершенно безумное оружие, концептуально чем-то похожее на грот-бомба. Гротам оно, пожалуй, даже нравится больше: кроме кайфа от скорости, эти мобильные турели дают им ту дакку, о которой они обычно могут только мечтать в своей короткой и жалких жизни. Оценить реальную эффективность системы сложно, но добровольцев всегда с избытком.

Даже самая простая рельсовая реактивная шута комплектуется командой меков для сборки и подготовки новых турелей под поток гротов-добровольцев. Подготовка занимает немало времени, но запасных габбинзов обычно хватает, чтобы обеспечить боезапас на бой.",,,,,,,
ls_shoota_launcha,WEAPON,"У этой лонча уже есть нормальный загрузчик, чтобы турели шли без паузы, хотя новые шута из мек-мастерской все равно надо подносить вручную.

Совершенно безумное оружие, концептуально чем-то похожее на грот-бомба. Гротам оно, пожалуй, даже нравится больше: кроме кайфа от скорости, эти мобильные турели дают им ту дакку, о которой они обычно могут только мечтать в своей короткой и жалких жизни. Оценить реальную эффективность системы сложно, но добровольцев всегда с избытком.

Эта пусковая снабжена загрузочной системой, связанной с мек-цехом, что позволяет строить новые турели с более приемлемой скоростью или запускать несколько заранее готовых турелей почти подряд.",,,,,,,
ls_shoota_factory,WEAPON,"Вот это уже настоящее место для мека, чтобы заниматься делом!

Совершенно безумное оружие, концептуально чем-то похожее на грот-бомба. Гротам оно, пожалуй, даже нравится больше: кроме кайфа от скорости, эти мобильные турели дают им ту дакку, о которой они обычно могут только мечтать в своей короткой и жалких жизни. Оценить реальную эффективность системы сложно, но добровольцев всегда с избытком.

Это не столько оружейный слот, сколько фабрика с двумя подъемниками, отправляющими свежесобранные реактивная шута прямо в бой. Одна такая установка может уверенно давить вражеские щиты, хотя для добивания целей обычно нужно другое оружие.",,,,,,,
ls_burna,WEAPON,"Зачем ждать, пока гиты будут полностью разбиты, прежде чем начинать лутать? Режь их, пока они еще на ходу - так получишь самые свежие детали!

Бёрна - вариант орочьего огнеметного оружия, перенастроенный в переразмеренный резак, способный с пугающей эффективностью прорезать корабельную броню. Более сфокусированная плазменная струя, однако, хуже работает по корпусу и щитам по сравнению со Скорча.

Разрушение топливной емкости часто приводит к катастрофическим взрывам.",,,,,,,
ls_skorcha,WEAPON,"Смотри, как гиты пляшут горелый танец!

Скорча - орочье огнеметное оружие, использующее различные виды топлива, от АМ-топлива до ""сквиг-сока"", чтобы создавать мощное плазмоидное пламя, способное гореть в вакууме космоса. Система питается от собственных баков, а не от реактора корабля, поэтому очень энергоэффективна и при этом быстро наносит ужасающий урон щитам и корпусу; экстремальный жар также создает давление на флюкс-сброс цели.

Разрушение топливной емкости часто приводит к катастрофическим взрывам.",,,,,,,
ls_flame_belcha,WEAPON,"А вот это реально поднимет температуру, хр-хр.

Пламенная белча - увеличенный скорча с повышенной емкостью, дальностью и буквально большей огневой мощью. В отличие от младшего варианта, его пламя способно угрожать легкой и средней броне; экстремальный жар также давит на флюкс-сброс цели.

Разрушение топливной емкости часто приводит к катастрофическим взрывам.",,,,,,,
ls_torpedo_rail,WEAPON,"Самая большая ракета для взрыва самых больших кораблей.

Одна из самых тяжелых торпедных систем в Секторе: орочья Wrecka-торпеда - это не столько единая модель, сколько набор тяжелых боеприпасов с общей чертой в виде огромной взрывной мощности и очень высокой прочности. Однако из-за отсутствия стандартизации их поведение сильно различается, и нередко отдельные торпеды не успевают взвестись или преждевременно выгорают.",,,,,,,
ls_torpedo_toob,WEAPON,"Больше рэкка - больше крушения!

Одна из самых тяжелых торпедных систем в Секторе: орочья Wrecka-торпеда - это не столько единая модель, сколько набор тяжелых боеприпасов с общей чертой в виде огромной взрывной мощности и очень высокой прочности. Однако из-за отсутствия стандартизации их поведение сильно различается, и нередко отдельные торпеды не успевают взвестись или преждевременно выгорают.",,,,,,,
ls_torpedo_rack,WEAPON,"Вот это уже достаточно взрывоопасного добра, достойного крюзера босса!

Одна из самых тяжелых торпедных систем в Секторе: орочья Wrecka-торпеда - это не столько единая модель, сколько набор тяжелых боеприпасов с общей чертой в виде огромной взрывной мощности и очень высокой прочности. Однако из-за отсутствия стандартизации их поведение сильно различается, и нередко отдельные торпеды не успевают взвестись или преждевременно выгорают.",,,,,,,
ls_grot_shoota,WEAPON,"Грот в коробке с даккой. Лучше следи за спиной сам, чем доверяй этому гиту прикрывать тебя. Но места эта штука занимает меньше, чем другие варианты дакки.

Крайне маленькая турель с двумя шута, которые какие-то бойзы просто выбросили. Для людей и гротов это все еще сравнимо с тяжелыми пулеметами, но в космическом бою оружие откровенно слабое. Тем не менее его можно встретить на некоторых орочий бомма и даже боевых кораблях как хламовое ПВО, которое, если повезет, может сбить Talon.",,,,,,,
ls_rattler_cannon,WEAPON,"Прицеливание? Это что такое? Не слышу тебя за звуком моей дакки!

Rattler пушка - крупнокалиберная орочья гатлинг-пушка, стреляющая довольно мощными кинетическими снарядами. Эти капризные стволы при стрельбе трясет как бешеные, а темп огня скачет непредсказуемо, но когда все работает, с их сырой мощью мало кто спорит.",,,,,,,
ls_gatler,WEAPON,"Лобба для трусливых гротов! Если хочешь по-настоящему взрывной дакки, эта красота валит быстро и как надо!

Gatler Бласта - скорострельный гатлинг, выпускающий фугасные снаряды плотными очередями. Перезаряжается медленно и слабо работает по совсем тяжелой броне, но вблизи может очень быстро наносить ужасающий урон большинству целей, если удается обойти их щит.","Лобба для трусливых гротов! Если хочешь по-настоящему взрывной дакки, эта красота валит быстро и как надо!

Gatler Бласта - скорострельный гатлинг, выпускающий фугасные снаряды плотными очередями. Перезаряжается медленно и слабо работает по совсем тяжелой броне, но вблизи может очень быстро наносить ужасающий урон большинству целей, если удается обойти их щит.","Лобба для трусливых гротов! Если хочешь по-настоящему взрывной дакки, эта красота валит быстро и как надо!

Gatler Бласта - скорострельный гатлинг, выпускающий фугасные снаряды плотными очередями. Перезаряжается медленно и слабо работает по совсем тяжелой броне, но вблизи может очень быстро наносить ужасающий урон большинству целей, если удается обойти их щит.","Лобба — для панси-гротов! Если хочешь по-настоящему взрывную дакку, эта красотка быстро и как надо валит врагов!

Gatler Бласта — скорострельный гатлинг, стреляющий фугасными снарядами быстрой очередью. Хотя он долго перезаряжается и ограниченно полезен против по-настоящему тяжелой брони, вблизи он может быстро нанести ужасающий урон большинству целей, если сумеет обойти их щит.","Лобба — для трусливых гротов! Если хочешь по-настоящему взрывную дакку, эта красотка быстро и как надо валит врагов!

Gatler Бласта — скорострельный гатлинг, стреляющий фугасными снарядами плотными очередями. Он долго перезаряжается и малоэффективен против по-настоящему тяжёлой брони, но вблизи способен быстро нанести ужасающий урон большинству целей, если обойдёт их щит.","Лобба — для трусливых гротов! Если хочешь по-настоящему взрывную дакку, эта красотка быстро и как надо валит врагов!

Gatler Бласта — скорострельный гатлинг, стреляющий фугасными снарядами плотными очередями. Он долго перезаряжается и малоэффективен против по-настоящему тяжёлой брони, но вблизи способен быстро нанести ужасающий урон большинству целей, если обойдёт их щит.","Лобба — для трусливых гротов! Если хочешь по-настоящему взрывную дакку, эта красотка быстро и как надо валит врагов!

Gatler Бласта — скорострельный гатлинг, стреляющий фугасными снарядами плотными очередями. Он долго перезаряжается и малоэффективен против по-настоящему тяжёлой брони, но вблизи способен быстро нанести ужасающий урон большинству целей, если обойдёт их щит.","Лобба — для трусливых гротов! Если хочешь по-настоящему взрывную дакку, эта красотка быстро и как надо валит врагов!

Gatler Бласта — скорострельный гатлинг, стреляющий фугасными снарядами плотными очередями. Он долго перезаряжается и малоэффективен против по-настоящему тяжёлой брони, но вблизи способен быстро нанести ужасающий урон большинству целей, если обойдёт их щит."
,,,,,,,,,
ls_deffgun,WEAPON,"Пускаем весь хороший лутаный дакка в дело! Зачем выбирать, какая дакка лучше, если можно взять всю сразу! Чем бы эта штука ни плевалась, хумиям достанется по полной!

Deffgun - наглядный пример того, как меки Deathskull собирают мощное оружие из любых тяжелых трофеев; двух одинаково работающих деффган почти не бывает. Они стреляют разными мощными боеприпасами с впечатляющей скоростью, и хотя конкретный тип снаряда в залпе часто непредсказуем, все они без исключения дед-убойные.",,,,,,,
,,,,,,,,,
ls_nail_blasta,WEAPON,"Хорошо подходит, чтобы прибивать отваливающиеся плиты на кораблях бойзов... или прибивать гитов к их собственному кораблю, хр-хр. Дополнительно зап-заряжена, чтобы никакой щит не мешал твоему прибиванию.

Промышленный инструмент для крепежных работ на ходу у варбанд Ивил Санз легко переделывается в боевое оружие, стреляющее смертоносными высокоскоростными заклепками, разогнанными зап-катушками. По щитам наносит тяжелый урон, а при попадании в корпус может отключать вражеские системы.",,,,,,,
,,,,,,,,,
ls_kustom_shoota,WEAPON,"Базовый ты какой-то. А вот это уже по-настоящему правильная шута.

Предпочитаемое малое вооружение многих орочьих кораблей - крупнокалиберные машин-пушки, сочетающие оглушительный шум, посредственную точность и достойный урон. Этот кастом бэд мун стреляет заряженными выстрелами, наносит чуть больше урона и немного точнее, но требует значительно больше энергии.",,,,,,,
ls_snazzgun,WEAPON,"Купил эту deffбласта у Ротскрага. Отличная маленькая убивалка, спроси самого Ротскрага, хр-хр.

Сназзган - это либо баллистическое, либо энергетическое оружие, любимое самыми показушными и шумными орками, известными как Флэш-гитзы, обычно выходцами из клана Бэд Мунз. Эти стволы максимально кастомизированы, наносят переменный урон и могут вызывать целый набор весьма смертоносных эффектов при попадании.",,,,,,,
ls_snazz_cannon,WEAPON,"Если у тебя уже самый сназзи шута, дальше нужен только самый сназзи каннона!

Сназзган - это либо баллистическое, либо энергетическое оружие, любимое самыми показушными и шумными орками, известными как Флэш-гитзы, обычно выходцами из клана Бэд Мунз. Эти стволы максимально кастомизированы, наносят переменный урон и могут вызывать целый набор весьма смертоносных эффектов при попадании.

Сназз Cannon - увеличенная версия с еще более дикой начинкой, способная наносить ужасающий урон: от смертельных ударных дуг до плазмоидных взрывов.",,,,,,,
ls_snazz_mega_cannon,WEAPON,"Если у тебя уже самый сназзи каннона, дальше нужны только еще более сназзиестее канноны!

Сназзган - это либо баллистическое, либо энергетическое оружие, любимое самыми показушными и шумными орками, известными как Флэш-гитзы, обычно выходцами из клана Бэд Мунз. Эти стволы максимально кастомизированы, наносят переменный урон и могут вызывать целый набор весьма смертоносных эффектов при попадании.

Сназз Mega Cannon - крупнейший вариант Сназз Guns, добавляющий в смесь взрывов и зап еще и тяжелые тампа-снаряды. Эти крупнокалиберные системы - любимая тяжелая батарея больших боевых кораблей Бэд Мунз, чьи боссы требуют от своей дакки ""настоящий сназз"".",,,,,,,
,,,,,,,,,
ls_stikka,WEAPON,"Старый путь - лучший! Никаких самоподрывов, как у тех тупых флэш-гитов! Большая стикка отлично прошьет этих больших металлических сквигов!

Буквально баллиста, увеличенная до корабельного масштаба: стикка примитивна, очень флюкс-эффективна за счет минимальной механики и неожиданно действенна против кораблей со слабыми щитами или тонкой броней. Но заряжается медленно, а крупные болты могут перехватываться ПВО.",,,,,,,
ls_heavy_squig_launcher,WEAPON,"Пусть едят сквигов! Э... пусть сквиги едят их!

Примитивная пусковая труба для запуска оркоидных существ, известных как ""сквиги"" (сокращение от ""сквиговые твари""). В орочьей экосистеме они используются очень широко, а снейкбайты особенно известны разведением узкоспециализированных вариантов. Наиболее распространенные боевые сквиги - кислотные желчь сквиг и метко названный ""бум сквиг"", использующий самоподрыв как механизм самозащиты.",,,,,,,
,,,,,,,,,
ls_sniper_shoota,WEAPON,"Эта шута идет с трубой-делай-больше: жмешь тут, и она начинает светиться, и дакка-дакка становится лучше!

Несмотря на название, Snipa шута - по сути просто прокачанный биг-шута, способный стрелять быстрее и более тяжелыми болванками. Да, в комплекте реально есть прицел и лазерный целеуказатель, но поскольку они вынесены за пределы турели, ни один наводчик не сможет толком использовать их для прицеливания (да орки и не собирались).",,,,,,,
ls_kombi_shoota,WEAPON,"Выбирают только гроты! Настоящий орк берет и дакку, и ракеты сразу!

Во имя ""такиктальной гибкости"" блад акс меки нередко сращивают шута с роккит лонча в так называемое комби-оружие, которое может выпускать мини-роккит вместе с обычными выстрелами шута. Получившаяся система универсальна по разным целям, но перезаряжается медленнее, а ракетная лента заканчивается довольно быстро.",,,,,,,
ls_stikk_bomma,WEAPON,"С этой чукка тебе не придется переживать, что бойзы взорвут себя к зогу, потому что взялись не за тот конец стиккбомба. Ракеты и истребители взрывает как надо.

Орочья стикк-бомбы - по сути большая ручная граната, которая у пехоты орков заодно работает как дубина. Увеличенная версия встречается на некоторых орочьих кораблях как импровизированный флак. По чистой мощности стиккбомба уступает большинству ракет, но большое количество осколков хорошо рвет тонкобронированные истребители и боеприпасы.",,,,,,,
ls_precision_kannon,WEAPON,"Дальность: много. Угол: примерно вперед. Возвышение: вверх. Огневое решение: даккадаккадаккадакка!

По сути тяжелая орочья автопушка уровня спаренная супа-шута. Как и младший вариант, присижн каннона оснащают лазерным целеуказателем или прицельный сквиг для ""захвата"" цели перед выбросом шторма мощных выстрелов. Правда, насколько вся эта габбинза реально помогает, вопрос открытый.",,,,,,,
ls_krusha_kannon,WEAPON,"Наводчик, бум-снаряд, крюзер! Истребители заходят слева, слева от меня, гит! Заряжай канисту, ща им устроим!

В рамках блад акс одержимости ""мультирольной-операционально-такиктальной-адаптабельностью"" эти тяжелые каннона, снятые с танка килл-круша, умеют заряжать разные тяжелые снаряды под разные цели. Орки, правда, не всегда выбирают правильный снаряд вместо ближайшего или самого желтого, но мощь оружия против широкого спектра целей недооценивать нельзя.",,,,,,,
ls_krusha_battery,WEAPON,"Пусть гиты попробуют тройные пушки, и в этот раз проследите, чтобы гиты заряжали один и тот же тип снаряда!

В рамках блад акс одержимости ""мультирольной-операционально-такиктальной-адаптабельностью"" эти тяжелые каннона, снятые с танка килл-круша, умеют заряжать разные тяжелые снаряды под разные цели. Орки, правда, не всегда выбирают правильный снаряд вместо ближайшего или самого желтого, но мощь оружия против широкого спектра целей недооценивать нельзя.

Krusha батарея - тяжелая турель с тремя круша каннона, часто используемая как основное вооружение капитальных кораблей блад акс.",,,,,,,
,,,,,,,,,
ls_boarding_toob,WEAPON,"Сажай бойзов в капсулу, капсулу в трубу, трубу на корабль - и бойзы уже в другом корабле!

Орки явно предпочитают рукопашку в рейдах и наземных боях, но вакуум космоса оказался немного проблемным даже для их крепкой физиологии. Обычно орки не могут просто прыгнуть или ""доплыть"" до вражеского корабля (хотя попытки были). Абордажная капсула доставляет группу бойзов к цели, а встроенный резак прорезает отверстие в корпусе, чтобы бойзы попали внутрь.

Такие группы обычно не могут полностью захватить корабль (да и большинство не умеет им управлять), но даже несколько здоровых зеленых громил на борту гарантированно мешают работе систем и наносят ущерб. Чем крупнее вражеский корабль, тем больше орков требуется, чтобы его серьезно сорвать.",,,,,,,
ls_kommando_pod,WEAPON,"В пусковой ничего особенного, капсула просто чуть более скрытная, но бойзы внутри - профессионалы.

Ork Kommandos - элитные диверсанты, которые переворачивают с ног на голову все привычные представления об оркоидной расе (иногда буквально переворачивая голову человеческому командиру). Если таким oddбойзы удается попасть на борт через специализированные абордажные капсулы, они инстинктивно эффективно бьют по жизненно важным системам корабля.",,,,,,,
,,,,,,,,,
ls_deff_rolla,WEAPON,"Раздави их под Deff Rolla!

Deff ролла - гигантский шипованный металлический вал, устанавливаемый на нос некоторых орочьих кораблей вместо классического тарана. Эти махины отлично крошат мелкие цели и за секунды стачивают даже самые крепкие щиты. Но по очень тяжелой броне их эффективность заметно падает.",,,,,,,
ls_deff_rolla_dummy,WEAPON,"Раздави их под Deff Rolla!

Deff ролла - гигантский шипованный металлический вал, устанавливаемый на нос некоторых орочьих кораблей вместо классического тарана. Эти махины отлично крошат мелкие цели и за секунды стачивают даже самые крепкие щиты. Но по очень тяжелой броне их эффективность заметно падает.",,,,,,,
,,,,,,,,,
ls_supashoota,WEAPON,"Не совсем болта, но лучше ты вряд ли найдешь.",,,,,,,
ls_mega_bubble_blasta,WEAPON,"С этой бластой можно так влупить гитам, что сам Горк будет доволен!

Эта бласта - увеличенная скорострельная пузырная чукка, встроенная в корпус лутаной Onihime и заменившая какой-то продвинутый спинальный ствол, который стоял там раньше. Хотя орочьи гравипузыри обычно идут как ПВО, сфокусированные пузыри способны разрушительно работать по щитам, а при попадании в корпус их ударная сила легко сбивает малые корабли с курса.",,,,,,,
ls_fantasy_blasta,WEAPON,"Грубое, расточительное, неточное и опасное для самого стрелка оружие - но при этом чрезвычайно мощное, если только удача позволяет ничему не пойти совсем ужасно не так.

На базе экзотической системы энергетического цикла странного корпуса, от которого это оружие произошло, оно умеет сбрасывать большую часть флюкса от своих мощных выстрелов в неизвестный карманный измерительный слой, что позволяет поддерживать очень высокий темп огня и урона при невероятно низкой флюкс-стоимости. Однако система была необратимо повреждена орочьими модификациями, и длительная стрельба быстро перегружает канал сброса, повышая шанс взрыва.

Где-то там оригинальный конструктор этого оружия наверняка кипит от ярости, наблюдая, как такое элегантное устройство превратили в летающую бомбу замедленного действия.

Пушки приходят и уходят
Все решает бросок кубов
Все это просто сон",,,,,,,
ls_splasha_attackgun_builtin,WEAPON,"ОТКРЫВАЙ ШЛАНГ, ЗАЛИВАЙ ГИТОВ!

Это безумное оружие напрямую подключено к АМ-топливному баку корабля и способно выливать огромный объем плазмоидного пламени на приличную дистанцию через массивный рукав. Быстрые насосы позволяют держать почти непрерывный темп огня, и пламя этого оружия способно угрожать даже средней броне, оставаясь при этом разрушительным для корпуса и щитов.",,,,,,,
,,,,,,,,,
ls_planet_deffhead,CUSTOM,"Главная база клана Deathskull в Персеанском Секторе. Эта пустынная планета стала домом для миллионов зеленокожих, которые со временем превратили ее в промышленный центр производства боевых кораблей и вооружения. В пустынях сквиг-фермы с трудом кормят растущее орочье население, пока мелкие варбанды дерутся за власть; в итоге к городским боссам присоединяются только самые жестокие и хитрые орки. Если оставить планету без контроля, она может скоро стать плацдармом для большого Waaagh!",,,,,,,
ls_planet_mekkaslag,CUSTOM,"Каменистая планета, богатая ресурсами. Mekkaslag превратился в крупный горнодобывающий узел, питающий военную машину Deathskull, и именно здешнее сырье позволило клану собрать часть крупных боевых кораблей, которые теперь терроризируют Сектор. Помимо руды меки развернули примитивные топливные мощности, снабжающие орочьих варлордов ""соком"", благодаря чему сохраняют заметное влияние на враждующих боссов Deff Head.",,,,,,,
ls_planet_fungob,CUSTOM,"Дикая джунглевая планета, почти не освоенная из-за враждебного климата, опасной фауны и сравнительно бедной ресурсной базы. Орков это, впрочем, не остановило: они без особых проблем там обосновались. Сейчас это глухомань, полная рантхерды и одичавших племен, где доминирует несколько дес-скалл варбоссов, предпочитающих править своими маленькими королевствами подальше от крупных боссов Deff Head. По крайней мере, джунгли дают отличный источник сочных сквиги для бойзов.",,,,,,,
ls_planet_zodrokk,CUSTOM,"Замерзшая планета, где раньше находился доминионский газодобывающий комплекс, теперь занята лутерами Deathskull, разбирающими на трофеи любые найденные объекты. Орки также приспособили старые мощности под свои задачи, что позволяет обеспечивать газами соседние кланы Ивил Санз для их тачек. Пока эта торговля удерживает оба клана от полноценной войны, но мало сомнений, что при отсутствии других врагов они быстро сцепятся друг с другом.",,,,,,,
ls_ds,FACTION,"Даже среди орков Deathskulls известны своей страстью к воровству и лутингу, а также почти религиозной верой в магическое свойство синего цвета приносить удачу. Именно эта жажда добычи привела их синие двигатели на окраины Персеанского Сектора после Великого Коллапса. Первые шайки падальщиков и пиратов быстро выросли в варбанды, а затем в целые орочьи военные флоты под командованием сильных варбоссов, осевшие в сравнительно малоизвестной системе на краю центральных областей. Орочьи пираты теперь обычное явление в Секторе, и некоторые даже находят работу наемниками у местных фракций.

Сила клана, однако, совсем не сводится к привычным рейдерам, к которым Сектор успел привыкнуть. Если их не сдерживать, орков будет прибывать все больше, и в конце концов они вырастут в волну Waaagh!, способную утопить Сектор в шторме насилия. К счастью, внутри самого клана Deathskull разные варбоссы продолжают бороться за доминирование, и до масштабного вторжения в ядро Сектора дело пока не дошло. Именно поэтому многие фракции, которых орки напрямую не давят, предпочитают не вмешиваться и сосредотачиваться на соперниках. Со временем это может оказаться очень дорогой ошибкой.",,,,,,,
ls_planet_little_red,CUSTOM,"Рядом с гигантским красным светилом Big Red, Little Red - настоящий адский мир, выбранный Ивил Санз как главная база операций. Но, если честно, реки лавы, бури вулканического пепла и чудовищные землетрясения делают отличный гоночный трек. С практической стороны, колоссальные залежи минералов на планете притягивают меков Ивил Санз как связанного грота к стае сквигхаундов. Огромные вулканические перерабатывающие комплексы превращают сырье, выброшенное извержениями и тектоническими сдвигами, в свежие тачки для хозяев из Ивил Санз.",,,,,,,
ls_planet_uzrokk,CUSTOM,"Флот Ивил Санз естественным образом самый прожорливый до топлива среди всех орочьих кланов: их кастомные движки жрут горючее с бешеной скоростью, пока корабли несутся через космос. К сожалению, собственные возможности производства топлива у них ограничены, и добыча в основном сводится к разреженным летучим веществам из токсичной атмосферы Узрокка - мира смертельного для людей и пахнущего для орков примерно как сквиг-навоз. Поэтому планета в основном занята Fuel Meks, их гротами-помощниками и почти никем больше.",,,,,,,
ls_planet_grimslag,CUSTOM,"Единственная в системе Big Red планета, более-менее пригодная для жизни. Обширные открытые пустыни популярны у разных банд спид-фрики из Ивил Санз как место гонок и войн. Многие варбоссы и варлорды предпочитают ставить базу здесь, а не в адских условиях Little Red. Проблема в том, что, кроме отдельных сквиг-ферм, планета довольно пустая, и большую часть ресурсов приходится ввозить с Little Red.",,,,,,,
ls_planet_gorslag,CUSTOM,"Пустынный мир, захваченный Ивил Санз для использования заброшенных военных объектов как плацдарма рейдов в северной части Сектора, вдали от Big Red. Местный варлорд Ивил Санз очень не любит делить систему с жадными Бэд Мунз, но пока ""рейдить хумиев"" оказывается достаточно веселым, чтобы терпеть вычурных соседей.",,,,,,,
ls_planet_uzdreg,CUSTOM,"Uzdreg - пустынная планета, захваченная Ивил Санз в системе Grimluz как еще один перевалочный пункт для рейдов. По огромным дюнам здесь носятся толпы спид-фрик байкеров, а несколько мековских перерабатывающих узлов дают сырье, которое они обменивают у соседних Deathskull на разнообразные выкопанные габбинзы.",,,,,,,
ls_es,FACTION,"Ивил Санз - орочий клан, помешанный на скорости и максимально громком шуме во время этой скорости. Клан исповедует проверенный орочий принцип: ""Red штуки ехать быстрее!"". Ненасытная жажда скорости приводит к тому, что Ивил Санз часто пренебрегают тяжелой броней и предпочитают заливать поле боя волной быстрых ударных машин; большая часть их рейдов и лутинга направлена на добычу новых способов ехать еще быстрее. Эта же страсть делает их одними из лучших пилотов среди орков.

Ивил Санз стали вторым кланом, появившимся в Секторе в крупных количествах, дав понять, что местные имеют дело не с одной группой мародерствующих ксеносов. Хотя орочья междоусобица обычна, Ивил Санз являются естественными союзниками мек-касты Deathskull в вопросах добычи лучших трофеев для новых тачек (по крайней мере, пока эти тачки неизбежно не украдут).

С двумя кланами в регионе среди спейсеров уже ходят слухи, что по пути еще больше орков, и когда они прибудут, Сектор может столкнуться с настоящей расплатой.",,,,,,,
ls_planet_nazbad,CUSTOM,"Этот сравнительно пригодный для жизни засушливый спутник был местом доминионской исследовательской лаборатории благодаря богатым залежам редких руд и материалов. После Коллапса Бэд Мунз заняли планету и за годы превратили ее в свой опорный центр силы в Секторе.

Это один из самых населенных орочьих миров в регионе: по поймам и дюнам раскинулись огромные крепости и заводы орков, а также именно отсюда Бэд Мунз получают доступ к продвинутым технологиям Доминиона. Чтобы ""пометить"" мир как свой, в рамках полосовой добычи орки вырезали на поверхности оскаленную орочью морду, чтобы ни у кого не осталось сомнений: ""этот рок принадлежит оркам!""",,,,,,,
ls_planet_bogga,CUSTOM,"Холодная тундровая планета в системе Bad Fang, куда стекаются менее богатые орки и те, кто не смог конкурировать с сильными боссами Назбада, чтобы выживать самостоятельно. ""Уйти в Боггу"" также стало распространенным наказанием для флэшгитов, раздражающих начальство.

Несмотря на дурную славу у Бэд Мунз, холодные болота планеты неожиданно хорошо подходят для выращивания грибов, и предприимчивые рантхерда неплохо богатеют, поставляя на Назбад всевозможных ""модных"" сквиг.",,,,,,,
ls_planet_fungmor,CUSTOM,"Джунглевый мир, известный разведением экзотических едовые сквиги. Прожорливые бэд мунз захватили его при первой возможности и начали драть с остальных орков вымогательскую плату зубами. Но прочие орки быстро поняли, что лучший ответ на вымогательство - вымогать в ответ кулаком. В итоге бэд мунз на этой планете и рейдеры Ивил Санз с Gorslag постоянно грызутся за контроль над местными потоками товаров, хотя ни одна сторона пока не решилась на полноценный скоординированный удар по другой.",,,,,,,
ls_bm,FACTION,"Бэд Мунз - самый богатый из всех орочьих кланов. Причина в том, что их зубы растут быстрее, чем у остальных, а именно зубы орки используют как валюту. Они постоянно покупают, продают, меняют и обманывают, чтобы добыть еще больше зубов. В бою, в отличие от других орков, предпочитают держаться чуть дальше и поливать врага продвинутыми и ""сназзи""-стволами; кроме того, они действительно обслуживают свое снаряжение (не чтобы работало лучше, а чтобы выглядело показушнее).

Став третьим кланом, заявившим о себе в Секторе, Бэд Мунз действовали медленнее: проводили лишь небольшие рейды, пока осваивались и строили вычурную базу власти из добычи, полученной в торговле с другими орочьими кланами. Пользуясь заброшенной доминионской лабораторией в подконтрольной системе, они наладили производство продвинутых (по орочьим меркам) кораблей с богатым набором сложного оружия и технологий - чтобы понтоваться перед кланами, которых считают деревенщиной.

Направление их продвижения вывело их в конфликт с Персеанской лигой, и военные аналитики Сектора теперь всерьез опасаются, что орочья угроза куда серьезнее, чем казалось: кланы появляются со всех сторон и не показывают признаков замедления.",,,,,,,
ls_planet_azstag,CUSTOM,"Главная твердыня клана Блад Акс в Секторе. Планета, известная просто как ""Da Base"", - ничем не примечательный мир на орбите тусклого белого карлика, которого зовут Da Glob. Именно из-за своей ""обычности"" она долго ускользала от внимания крупных фракций: блад акс сумели оставаться незамеченными вплоть до вторжения в соседнюю систему Фенху.

Сама планета похожа на типичный орочий мир - свалки, карьеры, чадящие мек-мастерские, клепающие инструменты для Waaaagh!. Но заметная часть поселений блад акс уходит туннелями глубоко в скалистые горы Азстага, что затрудняет их обнаружение с орбиты и делает почти неуязвимыми для ударов с орбиты, кроме тотальной бомбардировки.",,,,,,,
ls_planet_bootcamp,CUSTOM,"Несмотря на богатую биосферу, Da Boot Camp, пожалуй, даже опаснее каменистого Азстага: агрессивная местная фауна, расплодившиеся сквиги и крайне нестабильные грозы круглый год. Этот смертельный мир служит идеальной базой и охотничьими угодьями для блад акс Kommandoz и Beast Snaggas, которые точат здесь свои навыки.

Несмотря на ассоциации с ""тренировкой"", название планета получила от главного поселения, построенного в кратере падения мега-рока ""Gork's Boot"".",,,,,,,
ls_planet_skragrunt,CUSTOM,"Хотя орки иногда сотрудничают с человеческими пиратами в рейдах, только блад акс варлорды терпят постоянное человеческое присутствие в своих системах. Skragrunt - небольшой пустынный мир с умеренными залежами минералов и летучих веществ, слишком бедными, чтобы орки всерьез хотели ковырять их в этом промерзшем сквиг-навозе, где еще и драться толком не с кем.

В результате часть контрабандистов и независимых шахтеров договорилась с орками использовать планету как торговый узел, где можно менять нелегальный товар на орочий лут и ""защиту"". За годы Skragrunt вырос в заметное поселение для тех, кто хочет укрыться от внимания властей, прячась рядом с одной из самых опасных рас Сектора.",,,,,,,
ls_planet_megiddo,CUSTOM,"Megiddo был обнаружен и колонизирован относительно недавно разведчиками Луддической церкви после открытия невероятно богатых залежей редких минералов (в основном золота) под пыльной поверхностью. Добыча на планете жестко контролировалась, чтобы доступ имели только ""праведные"", способные устоять перед искушением и использовать ресурс в формах, одобренных Церковью.

Благодаря сильному присутствию рыцарей Лудда, обеспечивающих соблюдение ограничений на добычу, Megiddo пережил внезапный первый удар Блад Акс в системе Фенху и теперь служит точкой сбора луддической обороны системы.",,,,,,,
ls_planet_big_toof,CUSTOM,"Ранее известная как Ibleam, эта пустынная планета не обладает богатствами Megiddo и изначально привлекала лишь луддических поселенцев, желавших жить вдали от греховных соблазнов мегиддского золота. Поэтому во время внезапного вторжения Блад Акс в систему Фенху мир был быстро захвачен орками.

Теперь планета служит ""да фобом"" для вторжения блад акс на территорию Церкви.",,,,,,,
ls_ba,FACTION,"Блад Аксs считаются среди других орочьих кланов шайкой ненадежных гитов. Они открыто торгуют с человеческими фракциями Персеанского Сектора, ведут переговоры с врагом и даже готовы отступать, если шансы совсем плохие. За такие привычки остальные орки их презирают. Тем не менее блад акс сумели закрепиться как наемники, которых удобно использовать там, где нужно формально отрицать прямое человеческое участие.

В бою блад акс применяют более тактический подход, хотя их трактовка ""тактики"" часто колеблется от чрезмерно буквальной до совсем абстрактной: например, рисовать лесной камуфляж на космических кораблях или сыпать странным такиткальным жаргоном, который обычно путает других орков. Удивительно, но чаще всего эти ""тактики"" все равно срабатывают в их пользу, как бы абсурдно ни выглядела реализация.

Ключевое отличие блад акс от других кланов - не столько хитрость, сколько терпение. Только блад акс всерьез рассматривают тактическое отступление, засаду или намеренную задержку ради заманивания врага в ловушку, и именно это заставляет часть офицеров Гегемонии считать их самой опасной из оркоидных угроз.

Хотя присутствие блад акс на юго-западе Сектора привело их к прямому конфликту с Луддической церковью, их репутация полезных наемников и готовность торговать лутом с людьми означает, что прочие фракции пока предпочитают их не трогать. На практике блад акс зачастую получают больше проблем от других орочьих кланов, чем от патрулей Гегемонии.",,,,,,,
,,,,,,,,,
ls_magnum,WEAPON,"Это моя лучшая работа! Все лучшие хитрознатные габбинзы, какие только можно залутать, запихнул сюда для лучшей бласты и лучшей заппы, чтобы оно и стреляло, и зап'ало! Хумии зовут это как-то вроде ""магнум упс"" или типа того.

Это ужасающий образец пика орочьей инженерии. Оружие выпускает сверхзаряженный энергетический импульс, который постоянно перекидывает молниевые дуги на соседние цели, выводя из строя вооружение и прожигая слабые щиты с броней. Прямое попадание создает мощную ударную волну, чрезвычайно опасную для открытого корпуса, и остается грозным даже против тяжелой брони.",,,,,,,
ls_blue_mega_cannon,WEAPON,"Мы поняли, босс! Пушка взрывается - это просто неудача, вот и все! А синий же самый удачливый! Да не может она взо-

Кастом Mega Каннона - увеличенная мегабласта для более крупных орочьих кораблей. Она способна на по-настоящему пугающую огневую мощь, но если рванет, взрыв легко может оторвать нос фрегату. Как обычно, орков такой результат развлекает при любом раскладе.

Эта версия покрашена в синий. Тебе говорят, что это делает ее безопасной. Ты в это не веришь.",,,,,,,
ls_splasha_attackgun,WEAPON,"ОТКРЫВАЙ ШЛАНГ, ЗАЛИВАЙ ГИТОВ!

Это безумное оружие подключено напрямую к огромному баку АМ-топлива и способно поливать противника колоссальным объемом плазмоидного пламени на приличную дистанцию. В отличие от варианта, встроенного прямо в корпус корабля, эта версия несет большой, но открытый топливный бак, что позволяет держать сопоставимый темп огня, но и делает систему более опасной в случае попадания. Пламя оружия способно угрожать даже средней броне, оставаясь при этом разрушительным для корпуса и щитов.",,,,,,,
,,,,,,,,,
ls_deff_dread_heat_choppa,WEAPON,"Чоппа со сверхнагретой кромкой при зарядке, надежное оружие ближнего боя.",,,,,,,
ls_deff_dread_axe,WEAPON,"Мощный силовой топор, способный наносить серьезный урон по броне, при этом менее неповоротливый, чем силовая клешня.",,,,,,,
ls_dread_buzzsaw,WEAPON,"Угрожающая циркулярка, эффективно режущая легкую броню и давящая щиты, но без такого же пикового импульса, как у другого оружия ближнего боя; требует дольше удерживать контакт с целью.",,,,,,,
ls_deff_dread_klaw_es,WEAPON,"Тяжелая гидравлическая силовая клешня, способная рвать бронеплиты; смертельна по корпусу корабля, но попасть ей сложнее.",,,,,,,
ls_dread_gatling_shield,WEAPON,"Плита металла, ухваченная где-то и объединенная со встроенной гатлинг бласта в гибрид щита и оружия. Боезапас снижен, а разворот тяжелый, но эффективность выше.",,,,,,,
ls_dread_twin_shoota,WEAPON,"Довольно мощная кастомная спаренная шута, стреляющая энергообмазанными пулями. Хорошо работает по легким целям и весьма точна по орочьим меркам, но против серьезной брони заметно слабеет.",,,,,,,
ls_big_shoota_deff_dread,WEAPON,"Встроенная Биг-шута, выполняющая роль универсального вспомогательного оружия для дефф-дред.",,,,,,,
ls_skorcha_dread,WEAPON,Встроенная Скорча с пониженным энергопотреблением.,,,,,,,
ls_stikk_bomm_dread,WEAPON,"Ранец стикк-бомбы, способный сбрасывать бомбы по целям позади твоего зада; также отлично подходит для случайного дружественного огня по гитам, которые тебе не нравятся.",,,,,,,
ls_dread_mega_blasta,WEAPON,Мини Кастом-Mega Бласта для дефф-дред: за счет заметного снижения скорострельности и дальности сохраняет ту же разрушительную мощь при лучшей энергоэффективности. Однако все равно может устроить смертельный взрыв при отказе.,,,,,,,
,,,,,,,,,
ls_miko_comet,SHIP,"Фрегат неизвестного происхождения с необычной спаренной двигательной схемой, которая на максимальной тяге позволяет кораблю кратковременно искривлять время, достигая почти четырехкратной скорости относительно части самых быстрых фрегатов Сектора. Корабль также оснащен рядом экспериментальных систем вооружения, интегрированных прямо в корпус. В отличие от многих других темпоральных эффектов эпохи Доминиона, субъективный ход времени для экипажа на борту тоже ускоряется. Без риска повреждения четко разобрать внутренние механизмы нельзя, хотя часть доступных записей проливает свет на происхождение корабля.

""Сестра, этот двигатель нельзя выкручивать так далеко!""

""Что значит, законы физики не позволяют? Наше любопытство само согнет правила.""

- Запись №7 неизвестной жрицы, извлеченная с корабля",,,,,,,
ls_lambda,SHIP,Корабль спецопераций класса эсминец от Lambda Institute. Встроенная пушка Astrapi EMP Projection и антипроникающий модуль против щитов позволяют выводить из строя широкий спектр целей. Основное назначение - нейтрализация технологий зеленокожих для исследований; в проект внедрены некоторые результаты разработок института.,,,,,,,
miko_autokanon,WEAPON,"Главное орудие Suisei - продвинутая роторная пушка, стреляющая энергетически заряженными снарядами. Механизм огня и сами боеприпасы технологичны, но внутреннее устройство никак не объясняет безумную скорострельность, которую оружие выдает, когда двигатель корабля вспыхивает, как падающая звезда.","""Возможно, это подходит тебе больше: короткая искра, как у падающей звезды, которая мгновенно исчезает после вспышки"" - Неизвестная жрица #7",,,,,,
ls_komet_blasta,WEAPON,"Главное орудие Komet - продвинутая роторная пушка, стреляющая энергетически заряженными снарядами. Механизм огня и сами боеприпасы технологичны, но внутреннее устройство никак не объясняет безумную скорострельность, которую оружие выдает, когда двигатель корабля вспыхивает, как падающая звезда. Орки не успели сильно повредить сам ствол своими переделками, но их хаотичные заплатки ухудшили эффективность.","""Возможно, это подходит тебе больше: короткая искра, как у падающей звезды, которая мгновенно исчезает после вспышки"" - Неизвестная жрица #7",,,,,,
ls_cometshoota_es_l,WEAPON,"Пара встроенных в Komet сверхскорострельных автопушек; механизм подачи интегрирован в корпус, и, похоже, его часто загоняют в овердрайв, дополнительно повышая мощность и скорость снарядов. Как и главное орудие корабля, эти пушки стреляют продвинутыми энерго-заряженными снарядами, которые бьют значительно выше своей весовой категории.",,,,,,,
ls_cometshoota_es_r,WEAPON,"Пара встроенных в Komet сверхскорострельных автопушек; механизм подачи интегрирован в корпус, и, похоже, его часто загоняют в овердрайв, дополнительно повышая мощность и скорость снарядов. Как и главное орудие корабля, эти пушки стреляют продвинутыми энерго-заряженными снарядами, которые бьют значительно выше своей весовой категории.",,,,,,,
ls_cometshoota_l,WEAPON,"Пара встроенных в Suisei сверхскорострельных автопушек; механизм подачи интегрирован в корпус, и, похоже, его часто загоняют в овердрайв, дополнительно повышая мощность и скорость снарядов. Как и главное орудие корабля, эти пушки стреляют продвинутыми энерго-заряженными снарядами, которые бьют значительно выше своей весовой категории.",,,,,,,
ls_cometshoota_r,WEAPON,"Пара встроенных в Suisei сверхскорострельных автопушек; механизм подачи интегрирован в корпус, и, похоже, его часто загоняют в овердрайв, дополнительно повышая мощность и скорость снарядов. Как и главное орудие корабля, эти пушки стреляют продвинутыми энерго-заряженными снарядами, которые бьют значительно выше своей весовой категории.",,,,,,,
ls_sola_flare_kannon,WEAPON,"Носовое орудие боевой крюзер Skarfist: Sola Flare Каннона забрасывает на огромную дальность крайне нестабильные контейнерные скорча, которые способны расплескивать сверхгорячее плазменное пламя на большой площади и выжигать любые легкие цели.",,,,,,,
ls_big_drill,WEAPON,"Эта штука делает дырки, и пока делает, ты реально ""ввязываешься"" в драку - не то что эти панси-шута бойзы!",,,,,,,
ls_bigger_drill,WEAPON,"Чтобы делать большие дырки, нужен бур побольше.",,,,,,,
ls_tpc,WEAPON,"Мощные тепловая импульсная пушка крайне популярны у орков за тот хаос, который они творят, а еще за веселый звук ""пью-пью"" при выстреле. Бэд Мунз особенно стараются добыть как можно больше таких стволов, но кустарные методы сборки почти всегда ухудшают характеристики по всем параметрам.",,,,,,,
ls_ctpc,WEAPON,"Чрезвычайно компактная тепловая импульсная пушка, которая, похоже, работает за счет смеси хай-тек компонентов и подозрительно орочьих габбинзов. Да, она неизбежно слабее оригинала, но уже сам факт, что она вообще функционирует, - чудо. Повторить эту странную смесь высоких, низких и буквально инопланетных технологий почти невозможно.",,,,,,,
ls_blast_klaw_r,WEAPON,"Клешня, которая не кромсает, а бластит, но бласт все равно кромсает, так что она кромсает, пока бластит!

Клешнеобразная сназз каннона, встроенная в грязерыба. За счет ограниченной артикуляции эти узлы дают расширенную дугу обстрела и хорошую стабильность как у крепёжная оружия, обеспечивая неожиданно точный залповый огонь ценой небольшого снижения урона.",,,,,,,
ls_blast_klaw_l,WEAPON,"Клешня, которая не кромсает, а бластит, но бласт все равно кромсает, так что она кромсает, пока бластит!

Клешнеобразная сназз каннона, встроенная в грязерыба. За счет ограниченной артикуляции эти узлы дают расширенную дугу обстрела и хорошую стабильность как у крепёжная оружия, обеспечивая неожиданно точный залповый огонь ценой небольшого снижения урона.",,,,,,,
ls_torpedo_bm_rail,WEAPON,"Самые лучшие торпеды - самые взрывоопасные. А самые взрывоопасные - самые желтые!

Эти встроенные торпедные трубы обычно ставят на корабли бэд мун, которые любят открывать бой плотным торпедным залпом. Эти торпеды бьют заметно сильнее обычной Wrecka и имеют примитивное наведение, которым рулит мек из торпедного отсека. Но будучи более ""взрывоопасными"", они и более чувствительны к повреждениям, даже если все еще выдерживают больше попаданий, чем человеческие торпеды.",,,,,,,
,,,,,,,,,
ls_mini_rokkit_pod,WEAPON,"Роккит-под, способный выпускать несколько очередей быстрых, но сравнительно маломощных мини-роккит по целям.",,,,,,,
ls_kan_shoota,WEAPON,"Биг-шута, установленная на руку Килла Кан.",,,,,,,
ls_grotzooka,WEAPON,"Кустарно собранное оружие, любимое гротами; выбрасывает веер шрапнели, смертельной для тонкобронированных целей.",,,,,,,
ls_kandrill,WEAPON,"Силовой бур для кан, способный планомерно сверлить даже самую тяжелую броню.",,,,,,,
ls_kansword,WEAPON,"Цепная чоппа, способная наносить тяжелый урон по броне каждым взмахом.",,,,,,,
ls_kan_skorcha,WEAPON,"Скорча, установленная на руку килла-кан, с уменьшенной емкостью топливного бака.",,,,,,,
ls_grot_shoota_single,WEAPON,Одноствольный пулемет под управлением грота-стрелка; обычно используется как оружие ближней обороны на небольших орочьих аппаратах.,,,,,,,
ls_blitza_bomm,WEAPON,"Тяжелая бомба, которую несет блица-бомма: при сбросе на высокой скорости способна наносить значительный урон. Из-за размера ее также сложнее уничтожить.",,,,,,,
ls_blitza_bomm_bay,WEAPON,Тяжелый бомбоотсек для блица-бомбы: при сбросе на высокой скорости они наносят серьезный урон и из-за размеров их труднее уничтожать. После сброса первой пары отсек может медленно перезаряжать дополнительные бомбы.,,,,,,,
ls_bomb_bay,WEAPON,"Большой бомбоотсек, набитый бомбами под завязку; позволяет быстро сбрасывать их при заходе орочий боммер на цель. Орочьи бомбы сложнее уничтожить, чем обычные бомбы Сектора.",,,,,,,
ls_kustom_mega_blasta_pod,WEAPON,"Кастом-мега бласта, встроенная в бласта-под; какие-либо меры безопасности здесь практически отсутствуют, поэтому система крайне нестабильна.",,,,,,,
ls_drillhead,WEAPON,"Силовой бур, установленный в Drilla Killa; при достаточном времени работы такие буры смертельно опасны для открытой брони и корпуса.",,,,,,,
ls_mini_rokkit_fighta,WEAPON,"Сравнительно маневренные малые роккит для файта: неплохи по легким целям, но боезапас ограничен.",,,,,,,
ls_kan_shoota_bm,WEAPON,"Кастом шута, установленная на руку Килла Кан.",,,,,,,
ls_kan_rokkit_bm,WEAPON,Лучшая роккит для бэд мун килла-каны: более желтая и более взрывоопасная!,,,,,,,
ls_bursta_cannon,WEAPON,"Bursta Каннона - чудовищный осадный миномет, встроенный в Kill Bursta, с впечатляющей для орочьего оружия дальностью. Хоть снаряды иногда и капризны, их разрушительная сила такова, что даже ""болванка"" способна вынести крейсерный щитогенератор одним попаданием.","""Видишь ту хумийскую станцию вон там? Я не хочу."" - Босс Загбад",,,,,,
ls_speshul_shoota_fighter,WEAPON,"Крупнокалиберная шута, стреляющая конусом шрапнели: на ближней дистанции заметно смертоноснее обычных шута, но почти бесполезна против нормально бронированных целей. Поэтому снейкбайт истребитель обычно запускают по таким целям что-нибудь покрупнее - например, самих себя.",,,,,,,
ls_gork_fist,WEAPON,"Горк тебя починит!

Психический усилитель, переделанный из тепловая импульсная пушка и способный преобразовывать психическую энергию вирдбойзы на борту в мощные ударные волны, способные крушить переборки.",,,,,,,
ls_mini_rokkit_pod_krima,WEAPON,"Роккит-под, способный выпускать несколько очередей быстрых, но сравнительно маломощных мини-роккит по целям.",,,,,,,
ls_kombi_shoota_fighter,WEAPON,"Истребительный комби-шута с увеличенным магазином, но без возможности перезарядки.",,,,,,,
ls_boomstick_kan,WEAPON,"Спаренный дробовик, стреляющий фугасными пулями, эффективный против легкой брони на ближней дистанции.",,,,,,,
ls_kan_zzapa,WEAPON,"Шокка-стикк, который можно использовать как булаву и как источник коротких шок-импульсов, способных отключать корабельные системы и наносить урон.",,,,,,,
ls_zzap_bomb_bay,WEAPON,"Продвинутые бомбы с кучей мека-габбинзов, которые дают неприятный зап при взрыве - отлично для ""суржикальной"" работы!",,,,,,,
ls_laobaa_lobba,WEAPON,Встроенный флак-миномет дронов Miemieko: для своего размера бьет неожиданно сильно и имеет повышенный темп огня по сравнению с обычным флак-оружием.,,,,,,,
ls_astrapi,WEAPON,"То, что эти существа смогли создать полу-стабильное энергетическое поле, постоянно направляющее разряд без немедленного катастрофического взрыва, просто поразительно - особенно с учетом... особенностей других схожих разработок. Даже используя весь наш инструментарий, мы не можем добиться сопоставимого выхода без катастрофического сбоя удержания.",- Выдержка из исследовательского файла лаборатории Lambda 782,,,,,,
ls_lamblaster,WEAPON,"Полевые агенты наблюдали у орочьих ""бластер"" частые и катастрофические отказы, но при изучении становится ясно: эти орудия не просто могут взорваться, они должны взорваться. Их копирование - не техническая задача, а рецепт катастрофы. И все же некоторые ""принципы"" отдельных аспектов этого оружия даже нам есть чему научить.",- Выдержка из исследовательского файла лаборатории Lambda 782-B,,,,,,
ls_ramhorn_launcher,WEAPON,"Управляемый высокоскоростной пробойник, запускаемый прототипным эсминцем класса Lambda; эффективно вскрывает щиты и легкую броню и выдает небольшой ЭМИ-шок, идеально подготавливая цель к подавлению Astrapi.",,,,,,,
,,,,,,,,,
ls_teef,RESOURCE,"Орки используют свои зубы, или, как они говорят, ""Зубы"", как общевидовую валюту. Естественно, классический способ их получения - выбить из орочьей пасти. Чем орк больше и злее, тем ценнее его зубы. Для людей пользы немного, но как инструмент торга с орками - вещь крайне полезная.",,,,,,,
,,,,,,,,,
# Stompa,,,,,,,,,
ls_stompa_ds,SHIP,"Без толпы стомпа не бывает правильного Waaaagh!, а без собственной стомпа ты не настоящий босс!

Стомпа - ""малый"" тип орочьих гарганта, гигантские храм-мехи как воплощение богов Горка и Морка, которым поклоняются единственно понятным оркам способом: дают им огромные пушки и чоппа, чтобы уничтожать все на пути. Каждая стомпа - гордость мека-сборщика, с уникальным набором смертельного вооружения. Стройка таких машин часто становится точкой притяжения орочьих варбанд, и затем в бой они идут, ведя вперед статую своего божества. Аналитики Гегемонии обнаружили четкую корреляцию между появлением этих мехов и всплеском орочьей активности, поэтому уничтожение стомпа считается приоритетом в бою.

Вариант Deathskull более прочный благодаря всему хламу, который меки приварили к корпусу, плюс несколько запасных ракет и шута. Дополнительный вес, правда, слегка снизил скорость.",,,,,,,
ls_stompa_es,SHIP,"Без толпы стомпа не бывает правильного Waaaagh!, а без собственной стомпа ты не настоящий босс!

Стомпа - ""малый"" тип орочьих гарганта, гигантские храм-мехи как воплощение богов Горка и Морка, которым поклоняются единственно понятным оркам способом: дают им огромные пушки и чоппа, чтобы уничтожать все на пути. Каждая стомпа - гордость мека-сборщика, с уникальным набором смертельного вооружения. Стройка таких машин часто становится точкой притяжения орочьих варбанд, и затем в бой они идут, ведя вперед статую своего божества. Аналитики Гегемонии обнаружили четкую корреляцию между появлением этих мехов и всплеском орочьей активности, поэтому уничтожение стомпа считается приоритетом в бою.

Скоростные фанатики Ивил Санз обычно не любят медленные мехи, поэтому эта стомпа обменяла тяжелую броню на намного более мощный блок двигателей с поразительной тягой для машины такого размера.",,,,,,,
ls_stompa_ba,SHIP,"Без толпы стомпа не бывает правильного Waaaagh!, а без собственной стомпа ты не настоящий босс!

Стомпа - ""малый"" тип орочьих гарганта, гигантские храм-мехи как воплощение богов Горка и Морка, которым поклоняются единственно понятным оркам способом: дают им огромные пушки и чоппа, чтобы уничтожать все на пути. Каждая стомпа - гордость мека-сборщика, с уникальным набором смертельного вооружения. Стройка таких машин часто становится точкой притяжения орочьих варбанд, и затем в бой они идут, ведя вперед статую своего божества. Аналитики Гегемонии обнаружили четкую корреляцию между появлением этих мехов и всплеском орочьей активности, поэтому уничтожение стомпа считается приоритетом в бою.

Боссы Блад Акс обычно используют свои стомпа как явный знак, кто здесь главный. Такие машины часто украшены огромными шляпами и вычурными наплечниками, но этот показной стиль никак не делает чудовищ менее опасными.",,,,,,,
ls_stompa_bm,SHIP,"Без толпы стомпа не бывает правильного Waaaagh!, а без собственной стомпа ты не настоящий босс!

Стомпа - ""малый"" тип орочьих гарганта, гигантские храм-мехи как воплощение богов Горка и Морка, которым поклоняются единственно понятным оркам способом: дают им огромные пушки и чоппа, чтобы уничтожать все на пути. Каждая стомпа - гордость мека-сборщика, с уникальным набором смертельного вооружения. Стройка таких машин часто становится точкой притяжения орочьих варбанд, и затем в бой они идут, ведя вперед статую своего божества. Аналитики Гегемонии обнаружили четкую корреляцию между появлением этих мехов и всплеском орочьей активности, поэтому уничтожение стомпа считается приоритетом в бою.

Бэд Мун Стомпа не пожалели ресурсов на модные генераторные габбинзы ради лучшей огневой мощи и дополнительных точек под стволы; за это они заплатили и скоростью, и броней по сравнению с другими вариантами.",,,,,,,
,,,,,,,,,
# Stompa Weapon,,,,,,,,,
ls_deff_arsenal_stompa_deffkannon,WEAPON,"Когда нужно, чтобы цель стала совсем дед, эта штука делает дело. Самая большая каннона для самого злого босса!

Смертоканнона - еще более крупная версия килл-каннона, обычно встречающаяся на орочьих капиталах и тяжелых крейсерах. Ее мощности достаточно, чтобы за один-два удара размолоть даже броню Onslaught, но снаряды настолько огромны, что никакой ""модный"" заряжатель не держит нормальный темп огня, поэтому каждый промах особенно болезнен. Впрочем, когда орк вспоминает выстрелить из этой пушки, цель обычно уже слишком близко, чтобы промахнуться.

Вариант, встроенный в руку стомпа, стреляет более высокоскоростными снарядами - а все, что летит быстрее, очевидно лучше.",,,,,,,
ls_gigashoota_coaxial,WEAPON,"Когда Супа-шута уже недостаточно супа.

Гига-шута - сильно увеличенная версия биг-шута, часто встречающихся на орочьих кораблях и штурмовиках. Ее чудовищные снаряды по мощности приближаются к человеческим автопушкам, а в отличие от супа-шута здесь еще и впечатляющая скорострельность. Обычно это коаксиальное вторичное оружие на руке стомпа, легко справляющееся с истребителями и легкими кораблями.",,,,,,,
ls_rokkit_launcha_coaxial,WEAPON,"Что вообще может пойти не так, если просто прикрутить еще ракет, а?",,,,,,,
ls_stompa_belly_lobba,WEAPON,"Это лобба. Этого достаточно. Хоть чем-то надо занять гитов в брюхе, чтобы не маялись дурью.",,,,,,,
ls_stompa_belly_flamer,WEAPON,"Внутри стомпа и так жара что надо, было бы жалко не пустить ее в дело.",,,,,,,
ls_stompa_hanger,WEAPON,"Никогда не давай ""спессу"" мешать тебе иметь собственные файта-сквадроны!",,,,,,,
ls_stompa_bellygun,WEAPON,"Гиты в руках думают, что у них самые лучшие пушки? Сейчас покажем им!

брюхопушка - огромный осадный миномет, который иногда ставят в брюхо стомпа вместо роли главной батареи капитального корабля. Родственник Bursta Каннона: выстрелы почти столь же мощные, но установка заметно компактнее. Главные минусы - крайне ограниченный боезапас этих гигантских снарядов и ужасно низкая скорострельность.

Разумеется, иметь гигантское отверстие в передней части стомпа не лучшая идея для бронезащиты.",,,,,,,
ls_stompa_choppa_ds,WEAPON,"Какой уважающий себя орк выйдет из сквиг-навоза без нормальной чоппа? Вот почему самому большому орку нужна самая большая чоппа!

Mega Чоппа - обычно действительно гигантские силовые цепные клинки длиной с малый шаттл, способные одним ударом разрубить его пополам. Оружие ближнего боя такого масштаба в доминионских флотских доктринах раньше вообще не встречалось; сама идея рукопашного боя на мехе размером с малый эсминец выглядит абсолютно нелепо. Потому что она и правда нелепа. Только вот экипажам на принимающей стороне от этого не легче.",,,,,,,
ls_stompa_choppa_bm,WEAPON,"Какой уважающий себя орк выйдет из сквиг-навоза без нормальной чоппа? Вот почему самому большому орку нужна самая большая чоппа!

Mega Чоппа - обычно действительно гигантские силовые цепные клинки длиной с малый шаттл, способные одним ударом разрубить его пополам. Оружие ближнего боя такого масштаба в доминионских флотских доктринах раньше вообще не встречалось; сама идея рукопашного боя на мехе размером с малый эсминец выглядит абсолютно нелепо. Потому что она и правда нелепа. Только вот экипажам на принимающей стороне от этого не легче.",,,,,,,
ls_stompa_choppa_red,WEAPON,"Какой уважающий себя орк выйдет из сквиг-навоза без нормальной чоппа? Вот почему самому большому орку нужна самая большая чоппа!

Mega Чоппа - обычно действительно гигантские силовые цепные клинки длиной с малый шаттл, способные одним ударом разрубить его пополам. Оружие ближнего боя такого масштаба в доминионских флотских доктринах раньше вообще не встречалось; сама идея рукопашного боя на мехе размером с малый эсминец выглядит абсолютно нелепо. Потому что она и правда нелепа. Только вот экипажам на принимающей стороне от этого не легче.

А эта еще и красная, значит, наверное, крутится быстрее или типа того.",,,,,,,
ls_stompa_lifta_droppa,WEAPON,"Что поднялось, то должно и упасть.

Орочье мастерство в манипуляции гравитацией полностью озадачило исследователей Сектора: трудно поверить, что настолько варварская раса может вооружать гравитацию лучше лучших умов региона. Если гравитонный луч - достойное флотское оружие, то Lifta Droppa может буквально выбросить Graviton Beam в шлюз (и заодно, справедливости ради, вырвать сам шлюз). Массивный тракторный луч цепляет цель и швыряет ее как игрушку с огромной силой.

Крупные цели он двигает меньше, но создаваемое на них гравитационное напряжение заметно выше, так что то, что не удалось отбросить, можно попросту разорвать.",,,,,,,
ls_stompa_grabba_smasha,WEAPON,"Что попало сюда, должно получить в морду.

Орочье мастерство в манипуляции гравитацией полностью озадачило исследователей Сектора: трудно поверить, что настолько варварская раса может вооружать гравитацию лучше лучших умов региона. Если гравитонный луч - достойное флотское оружие, то Grabba Smasha может буквально схватить Graviton Beam и засунуть его в вражеский шлюз (и мега-чоппа туда же, если уж на то пошло). Массивный тракторный луч цепляет цель и подтягивает ее к источнику, обычно прямо в зону орочьих пушек и оружия ближнего боя.",,,,,,,
ls_stompa_supa_gatla,WEAPON,"Не существует такого понятия, как ""достаточно дакки"".

Supa-Gatla - еще более массивная версия дефф-шторм болта, стреляющая по сути полноразмерными болта-снарядами. Лишь самая тяжелая броня способна выдержать ее заградительный огонь, а крепление на руке даже делает систему чуть точнее, чем младший вариант.

Конечно, дакка не останавливается - но зачем вообще останавливать дакку?",,,,,,,
ls_stompa_tri_krusha,WEAPON,"Пусть гиты попробуют эти пушки, и в этот раз проследите, чтобы гиты заряжали один и тот же тип снаряда!

В рамках блад акс одержимости ""мультирольной-операционально-такиктальной-адаптабельностью"" эти тяжелые каннона, снятые с танка килл-круша, умеют заряжать разные тяжелые снаряды под разные цели. Орки, правда, не всегда выбирают правильный снаряд вместо ближайшего или самого желтого, но мощь оружия против широкого спектра целей недооценивать нельзя.

Rotary Krusha - пугающая попытка превратить Krusha Каннона в роторное оружие. Взрывной залповый потенциал у нее огромный, но боезапас ограничен и между циклами нужен довольно долгий перезаряд. Именно поэтому вторую руку стомпа обычно вооружают чем-то еще, чтобы капитан не скучал.",,,,,,,
ls_stompa_snazzkannon,WEAPON,"Если у тебя уже самый сназзиест каннона, остается только брать еще более сназзиестее канноны!

Сназзган - это либо баллистическое, либо энергетическое оружие, любимое самыми показушными и шумными орками, известными как Флэш-гитзы, обычно выходцами из клана Бэд Мунз. Эти стволы максимально кастомизированы, наносят переменный урон и могут вызывать целый набор весьма смертоносных эффектов при попадании.

Сназз Mega Cannon - крупнейший вариант Сназз Guns, добавляющий в смесь взрывов и зап еще и тяжелые тампа-снаряды. Эти крупнокалиберные системы - любимая тяжелая батарея больших боевых кораблей Бэд Мунз, чьи боссы требуют от своей дакки ""настоящий сназз"".

Эта ручная модификация сназз мега-каннона для стомпа более энергоэффективна благодаря прямой силовой связке с реактором стомпа.",,,,,,,
ls_stompa_splasha,WEAPON,"ОТКРЫВАЙ ШЛАНГ, ЗАЛИВАЙ ГИТОВ!

Это безумное оружие подключено напрямую к АМ-топливному баку стомпа и способно поливать противника колоссальным объемом плазмоидного пламени на приличную дистанцию. Быстрые насосы позволяют держать почти непрерывный темп огня, и пламя этого оружия способно угрожать даже средней броне, оставаясь при этом разрушительным для корпуса и щитов.",,,,,,,
,,,,,,,,,
# Stompa Heads,,,,,,,,,
ls_stompa_head_horn,WEAPON,"Голова с нормальными рогами, чтобы показать гитам, кто тут самый большой.",,,,,,,
ls_stompa_head_horn_red,WEAPON,"Голова с нормальными рогами, чтобы показать гитам, кто тут самый большой.",,,,,,,
ls_stompa_head_hat,WEAPON,"Голова с правильной шляпой, чтобы показать гитам, кто здесь главный.",,,,,,,
ls_stompa_head_eye,WEAPON,"Это не может быть правильная стомпа по образу Горка или Морка, если у нее нет правильного убийственного взгляда, как у богов!

Эта голова имеет встроенный Око Морка с ограниченным зарядом, но с той же мощностью, что и на больших орочьих боевых кораблях.",,,,,,,
ls_stompa_head_eye_bm,WEAPON,"Это не может быть правильная стомпа по образу Горка или Морка, если у нее нет правильного убийственного взгляда, как у богов!

Эта голова имеет встроенный Око Морка с ограниченным зарядом, но с той же мощностью, что и на больших орочьих боевых кораблях.",,,,,,,
ls_stompa_head_burna,WEAPON,Огоньку?,,,,,,,
ls_stompa_head_missile,WEAPON,"Бойзы много чего могут выплюнуть из пасти, но спорю, ракеты никто из них плевать не умеет!",,,,,,,
ls_stompa_head_kannon,WEAPON,"Гораздо проще указывать гитам в руках, куда стрелять, когда у тебя есть собственная сигнальная каннона.",,,,,,,
ls_stompa_bellyarmor,WEAPON,"Ничего плохого в том, чтобы добавить еще немного крепких кусков между собой и гитами, которые хотят тебя взорвать.",,,,,,,
,,,,,,,,,
