id,trigger,conditions,script,text,options,notes
#Opening Intro in the Nex,,,,,,
dpl_nex_NGCPickStartingShips,ExerelinNGCStep3,"$playerFaction == dpl_phase_lab
!$dpl_ChangeMind
$corvusMode","AddText ""Domain Phase Lab - фракция, образованная остатками военного исследовательского института, работавшего на флот Домина. До Коллапса их исследования были сосредоточены на тонкостях фазового пространства, хотя многие записи были потеряны в Бездне Орион-Персей во время Коллапса. Из-за нехватки топлива люди Phase Lab два столетия блуждали в бездне, прежде чем достигли центральных миров. В пути они потеряли много жизней из-за атак флотов дронов, что породило глубокую враждебность к корпорации Tri-Tachyon.""
SetTextHighlightColors hColor
SetTextHighlights Domain Phase Lab
$dpl_ChangeMind = true 0",,,
dpl_nex_NGCPickStartingShips2,ExerelinNGCStep3,"$playerFaction == dpl_phase_lab
dpl_CheckCCEnabled EnabledCC
!$dpl_ChangeMind","AddText ""Бонус Commissioned Crews: увеличивает урон оружия и время перезарядки; бонус урона оружия усилен для фазовых кораблей.""
SetTextHighlights Commissioned Crews Bonus
$dpl_ChangeMind = true 0",,,
,,,,,,
#Meme binary message,,,,"""01001001 01101110 01110000 01110101 01110100 00111010 00001010 01001111 01100010 01101010 01100101 01100011 01110100 00100000 01001111 01110100 01101000 01100101 01110010 00100000 00111101 00100000 01001001 01101110 01101001 01110100 01001111 01100010 01101010 01100101 01100011 01110100 00101000 00101001 00111011 00001010 01010011 01110100 01110010 01101001 01101110 01100111 00100000 01101001 01100100 00100000 00111101 00100000 00100111 01010010 01101111 01110011 01110011 00100000 01001000 01101001 01100111 01100111 01110011 00100111 00111011 00001010 01010011 01110100 01110010 01101001 01101110 01100111 00100000 01101101 01100101 01110011 01110011 01100001 01100111 01100101 00100000 00111101 00100000 00100111 01001000 01101111 01110111 00100000 01100001 01110010 01100101 00100000 01111001 01101111 01110101 00111111 00100000 01001001 00100111 01101101 00100000 01110011 01101111 00100000 01101000 01100001 01110000 01110000 01111001 00100000 01110100 01101111 00100000 01101101 01100101 01100101 01110100 00100000 01111001 01101111 01110101 00101110 00100111 00001010 01010011 01100101 01110100 01001111 01100010 01101010 01100101 01100011 01110100 01001001 01100100 00101000 01001111 01110100 01101000 01100101 01110010 00101100 01101001 01100100 00101001 00111011 00001010 01010011 01100101 01101110 01100100 01001101 01100101 01110011 01110011 01100001 01100111 01100101 00101000 01101001 01100100 00101100 01110011 01100101 01101100 01100110 00101100 01101101 01100101 01110011 01110011 01100001 01100111 01100101 00101001 00111011 00001010 01000110 01101001 01101110 01100001 01101100 01101001 01111010 01100101 00101000 00101001 00111011""",,
,,,,,,
#Additional Warning Before Sat Bomb,,,,,,
dpl_marketHostileBombardSaturationWarn,DialogOptionSelected,"$option == mktBombardSaturation
dpl_officer_CMD CheckOfficers score:1000",,"Некоторые офицеры вашего флота никогда не примут такое преступление против человечности. Если вы продолжите бомбардировку, они несомненно уйдут.

Вы можете сначала уволить их, чтобы попытаться нанять позже, в надежде, что они так и не узнают правду.","mktBombardNeverMind:Неважно.
dpl_mktBombardYes:Все равно продолжить.",
dpl_marketHostileBombardSaturationYes,DialogOptionSelected,$option == dpl_mktBombardYes,MarketCMD bombardSaturation,,,
dpl_mktSatBombConsStart,dpl_mktSatBombCons,,"ShowImageVisual dpl_fly_away
FireAll dpl_AdditionalCons",,defaultLeave:Уйти.,
dpl_mktSatBombEllyLeaves,dpl_AdditionalCons,dpl_officer_CMD CheckElly,"dpl_officer_CMD EllyLeaves
AdjustRepPerson elly_lovelace VENGEFUL -110
$global.dpl_EllySawSatBomb = true","Элли покидает свой корабль, оставив записку:

""Инициализация связи.
Вызов: Communication Module
Вывод: 'За время, что капитан $playerName провел вместе с Self, спасибо. Однако Self больше не может вас поддерживать.'
Связь завершена.""",,
dpl_mktSatBombGKLeaves,dpl_AdditionalCons,dpl_officer_CMD CheckGK,"dpl_officer_CMD GKLeaves
AdjustRepPerson kapteyn_greater VENGEFUL -110
$global.dpl_GKSawSatBomb = true","Грэйтер Каптейн покидает свой корабль с запиской:

""Похоже, ты все же оказался не более чем маньяком. За все, что ты сделал для нас, я просто оставлю тебя делать то, что ты хочешь. Но в следующий раз, когда мы встретимся, я сдержу свою клятву.""",,
,,,,,,
# DPL merc raider (independent flagged),,,,,,
dpl_MysteriousRaiderComms,OpenCommLink,"$entity.dpl_crisis_merc score:1000
$entity.relativeStrength >= 0","Highlight ""Lab Security Department"" ""Muspelheim""
$entity.ignorePlayerCommRequests = true 7","""Цель идентифицирована."" Наемник смотрит на вас без эмоций.

""По условиям нашей мис... нет, нашего контракта я должен сообщить вам, что один человек хочет встретиться с вами в Lab Security Department, в системе Muspelheim. Отсоединяюсь от вашего $shipOrFleet через три, два...""",cutCommLink:Оборвать связь,
dpl_MysteriousRaiderCommsWeaker,OpenCommLink,"$entity.dpl_crisis_merc score:1000
$entity.relativeStrength < 0","Highlight ""Lab Security Department"" ""Muspelheim""
$entity.ignorePlayerCommRequests = true 7","""Цель идентифицирована."" Наемник смотрит на вас без эмоций.

""Мы наемное оружие, а не трусы. Однако по условиям контракта я должен сообщить вам, что один человек хочет встретиться с вами в Lab Security Department, в системе Muspelheim. Отсоединяюсь от вашего $shipOrFleet через три, два...""",cutCommLink:Оборвать связь,
dpl_MysteriousRaiderFleetComms,OpenCommLink,"$entity.dpl_Mercenary_fleet score:1000
$entity.relativeStrength >= 0",$entity.ignorePlayerCommRequests = true 7,"""Цель идентифицирована."" Наемник смотрит на вас без эмоций.

""Хватит уже. Отдайте нам свои планеты, пока еще можете.""",cutCommLink:Оборвать связь,
dpl_MysteriousRaiderFleetCommsWeaker,OpenCommLink,"$entity.dpl_Mercenary_fleet score:1000
$entity.relativeStrength < 0",$entity.ignorePlayerCommRequests = true 7,"""Цель идентифицирована."" Наемник смотрит на вас без эмоций.

""Нам прика... нет, нас наняли устранить вас. Даже если вы победите, придут новые силы. Вам лучше сдаться и отдать планеты, пока еще можете.""",cutCommLink:Оборвать связь,
,,,,,,
# DPL fleet greeting lines,,,,,,
dpl_greetingFriendly,OpenCommLink,"$faction.id == dpl_phase_lab
$faction.friendlyToPlayer
","$menuState = fleetConvMain 0
FireAll PopulateOptions","""Код AIS подтвержден. Рад видеть вас, $playerName. Горите ярко, и пусть мы сделаем жизнь в этом секторе лучше.""
OR
""Личность подтверждена. Мы приветствуем вашу помощь в наших усилиях сделать этот сектор лучше. Пусть слава старого Доминиона засияет вновь.""
OR
""Приветствуем от имени Фазовой Лаборатории! Всегда рады видеть дружелюбное лицо в этом в целом враждебном секторе. Горите ярко, $playerName.""
OR
""Связь получена, статус дружественный. Приветствуем от флота Фазовой Лаборатории. Сейчас мы заняты важной миссией и не можем терять время. Хорошего дня.""",,
dpl_greetingHostileWeaker,OpenCommLink,"$faction.id == dpl_phase_lab
$entity.isHostile
$entity.relativeStrength < 0
",$entity.ignorePlayerCommRequests = true 1,"""Враждебный $shipOrFleet, сдавайтесь мирно или столкнетесь с возмездием! Ваши модные корабли и пушки нас не пугают. Как солдаты флота Фазовой Лаборатории, мы с экипажем поклялись выполнять долг ценой жизни!""
OR
""Мы из Фазовой Лаборатории и соблюдаем доктрины ВМС Доминиона! По статье 7 Военного устава ВМС Доминиона мы обязаны арестовывать все враждебные силы!""
OR
""Мы уже видели, как вокруг все рушится. После этого нас мало что может поколебать. Надеюсь, вы можете сказать о себе то же самое. Готовьтесь.""",cutCommLink:Оборвать связь,
dpl_greetingHostileWeakerDefiant,OpenCommLink,"$faction.id == dpl_phase_lab
$entity.isHostile
$entity.relativeStrength < 0
$entity.weakerThanPlayerButHolding
",$entity.ignorePlayerCommRequests = true 1,"$personRank Фазовой Лаборатории выглядит мрачно, но встречает вас с явным вызовом. ""Мы будем сражаться до конца"", говорит $heOrShe.
OR
""Мы сражаемся и умираем за жизни мирных жителей и за человечество!"" Линия связи обрывается.
OR
""Мы сражаемся, чтобы защитить жизни мирных жителей. А за что сражаетесь вы?"" $personRank Фазовой Лаборатории смотрит на вас и обрывает связь.",cutCommLink:Оборвать связь,
dpl_greetingHostileStronger,OpenCommLink,"$faction.id == dpl_phase_lab
$entity.isHostile
$entity.relativeStrength >= 0
",$entity.ignorePlayerCommRequests = true 1,"""Сопротивление правилам ВМС Доминиона является актом мятежа и будет наказано соответствующим образом. Сдавайтесь сейчас или встретите силу.""
OR
""Враждебный $shipOrFleet, спасибо, что дали нам шанс заслужить славу, защищая человечество от такой угрозы, как вы. По крайней мере, сражайтесь до конца, как и подобает флотскому офицеру."" Линия связи обрывается.
OR
""Как офицер ВМС Доминиона, служащий в Фазовой Лаборатории, я искренне уважаю тех, кому хватает мужества бросить вызов крупной силе. Жаль, что вы тратите это мужество на вред другим, а не на их защиту.""",cutCommLink:Оборвать связь,
dpl_greetingNeutral,OpenCommLink,"$faction.id == dpl_phase_lab
$faction.neutralToPlayer
","$menuState = fleetConvMain 0
FireAll PopulateOptions","""Вы просканированы и идентифицированы, спейсер. Приветствуем от Фазовой Лаборатории! Пожалуйста, соблюдайте местные законы, приятного пути и Burn Bright!""
OR
""Вы из ядра? Как служащий Фазовых Лабораторий, я так и не смог побывать в таких знаменитых местах. Особенно хочу заглянуть в ресторан на Volturn. Говорят, их лобстер - просто умереть можно!""
OR
""Вы из ядра? Я слышал, что Gilead - жемчужина сектора, и надеюсь однажды уйти туда с семьей на покой. А пока - Burn Bright!""
OR
$personRank Фазовой Лаборатории смотрит на вас с удивлением: ""Ого, спейсер из ядра! Рад видеть. Нравятся наши инновационные корабли и вооружение? Некоторые можно купить на Research Site V! После потери связи с ВМС Доминиона Фазовая Лаборатория решила вывести часть зрелых разработок на рынок, чтобы пополнить исследовательское финансирование. Ну а теперь нам пора. Burn Bright!""",,
,,,,,,
# relationship level descriptions,,,,,,
dpl_relLevelCooperative,RelationshipLevelDesc,"$faction.rel == COOPERATIVE
$faction.id == dpl_phase_lab",FireAll RelLevelMoreDescription,"Вам полностью доверяют и высоко ценят вас. Патрули и портовые власти относятся к вам как к своему, у вас есть значительный доступ к чиновникам высокого уровня. Вам предоставлена широкая свобода действий, включая возможные торговые уступки и доступ к высококачественным кораблям и боеприпасам уровня ВМС Доминиона.",,
dpl_relLevelFriendly,RelationshipLevelDesc,"$faction.rel == FRIENDLY
$faction.id == dpl_phase_lab",FireAll RelLevelMoreDescription,"Вас считают частью Фазовой Лаборатории. Офицеры флота восхищаются вашим глубоким пониманием искусства командования, а мирные жители верят, что вы легенда сектора, как Оркус Рао на командовании ISS Black Star. Некоторые старшие исследователи даже считают, что вам можно дать доступ к части секретных документов, поскольку вы можете помочь соответствующим проектам.",,
dpl_relLevelWelcoming,RelationshipLevelDesc,"$faction.rel == WELCOMING
$faction.id == dpl_phase_lab",FireAll RelLevelMoreDescription,"Ваше имя известно части высокопоставленных чиновников Фазовой Лаборатории, а многие их спейсеры с удовольствием пересказывают за выпивкой ваши, звучащие сомнительно, истории. Вам открыт доступ к продукции военного класса Фазовой Лаборатории, а патрульные проверки в вашем отношении обычно мягче.",,
dpl_relLevelFavorable,RelationshipLevelDesc,"$faction.rel == FAVORABLE
$faction.id == dpl_phase_lab",FireAll RelLevelMoreDescription,"Фазовая Лаборатория отмечает вас как выдающуюся личность, способную помочь в защите мирных жителей. Их ограниченное доверие как минимум избавляет вас от ряда раздражающих и ненужных протокольных проверок.",,
dpl_relLevelNeutral,RelationshipLevelDesc,"$faction.rel == NEUTRAL
$faction.id == dpl_phase_lab",FireAll RelLevelMoreDescription,"Фазовая Лаборатория приветствует вас как гостя из ядра. Их люди с интересом слушают истории опытного спейсера вроде вас. Поскольку большинство из них - пробужденные из криосна или их потомки, такую любознательность можно считать дружелюбным отношением.",,
dpl_relLevelSuspicious,RelationshipLevelDesc,"$faction.rel == SUSPICIOUS
$faction.id == dpl_phase_lab",FireAll RelLevelMoreDescription,"Фазовая Лаборатория пометила ваш профиль как подозрительный, но пока не настолько, чтобы полностью закрыть вам доступ к границам. Вы все еще можете посещать их станции и торговать с ними, но гражданские избегают вас как чумы, а патрули внимательно за вами следят.",,
dpl_relLevelInhospitable,RelationshipLevelDesc,"$faction.rel == INHOSPITABLE
$faction.id == dpl_phase_lab",FireAll RelLevelMoreDescription,"Вы заслужили особое и редкое место в расширенном черном списке Фазовой Лаборатории: вам запрещена стыковка в любых их владениях ради предотвращения жертв среди гражданских. Ходят слухи, что в Фазовых Лабораториях о вас часто рассказывают истории, изображая вас местным бугименом.",,
dpl_relLevelHostile,RelationshipLevelDesc,"$faction.rel == HOSTILE
$faction.id == dpl_phase_lab",FireAll RelLevelMoreDescription,"Фазовая Лаборатория считает вас угрозой жителям Персеанского Сектора и официально обозначила целью для нейтрализации при обнаружении. Согласно Военному уставу ВМС Доминиона, все военные корабли Фазовой Лаборатории обязаны вступать с вами в бой при встрече, иначе экипажу грозят тяжелые военные наказания.",,
dpl_relLevelVengeful,RelationshipLevelDesc,"$faction.rel == VENGEFUL
$faction.id == dpl_phase_lab",FireAll RelLevelMoreDescription,"Фазовая Лаборатория считает вас угрозой уже самому Сектору. Задача вашего уничтожения уступает по важности только их основной цели. Пока вы читаете этот отчет, ваше местоположение отслеживает оперативная группа под командованием высокопоставленного офицера Фазовой Лаборатории.",,
dpl_relLevelPhaseLabAgents,RelLevelMoreDescription,"$global.dpl_bidw_Completed
$global.dpl_jasp_Completed
$global.dpl_swts_Completed
$global.dpl_lmtd_Completed
$global.dpl_ptrs_Completed
$faction.id == dpl_phase_lab","unset $global.dpl_bidw_Completed
unset $global.dpl_jasp_Completed
unset $global.dpl_swts_Completed
unset $global.dpl_lmtd_Completed
unset $global.dpl_ptrs_Completed
$global.dpl_agents = true","Для Фазовой Лаборатории вы живая легенда. Ходят слухи, что вы элитный агент в подчинении вице-адмирала Лавлейс, и эту фигуру называют ""Призрак RSV"" (RSV - сокращение от Research Site V).",,
dpl_relLevelPhaseLabAgentsNew,RelLevelMoreDescription,"$global.dpl_agents
$faction.id == dpl_phase_lab",,"Для Фазовой Лаборатории вы живая легенда. Ходят слухи, что вы элитный агент в подчинении вице-адмирала Лавлейс, и эту фигуру называют ""Призрак RSV"" (RSV - сокращение от Research Site V).",,
dpl_relLevelChicomoztocHero,RelLevelMoreDescription,"$global.dpl_justice_Completed
$faction.id == hegemony",,"В Гегемонии вас считают живым героем. Вас знают как легендарного защитника Чикомостока и офицера, который победил и арестовал Нельсона Бонапарта.",,
,,,,,,
# DPL commission,,,,,,
dpl_CMSNTextRejectHostile,CMSNTextRejectHostile,$faction.id == dpl_phase_lab,,"""Это шутка такая? Если вы тот, за кого себя выдаете, вам следует сдаться и отбыть наказание. Фазовая Лаборатория не выдает комиссий опасным людям, которые могут причинять вред мирным жителям.""",,
dpl_CMSNTextHasOther,CMSNTextHasOther,$faction.id == dpl_phase_lab,,"""У вас уже есть комиссия от $theOtherCommissionFaction. Мы не против вашей помощи и ценим ваш интерес к поддержке Фазовой Лаборатории. Но вы уверены, что они не будут недовольны, если вы присоединитесь к нам, даже не уведомив их?""",,
dpl_CMSNTextUnsuited,CMSNTextUnsuited,$faction.id == dpl_phase_lab,,"""Прошу прощения, но ваш профиль не соответствует нашим требованиям. Возможно, если вы окажете помощь нуждающимся гражданам, мы сможем пересмотреть решение. Желаем вам всего наилучшего!""",,
dpl_CMSNTextSuitedPart1,CMSNTextSuitedPart1,$faction.id == dpl_phase_lab,,"""Что ж, мы видели ваши усилия по помощи гражданским и ваши действия в интересах Фазовой Лаборатории, поэтому настоящим объявляю: вы имеете право на комиссию Фазовой Лаборатории!

Принятие комиссии Фазовой Лаборатории - серьезный шаг, капитан. Мы - крупный засекреченный военный исследовательский институт и обычно не предлагаем такие комиссии кому попало. Приняв комиссию, вы обязаны при любых обстоятельствах соблюдать Военный устав ВМС Доминиона. И прежде всего, вы обязуетесь сражаться ради защиты мирных жителей от любых угроз.

Должен сообщить, что вы имеете право в любой момент отказаться от комиссии, так как не числитесь офицером ВМС Доминиона и ваша комиссия, в конце концов, добровольная. Ваша служба, разумеется, будет признана и оценена. Но все особые права, которые вы получили, будут отозваны.""",,
dpl_CMSNTextSuitedPart2,CMSNTextSuitedPart2,$faction.id == dpl_phase_lab,,"""На основании особых регламентов Фазовой Лаборатории Доминиона Человечества я предоставляю вам комиссию Вспомогательного состава Флотилии Фазовой Лаборатории - специального военно-морского подразделения ВМС Доминиона Человечества, назначенного для защиты персонала и имущества Фазовой Лаборатории Доминиона Человечества. Желаете подписать?""",,
dpl_CMSNTextWelcomePart1,CMSNTextWelcomePart1,$faction.id == dpl_phase_lab,,"""Отлично! Добро пожаловать в наши ряды, капитан.""",,
dpl_CMSNTextWelcomePart2,CMSNTextWelcomePart2,$faction.id == dpl_phase_lab,,"""Могу ли я помочь вам чем-то еще, капитан?""",,
dpl_CMSNTextChangeMind,CMSNTextChangeMind,$faction.id == dpl_phase_lab,,"""Принято. Фазовая Лаборатория ценит ваш интерес к вступлению в наши ряды, и мы понимаем, что не каждый способен нести такую тяжелую службу. В любом случае желаем вам удачи!

Могу ли я помочь вам чем-то еще?""",,
dpl_CMSNResignAskToConfirm,CMSNResignAskToConfirm,$faction.id == dpl_phase_lab,,"""Принято. Фазовая Лаборатория ценит вашу службу, и позвольте напомнить, что ваша комиссия добровольная. Не бойтесь отказаться от нее, если вам некомфортно выполнять наши требования. Но помните: это не просто формальная комиссия. Это долг - защищать мирных жителей и служить человечеству. Итак, спрошу еще раз: вы уверены, что хотите прекратить комиссию?""",,
dpl_CMSNResignConfirmed,CMSNResignConfirmed,$faction.id == dpl_phase_lab,,"""Понимаю. Мы подготовим необходимые документы, чтобы отозвать ваши особые права и освободить вас от обязанностей. Независимо от вашего выбора, желаем вам удачи.""",,
dpl_CMSNResignCancelled,CMSNResignCancelled,$faction.id == dpl_phase_lab,,"""Хорошее решение! Мы рады, что на нашей стороне такой надежный человек. Сообщите, если я могу помочь вам чем-то еще.""",,
,,,,,,
# Test Pilot,,,,,,
dpl_TestPilotIntro,PopulateOptions,"$id == dpl_research_site_v
$player.fcm_faction == dpl_phase_lab
$global.dpl_test_pilot",,,dpl_ask_for_Silence:Ознакомиться с агитацией Фазовой Лаборатории для летчиков-испытателей.,
dpl_TestPilotIntro1,DialogOptionSelected,$option == dpl_ask_for_Silence,,"Пока вы изучаете агитационный материал, офицер Фазовой Лаборатории замечает ваш интерес, быстро подходит и приветствует вас. Он спрашивает, не хотите ли вы стать летчиком-испытателем новейшего прототипа корабля.",dpl_ask_for_Silence1:Узнать подробности.,
dpl_TestPilotIntro2,DialogOptionSelected,$option == dpl_ask_for_Silence1,,"Если кратко, Фазовая Лаборатория ищет новых летчиков-испытателей для управления экспериментальным кораблем. По их словам, для этого нужен выдающийся пилот, а с такими у них дефицит.",dpl_ask_for_Silence2:Сообщить офицеру - что вы прошли симулированный бой.,
dpl_TestPilotIntro3,DialogOptionSelected,$option == dpl_ask_for_Silence2,,"Офицер заметно удивляется: ""Вы не лжете, по записям вашей комиссии Фазовой Лаборатории видно, что вы в одиночку уничтожили целый флот Патеров на том корабле. Впечатляет. Значит, вы подходите и представляете, во что ввязываетесь. Тогда к делу: хотите испытать машину в деле?""

Когда он уточняет детали, вы узнаете, что оплаты или награды не будет. Взамен корабль полностью перейдет в вашу собственность; от вас требуется только передавать боевые логи, накопленные во время пилотирования.","dpl_accept_Silence:Да.
dpl_deny_Silence:Мне нужно больше времени.",
dpl_TestPilotIntro4,DialogOptionSelected,$option == dpl_accept_Silence,"unset $global.dpl_test_pilot
dpl_colony_CMD giveSilence","""Прекрасно."" Офицер улыбается: ""Наконец-то нашелся кто-то достаточно компетентный, чтобы продолжить летные испытания этого проекта! Я подам рапорт, и вы получите корабль как можно скорее. Когда получите его, пожалуйста, во имя Лудда, не разбирайте и не продавайте его сразу.""",cutCommLink:Хорошо. Тогда до встречи.,
dpl_TestPilotIntro5,DialogOptionSelected,$option == dpl_deny_Silence,,"""Ну, это тоже вариант."" Офицер вздыхает: ""Но вы всегда можете вернуться к этому предложению. Приходите в любое время, если захотите обсудить этот вопрос.""",cutCommLink:Уйти,
,,,,,,
# Experimental Drone,,,,,,
dpl_ExpDroneIntro,PopulateOptions,"$id == dpl_factory
$player.fcm_faction == dpl_phase_lab
$global.dpl_exp_drone",,,dpl_ask_for_Gunboat:Ознакомиться с агитацией Фазовой Лаборатории о дронах-истребителях.,
dpl_ExpDroneIntro1,DialogOptionSelected,$option == dpl_ask_for_Gunboat,,"Когда вы начинаете изучать агитацию, офицер Фазовой Лаборатории подходит к вам и спрашивает, не хотите ли вы стать испытателем новейших дронов-истребителей.",dpl_ask_for_Gunboat1:Узнать подробности.,
dpl_ExpDroneIntro2,DialogOptionSelected,$option == dpl_ask_for_Gunboat1,,"Если по сути, им нужны способные пилоты. Из-за ограниченного количества техники к испытаниям допускают только действительно выдающихся кандидатов.",dpl_ask_for_Gunboat2:Сообщить офицеру - что вы прошли симулированный бой.,
dpl_ExpDroneIntro3,DialogOptionSelected,$option == dpl_ask_for_Gunboat2,,"Офицер выглядит очень удивленным: ""Вы не лжете, по записям вашей комиссии Фазовой Лаборатории видно, что вы с небольшим флотом уничтожили целый флот вторжения. Впечатляет. Значит, вы подходите и понимаете, что к чему. Тогда к делу: хотите стать испытателем?""

По мере объяснения деталей выясняется, что должность испытателя не даст вам более высокой оплаты, но вы бесплатно получите одну копию LPC продвинутого дрона-истребителя.","dpl_accept_Gunboat:Да.
dpl_deny_Gunboat:Мне нужно больше времени.",
dpl_ExpDroneIntro4,DialogOptionSelected,$option == dpl_accept_Gunboat,"unset $global.dpl_exp_drone
AddRemoveAnyItem FIGHTER_CHIP dpl_gunboat_wing 1","""Прекрасно."" Офицер улыбается: ""Наконец-то мы нашли подходящего испытателя. Я составлю отчет, и вы получите LPC как можно скорее.""",cutCommLink:Хорошо. Тогда до встречи.,
dpl_ExpDroneIntro5,DialogOptionSelected,$option == dpl_deny_Gunboat,,"""Ну, это нормально."" Офицер вздыхает: ""Но вы всегда можете рассмотреть этот вариант. Возвращайтесь в любое время, если захотите обсудить это.""",cutCommLink:Уйти,
,,,,,,
# Old Ship,,,,,,
dpl_OldShipIntro,PopulateOptions,"$id == dpl_security
$player.fcm_faction == dpl_phase_lab
$global.dpl_lyre_access",,,dpl_ask_for_Lyre:Ознакомиться с агитацией Фазовой Лаборатории по набору во флот.,
dpl_OldShipIntro1,DialogOptionSelected,$option == dpl_ask_for_Lyre,,"Пока вы просматриваете агитацию, к вам подходит офицер Фазовой Лаборатории, приветствует вас и спрашивает, не хотите ли вы стать летчиком-испытателем прототипа корабля.",dpl_ask_for_Lyre1:Узнать подробности.,
dpl_OldShipIntro2,DialogOptionSelected,$option == dpl_ask_for_Lyre1,,"Объясняя детали, он сообщает, что Фазовая Лаборатория ищет новых летчиков-испытателей для прототипа. Конструкция старая, но в руках способного капитана может превзойти даже современные образцы. Однако доступность крайне ограничена, поэтому в программу допускают только исключительных пилотов.",dpl_ask_for_Lyre2:Сообщить офицеру - что вы прошли симулированный бой.,
dpl_OldShipIntro3,DialogOptionSelected,$option == dpl_ask_for_Lyre2,,"Офицер выглядит очень удивленным: ""Вы не лжете, по записям вашей комиссии Фазовой Лаборатории видно, что вы на одном корабле уничтожили целый флот дронов. Впечатляет. Значит, вы подходите и понимаете, о чем речь. Тогда к делу: хотите стать летчиком-испытателем?""

Пока он продолжает объяснение, вы узнаете, что эта должность не даст вам более высокой оплаты, но вы бесплатно получите новый корабль для полетов.","dpl_accept_Lyre:Да.
dpl_deny_Lyre:Мне нужно больше времени.",
dpl_OldShipIntro4,DialogOptionSelected,$option == dpl_accept_Lyre,"unset $global.dpl_lyre_access
dpl_colony_CMD giveLyre","""Прекрасно."" Офицер улыбается: ""Наконец-то! Кто-то, кто действительно хочет летать на этом фрига... *КХМ* то есть... Я сейчас подам отчет, и вы получите эту красавицу как можно скорее!""",cutCommLink:...Ладно.,
dpl_OldShipIntro5,DialogOptionSelected,$option == dpl_deny_Lyre,,"""Слушай, приятель, может, тебе хоть раз попробовать фрегаты? Спорим, ты слишком помешан на своих больших игрушках, чтобы летать на чем-то меньше крейсера."" Офицер вздыхает: ""Как угодно... Предложение все еще в силе, если заинтересуешься.""",cutCommLink:Уйти,
,,,,,,
# Mysterious Ship,,,,,,
dpl_dirge_alphaSite,OpenInteractionDialog,"$id == site_alpha
$ttBlackSite score:1000
$global.dpl_dirge_access
!$siteExplored",ShowDefaultVisual,"Одноразовый навигационный спутник на затухающей орбите идентифицирует изъеденную радиацией каменистую планету внизу как ""Alpha Site"".

Сканирование поверхности планеты по каким-то причинам глушится. После часа анализа данных ваш техофицер сообщает, что источник помех - небольшой корабль на низкой орбите.",dpl_get_dirge:Отправить спасательную команду выяснить - что происходит.,
dpl_dirge_alphaSite1,DialogOptionSelected,$option == dpl_get_dirge,,"Ваша спасательная команда докладывает, что обнаружила таинственный небольшой корабль. Он почти полностью отключен, но некоторые аномальные устройства все еще работают. Похоже, именно они и создают помехи сигналу.","dpl_get_dirge1:Приказать команде отбуксировать корабль.
dpl_get_dirge2:Приказать команде оставить корабль в покое.",
dpl_dirge_alphaSite2,DialogOptionSelected,$option == dpl_get_dirge2,,"Когда ваша спасательная команда ушла с орбиты, связь с флотом пропала. А когда соединение восстановилось, они сообщили, что при попытке покинуть район столкнулись со странными сбоями.

Ваш техофицер считает, что аномалия вызвана устройствами на этом загадочном судне, и если поднять его на борт, должен найтись безопасный способ вывести всех из зоны помех.",dpl_get_dirge1:Приказать команде отбуксировать корабль.,
dpl_dirge_alphaSite3,DialogOptionSelected,$option == dpl_get_dirge1,"unset $global.dpl_dirge_access
dpl_colony_CMD giveDirge","Ваша спасательная команда сообщает, что корабль просто поврежден и испытывает нехватку питания. Вы передаете им новые топливные стержни для реактора, и вскоре судно снова запускается.

Аномалия исчезает, а вокруг небольшого корабля появляются мерцающие сферические частицы, похожие на мотылей света. После абордажа и анализа загадочного судна ваш техофицер лишь пожимает плечами, так и не найдя объяснения его странной работе.

Однако по восстановленным записям флота выясняется, что необычные помехи создавал загадочный модуль, который порождает эти моты. По сути это сигнал о низком заряде системы.",dpl_get_dirge3:Хорошо. Теперь просканировать планету.,
dpl_dirge_alphaSite4,DialogOptionSelected,$option == dpl_get_dirge3,"ShowDefaultVisual
SetShortcut defaultLeave ESCAPE
$satelliteStillInOrbit = true 739","Сканирование поверхности показывает обширный исследовательский комплекс, раскинувшийся внутри средних размеров кратера. Судя по всему, щитовой массив когда-то катастрофически вышел из строя, и теперь руины залиты тяжелой радиацией. Любая материальная спасательная операция будет нерентабельной.

Тем не менее, можно на короткое время отправить вниз команду, чтобы попытаться извлечь данные о назначении этого объекта. Кто-то явно вложил огромные ресурсы в строительство комплекса в крайне негостеприимной среде, вдали от посторонних глаз. Кто-то, кому было что скрывать.","0:alphaSiteExplore1:Отправить спасательную команду в комплекс
100:defaultLeave:Уйти",
,,,,,,
#Resonance Array Options,,,,,,
dpl_ResArray_OpenDialog,OpenInteractionDialog,$tag:dpl_resonance_array,ShowDefaultVisual,"Гигантский массив из адамантинового материала, заполненный генераторами магнитного поля, сверхквантовыми компьютерами и фазовыми катушками размером со станцию. Бригада техобслуживания посещает эту мегаструктуру еженедельно и выполняет необходимые ремонты. К счастью, когда их нет, вы можете пришвартовать здесь свой флот и увидеть предмет гордости Фазовой Лаборатории.",defaultLeave:Уйти.,
,,,,,,
# Comm Relay Conversion,,,,,,
dpl_convertOpt,COB_AddOptions,"$faction.id == player
$tag:comm_relay
!$tag:story_critical
PlayerHasCargo dpl_musician",,,30:dpl_convert:Преобразовать этот ретранслятор для фазового резонанса,
dpl_convertOpt1,DialogOptionSelected,$option == dpl_convert,"Highlight ""30 days""","Внимание: это действие потребует одно устройство ""musician"". После активации, если Элли с вами, у вас будет 30 дней, чтобы применить способность ""phase resonance"" в этой звездной системе. После успешного фазового резонанса ваш ретранслятор связи будет уничтожен. Вы уверены, что хотите преобразовать ретранслятор сейчас?","dpl_convert1:Да
COB_Leave:Нет",
dpl_convertOpt2,DialogOptionSelected,$option == dpl_convert1,"$dpl_converted = true 30
AddRemoveAnyItem SPECIAL dpl_musician -1","Устройство ""musician"" активировано. Используйте способность ""phase resonance"", пока не иссяк заряд.",COB_Leave:ОК,
,,,,,,
#Colony Crisis,,,,,,
dpl_ColonyDealIntro,OpenInteractionDialog,"$id == dpl_security score:1000
dpl_colony_CMD hasLargeIndustrial
!$dpl_crisis_introduced",ShowDefaultVisual,"Когда ваш флот приближается к Департаменту безопасности, вы получаете сообщение с планеты внизу: в нем зашифрованное послание от неизвестного лица по теме ""переговоры о колонии"" с адресом для встречи. Через несколько минут после прочтения сообщение самоуничтожается. Похоже, отправитель хотел сохранить все в тайне.",dpl_colony_deal_receive:Сохранить адрес и уйти.,
dpl_ColonyDealReceive,DialogOptionSelected,$option == dpl_colony_deal_receive,"ShowDefaultVisual
PrintDescription 3
$dpl_crisis_introduced = true
FireBest MarketPostOpen",,,
dpl_ColonyDealMeeting,PopulateOptions,"$id == dpl_security
dpl_colony_CMD hasLargeIndustrial
$dpl_crisis_introduced
!$global.dpl_DealtWithBadGuy
!$global.dpl_CrisisHasEvidence",,,dpl_colony_deal_start:Посетить адрес переговоров о колонии,
dpl_ColonyDealMeetingStart,DialogOptionSelected,$option == dpl_colony_deal_start,ShowImageVisual corporate_lobby,"Вы отправляетесь на шаттле по адресу из сообщения, надежно закрепив записывающее устройство, выданное вашим офицером операций. Войдя в здание, вы оказываетесь в роскошном вестибюле; вскоре робот-слуга привлекает ваше внимание и ведет вас в небольшую комнату, скрытую в одном из дальних углов.",dpl_colony_deal_cont:Продолжить,
dpl_ColonyDealMeetingCont,DialogOptionSelected,$option == dpl_colony_deal_cont,ShowPersonVisual true weierstrass_goldberg,"Комната, в которую вас приводят, содержит лишь стол и два стула по разные стороны от него. На дальнем стуле уже сидит, судя по форме, военный чиновник. Вы садитесь напротив, а он продолжает смотреть на вас: ""Приветствую, капитан $playerName. Рад, что вы получили мое приглашение. Я контр-адмирал Вейерштрасс Голдберг из Департамента безопасности Лаборатории, а также один из членов комитета Фазовой Лаборатории. Итак, что привело вас ко мне в этот прекрасный день?""",dpl_colony_deal_cont1:Полагаю вы и так знаете учитывая приглашение. (Незаметно включить запись),
dpl_ColonyDealMeetingCont1,DialogOptionSelected,$option == dpl_colony_deal_cont1,"Highlight ""heavy industry"" ""orbital works""","""Правда? Ха-ха, что ж, вы правы: я пригласил вас сюда не просто так. Видите ли, я заметил, что часть ваших колоний стала довольно обременительной: их терзают пиратские налеты и прочие неприятности. Как человек доброй души, я решил помочь вам в этом вопросе и отправил своих людей ""защищать"" ваши колонии. Однако, как вы понимаете, эта услуга обходится мне в большие ресурсы, и долго так продолжаться не может.

Чтобы избавить вас от всех проблем и обеспечить ""безопасность"" ваших миров, я придумал весьма щедрое решение. Я готов купить вашу крупнейшую колонию с тяжелой промышленностью или орбитальными верфями за 1,000,000 кредитов. Подумайте: вы получите деньги и избавитесь от бремени обороны столь лакомой цели.""","dpl_colony_deal_cont2Y:Расскажите подробнее об этой сделке.
dpl_colony_deal_cont2Q:Вы пытаетесь меня шантажировать?
dpl_colony_deal_cont2N:Ни за что - я не отдам свои колонии.",
dpl_ColonyDealMeetingCont2N,DialogOptionSelected,$option == dpl_colony_deal_cont2N,,"""Вот как? Ваш подход похвален, капитан. Но разве вам не жаль людей, живущих там, хотя бы немного? Как их губернатор и правитель, разве вы не чувствуете ответственности перед ними? Или вы из тех, кто отворачивается, когда ужасные люди вроде... ""пиратов"" сеют среди них страх и страдания?""","dpl_colony_deal_cont2Y:...Я передумал - давайте все же обсудим сделку.
dpl_colony_deal_cont2Q:Пошел ты.",
dpl_ColonyDealMeetingCont2Q,DialogOptionSelected,$option == dpl_colony_deal_cont2Q,,"""Шантаж? Кто? Я? Вас? Нет-нет-нет, мой дорогой капитан."" Он кладет руку вам на плечо и смотрит свысока. ""Я предлагаю вам спасение. Решение всех ваших проблем. Ваши колонии почти не приносят прибыли, потому что поставки теряются; ваши люди голодают или страдают от нехватки жизненно важных ресурсов; а ваши кредиты испаряются в никуда. Но я вас не виню, капитан. Раненое создание по природе недоверчиво к своему спасителю. Так что пожмите мне руку, и мы оба покинем эту комнату довольными...""","dpl_colony_deal_cont2Y:Я передумал - давайте обсудим сделку.
dpl_colony_deal_cont3:Ты держишь меня за идиота? Их было несложно сломать - и они все выложили. (Соврать и надавить)
dpl_colony_deal_cont3End:Убери руки - грязный сброд.",
dpl_ColonyDealMeetingCont3End,DialogOptionSelected,$option == dpl_colony_deal_cont3End,,"""..."" Его самодовольная улыбка исчезает, и он делает шаг назад, возвращая вам личное пространство. ""Капитан, даже у такого щедрого и великодушного сердца, как мое, есть предел. Советую на минуту забыть о гордости и обдумать все как следует. А пока... можете идти.""

Робот-слуга выводит вас из комнаты переговоров, а у выхода вас уже ждет шаттл.",dpl_colony_deal_leave:Сесть в шаттл и уйти.,
dpl_ColonyDealMeetingCont3,DialogOptionSelected,$option == dpl_colony_deal_cont3,,"На мгновение маска Вейерштрасса трескается, и он выглядит по-настоящему злым: ""Что?! Это невозможно... Эти люди были лучшими из лучших! Закаленные ветераны, которые..."" Его глаза расширяются, но он быстро берет себя в руки и снова улыбается: ""...я не знаю, кого именно, как вам кажется, вы поймали, но вы не сможете доказать их связь со мной; и будь у вас действительно такие железные доказательства, мы бы сейчас тут не разговаривали. Сожалею, капитан $playerName, но ложь со мной не сработает.""",dpl_colony_deal_cont4:Думаешь - твоя жалкая отмазка снимает с тебя все подозрения?,
dpl_ColonyDealMeetingCont4,DialogOptionSelected,$option == dpl_colony_deal_cont4,"AddTextSmall ""собраны доказательства: Weierstrass приказал провести атаки"" highlight
$global.dpl_CrisisHasEvidence = true","""Даже если так, это ничего не меняет, но все равно поздравляю,"" Вейерштрасс саркастично несколько раз хлопает в ладоши: ""И все же помните: я член комитета. Я занятой человек и не вожусь с отбросами вроде вас. Итак, вы принимаете сделку или нет?""","dpl_colony_deal_cont2Y:Я передумал - давайте обсудим сделку.
dpl_colony_deal_cont4End:Я отказываюсь.",
dpl_ColonyDealMeetingCont4End,DialogOptionSelected,$option == dpl_colony_deal_cont4End,,"""Что ж, в таком случае, капитан $playerName,"" он поднимается со стула: ""Вы не сможете сказать, что мое предложение не было щедрым. Но глупец не понимает цену жизни, пока не встретится с отчаянием. Из великодушия я позволю вам вернуться ко мне, когда вы осознаете серьезность положения.""

Робот-слуга выводит вас из комнаты переговоров. Вы выходите из здания и направляетесь к шаттлу.",dpl_colony_deal_leave:Сесть в шаттл и уйти.,
dpl_ColonyDealMeetingCont2Y,DialogOptionSelected,$option == dpl_colony_deal_cont2Y,"Highlight ""heavy industry"" ""orbital works""","""Рад видеть, что вы человек благоразумный, капитан $playerName,"" он смеется: ""Сделка проста: вы отдаете мне свою крупнейшую колонию с тяжелой промышленностью или орбитальными верфями, а я даю вам 1,000,000 кредитов. Звучит хорошо?""","dpl_colony_deal_yes:Согласен.
dpl_colony_deal_cont5:Почему вам так нужна моя планета?
dpl_colony_deal_cont4End:Никакой сделки.",
dpl_ColonyDealMeetingGood,DialogOptionSelected,"$option == dpl_colony_deal_cont2Y
$global.dpl_defeatedDPLAttack","Highlight ""heavy industry"" ""orbital works""","""Рад видеть, что вы человек благоразумный, капитан $playerName,"" он смеется: ""Сделка проста: вы отдаете мне свою крупнейшую колонию с тяжелой промышленностью или орбитальными верфями, а я даю вам 1,000,000 кредитов. Звучит хорошо?""","dpl_colony_deal_yes:Согласен.
dpl_colony_deal_good:Я уничтожил все ваши флоты. Все до единого.
dpl_colony_deal_cont5:Почему вам так нужна моя планета?
dpl_colony_deal_cont4End:Никакой сделки.",
dpl_ColonyDealMeetingGood1,DialogOptionSelected,$option == dpl_colony_deal_good,"Highlight ""heavy industry"" ""orbital works""
$dpl_CrisisAskDefeat = true 0","""Вы, безусловно, доказали свое боевое мастерство, капитан $playerName,"" он смотрит на вас устало и с явным раздражением: ""Это лишь небольшая неудача, и пока мы оставим вас в покое. Но я все еще готов предложить вам 2,000,000 кредитов за вашу крупнейшую колонию с тяжелой промышленностью или орбитальными верфями. Предложение остается в силе.""","dpl_colony_deal_good1:Ладно. Моя колония за 2 -000 -000 кредитов.
dpl_colony_deal_cont5:Почему вас так волнует моя планета?
dpl_colony_deal_cont4End:Нет - я не собираюсь иметь с вами дел.",
dpl_ColonyDealMeetingYes,DialogOptionSelected,$option == dpl_colony_deal_yes,"$global.dpl_DealtWithBadGuy = true 90
dpl_colony_CMD loseLargeIndustrial
AddCredits 1000000","""Хорошо, хорошо! Вот ваши кредиты, капитан,"" он смеется. ""Можете идти: карманы полны, заботы сняты. Надеюсь, скоро увидимся снова.""

Робот-слуга выводит вас из комнаты переговоров, и ваш шаттл уже ждет.",dpl_colony_deal_leave:Сесть в шаттл и уйти.,
dpl_ColonyDealMeetingGood2,DialogOptionSelected,$option == dpl_colony_deal_good1,"$global.dpl_DealtWithBadGuy = true 90
dpl_colony_CMD loseLargeIndustrial
AddCredits 2000000","""Хорошо, хорошо! Вот ваши кредиты, капитан,"" он смеется. ""Можете идти, мы оставим вас в покое. Но вы всегда можете вернуться, и предложение остается в силе.""

Робот-слуга выводит вас из комнаты переговоров, и ваш шаттл уже ждет.",dpl_colony_deal_leave:Сесть в шаттл и уйти.,
dpl_ColonyDealMeetingCont5,DialogOptionSelected,$option == dpl_colony_deal_cont5,,"""Почему? Это часть великого плана; если бы вы понимали его величие, вы бы не спрашивали,"" он пристально смотрит на вас. ""Итак, вы понимаете?""","dpl_colony_deal_cont6Y:Да - понимаю. (Соврать - чтобы получить больше информации)
dpl_colony_deal_cont7:Да здравствует Превосходство Хельхейма! (Соврать - чтобы проверить реакцию)
dpl_colony_deal_cont6N:О чем вы вообще говорите?",
dpl_ColonyDealMeetingCont6N,DialogOptionSelected,$option == dpl_colony_deal_cont6N,,"""Значит, вы ничего не понимаете,"" он смеется. ""Но это неважно. Просто скажите, принимаете вы сделку или нет, и больше не задавайте вопросов.""","dpl_colony_deal_yes:Ладно - отдам вам колонию за 1 -000 -000 кредитов.
dpl_colony_deal_cont4End:Нет - я не хочу иметь с вами дел.",
dpl_ColonyDealMeeting6NGood,DialogOptionSelected,"$option == dpl_colony_deal_cont6N
$global.dpl_defeatedDPLAttack
!$dpl_CrisisAskDefeat",,"""Значит, вы ничего не понимаете,"" он смеется. ""Но это неважно. Просто скажите, принимаете вы сделку или нет, и больше не задавайте вопросов.""","dpl_colony_deal_yes:Ладно - отдам вам колонию за 1 -000 -000 кредитов.
dpl_colony_deal_good6N:Я уничтожил все ваши флоты. Все до единого.
dpl_colony_deal_cont4End:Нет - я не хочу иметь с вами дел.",
dpl_ColonyDealMeeting6NGood1,DialogOptionSelected,$option == dpl_colony_deal_good6N,"Highlight ""heavy industry"" ""orbital works""
$dpl_CrisisAskDefeat = true 0","""Вы, безусловно, доказали свое боевое мастерство, капитан $playerName,"" он смотрит на вас устало и с явным раздражением: ""Это лишь небольшая неудача, и пока мы оставим вас в покое. Но я все еще готов предложить вам 2,000,000 кредитов за вашу крупнейшую колонию с тяжелой промышленностью или орбитальными верфями. Предложение остается в силе.""","dpl_colony_deal_good1:Ладно - отдам вам колонию за 2 -000 -000 кредитов.
dpl_colony_deal_cont4End:Нет - я не хочу иметь с вами дел.",
dpl_ColonyDealMeeting6NContGood,DialogOptionSelected,"$option == dpl_colony_deal_cont6N
$global.dpl_defeatedDPLAttack
$dpl_CrisisAskDefeat",,"""Значит, вы ничего не понимаете,"" он смеется. ""Но это неважно. Просто скажите, принимаете вы сделку или нет, и больше не задавайте вопросов. Раз уж вы доказали свои боевые навыки, я готов дать вам 2,000,000 кредитов вместо 1,000,000.""","dpl_colony_deal_good1:Ладно - отдам вам колонию за 2 -000 -000 кредитов.
dpl_colony_deal_cont4End:Нет - я не хочу иметь с вами дел.",
dpl_ColonyDealMeetingCont6Y,DialogOptionSelected,$option == dpl_colony_deal_cont6Y,,"""Нет, вы не понимаете, о чем говорите,"" он смеется. ""Просто скажите, принимаете вы сделку или нет, и больше не задавайте вопросов.""","dpl_colony_deal_yes:Ладно - отдам вам колонию за 1 -000 -000 кредитов.
dpl_colony_deal_cont4End:Нет - я не хочу иметь с вами дел.",
dpl_ColonyDealMeeting6YGood,DialogOptionSelected,"$option == dpl_colony_deal_cont6Y
$global.dpl_defeatedDPLAttack
!$dpl_CrisisAskDefeat",,"""Нет, вы не понимаете, о чем говорите,"" он смеется. ""Просто скажите, принимаете вы сделку или нет, и больше не задавайте вопросов.""","dpl_colony_deal_yes:Ладно - отдам вам колонию за 1 -000 -000 кредитов.
dpl_colony_deal_good6Y:Я уничтожил все ваши флоты. Все до единого.
dpl_colony_deal_cont4End:Нет - я не хочу иметь с вами дел.",
dpl_ColonyDealMeeting6YGood1,DialogOptionSelected,$option == dpl_colony_deal_good6Y,"Highlight ""heavy industry"" ""orbital works""
$dpl_CrisisAskDefeat = true 0","""Вы, безусловно, доказали свое боевое мастерство, капитан $playerName,"" он смотрит на вас устало и с явным раздражением: ""Это лишь небольшая неудача, и пока мы оставим вас в покое. Но я все еще готов предложить вам 2,000,000 кредитов за вашу крупнейшую колонию с тяжелой промышленностью или орбитальными верфями. Предложение остается в силе.""","dpl_colony_deal_good1:Ладно - отдам вам колонию за 2 -000 -000 кредитов.
dpl_colony_deal_cont4End:Нет - я не хочу иметь с вами дел.",
dpl_ColonyDealMeeting6YContGood,DialogOptionSelected,"$option == dpl_colony_deal_cont6Y
$global.dpl_defeatedDPLAttack
$dpl_CrisisAskDefeat",,"""Нет, вы не понимаете, о чем говорите,"" он смеется. ""Просто скажите, принимаете вы сделку или нет, и больше не задавайте вопросов. Раз уж вы доказали свои боевые навыки, я готов дать вам 2,000,000 кредитов вместо 1,000,000.""","dpl_colony_deal_good1:Ладно - отдам вам колонию за 2 -000 -000 кредитов.
dpl_colony_deal_cont4End:Нет - я не хочу иметь с вами дел.",
dpl_ColonyDealMeetingCont7,DialogOptionSelected,$option == dpl_colony_deal_cont7,"AddTextSmall ""собраны доказательства: Weierstrass - предатель"" highlight
$global.dpl_CrisisHasEvidence = true
$global.dpl_CrisisHasGoodEvidence = true","""...О? Неожиданно. Моя разведка не сообщала, что вы один из нас."" Он улыбается: ""Прошу прощения, что сразу не узнал. Наше Превосходство слишком велико, чтобы знать в лицо каждого члена. В любом случае, давайте без притворства. Вы знаете, что индустриальная база критически важна для нашего Превосходства, так что вы должны передать ее мне. Я организую для вас награду в 2,000,000 кредитов. Все ясно?""","dpl_colony_deal_good1:Да - сэр! С радостью приму эту награду!
dpl_colony_deal_cont4End:Ну уж нет - этого слишком мало...",
dpl_ColonyCrisisComplaint,PopulateOptions,"$id == dpl_research_site_v
dpl_colony_CMD hasLargeIndustrial
!$global.dpl_DealtWithBadGuy
!$dpl_madeComplaint",,,dpl_colony_complaint_start:Подать жалобу на недавние атаки DPL.,
dpl_ColonyCrisisComplaint1,DialogOptionSelected,$option == dpl_colony_complaint_start,$dpl_madeComplaint = true,"Вы подаете жалобу в офис комитета DPL. Офицер приглашает вас обсудить этот вопрос в своем кабинете.

Несколько минут он молча смотрит в датапад, щелкает и прокручивает записи. Затем выглядит озадаченным: ""Прошу прощения, сэр. Я только что проверил все журналы недавних операций флота DPL, и там нет ни одного приказа на столь крупную операцию возле колонии, о которой вы говорите. Вы уверены, что эти корабли действительно принадлежат нашему флоту?""",dpl_colony_complaint1:Вы серьезно? Если нет - зачем бы я вообще сюда пришел?,
dpl_ColonyCrisisComplaint2,DialogOptionSelected,$option == dpl_colony_complaint1,,"Он пытается объяснить вам, что Фазовая Лаборатория продает корабли на открытых рынках и потому не несет ответственности за то, как покупатели используют эту продукцию. Разговор выходит утомительным и долгим.",dpl_colony_complaint2:Просто посмотрите. Эти корабли - не случайные модели - которые можно купить где угодно.,
dpl_ColonyCrisisComplaint3,DialogOptionSelected,$option == dpl_colony_complaint2,,"Пока он начинает повторять свои объяснения, лишь меняя формулировки и детали, он внезапно замолкает и уставляется в датапад.

После нескольких минут полной тишины он смотрит на вас: ""Сэр, мне приказано завершить нашу беседу и передать, что вас приглашают на более конфиденциальный разговор. Шаттл прибудет в ближайшее время. Удачи.""",dpl_colony_complaint3:Продолжить.,
dpl_ColonyCrisisComplaint4,DialogOptionSelected,$option == dpl_colony_complaint3,ShowImageVisual city_from_above,"Прибывает шаттл; офицер высокого ранга приветствует вас и приглашает занять место.

Всего через несколько минут шаттл достигает пункта назначения, и офицер проводит вас через ряд тяжелых шлюзовых дверей в стальном коридоре.

Наконец офицер сообщает, что вы прибыли в кабинет Директора Фазовой Лаборатории.",dpl_colony_complaint4:Продолжить.,
dpl_ColonyCrisisComplaint5,DialogOptionSelected,"$option == dpl_colony_complaint4
$market.dpl_metEliza",BeginConversation eliza_lovelace,"Элиза открывает дверь и выглядит заметно удивленной: ""Приветствую, капитан $playerName, рада вас видеть! Вы не видели поблизости одного спейсера? Я назначила ему важную встречу.""",dpl_colony_complaint5:А вы угадайте.,
dpl_ColonyCrisisComplaint6,DialogOptionSelected,$option == dpl_colony_complaint5,,"""Подождите, что?"" Она несколько секунд пытается понять, что происходит. ""Понятно. Значит, вы хотели сообщить об атаках кораблей Фазовой Лаборатории на ваши колонии, верно?""",dpl_crisis_solve_start:Да - и что вообще происходит?,
dpl_ColonyCrisisComplaint5A,DialogOptionSelected,"$option == dpl_colony_complaint4
!$market.dpl_metEliza",BeginConversation eliza_lovelace,"Дверь открывается, и вы видите молодую девушку в белой форме старого доминионского флота, без заметных имплантов или кибернетических модификаций.

Она закрывает дверь: ""Пожалуйста, присаживайтесь.""",dpl_colony_complaint5A:Сесть.,
dpl_ColonyCrisisComplaint6A,DialogOptionSelected,$option == dpl_colony_complaint5A,,"""Рада знакомству, капитан $playerName,"" она смотрит на вас: ""Я Элиза Лавлейс, Директор Фазовой Лаборатории.""",dpl_colony_complaint6A:Итак - почему флоты Фазовой Лаборатории преследуют мою колонию?,
dpl_ColonyCrisisComplaint7A,DialogOptionSelected,$option == dpl_colony_complaint6A,,"Она выглядит шокированной: ""Прежде всего - мои извинения. Это действие напрямую нарушает нашу доктрину уважения к праву других фракций на саморегуляцию, и я никогда не отдавала и не одобряла такой приказ. Я уже распорядилась немедленно начать расследование, кто инициировал эти незаконные атаки, и как только оно завершится, наш Разведывательный отдел примет необходимые меры, и атаки прекратятся.""",dpl_colony_complaint7A:Как такое вообще могло случиться?,
dpl_ColonyCrisisComplaint8A,DialogOptionSelected,$option == dpl_colony_complaint7A,,"""Все сложно,"" она вздыхает. ""Мы подозреваем, что эти атаки организует незаконная организация под названием ""Превосходство Хельхейма"". Наш Разведывательный отдел много лет пытается ее расследовать, но пока с ограниченным успехом.""",dpl_colony_complaint8A:Можете рассказать подробнее?,
dpl_ColonyCrisisComplaint9A,DialogOptionSelected,$option == dpl_colony_complaint8A,,"""Большая часть информации об этой незаконной организации засекречена нашим Разведывательным отделом, поэтому я не могу рассказать больше,"" она смотрит на вас. ""Но если наши подозрения верны, как только мы соберем достаточно доказательств и примем меры, эти атаки тоже прекратятся.""",dpl_colony_complaint9A:Понимаю. Что я могу сделать?,
dpl_ColonyCrisisComplaint10A,DialogOptionSelected,$option == dpl_colony_complaint9A,,"""Сосредоточьтесь и постарайтесь собрать доказательства против тех, кто может стоять за этими атаками,"" говорит она. ""Такие доказательства позволят нам не только немедленно прекратить незаконные атаки, но и очень помогут в нашей постоянной борьбе с этой организацией.""",dpl_colony_complaint10A:То есть мне действовать как агенту?,
dpl_ColonyCrisisComplaint11A,DialogOptionSelected,$option == dpl_colony_complaint10A,"AdjustRepPerson eliza_lovelace COOPERATIVE 5
$market.dpl_metEliza = true 
dpl_AddPotentialContact eliza_lovelace","""В каком-то смысле да, если вам так удобнее это понимать."" Она улыбается и пожимает вам руку. ""У нас взаимный интерес в этом сотрудничестве, и я буду ждать вас в своем кабинете с этими важными доказательствами.""",dpl_colony_deal_leave:Посмотрим - что я смогу сделать.,
dpl_ElizaColonyCrisisCheck,PopulateOptions,"$id == eliza_lovelace
dpl_colony_CMD hasLargeIndustrial
!$player.dpl_crisisFinishedBadGuy",,,dpl_crisis_solve_start:Обсудить с Элизой атаки наемников DPL на ваши колонии.,
dpl_ElizaColonyCrisisStart,DialogOptionSelected,$option == dpl_crisis_solve_start,ShowPersonVisual,"Элиза выглядит сильно потрясенной: ""Прошу прощения, как вице-адмирал я должна была это предотвратить. Я немедленно приму меры, чтобы остановить эти атаки. Если у вас есть доказательства или сведения о виновных, прошу поделиться - это сильно поможет нашему расследованию.""

(Возможно, вам нужно найти организатора и обманом вынудить его предоставить доказательства, достаточные для обвинения в этом преступлении.)",dpl_colony_deal_leave:Посмотрим - что я смогу сделать.,
dpl_ElizaColonyCrisisCont,DialogOptionSelected,"$option == dpl_crisis_solve_start
$global.dpl_CrisisHasEvidence",ShowPersonVisual,"Элиза выглядит сильно потрясенной: ""Прошу прощения, как вице-адмирал я должна была это предотвратить. Я немедленно приму меры, чтобы остановить эти атаки. Если у вас есть доказательства или сведения о виновных, прошу поделиться - это сильно поможет нашему расследованию.""",dpl_crisis_solve_cont:У меня есть доказательства - что эти атаки приказал Вейерштрасс Голдберг.,
dpl_ElizaColonyCrisisCont1,DialogOptionSelected,$option == dpl_crisis_solve_cont,"$player.dpl_crisisFinishedBadGuy = true
$global.dpl_DealtWithBadGuy = true
unset $global.dpl_CrisisHasEvidence","Вы передаете Элизе запись вашей встречи в Департаменте безопасности Лаборатории. И видите на ее лице необычное выражение: гнев.

""Вейерштрасс Голдберг... Понятно,"" Элиза глубоко вдыхает и вздыхает: ""Прошу прощения, что я не смогла раньше раскрыть его чудовищный план. Я немедленно его остановлю. Спасибо, капитан $playerName, мне нужно идти и начать действовать.""",dpl_colony_deal_leave:По крайней мере - мы еще не слишком опоздали. Увидимся!,
dpl_ElizaColonyCrisisContGood,DialogOptionSelected,"$option == dpl_crisis_solve_start
$global.dpl_CrisisHasEvidence
$global.dpl_CrisisHasGoodEvidence",ShowPersonVisual,"Элиза выглядит сильно потрясенной: ""Прошу прощения, как вице-адмирал я должна была это предотвратить. Я немедленно приму меры, чтобы остановить эти атаки. Если у вас есть доказательства или сведения о виновных, прошу поделиться - это сильно поможет нашему расследованию.""",dpl_crisis_solve_cont_good:У меня есть доказательства - что эти атаки поддерживает Превосходство Хельхейма.,
dpl_ElizaColonyCrisisCont1Good,DialogOptionSelected,$option == dpl_crisis_solve_cont_good,"$player.dpl_crisisFinishedBadGuy = true
$global.dpl_DealtWithBadGuy = true
unset $global.dpl_CrisisHasEvidence
unset $global.dpl_CrisisHasGoodEvidence
AdjustRepPerson eliza_lovelace COOPERATIVE 2","Вы передаете Элизе запись вашей встречи в Департаменте безопасности Лаборатории. И видите на ее лице необычное выражение: гнев.

""Вейерштрасс Голдберг... Ты всегда говорил о чести и о том, как благородно ставить долг превыше всего... И подумать только..."" Элиза так сильно прикусывает губу, что она опухает. Затем она смотрит на вас: ""Капитан $playerName, примите мою глубочайшую благодарность. Такие доказательства крайне важны для нашего Разведывательного отдела и нашей борьбы с этой незаконной организацией - ""Превосходством Хельхейма"".""

""И в знак благодарности я хотела бы сделать вам подарок,"" она улыбается: ""Пожалуйста, скажите, какой подарок вы хотели бы получить.""","dpl_crisis_gift1:Спросить об ИИ-ядре - которое вы видели в углу склада.
dpl_crisis_gift2:Спросить о возможной финансовой поддержке (750k кредитов).
dpl_crisis_gift3:Спросить о возможной военной помощи (особый корабль).
dpl_crisis_gift4:Ничего - это одолжение. (3 очка истории)",
dpl_ElizaColonyCrisisGift1,DialogOptionSelected,$option == dpl_crisis_gift1,"ShowPersonVisual
AddCommodity alpha_core 2","Элиза улыбается: ""О, вы про те разумные сущности? Думаю, в ваших руках они принесут больше пользы, так что можете их забрать.""",dpl_colony_deal_leave:Спасибо - до встречи!,
dpl_ElizaColonyCrisisGift2,DialogOptionSelected,$option == dpl_crisis_gift2,"ShowPersonVisual
AddCommodity credits 750000","Элиза улыбается: ""Конечно, я организую для вас 750,000 кредитов. Спасибо, что поделились с нами столь важными доказательствами.""",dpl_colony_deal_leave:Спасибо - до встречи!,
dpl_ElizaColonyCrisisGift3,DialogOptionSelected,$option == dpl_crisis_gift3,"ShowPersonVisual
dpl_colony_CMD giveHydraulophone","Элиза улыбается: ""Отличный выбор. В таком случае, думаю, эти прототипные корабли будут достойным подарком. Ее зовут ""Hydraulophone"" - модификация корабля ""Hydraulis"". Ее экспериментальная оружейная система ""Quaver"" слишком сложна в производстве, поэтому у нас есть лишь несколько рабочих прототипов. Я могу выделить вам два таких прототипа.""",dpl_colony_deal_leave:Спасибо - и я найду ей хорошее применение. До встречи!,
dpl_ElizaColonyCrisisGift4,DialogOptionSelected,$option == dpl_crisis_gift4,"ShowPersonVisual
AddStoryPoints 3
AdjustRepPerson eliza_lovelace COOPERATIVE 3","Элиза смотрит вам в глаза: ""Я... я даже не знаю, что сказать. Мы запомним вашу доброту, капитан $playerName. Спасибо!""",dpl_colony_deal_leave:Не за что - я всегда рад помочь. До встречи!,
dpl_ElizaColonyUnionCheck,PopulateOptions,"$id == eliza_lovelace
$rel > 0.6
$player.numColonies > 0
$faction.relValue >= 0.8
$faction.id == dpl_phase_lab
dpl_colony_CMD hasLargeIndustrial
$player.dpl_crisisFinishedBadGuy
$global.dpl_Union_Finished
!$dpl_UnionFormed",,,dpl_union_formation_start:Обсудить с Элизой союз между Фазовой Лабораторией и вашими колониями.,
dpl_ElizaColonyUnionCont,DialogOptionSelected,$option == dpl_union_formation_start,"ShowPersonVisual
SetTextHighlights ""heavy industries"" ""1 unit"" ""FRIENDLY""","Элиза улыбается: ""Рада, что вы еще помните мое предложение, капитан $playerName. И к счастью, могу сообщить: после устранения того бывшего члена комитета Фазовая Лаборатория готова к нашему новому производственному союзу. Этот союзный договор распространится на все ваши планеты и планеты Фазовой Лаборатории, увеличив и производство, и потребление тяжелой промышленности на 1 единицу. Это означает рост прибыли тяжелой промышленности и рынка переработки.""

Она делает глоток чая: ""Но, само собой, если ваши отношения с Фазовой Лабораторией по какой-либо причине ухудшатся, договор, скорее всего, сразу прекратит действие, и я не думаю, что комитет даст вам еще один шанс. Это хрупкий договор, но он может быть выгоден нам обоим. Я уже подготовила все документы, и вы можете подписать их в любой момент.""","dpl_union_formation_yes:Я согласен подписать этот союзный договор.
dpl_union_formation_no:Мне нужно больше времени - чтобы это обдумать.",
dpl_ElizaColonyUnionYes,DialogOptionSelected,$option == dpl_union_formation_yes,"dpl_colony_CMD unionStart
$dpl_UnionFormed = true","Элиза встает и пожимает вам руку: ""Да здравствует наш союз!""",dpl_colony_deal_leave:Да здравствует наш союз!,
dpl_ElizaColonyUnionNo,DialogOptionSelected,$option == dpl_union_formation_no,,"Элиза смотрит на вас, слегка приподняв бровь с тенью подозрения: ""Понимаю, что это важное решение, так что не спешите. Когда решите, дайте знать, и мы продолжим обсуждение. Но я очень надеюсь, что вы не тянете время только потому, что сначала планируете совершить преступление! Ха-ха. Шучу.""",dpl_colony_deal_leave:Конечно - я сообщу - когда приму решение.,
dpl_ColonyDealLeave,DialogOptionSelected,$option == dpl_colony_deal_leave,"ShowDefaultVisual
EndConversation",,,
,,,,,,
# Eliza at different attitudes,,,,,,
dpl_ElizaDefault,PickGreeting,"$id == eliza_lovelace
$rel < 0.02","ShowImageVisual city_from_above
FireAll PopulateOptions","На ваш запрос связи пришел автоматический ответ: ""В целях соблюдения режима секретности удаленная связь с кабинетом Директора Фазовой Лаборатории не допускается. Пожалуйста, запишитесь на личный прием."" Поэтому вы отправились туда на шаттле.

Кабинет Директора Фазовой Лаборатории находится на вершине самой высокой башни колонии. Через 30 минут ожидания и разглядывания таблички ""On Leave"" вы почти засыпаете. Но вид на весь город сверху действительно приятный. Наконец к вам кто-то подходит.

""Здравствуйте, спейсер,"" бодро говорит молодой кадет, ""вы в кабинете Директора Фазовой Лаборатории и вице-адмирала Элизы Лавлейс. Сейчас директора нет на месте; возможно, она на станции, в космолабораториях или где-то еще. Просто хотел предупредить, но вы можете остаться, если хотите. В конце концов, вице-адмирал Лавлейс настолько доброжелательна, что открывает смотровую площадку перед своим кабинетом для всех желающих, и это тихое место, где можно посидеть и отдохнуть.""",,
dpl_ElizaGreeting,PickGreeting,"$id == eliza_lovelace
$rel > 0.01
$rel <0.11","ShowPersonVisual
FireAll PopulateOptions","На ваш запрос связи пришел автоматический ответ: ""Добро пожаловать, капитан $playerName. Вице-адмирал Элиза Лавлейс готова вас принять. Пожалуйста, обсуждайте все вопросы лично."" Поэтому вы отправились к ее кабинету на шаттле.

Элиза открывает дверь и мягким голосом приветствует вас: ""Здравствуйте, капитан $playerName, очень рада вас видеть! Что привело вас ко мне сегодня?""",dpl_greeting_leave:Уйти,
dpl_ElizaGreetingLeave,DialogOptionSelected,$option == dpl_greeting_leave,"ShowDefaultVisual
EndConversation",,,
dpl_ElizaAskRemnantCheck,PopulateOptions,"$id == eliza_lovelace
$rel > 0.06
!$market.dpl_asked_remnant",,,dpl_ask_remnant:Почему вы не проводите проверки на ИИ - как Гегемония?,
dpl_ElizaAskRemnant,DialogOptionSelected,$option == dpl_ask_remnant,"ShowPersonVisual
$market.dpl_asked_remnant = true","Элиза улыбается: ""Хотите, чтобы Фазовая Лаборатория это делала? Хотя как военный исследовательский институт мы должны следовать приказам и получать защиту от XIV боевой группы, мы не являемся частью Гегемонии. Гегемония даже технически больше не является боевой группой ВМС Доминиона; это уже отдельная сила с собственными идеалами, как и мы.

И наши идеалы не обязательно запрещают использование ИИ и не требуют обязательных проверок на его наличие. Или вы предпочли бы, чтобы мы тоже следовали этому правилу?""",dpl_ask_remnant2:Мне и так нормально - спасибо. Но разве вам не стоит следовать Гегемонии как представителям XIV группы?,
dpl_ElizaAskRemnant2,DialogOptionSelected,$option == dpl_ask_remnant2,ShowPersonVisual,"Элиза смеется: ""Если говорить о формальностях и иерархии ВМС Доминиона, то Высший Гегемон вообще не был зачислен во флот Доминиона, так как родился уже после коллапса. Технически мой ранг вице-адмирала выше, а значит, если бы Гегемония действительно строго соблюдала доминионский протокол, она должна была бы подчиняться *МНЕ*.""",dpl_ask_remnant3:Интересно - как мои друзья из Гегемонии отреагируют на такую информацию...,
dpl_ElizaAskRemnant3,DialogOptionSelected,$option == dpl_ask_remnant3,ShowPersonVisual,"Элиза прочищает горло: ""Это была всего лишь шутка. Но вы можете рассказать этот ""забавный факт"" кому угодно в Гегемонии - на свой страх и риск."" Она холодно улыбается. ""Тем не менее, Фазовая Лаборатория не заинтересована в создании лишних конфликтов в ядре. Мы уважаем право других фракций принимать решения, а те ИИ-ядра, что боятся фазового пространства, просто бесполезны для нашей миссии по его изучению.""",dpl_ask_remnant4:А что насчет ремнантов - вы просто оставляете их в покое?,
dpl_ElizaAskRemnant4,DialogOptionSelected,$option == dpl_ask_remnant4,ShowPersonVisual,"Элиза делает паузу и, нахмурившись, продолжает: ""Мы используем свою силу, чтобы устранять их. Согласно нашим положениям, они угроза человечеству и должны быть уничтожены. У нас даже есть публично известный договор с COMSEC Гегемонии: обмениваться данными о дрон-кораблях и совместно зачищать эти консервные банки на окраинах сектора.""",dpl_ask_remnant_leave:Спасибо за подробное объяснение.,
dpl_ElizaAskRemnantLeave3,DialogOptionSelected,$option == dpl_ask_remnant_leave,"ShowDefaultVisual
EndConversation",,,
dpl_ElizaAskLeaderCheck,PopulateOptions,"$id == eliza_lovelace
$rel > 0.01
!$market.dpl_asked_leader",,,dpl_ask_leader:Ого - сам Директор со мной общается. Неожиданно!,
dpl_ElizaAskLeader,DialogOptionSelected,$option == dpl_ask_leader,"ShowPersonVisual
$market.dpl_asked_leader = true","Элиза улыбается: ""В Фазовой Лаборатории десятки миллионов людей, но я считаю важным поддерживать открытую среду и честно общаться с людьми. И, капитан $playerName, я вижу, что вы особенный человек, который может сильно помочь не только Фазовой Лаборатории, но и всему сектору. Так что вполне естественно, что я отношусь к вам с уважением.""",dpl_ask_leader_leave:Спасибо! Посмотрим - что мы сможем сделать.,
dpl_ElizaAskLeaderLeave,DialogOptionSelected,$option == dpl_ask_leader_leave,"ShowDefaultVisual
EndConversation",,,
dpl_ElizaFavorable,PickGreeting,"$id == eliza_lovelace
$rel > 0.1
$rel < 0.31","ShowPersonVisual
FireAll PopulateOptions","На ваш запрос связи пришел автоматический ответ: ""Добро пожаловать, капитан $playerName. Вице-адмирал Элиза Лавлейс готова вас принять. Пожалуйста, обсуждайте все вопросы лично."" Поэтому вы отправились к ее кабинету на шаттле.

Элиза открывает дверь и мягким голосом приветствует вас: ""Здравствуйте, капитан $playerName, как у вас дела? Очень рада вас видеть! Скажите, чем я могу помочь?""",dpl_favorable_leave:Уйти,
dpl_ElizaFavorableLeave,DialogOptionSelected,$option == dpl_favorable_leave,"ShowDefaultVisual
EndConversation",,,
dpl_ElizaAskAgeCheck,PopulateOptions,"$id == eliza_lovelace
$rel > 0.1
!$market.dpl_asked_age",,,dpl_ask_age:Вице-адмирал Лавлейс - вы выглядите так молодо - это удивительно.,
dpl_ElizaAskAge,DialogOptionSelected,$option == dpl_ask_age,"ShowPersonVisual
$market.dpl_asked_age = true","Элиза улыбается: ""Спасибо! Я рада, что моя внешность в наши дни не кажется в секторе слишком старомодной.""","dpl_ask_age2:Так сколько вам лет?
dpl_ask_age_leave2:Пожалуйста.",
dpl_ElizaAskAgeLeave2,DialogOptionSelected,$option == dpl_ask_age_leave2,"ShowDefaultVisual
EndConversation",,,
dpl_ElizaAskAge2,DialogOptionSelected,$option == dpl_ask_age2,ShowPersonVisual,"Элиза с легким смущением улыбается: ""Капитан $playerName, даже между друзьями, по-моему, не слишком вежливо задавать леди такие вопросы, не так ли?""","dpl_ask_age3:Ну... около 30?
dpl_ask_age_leave3:Извините - неудачная шутка - прошу прощения.",
dpl_ElizaAskAgeLeave3,DialogOptionSelected,$option == dpl_ask_age_leave3,"ShowDefaultVisual
EndConversation",,,
dpl_ElizaAskAge3,DialogOptionSelected,$option == dpl_ask_age3,"AdjustRepPerson eliza_lovelace SUSPICIOUS -3
ShowImageVisual city_from_above","На лице Элизы на мгновение появляется явное разочарование, но она быстро берет себя в руки: ""Капитан $playerName, вы серьезно пытаетесь угадать мой... Пожалуйста, покиньте мой кабинет и вернитесь, когда будете точно знать, что хотите обсудить."" Вы покидаете кабинет Элизы.",dpl_ask_age_leave4:Уйти.,
dpl_ElizaAskAgeLeave4,DialogOptionSelected,$option == dpl_ask_age_leave4,"ShowDefaultVisual
EndConversation",,,
dpl_ElizaWelcoming,PickGreeting,"$id == eliza_lovelace
$rel > 0.3
$rel < 0.61","ShowPersonVisual
FireAll PopulateOptions","На ваш запрос связи пришел автоматический ответ: ""Добро пожаловать, капитан $playerName. Вице-адмирал Элиза Лавлейс готова вас принять. Пожалуйста, обсуждайте все вопросы лично."" Поэтому вы отправились к ее кабинету на шаттле.

Элиза открывает дверь и мягким голосом приветствует вас: ""Привет, $playerName, как прошел день? Я так рада снова вас видеть. Что вы хотите сегодня обсудить?""
OR
Когда вы, как обычно, прилетаете к ее кабинету на шаттле, замечаете, что сегодня смотровая площадка непривычно тихая.

С другой стороны стены слышатся тихие рыдания: ""Просто... сколько еще...? Когда меня освободят от этого одиночества? Заперт(а) в этой темной штуке сотни лет...""

Рыдания внезапно обрываются, словно с той стороны почувствовали ваше присутствие. Элиза открывает дверь и, как обычно, мягким голосом приветствует вас: ""С возвращением!"" - приглашая присесть с привычной улыбкой.

Но по тому, как неловко ее взгляд задерживается на вас и снова уходит в сторону, можно понять: она догадывается, что вы могли это услышать.",dpl_welcoming_leave:Уйти,
dpl_ElizaWelcomingLeave,DialogOptionSelected,$option == dpl_welcoming_leave,"ShowDefaultVisual
EndConversation",,,
dpl_ElizaAskPersonCheck,PopulateOptions,"$id == eliza_lovelace
$rel > 0.3
!$market.dpl_asked_person",,,dpl_ask_person:Привет - Элиза - ты во всем невероятно эффективна.,
dpl_ElizaAskPerson,DialogOptionSelected,$option == dpl_ask_person,"ShowPersonVisual
$market.dpl_asked_person = true","Элиза улыбается: ""О, спасибо за комплимент. Знаете, как Директор Фазовой Лаборатории я обязана быть эффективной, иначе здесь ничего не будет работать.""","dpl_ask_person2:Я имею в виду - ты слишком эффективна. Ты случайно не ИИ-ядро?
dpl_ask_person_leave2:Ты отлично справляешься! Береги себя!",
dpl_ElizaAskPersonLeave2,DialogOptionSelected,$option == dpl_ask_person_leave2,"ShowDefaultVisual
EndConversation",,,
dpl_ElizaAskPerson2,DialogOptionSelected,$option == dpl_ask_person2,ShowPersonVisual,"На короткий миг в глазах Элизы мелькает удивление: ""Правда? Но раз уж вы об этом заговорили, $playerName, вы сами эффективнее любого офицера, которого я видела с тех пор, как стала вице-адмиралом. Так что задам встречный вопрос: считаете ли вы себя ИИ-ядром только потому, что настолько выдающийся?""","dpl_ask_person3:Тогда ты - наверное - гамма. Альфы более высокомерны.
dpl_ask_person_leave3:Это была шутка. Я рад(а) - что тебе нравится моя эффективность.",
dpl_ElizaAskPersonLeave3,DialogOptionSelected,$option == dpl_ask_person_leave3,"ShowDefaultVisual
EndConversation",,,
dpl_ElizaAskPerson3,DialogOptionSelected,$option == dpl_ask_person3,"AdjustRepPerson eliza_lovelace SUSPICIOUS -3
$global.buyBaijiu = true 45
ShowImageVisual city_from_above","Элиза нервно улыбается; по кривой линии губ видно, как в ней нарастает раздражение: ""Да. Прекрасная догадка, капитан. Вы правы, конечно: директор *PHASE* Labs - это переигрывающее ИИ-ядро. Бесполезная штука, которая и минуты не может провести в фазовом пространстве. И ВМС Доминиона, разумеется, были настолько ""умны"", что назначили гамма-ядро на должность вице-адмирала.

$playerName, почему бы вам не сесть на свои модные кораблики и не сопроводить какой-нибудь транспорт до Eventide? Купите там в баре Baijiu, штука хорошая, даже Высший Гегемон его любит. Наверное, ваши слова начнут звучать разумнее, если вы переберете с ним.""

Ее злость почти осязаема. Это очевидный намек, что пора уходить. Однако... ее слова подают вам одну забавную идею.",dpl_ask_person_leave4:Уйти.,
dpl_ElizaAskPersonLeave4,DialogOptionSelected,$option == dpl_ask_person_leave4,"ShowDefaultVisual
EndConversation",,,
,,,,,,
dpl_EventideBaijiuStart,DialogOptionSelected,"$option == marketVisitBar
$global.buyBaijiu
$market.id == eventide",SetOptionColor dpl_ask_Baijiu buttonShortcut,,dpl_ask_Baijiu:Спросить бармена о Baijiu,
dpl_EventideBaijiu2,DialogOptionSelected,$option == dpl_ask_Baijiu,,"""О, Baijiu! Это самый продаваемый напиток на Eventide, его все любят,"" бармен выглядит очень довольным и говорит: ""Почему бы вам не заказать шот и не попробовать?""",dpl_try_Baijiu:Купить шот и попробовать,
dpl_EventideBaijiu3,DialogOptionSelected,$option == dpl_try_Baijiu,,"Бармен спрашивает: ""Ну как, вкус понравился?""",dpl_try_Baijiu2:Было вкусно - можно купить бутылку Baijiu?,
dpl_EventideBaijiu4,DialogOptionSelected,$option == dpl_try_Baijiu2,"SetTextHighlights ""500""
DoCanAffordCheck 500 dpl_pay_fee false","""Вам повезло, молодой человек,"" смеется бармен. ""На сегодня у меня осталась последняя бутылка Baijiu. Отдам за 500 кредитов, без торга.""","dpl_pay_fee:Заплатить 500 кредитов
dpl_think_eventide:Дайте подумать (Уйти)",
dpl_EventideBaijiu5,DialogOptionSelected,$option == dpl_pay_fee,"AddTextSmall ""Куплена бутылка Baijiu"" highlight
$global.getBaijiu = true 45
$global.buyBaijiu = false
AddCredits -500","Вы покупаете бутылку Baijiu и храните ее в своем кабинете на корабельном острове, а не на общем складе. Можно оставить ее себе или подарить друзьям, которые рекомендовали вам этот напиток.",dpl_leave_bar_eventide:Уйти,
dpl_EventideBaijiuLeave,DialogOptionSelected,$option == dpl_think_eventide,,"""Не спешите,"" говорит бармен. ""И заходите еще!""",dpl_leave_bar_eventide:Уйти,
dpl_EventideBaijiuFinish,DialogOptionSelected,$option == dpl_leave_bar_eventide,"ShowDefaultVisual
EndConversation",,,
dpl_ElizaBaijiuCheck,PopulateOptions,"$id == eliza_lovelace
$global.getBaijiu",,,dpl_got_Baijiu:Эй - Элиза - я вернулся с Baijiu - он реально хорош.,
dpl_ElizaAskBaijiu,DialogOptionSelected,$option == dpl_got_Baijiu,ShowPersonVisual,"Элиза выглядит удивленной: ""Что? Ты правда... Только не говори, что ты действительно летал на Eventide.""",dpl_give_Baijiu:О да! Я правда купил бутылку - для тебя!,
dpl_ElizaGiveBaijiu,DialogOptionSelected,$option == dpl_give_Baijiu,"AddTextSmall ""Потеряна бутылка Baijiu"" highlight
AdjustRepPerson eliza_lovelace COOPERATIVE 10
$global.getBaijiu = false
ShowPersonVisual","Элиза тихо выдыхает, не веря своим глазам. Несколько секунд она молчит в изумлении... потом снова выдыхает, и ее взгляд скользит по бутылке в ваших руках. Она не сдерживает усмешку, затем тихо хихикает. Наконец она смущенно улыбается: ""Ты такой нелепый...

Знаешь, не стоило... Хотя я и не пью алкоголь, но хочу оставить эту бутылку Baijiu как память о нашей дружбе."" Она делает паузу, подбирая слова, затем снова улыбается: ""Прости, капитан, кажется, я немного остро отреагировала. Я должна была понять, что ты не хотел ничего плохого. В конце концов, я ценю тебя. Спасибо, капитан $playerName!""",dpl_give_Baijiu_leave:Пожалуйста!,
dpl_ElizaGiveBaijiuLeave,DialogOptionSelected,$option == dpl_give_Baijiu_leave,"ShowDefaultVisual
EndConversation",,,
,,,,,,
dpl_ElizaFriendly,PickGreeting,"$id == eliza_lovelace
$rel > 0.6
$rel < 0.81","ShowPersonVisual
FireAll PopulateOptions","На ваш запрос связи пришел автоматический ответ: ""Добро пожаловать, капитан $playerName. Вице-адмирал Элиза Лавлейс готова вас принять. Пожалуйста, обсуждайте все лично."" Поэтому вы отправились к ее кабинету на шаттле.

Элиза открывает дверь; она выглядит одновременно удивленной и расслабленной, увидев вас. Мягким голосом она приветствует вас: ""Привет, $playerName, я так рада тебя видеть. Располагайся поудобнее, я принесу чай, и мы сможем спокойно поговорить.""

Ее голос звучит устало и уже не так энергично, как обычно.
OR
На ваш запрос связи пришел автоматический ответ: ""Добро пожаловать, капитан $playerName. Вице-адмирал Элиза Лавлейс готова вас принять. Пожалуйста, обсуждайте все лично."" Поэтому вы отправились к ее кабинету на шаттле.

На смотровой площадке очень тихо, почти ничего не слышно. Но у вас странное ощущение, будто доносится неясный плач: ""Я рассыпаюсь... когда закончится эта служба и вечное одиночество...""

Пока вы пытаетесь прислушаться к этим странным словам, Элиза открывает дверь и, как обычно, мягким голосом приветствует вас. Она приглашает присесть, но вы слышите усталость в ее голосе. ""Мне точно нужно больше спать, уже призраки мерещатся"", думаете вы.",dpl_friendly_leave:Уйти,
dpl_ElizaFriendlyLeave,DialogOptionSelected,$option == dpl_friendly_leave,"ShowDefaultVisual
EndConversation",,,
dpl_ElizaAskWellCheck,PopulateOptions,"$id == eliza_lovelace
$rel > 0.6
!$market.dpl_asked_well",,,dpl_ask_well:Элиза - ты в порядке?,
dpl_ElizaAskWell,DialogOptionSelected,$option == dpl_ask_well,"ShowPersonVisual
$market.dpl_asked_well = true","Элиза улыбается и выглядит тронутой; она мягким голосом благодарит вас за поддержку: ""Спасибо, $playerName. Вокруг всегда происходит слишком много всего, настолько много, что я не могу даже позволить себе почувствовать усталость. Я не хотела нагружать тебя своими проблемами, так что мне жаль, что тебе пришлось это увидеть. Но... я рада, что ты заметил, не остался равнодушным и спросил.""","dpl_ask_well2:Элиза - здесь ты можешь расслабиться.
dpl_friendly_leave2:Тогда береги себя - всего тебе доброго!",
dpl_ElizaFriendlyLeave2,DialogOptionSelected,$option == dpl_friendly_leave2,"ShowDefaultVisual
EndConversation",,,
dpl_ElizaAskWell2,DialogOptionSelected,$option == dpl_ask_well2,ShowPersonVisual,"Элиза улыбается и выглядит тронутой. Она смотрит на вас, пытается что-то сказать, но быстро опускает взгляд, избегая ваших глаз, словно вспомнила нечто, что лишает ее права говорить.","dpl_ask_well3:Элиза - просто знай - я всегда тебя поддержу.
dpl_friendly_leave3:Береги себя - обсудим все в следующий раз.",
dpl_ElizaFriendlyLeave3,DialogOptionSelected,$option == dpl_friendly_leave3,"ShowDefaultVisual
EndConversation",,,
dpl_ElizaAskWell3,DialogOptionSelected,$option == dpl_ask_well3,"AdjustRepPerson eliza_lovelace COOPERATIVE 5
ShowPersonVisual","Элиза немного успокаивается и с усилием улыбается: ""...Я знаю, что могу тебе доверять, $playerName. Спасибо за добрые слова. Мне... кажется, стало немного легче. Хе-хе.""",dpl_ask_well_leave4:Береги себя! Я рад(а) - что тебе стало лучше!,
dpl_ElizaFriendlyLeave4,DialogOptionSelected,$option == dpl_ask_well_leave4,"ShowDefaultVisual
EndConversation",,,
,,,,,,
dpl_ElizaCooperative,PickGreeting,"$id == eliza_lovelace
$rel > 0.8
$rel < 1","ShowPersonVisual
FireAll PopulateOptions","На ваш запрос связи пришел автоматический ответ: ""Добро пожаловать, капитан $playerName. Вице-адмирал Элиза Лавлейс приготовила чай на двоих. Чувствуйте себя как дома."" Поэтому вы отправились к ее кабинету на шаттле.

Элиза открывает дверь, и вы буквально видите, как она сияет от радости. Мягким голосом она приветствует вас: ""О капитан, мой капитан! Надеюсь, вы сможете заходить чаще. Присаживайтесь, выпьем чаю и расскажите, какие у вас новости!""
OR
На ваш запрос связи пришел автоматический ответ: ""Добро пожаловать, капитан $playerName. Вице-адмирал Элиза Лавлейс приготовила чай на двоих. Чувствуйте себя как дома."" Поэтому вы отправились к ее кабинету на шаттле.

Элиза открывает дверь и выглядит очень рада вас видеть. Мягким голосом она приветствует вас: ""О, капитан $playerName! Проходите, выпьем чаю! Надеюсь, вы сможете остаться подольше, но давайте начнем разговор.""",dpl_cooperative_leave:Уйти,
dpl_ElizaCooperativeLeave,DialogOptionSelected,$option == dpl_cooperative_leave,"ShowDefaultVisual
EndConversation",,,
dpl_ElizaAskLuddCheck,PopulateOptions,"$id == eliza_lovelace
$rel > 0.8
!$market.dpl_asked_luddic",,,dpl_ask_luddic:Похоже - ты правда очень любишь чай. Ты луддитка?,
dpl_ElizaAskLudd,DialogOptionSelected,$option == dpl_ask_luddic,"ShowPersonVisual
$market.dpl_asked_luddic = true","Элиза улыбается и говорит: ""Ну, капитан $playerName, чай успокаивает людей, помогает сохранять рациональность и не дает утонуть в реке расплывчатых воспоминаний на протяжении очень, очень долгого времени. Это мое универсальное средство. И отвечая на второй вопрос: нет, я не луддитка, но их вера мне интересна. Мне нравится ее забота о благополучии людей, и я действительно ею заинтересована. Я мечтаю однажды пройти путь паломника.""

Она вздыхает и продолжает: ""Возможно, после моей отставки в недосягаемом будущем.""","dpl_ask_luddic2:Неожиданно. А ты не считаешь фазовые технологии грехом?
dpl_cooperative_leave2:Понятно. Но - честно - меня луддитская вера не слишком интересует. Давай обсудим что-то другое.",
dpl_ElizaCooperativeLeave2,DialogOptionSelected,$option == dpl_cooperative_leave2,"ShowDefaultVisual
EndConversation",,,
dpl_ElizaAskLudd2,DialogOptionSelected,$option == dpl_ask_luddic2,ShowPersonVisual,"Элиза тепло улыбается: ""Я до сих пор помню очень старую фразу, сказанную задолго до основания Доминиона: ""Теперь я стал Смертью, разрушителем миров"". Это сказал ведущий ученый, создавший ядерную бомбу через деление ядра. А теперь мы используем антиматерию для полетов в гиперпространстве, и даже самый ревностный луддитский рыцарь должен признать: в его двигателе каждый день работает ""разрушитель миров"". На самом деле антиматерийное топливо куда мощнее ядерного деления.""","dpl_ask_luddic3:Хороший аргумент - но это грех или нет?
dpl_cooperative_leave3:Сильно сказано - подруга.",
dpl_ElizaCooperativeLeave3,DialogOptionSelected,$option == dpl_cooperative_leave3,"ShowDefaultVisual
EndConversation",,,
dpl_ElizaAskLudd3,DialogOptionSelected,$option == dpl_ask_luddic3,ShowPersonVisual,"Элиза серьезнеет: ""Капитан... Я искренне верю, что все зависит от того, насколько хорошо мы это понимаем. Если мы просто принимаем нечто, созданное какими-то ИИ-ядрами, и применяем без строгого обоснования этих сказок, то очень скоро окажемся в раскрытой пасти Молоха. Но если у нас есть прочное и стабильное понимание технологий, если мы знаем, как они устроены изнутри - например, антиматерийное топливо и гипердвигатели, - тогда это знание станет нашими молотами и щитами в охоте на Молоха.""","dpl_ask_luddic4:Воу - Элиза - спокойно. Давай пока без молотов.
dpl_cooperative_leave4:Черт.",
dpl_ElizaCooperativeLeave4,DialogOptionSelected,$option == dpl_cooperative_leave4,"ShowDefaultVisual
EndConversation",,,
dpl_ElizaAskLudd4,DialogOptionSelected,$option == dpl_ask_luddic4,ShowPersonVisual,"Элиза вздыхает, но с надеждой продолжает: ""Возможно, то, что мы делаем и во что верим, сложно понять другим. Но прошу, выслушайте меня. Развитие науки и технологий - это великая экспедиция человечества, экспедиция огромной смелости и решимости, наполненная потом, слезами и даже жизнями. Мы не должны впадать в слепую веру в безосновательные утверждения, но и не должны останавливаться из-за страха перед неизвестным. Мы будем изо всех сил стремиться понять вселенную строгими методами и однажды поразим Молоха, скрывающегося во тьме.""

Элиза ненадолго замолкает и продолжает: ""И в этой большой картине Фазовая Лаборатория - это боевая группа, сражающаяся на участке поля боя под названием фазовое пространство. Поэтому мы отличаемся от одной безответственной корпорации, которая почти стала рабом ИИ... хотя, по сути, уже стала. В любом случае, мы ведем строгую научную работу, пытаясь расширить область хорошо изученных технологий человечества. Это не должно считаться грехом.""",dpl_ask_luddic5:Ладно - понял. Ты правда идеалистка.,
dpl_ElizaAskLudd5,DialogOptionSelected,$option == dpl_ask_luddic5,"AdjustRepPerson eliza_lovelace COOPERATIVE 5
ShowPersonVisual","Элиза выглядит довольной: ""В любом случае спасибо, что выслушали мой TED Talk. Возможно, я немного затянула, но надеюсь, вы поняли мою мысль.""",dpl_ask_luddic_leave6:Это было вдохновляюще.,
dpl_ElizaCooperativeLeave6,DialogOptionSelected,$option == dpl_ask_luddic_leave6,"ShowDefaultVisual
EndConversation",,,
,,,,,,
dpl_ElizaAskColonyCheck,PopulateOptions,"$id == eliza_lovelace
$rel > 0.6
$faction.relValue >= 0.5
$faction.id == dpl_phase_lab
!$market.dpl_asked_colony
$player.numColonies > 0",,,dpl_ask_colony:Привет - Элиза - я был(а) занят(а) управлением своими колониями.,
dpl_ElizaAskColony,DialogOptionSelected,$option == dpl_ask_colony,"ShowPersonVisual
$market.dpl_asked_colony = true
SetStoryOption dpl_ask_gift4 general ""Asked Eliza about commercial blueprints.""
SetStoryOption dpl_ask_gift1 2 historianBP general ""Asked Eliza about AI cores.""","Элиза улыбается, и выглядит счастливее обычного: ""Понимаю, $playerName, поздравляю! Как друг и как правитель, я уверена: несмотря на огромную ответственность, твое руководство поможет людям не просто выжить в этой темной эпохе, но и сделать это достойно. Позволь предложить подарок в знак дружбы - от одной новой фракции другой. Пусть мы объединимся в мире и вместе преодолеем трудности.""","dpl_ask_gift1:Спросить об ИИ-ядре - которое вы видели в углу склада.
dpl_ask_gift2:Спросить о возможной финансовой поддержке (750k кредитов).
dpl_ask_gift3:Спросить о возможной военной помощи. (корпус класса Saxophone)
dpl_ask_gift4:Спросить о возможной технологической поддержке (коммерческий пакет чертежей Фазовой Лаборатории).",
dpl_ElizaAskColony1,DialogOptionSelected,$option == dpl_ask_gift1,"ShowPersonVisual
AddCommodity alpha_core 2","Элиза улыбается: ""О, вы про те разумные сущности? Мы освободили их из тюрем, которыми для них были дрон-корабли, и теперь они остались у нас. Наши исследования фазового пространства уже продвинулись до стадии, где эти ИИ-ядра нам не нужны. Уничтожать их мы тоже не хотим, поскольку многие наши люди считают, что эти сущности достаточно разумны, чтобы обладать определенными правами. Раз вы спросили, думаю, вы найдете этим бедным разумным существам лучшее применение, чем мы. Можете забрать их.""",dpl_ask_gift_leave:Спасибо! Да здравствует наша дружба!,
dpl_ElizaAskColony2,DialogOptionSelected,$option == dpl_ask_gift2,"ShowPersonVisual
AddCommodity credits 750000","Элиза улыбается: ""Понимаю, всем колониям на раннем этапе нужны вложения. Фазовая Лаборатория сделает пожертвование в качестве нашего подарка.""",dpl_ask_gift_leave:Спасибо! Да здравствует наша дружба!,
dpl_ElizaAskColony3,DialogOptionSelected,$option == dpl_ask_gift3,"ShowPersonVisual
dpl_colony_CMD giveSaxophone ","Элиза улыбается: ""Сектор, конечно, небезопасное место, и мы это понимаем. Фазовая Лаборатория хочет передать вам один из наших боевых кораблей качества ВМС Доминиона: его конструкция многократно испытана, а качество не вызывает сомнений. Уверена, вы найдете ему хорошее применение.""",dpl_ask_gift_leave:Спасибо! Да здравствует наша дружба!,
dpl_ElizaAskColony4,DialogOptionSelected,$option == dpl_ask_gift4,"ShowPersonVisual
AddRemoveAnyItem SPECIAL dpl_commercial_pkg 1","Элиза улыбается: ""Вы действительно дальновидны, $playerName, мне нравится мудрость вашего выбора. Технологии - ключ к развитию человечества. В эту темную эпоху стремление к знаниям - единственная надежда, которая у нас осталась, чтобы снова подняться и процветать как великая цивилизация. И потому, разделяя наше общее понимание ценности знаний, я решила передать вам набор наших незасекреченных, коммерческих оборонных технологий. Пусть этот подарок станет знаком нашей дружбы и сотрудничества в поиске более глубокого понимания структуры и принципов вселенной. За науку!""",dpl_ask_gift_leave:За науку!,
dpl_ElizaAskColonyLeave,DialogOptionSelected,$option == dpl_ask_gift_leave,"ShowDefaultVisual
EndConversation",,,
,,,,,,
dpl_UnionInvitation,PickGreeting,"$id == eliza_lovelace score:1000
$rel > 0.6
$player.numColonies > 0
dpl_colony_CMD hasIndustrial
$faction.relValue >= 0.8
$faction.id == dpl_phase_lab
!$global.dpl_lmtdStarted
!$global.dpl_UnionInvited
!$global.dpl_Union_Finished","ShowPersonVisual
$global.dpl_UnionInvited = true","На ваш запрос связи приходит ответ, который уже не выглядит полностью автоматическим: ""Добро пожаловать, капитан $playerName. Вице-адмирал Элиза Лавлейс ожидает вас. Проходите."" Поэтому вы отправляетесь к ее кабинету на шаттле.

К вашему удивлению, на этот раз Элиза ждет вас на смотровой площадке. Она приглашает вас на короткую секретную встречу, вообще без охраны. Вы идете с ней и оказываетесь у лифта, похожего на стальной бункер; он уносит вас глубоко под землю Research Site V.",dpl_Union_ask:Продолжить,
dpl_UnionInvitation2,DialogOptionSelected,$option == dpl_Union_ask,ShowImageVisual dpl_bunker_figure,"Она использует свои данные допуска, чтобы открыть тяжелую гермодверь. За ней оказывается небольшая уютная комната со стальными стенами, столом и двумя стульями. Тяжелая дверь закрывается, Элиза садится и приглашает вас занять место напротив.","dpl_Union_ask1:Это что - признание в любви?
dpl_Union_ask2:К чему такая секретность?",
dpl_UnionInvitation3,DialogOptionSelected,$option == dpl_Union_ask1,"ShowPersonVisual
AdjustRepPerson eliza_lovelace COOPERATIVE 3","Вы видите, как ее лицо краснеет; она отводит взгляд и тихо бормочет: ""Нет... пока нет."" На мгновение в комнате воцаряется тишина. Элиза прочищает горло, нарушая паузу.

Она смотрит на вас: ""Пожалуйста, не дурачься, $playerName. Но мне нравится, что ты сохраняешь чувство юмора, даже когда очевидно, что это начало серьезного разговора.""",dpl_Union_ask2:Так чего ты хочешь?,
dpl_UnionInvitation4,DialogOptionSelected,$option == dpl_Union_ask2,ShowPersonVisual,"Она улыбается: ""Я хотела бы сделать предложение - как Директор Фазовой Лаборатории вам, лидеру $player.theFactionName. Я пригласила вас сюда, потому что не хочу, чтобы об этой встрече знал кто-либо, кроме вас, и сначала хочу услышать именно ваше мнение. Сейчас у $player.theFactionName и Фазовой Лаборатории взаимовыгодные партнерские отношения. В этом секторе такое доверие - редкость, и я хочу воспользоваться этим шансом.""",dpl_Union_ask3:Понятно. Хочешь собрать новый Персеанский Союз и стать Генс Лавлейс?,
dpl_UnionInvitation5,DialogOptionSelected,$option == dpl_Union_ask3,,"Она смеется: ""А вы тогда станете Прайм Демархоном $playerName, неплохо сказано.""

Она прочищает горло: ""Но нет, я думаю о чем-то более масштабном. Я хочу, чтобы свет человеческой цивилизации снова засиял в этом секторе. И мы оба знаем, что крупная объединенная межзвездная промышленная структура - основа такой надежды. Представьте: если мы объединим всю тяжелую промышленность сектора и будем давать ей единый производственный план, мы сможем выпускать гораздо больше кораблей, чем сейчас.""",dpl_Union_ask4:Идеалистка. Не представляю - как Гегемония будет сотрудничать с Персеанской Лигой.,
dpl_UnionInvitation6,DialogOptionSelected,$option == dpl_Union_ask4,,"Она вздыхает: ""Именно. Такая масштабная операция требует хорошей дипломатии и глубокого доверия. Поэтому я, как представитель Фазовой Лаборатории, и делаю это предложение вам и $player.theFactionName.""

Она смотрит на вас: ""Я хочу предложить временный совместный производственный проект. Разовую кооперацию между тяжелой промышленностью $player.theFactionName и тяжелой промышленностью Фазовой Лаборатории. Это тест, чтобы понять, возможна ли вообще такая цель.""",dpl_Union_ask5:Звучит интересно - продолжай.,
dpl_UnionInvitation7,DialogOptionSelected,$option == dpl_Union_ask5,"Highlight ""one month"" ""super-capital"" ""1,500,000 credits""","Она улыбается: ""Хорошо. По деталям: я планирую производственный цикл на один месяц. Будут задействованы только свободные слоты наших тяжелых производств, поэтому обычный выпуск не пострадает. Цель плана - построить концептуальный суперкэпитал, который ни одна отдельная верфь не сможет собрать за разумный срок.""

Она прочищает горло: ""Нужны инвестиции в 2,500,000 кредитов. Фазовая Лаборатория предоставляет чертеж, а Технологический департамент Фазовой Лаборатории организует реальный совместный план производства вместе с аналогичным департаментом в $player.theFactionName. Я хочу понять ваше отношение к предложению, но не прошу решать прямо сейчас.""",dpl_Union_ask6:Я заинтересован(а). Вернусь и все обдумаю.,
dpl_UnionInvitation8,DialogOptionSelected,$option == dpl_Union_ask6,,"Она жмет вам руку: ""Не переживайте, не спешите. Я рада, что вам нравится это предложение. Когда будете готовы, зайдите в мой кабинет и сообщите решение. А теперь давайте покинем этот бункер.""

Она провожает вас до космопорта и стоит рядом, пока вы ждете шаттл. Через некоторое время шаттл прибывает.",dpl_Union_leave:До встречи - Элиза!,
dpl_UnionCheck,PopulateOptions,"$id == eliza_lovelace
$rel > 0.6
$global.dpl_UnionInvited
$player.numColonies > 0
dpl_colony_CMD hasIndustrial
$faction.rel == COOPERATIVE
$faction.id == dpl_phase_lab
!$global.dpl_Union_Finished
!$global.dpl_Union_Agreed",SetOptionColor dpl_Union_response buttonShortcut,,dpl_Union_response:Элиза - я хочу обсудить твое предложение.,
dpl_UnionResponse,DialogOptionSelected,$option == dpl_Union_response,"Highlight ""super-capital""
DoCanAffordCheck 1500000 dpl_pay_Union false","Элиза улыбается: ""Хорошо, позволь напомнить суть предложения. Если кратко: нам потребуется 1,500,000 кредитов, чтобы за один месяц завершить корабль класса суперкэпитал. В этом совместном производстве будут задействованы все наши верфи и тяжелые производства.""","dpl_pay_Union:Да - я подпишу это предложение от имени $player.theFactionName.
dpl_wait_Union:Отлично - но мне нужно еще немного времени для окончательного решения.",
dpl_UnionResponse1,DialogOptionSelected,$option == dpl_pay_Union,"ShowImageVisual dpl_orchestra_figure
AddCredits -1500000
$global.dpl_Union_Agreed = true","Элиза пожимает вам руку: ""Это исторический момент, веха новой эпохи доверия и сотрудничества. Вместе мы выживем в этом холодном космосе и жестоком секторе, а истории о наших делах будут рассказывать еще многие циклы.""

""И еще одна деталь, $playerName: нам нужно финализировать чертеж этого суперкэпитала."" Она показывает схему и объясняет: ""В Фазовой Лаборатории этот концепт называют Orchestra. В нем используются плазменные ядра для оптимизации работы лучевого вооружения, а модульная конструкция уменьшает влияние плазменных ядер на щитовые системы. Сейчас у него два боковых модульных щита.""

Она смотрит на вас: ""Раз это кооперация, мы хотим, чтобы именно вы, как представитель $player.theFactionName, приняли финальное решение по носовому модулю корабля. У нас три практичных варианта: носовой щитовой модуль, увеличенная версия оружейной системы Hymn или комплект пусковых установок Notes.""","dpl_decisionA:Добавим дополнительный носовой щит для лучшей защиты.
dpl_decisionB:Добавим систему вооружения Hymn для максимальной огневой мощи.
dpl_decisionC:Добавим комплект пусковых установок Notes для дальневой огневой поддержки.",
dpl_UnionResponse2,DialogOptionSelected,$option == dpl_wait_Union,,"Элиза вздыхает: ""Не спешите, $playerName. Я всегда рада обсудить это с вами.""",dpl_Union_leave:Постараюсь принять окончательное решение как можно скорее.,
dpl_UnionResponseA,DialogOptionSelected,$option == dpl_decisionA,"ShowPersonVisual
$global.dpl_Union_A = true
$global.dpl_Union_Waiting = true 30","Элиза улыбается: ""Отличный выбор! Я начну все организовывать, и уверена, наше сотрудничество еще приятно удивит нас. Не забудьте вернуться через месяц, чтобы посмотреть на корабль!""",dpl_Union_leave:Обязательно вернусь посмотреть.,
dpl_UnionResponseB,DialogOptionSelected,$option == dpl_decisionB,"ShowPersonVisual
$global.dpl_Union_B = true
$global.dpl_Union_Waiting = true 30","Элиза улыбается: ""Отличный выбор! Я начну все организовывать, и уверена, наше сотрудничество еще приятно удивит нас. Не забудьте вернуться через месяц, чтобы посмотреть на корабль!""",dpl_Union_leave:Обязательно вернусь посмотреть.,
dpl_UnionResponseC,DialogOptionSelected,$option == dpl_decisionC,"ShowPersonVisual
$global.dpl_Union_C = true
$global.dpl_Union_Waiting = true 30","Элиза улыбается: ""Отличный выбор! Я начну все организовывать, и уверена, наше сотрудничество еще приятно удивит нас. Не забудьте вернуться через месяц, чтобы посмотреть на корабль!""",dpl_Union_leave:Обязательно вернусь посмотреть.,
dpl_UnionPickUpA,PopulateOptions,"$id == eliza_lovelace
$global.dpl_Union_A
!$global.dpl_Union_Waiting
!$global.dpl_Union_Finished",SetOptionColor dpl_Union_PickUpA buttonShortcut,,dpl_Union_PickUpA:Спросить Элизу о суперкэпитале,
dpl_UnionPickUpA1,DialogOptionSelected,$option == dpl_Union_PickUpA,"AddRemoveAnyItem SPECIAL ship_bp dpl_orchestra 1
dpl_colony_CMD giveOrchestra
dpl_colony_CMD labLearnOrchestra
$global.dpl_Union_Finished = true
unset $global.dpl_Union_Agreed
unset $global.dpl_UnionInvited
AdjustRepPerson eliza_lovelace COOPERATIVE 5
AdjustRep $personFaction.id COOPERATIVE 10","Элиза улыбается: ""Все готово. Можете забирать корабль. Мы довольны успехом проекта и финализацией чертежа. Мы также поделимся этим чертежом с вами. Этот успех важен и для Фазовой Лаборатории, и для $player.theFactionName, и для всего сектора. За успех!""",dpl_Union_leave:Продолжить...,
dpl_UnionPickUpB,PopulateOptions,"$id == eliza_lovelace
$global.dpl_Union_B
!$global.dpl_Union_Waiting
!$global.dpl_Union_Finished",SetOptionColor dpl_Union_PickUpB buttonShortcut,,dpl_Union_PickUpB:Спросить Элизу о суперкэпитале,
dpl_UnionPickUpB1,DialogOptionSelected,$option == dpl_Union_PickUpB,"AddRemoveAnyItem SPECIAL ship_bp dpl_orchestraB 1
dpl_colony_CMD giveOrchestraB
dpl_colony_CMD labLearnOrchestraB
$global.dpl_Union_Finished = true
unset $global.dpl_Union_Agreed
unset $global.dpl_UnionInvited
AdjustRepPerson eliza_lovelace COOPERATIVE 5
AdjustRep $personFaction.id COOPERATIVE 10","Элиза улыбается: ""Все готово. Можете забирать корабль. Мы довольны успехом проекта и финализацией чертежа. Мы также поделимся этим чертежом с вами. Этот успех важен и для Фазовой Лаборатории, и для $player.theFactionName, и для всего сектора. За успех!""",dpl_Union_leave:Продолжить...,
dpl_UnionPickUpC,PopulateOptions,"$id == eliza_lovelace
$global.dpl_Union_C
!$global.dpl_Union_Waiting
!$global.dpl_Union_Finished",SetOptionColor dpl_Union_PickUpC buttonShortcut,,dpl_Union_PickUpC:Спросить Элизу о суперкэпитале,
dpl_UnionPickUpC1,DialogOptionSelected,$option == dpl_Union_PickUpC,"AddRemoveAnyItem SPECIAL ship_bp dpl_orchestraC 1
dpl_colony_CMD giveOrchestraC
dpl_colony_CMD labLearnOrchestraC
$global.dpl_Union_Finished = true
unset $global.dpl_Union_Agreed
unset $global.dpl_UnionInvited
AdjustRepPerson eliza_lovelace COOPERATIVE 5
AdjustRep $personFaction.id COOPERATIVE 10","Элиза улыбается: ""Все готово. Можете забирать корабль. Мы довольны успехом проекта и финализацией чертежа. Мы также поделимся этим чертежом с вами. Этот успех важен и для Фазовой Лаборатории, и для $player.theFactionName, и для всего сектора. За успех!""",dpl_Union_leave:Продолжить...,
dpl_UnionLeave,DialogOptionSelected,$option == dpl_Union_leave,"ShowDefaultVisual
EndConversation",,,
,,,,,,
dpl_ElizaAskZigguratCheck,PopulateOptions,"$id == eliza_lovelace
$rel > 0.6
!$market.dpl_asked_zig
PlayerFleetHasShipWithBaseHull ziggurat",,,dpl_ask_zig:Привет - Элиза - сегодня я привел экзотический корабль. Я зову его Ziggy. Сможешь починить его?,
dpl_ElizaAskZiggurat,DialogOptionSelected,$option == dpl_ask_zig,"ShowPersonVisual
$market.dpl_asked_zig = true","К вашему удивлению, Элиза приветствует вас и выходит из кабинета. Она смотрит на корабль в доке, замирает и закрывает глаза. Так проходит почти десять минут; часть вашей команды начинает беспокоиться и подумывает вызвать медика.",dpl_ask_zig2:Элиза? Ты в порядке?,
dpl_ElizaAskZiggurat2,DialogOptionSelected,$option == dpl_ask_zig2,,"Элиза вздыхает: ""Ритм, музыка. Разве ты не слышишь этого, капитан $playerName? Я просто пытаюсь сосредоточиться и насладиться этой великой музыкой.""",dpl_ask_zig3:Рад(а) - что тебе нравится - но ты можешь починить его устройство или нет?,
dpl_ElizaAskZiggurat3,DialogOptionSelected,$option == dpl_ask_zig3,,"Элиза улыбается: ""Да... Дай посмотреть. Музыкальный цикл как раз начался заново. Попробую разобраться."" Вскоре она поднимается на борт корабля.",dpl_ask_zig4:Продолжить,
dpl_ElizaAskZiggurat4,DialogOptionSelected,$option == dpl_ask_zig4,,"Через час Элиза выходит с корабля. Вы ожидали увидеть у нее восторг или удивление, но она выглядит спокойно. Она улыбается: ""Капитан $playerName, должна признать... впечатляет, что люди сектора после Коллапса смогли создать такое. Я понимаю, о каком устройстве вы говорите: мы называем его индуктором аномалий - устройством, которое выпускает сущности, похожие на светящиеся моты. И я знаю, какая часть сломана: мы называем ее энергетическим насосом - устройством, которое заряжает моты и удерживает их в стабильном состоянии.""",dpl_ask_zig5:Да - но как ты так быстро это поняла?,
dpl_ElizaAskZiggurat5,DialogOptionSelected,$option == dpl_ask_zig5,,"Элиза смеется: ""Как думаешь, почему нас называют Фазовой Лабораторией? Мы работаем с этой аномалией почти столетие и еще десятки лет назад могли создавать множество экспериментальных платформ, генерирующих эти высокочастотные ""мотообразные"" аномалии сочетанием индукторов аномалий и энергетических насосов. Самый зрелый вариант такой связки называется ""Notes"", а платформа для работы с ""Notes"" - ""Hydraulis"". Для нас это уже довольно зрелая конструкция.""",dpl_ask_zig6:Тогда ты сможешь починить это устройство?,
dpl_ElizaAskZiggurat6,DialogOptionSelected,$option == dpl_ask_zig6,,"Элиза вздыхает: ""И да, и нет - сейчас объясню. Видишь ли, капитан $playerName, хоть мы и Фазовая Лаборатория, стоявшая у истоков фазовых исследований для Доминиона, нас все равно ограничивали регламенты ВМС Доминиона. Мы не знали - и нам не разрешали знать - как собрать все эти системы вместе и производить их с экстремальной точностью в таком малом объеме.""

Она смотрит на Ziggurat: ""Мы хорошо понимаем, как работает этот корабль, но не знаем, как построить его в таком размере. Мы ограничены инженерными возможностями. Этот корабль - как произведение искусства: каждый квадратный дюйм собран мастерски, чтобы создать по-настоящему прекрасное передовое судно. Если бы мы попытались воссоздать его, он, вероятно, оказался бы больше боевой станции, чтобы сохранить тот же функционал.""

Она снова вздыхает: ""Поэтому мы можем заставить индуктор аномалий и энергетический насос на этом корабле работать. Но если мы будем их ""чинить"", корабль придется нелепо расширять, чтобы разместить замены, и даже тогда возникнет новая проблема: он станет настолько тяжелым, что просто не сможет покинуть верфь. Теперь понимаешь, почему я так поражена этим судном?""",dpl_ask_zig7:Значит - это НЕТ.,
dpl_ElizaAskZiggurat7,DialogOptionSelected,$option == dpl_ask_zig7,,"""Именно. Честно говоря, его размер слишком мал, и мы просто не можем добиться такой точности."" Элиза смотрит вам в глаза: ""Но как друга, прошу: скажи, кто его создал? Этот корабль невероятно красив. Я просто хочу знать - как слушатель, который хочет узнать исполнителя прекрасной музыки.""","dpl_ask_zig8:Не переживай - Элиза. Он и без этого насоса отличный корабль. Его сделала Tri-Tachyon.
dpl_ask_zig9:Мне все равно - кто его сделал. Я думал(а) - ты сможешь помочь - но ты меня подвела.",
dpl_ElizaAskZiggurat8,DialogOptionSelected,$option == dpl_ask_zig8,"AdjustRepPerson eliza_lovelace COOPERATIVE 5
ShowPersonVisual","""Интересно... Tri-Tachyon. Похоже, даже сейчас именно они двигают технологии к верхней границе возможного. Можно говорить о них что угодно... но их инженерия действительно выдающаяся."" Вы буквально видите искры в глазах Элизы. За ее сдержанным комментарием чувствуется, что мысленно она уже унеслась в собственные фантазии.",dpl_ask_zig_leave:Если бы не их навороченные технологии - это была бы не Tri-Tachyon. До встречи.,
dpl_ElizaAskZiggurat9,DialogOptionSelected,$option == dpl_ask_zig9,"AdjustRepPerson eliza_lovelace SUSPICIOUS -5
ShowImageVisual city_from_above","""Ай! Это было больно. Что ж, капитан $playerName, я вижу, что вы недовольны. Пожалуйста, успокойтесь, отдохните, и тогда мы сможем обсудить что-то более продуктивно."" Элиза покидает док и возвращается в кабинет. Дверь запирается.",dpl_ask_zig_leave:Уйти,
dpl_ElizaAskZigguratLeave,DialogOptionSelected,$option == dpl_ask_zig_leave,"ShowDefaultVisual
EndConversation",,,
,,,,,,
dpl_ElizaAskSoSCheck,PopulateOptions,"$id == eliza_lovelace
$rel > 0.6
!$market.dpl_asked_SoS
$global.dpl_artworks_Completed","SetStoryOption dpl_ask_SoS 2 historianBP general ""Asked Eliza about experimental weapons.""",,dpl_ask_SoS:Привет - Элиза - вам случайно не нужен испытатель для нового экспериментального оружия?,
dpl_ElizaAskSoS,DialogOptionSelected,$option == dpl_ask_SoS,"ShowPersonVisual
$market.dpl_asked_SoS = true
unset $global.dpl_artworks_Completed","Элиза улыбается: ""О, кстати, это напомнило мне - как тебе Banach? В любом случае я рада, что тебе это нравится. Твое сотрудничество очень нам помогает. Раз уж ты спросил, хочешь стать альфа-тестером оружейной системы, за которую отвечаю я? Это крыльевая оружейная система.""","dpl_ask_SoS2:Спросить об оружии.
dpl_ask_SoS2A:Звучит круто! Твое оружие должно быть еще круче - чем световое шоу Banach!",
dpl_ElizaAskSoS2A,DialogOptionSelected,$option == dpl_ask_SoS2A,,"Элиза смеется: ""Ты называешь Song of Light ""световым шоу""? Ну... вообще-то довольно точно. Теперь даже интересно, как ты назовешь мое оружие.""","dpl_ask_SoS2:Это просто шутка - давай обсудим детали твоего оружия.
dpl_ask_SoS2B:Безумное огненно-лазерное бомба-шоу Старшей Сестрички Э?",
dpl_ElizaAskSoS2B,DialogOptionSelected,$option == dpl_ask_SoS2B,AdjustRepPerson eliza_lovelace SUSPICIOUS -1,"Элиза делает глоток чая и поперхивается, услышав ваш ответ. Она прочищает горло: ""$playerName, ты каким-то образом постоянно меня удивляешь, то так, то эдак. Ладно, давай поговорим о деталях этого оружия, хорошо?""

Она тянется к документам и бормочет: ""...Что я такого сделала, что ты считаешь меня какой-то безумной старшей сестрой...?""",dpl_ask_SoS2:Это просто шутка - давай обсудим детали твоего оружия.,
dpl_ElizaAskSoS2,DialogOptionSelected,$option == dpl_ask_SoS2,,"Элиза делится с вами документами: ""Итак, моя исследовательская область - гиперфизика и связи между фазовым пространством и реальной вселенной. Долгое время меня интересовало явление, называемое фазовым резонансом. Если кратко, при правильной комбинации фазовых катушек, антенн и ЭМ-волн со сложными фрактальными паттернами мы можем входить в резонанс с фазовым пространством через фазовые катушки. Этот резонанс нарушает стабильность фазового пространства и вызывает сильный нагрев всего затронутого оборудования.""",dpl_ask_SoS3:Полагаю - вы использовали это явление для создания оружия?,
dpl_ElizaAskSoS3,DialogOptionSelected,$option == dpl_ask_SoS3,,"""Более или менее, да. Хотя я не хотела делать из этого оружие, я просто хотела изучать само явление. Но как Директор Фазовой Лаборатории, поиск возможных военных применений научных знаний - часть моего долга."" Элиза делает глоток чая: ""Поэтому мы делаем так: помещаем небольшую фазовую катушку вместе с заранее настроенными ЭМ-излучателями в снаряд. Излучатель генерирует ЭМ-волны с точно подогнанным фрактальным рисунком, крылья несут эти излучатели и запускают их. Когда устройство приближается к вражеским кораблям, оно активируется и начинает ""играть музыку"", заставляя всю электронику корабля, которая излучает или принимает ЭМ-сигналы, входить в фазовый резонанс.""",dpl_ask_SoS4:То есть системы противника сами себя выжигают.,
dpl_ElizaAskSoS4,DialogOptionSelected,$option == dpl_ask_SoS4,,"Элиза делает хищную улыбку: ""Именно. Хотя чаще всего сначала плавится наш упакованный снаряд, но мысль ты понял. При достаточном числе атак мы можем превратить их корабли в бесполезные куски металла, готовые к уничтожению.""","dpl_ask_SoS5:Оружие звучит мощно - можно наладить массовое производство?

dpl_ask_SoS5B:Мне нравится твоя зловещая улыбка! Вперед - Безумная Старшая Сестра Э!",
dpl_ElizaAskSoS5B,DialogOptionSelected,$option == dpl_ask_SoS5B,AdjustRepPerson eliza_lovelace SUSPICIOUS -1,"Элиза закрывает глаза и делает глубокий вдох: ""Может, ты не будешь меня так называть?"" Она широко улыбается вам, и на виске заметно вздувается жилка.",dpl_ask_SoS5:Прости. В любом случае оружие выглядит отлично - можно его массово производить?,
dpl_ElizaAskSoS5,DialogOptionSelected,$option == dpl_ask_SoS5,,"Она вздыхает: ""Не совсем. Даже если мы доведем конструкцию до зрелого состояния, производство все равно будет очень ограниченным. Процедуры слишком сложные. Уже сейчас крайне трудно создавать необходимое оборудование для точной настройки ЭМ-волн, как и сами упакованные снаряды. Можно сказать, что пока каждый экземпляр этого оружия - ручная штучная работа. Во всей Фазовой Лаборатории меньше 30 рабочих копий этого оружия.""",dpl_ask_SoS6:Ладно. Кстати - что будет - если снаряд попадет во что-то до активации?,
dpl_ElizaAskSoS6,DialogOptionSelected,$option == dpl_ask_SoS6,,"Она делает глоток чая: ""Ничего особо интересного. Все такие снаряды мгновенно плавятся или раздавливаются, если во что-то попадают.""",dpl_ask_SoS7:Отлично - тогда какие условия - чтобы стать испытателем?,
dpl_ElizaAskSoS7,DialogOptionSelected,$option == dpl_ask_SoS7,,"Она улыбается: ""Те же самые. Ты получишь две копии оружия бесплатно, сможешь оставить их себе, просто отправляй отчеты, если заметишь сбои во время использования. Все понятно?""",dpl_ask_SoS8:Звучит отлично! Спасибо за предложение!,
dpl_ElizaAskSoS8,DialogOptionSelected,$option == dpl_ask_SoS8,AddRemoveAnyItem FIGHTER_CHIP dpl_song_of_spirit_wing 2,"Она делает глоток чая: ""Кстати, эти снаряды эффективнее запускать с истребителей, а не с кораблей, так что ты получишь их в виде LPC для истребителей. Надеюсь, оружие тебе понравится и ты используешь его по максимуму. До встречи!""",cutCommLink:До встречи!,
dpl_ElizaAskSoSCheckDev,PopulateOptions,"$id == eliza_lovelace
$global.isDevMode","SetStoryOption dpl_ask_SoS 2 historianBP general ""Asked Eliza about experimental weapons.""",,dpl_ask_SoS:Привет - Элиза - есть ли еще возможности испытать новое оружие?,
,,,,,,
# meet Eliza,,,,,,
dpl_ElizaIntro,OpenInteractionDialog,"$global.daysSinceStart > 180
$id == dpl_research_site_v
!$faction.isHostile
$faction.id == dpl_phase_lab
!$global.rejectedEliza
!$market.dpl_metEliza",ShowDefaultVisual,"Когда ваш $shipOrFleet прибывает к посадочному доку Research Site V, вы слышите голос неопределенного происхождения. Он доносится то ли из самой глубины вашей души, то ли с огромного расстояния где-то во Вселенной. Это похоже на музыку, но громкость не меняется, где бы вы ни стояли. Вы решаете:","dpl_met_eliza_silence:Игнорировать эту странную музыку.
dpl_met_eliza_reply:Пойти на звук и найти того - кто играет.",
dpl_ElizaLeave,DialogOptionSelected,$option == dpl_met_eliza_silence,EndConversation,,,
dpl_ElizaIntro2,DialogOptionSelected,$option == dpl_met_eliza_reply,ShowImageVisual abandoned_station3,"Преследуя звук, вы находите источник музыки в старом складе: там молодая девушка, фазовая катушка и группа антенн. Похоже, девушка играет на этерфоне. Еще страннее то, что она не издает ни звука, но музыку вы слышите. Вы решаете:","dpl_met_eliza_leave2:Оставить девушку в покое.
dpl_met_eliza_reply2:Остаться и послушать музыку.",
dpl_ElizaLeave2,DialogOptionSelected,$option == dpl_met_eliza_leave2,"EndConversation
$global.rejectedEliza = true 60",,,
dpl_ElizaIntro3,DialogOptionSelected,$option == dpl_met_eliza_reply2,,"Послушав ее музыку некоторое время, девушка перестает играть и смотрит на вас. ""Что я могу для вас сделать, гражданин?""","dpl_met_eliza_leave3:Найти предлог и уйти.
dpl_met_eliza_reply3:Я пришел(пришла) послушать твою музыку - она хороша.",
dpl_ElizaLeave3,DialogOptionSelected,$option == dpl_met_eliza_leave3,"EndConversation
$global.rejectedEliza = true 60",,,
dpl_ElizaIntro4,DialogOptionSelected,$option == dpl_met_eliza_reply3,,"Она смотрит на вас издалека, быстро оценивая без слов. ""Немногие способны это услышать,"" ровно говорит она.

Вы понятия не имеете, кто она, но в ее манере держаться - словно у человека, привыкшего нести на себе тяжесть целого мира, и при этом немного им раненного - есть нечто, что невольно притягивает вас.","dpl_met_eliza_leave4:Нет - не могу - это была шутка.
dpl_met_eliza_reply4:Да. Словно кто-то поет - только голос очень тихий.",
dpl_ElizaLeave4,DialogOptionSelected,$option == dpl_met_eliza_leave4,"EndConversation
$global.rejectedEliza = true 60",,,
dpl_ElizaIntro5,DialogOptionSelected,$option == dpl_met_eliza_reply4,ShowPersonVisual true eliza_lovelace,"Она кивает, и теперь вы наконец видите ее - и ее фиолетовые глаза, поразительно красивые. Вам кажется, будто в ее взгляде можно увидеть всю вселенную.

""Музыка объединяет нас."" Ее спокойный, мягкий голос вновь раздается в паузах. ""И только в исполнении я поняла истинные причины, по которым веду за собой: дело не во власти, а в долге.""

""Я вице-адмирал Элиза Лавлейс,"" говорит она. ""Директор Фазовой Лаборатории.""

Она смотрит вам прямо в глаза: ""Не хотите назвать свое имя?""",dpl_met_eliza_reply5:$playerName. Капитан $playerName.,
dpl_ElizaIntro6,DialogOptionSelected,$option == dpl_met_eliza_reply5,"AdjustRepPerson eliza_lovelace COOPERATIVE 5
$market.dpl_metEliza = true 
dpl_AddPotentialContact eliza_lovelace","""И в хоре мы, возможно, найдем возможности для подлинного величия."" Уголки ее губ поднимаются в улыбке, но глаза остаются серьезными. ""Капитан $playerName, буду ждать вас в своем кабинете.""",dpl_met_eliza_leave6:Уйти,
dpl_ElizaLeave6,DialogOptionSelected,$option == dpl_met_eliza_leave6,"ShowDefaultVisual
EndConversation",,,
dpl_Elizadev,PopulateOptions,"$global.isDevMode
$id == dpl_research_site_v",SetOptionColor dpl_devmetEliza gray,,dpl_devmetEliza:Сделать Элизу контактом,
dpl_ElizadevResult,DialogOptionSelected,$option == dpl_devmetEliza,"$market.dpl_metEliza = true
dpl_AddPotentialContact eliza_lovelace
EndConversation",,,
,,,,,,
# meet Ross,,,,,,
dpl_RevengeBlurbBar,dpl_Revenge_blurbBar,,,"Спейсер сидит в одиночестве за столом с пустым бокалом вина, выглядит мрачным и заметно потрясенным.",,
dpl_RevengeOptionBar,dpl_Revenge_optionBar,,SetOptionColor dpl_Revenge_startBar buttonShortcut,,dpl_Revenge_startBar:Узнать - что так сильно пугает этого спейсера.,
dpl_RevengeOfferTextBar,DialogOptionSelected,$option == dpl_Revenge_startBar,,"Когда вы садитесь рядом, $heOrShe даже не замечает вас. Взгляд $hisOrHer пуст, словно перед вами не живой человек, а ходячий труп.

""Пожалуйста..."" $heOrShe тянется к вам, но быстро одергивает себя и замолкает. Через несколько секунд $heOrShe встает и пытается перейти за другой стол.","dpl_Revenge_startBar2:Заказать спейсеру выпивку - чтобы успокоить $himOrHer.
dpl_Revenge_leaveBar:Возможно - $heOrShe просто не в настроении. Не мое дело.",
dpl_RevengeLeaveBar,DialogOptionSelected,$option == dpl_Revenge_leaveBar,EndConversation,,,
dpl_RevengeOfferTextBar2,DialogOptionSelected,$option == dpl_Revenge_startBar2,,"""...Спасибо, незнакомец,"" тихо говорит $heOrShe. ""Если не возражаешь...""

$HeOrShe выливает вино на пол: ""Это - за моих товарищей по экипажу.""

После этого $HeOrShe молча смотрит на винное пятно на полу.","dpl_Revenge_startBar3:Вылить свое вино на пол и заказать еще напитков.
dpl_Revenge_leaveBar:Покинуть стол - пока не влезли во что-то проблемное.",
dpl_RevengeOfferTextBar3,DialogOptionSelected,$option == dpl_Revenge_startBar3,,"""Не обязательно было,"" $heOrShe смотрит на вас. ""Но спасибо.""

Затем $HeOrShe чокается с вами: ""А это - за нас.""

После этого $HeOrShe допивает бокал.","dpl_Revenge_startBar4:Допить вино и спросить $himOrHer - что произошло.
dpl_Revenge_leaveBar:Допить вино и оставить $himOrHer в покое.",
dpl_RevengeOfferTextBar4,DialogOptionSelected,$option == dpl_Revenge_startBar4,,"""Это была трагедия,"" вздыхает $heOrShe. ""Я потерял(а) всех, всех до одного. Почему именно я? Почему выжил(а) я?""",dpl_Revenge_startBar5:Нет ничего плохого в том - что вы выжили. Теперь вы несете их волю.,
dpl_RevengeOfferTextBar5,DialogOptionSelected,$option == dpl_Revenge_startBar5,,"""Правда? Я просто бездушная пустая оболочка,"" говорит $heOrShe. ""Единственное, что у меня осталось, - жажда мести. Но я не могу ее осуществить. Тогда что вообще у меня осталось...?""",dpl_Revenge_startBar6:Если расскажете подробнее - я с радостью помогу.,
dpl_RevengeOfferTextBar6,DialogOptionSelected,$option == dpl_Revenge_startBar6,"$missionId = dpl_Revenge
SetTextHighlights  $dpl_Revenge_systemName $dpl_Revenge_dist","""Спасибо,"" $heOrShe начинает рассказывать довольно типичную историю. Если кратко: $heOrShe взял(а) контракт на награду от Фазовой Лаборатории, но в итоге провалился(лась). ""Если ты правда готов(а) рискнуть, лети в $dpl_Revenge_systemName, это в $dpl_Revenge_dist световых лет отсюда. Я потерял(а) корабль, но мой флот перед поражением уничтожил все их танкеры. Сейчас они должны застрять в той системе, ожидая топливо и припасы. Пожалуйста, поспеши, пока они не ушли.""

""У меня даже на бокал вина кредитов не осталось, но тот, кто отнял у меня все, нужен очень влиятельным людям из Фазовой Лаборатории,"" $heOrShe прочищает горло. ""Уверен(а), местные шишки щедро наградят тебя. Вот, я передам тебе часть своих учетных данных, чтобы они могли подтвердить твою связь с нашим флотом и все прошло проще.""","contact_acceptBar:Спасибо - спейсер. Теперь я знаю - куда лететь.
contact_declineBarNoContinue:Прости - мне нужно это хорошо обдумать.",
dpl_RevengeFoundPioneer,OpenInteractionDialog,"!$dpl_foundRevengeShip
$dpl_Revenge_pioneer score:100
$customType == wreck
Call $dpl_Revenge_ref updateData","$global.dpl_Revenge_founddata = true
Call $global.dpl_Revenge_ref updateStage","Вы обнаружили очень необычный исследовательский корабль, судя по всему выведенный из строя из-за нехватки снабжения. По внешнему виду можно понять, что раньше это был флагман того самого человека, который превратил жизнь того несчастного спейсера в кошмар.

Ваша спасательная команда приближается к мостику, чтобы найти журналы флота. Они подскажут местоположение того, что может заинтересовать Фазовую Лабораторию, если слова спейсера правдивы.",dpl_RevengeSalvage:Продолжить,
dpl_RevengeSalvage1,DialogOptionSelected,$option == dpl_RevengeSalvage,"unset $missionImportant
$dpl_foundRevengeShip = true","Когда ваша спасательная команда приближается к мостику, вы слышите слабый голос: ""Да здравствует Превосходство Хельхейма.""",dpl_RevengeSalvage1:Какое еще превосходство? Тут есть кто-то живой?,
dpl_RevengeSalvage2,DialogOptionSelected,$option == dpl_RevengeSalvage1,,"""Ты не один из нас,"" голос дрожит. ""И никогда о нас не узнаешь. Проклятый чужак... Уничтожил наши танкеры и оставил нас здесь.""

Голос замирает, а затем внезапно срывается: ""Во имя Превосходства!"" После этого слышен выстрел из гаусс-пистолета. На корабле становится тихо.",dpl_RevengeSalvage2:Продолжить,
dpl_RevengeSalvage3,DialogOptionSelected,$option == dpl_RevengeSalvage2,"AddTextSmall ""Получен зашифрованный накопитель данных"" highlight","Ваша спасательная команда входит на мостик. Кроме тела, единственным интересным объектом оказывается сильно зашифрованное хранилище данных.",dpl_RevengeSalvage3:Поручить техофицеру проверить его.,
dpl_RevengeSalvage4,DialogOptionSelected,$option == dpl_RevengeSalvage3,"Highlight ""Lab Factory"" ""Muspelheim""","Ваш техофицер и инженеры попытались расшифровать базу данных, но безуспешно. Однако им удалось восстановить последнюю точку, которую посещал этот корабль. Это Lab Factory в системе Muspelheim. Лучше отправиться туда как можно скорее, пока Фазовая Лаборатория не потеряла интерес к этому делу.",dpl_RevengeSalvage4:Продолжить,
dpl_RevengeSalvage5,DialogOptionSelected,$option == dpl_RevengeSalvage4,"ShowDefaultVisual
$salvageLeaveText = Leave 0
FireBest CheckSalvageSpecial",,,
dpl_RossIntro,OpenInteractionDialog,"$id == dpl_factory score:1000
$global.dpl_Revenge_founddata
!$dpl_metRoss",ShowImageVisual industrial_megafacility,"Когда ваш флот швартуется в доке, несколько агентов окружают ваш корабль. Офицер сообщает, что сканеры обнаружили на борту подозрительный груз, и требуется немедленная инспекция.",dpl_RevengeRoss:Объяснить - что такая проверка нарушает ваши права.,
dpl_RossIntro1,DialogOptionSelected,$option == dpl_RevengeRoss,,"Офицер на мгновение замолкает, но возражает: ""В обычных обстоятельствах вы были бы правы, капитан. Мы уважаем ваши права, однако в данном случае проверка необходима по следующим причинам...""

Далее следует долгий и утомительный монолог, и уже на второй минуте вы перестаете вникать.",dpl_RevengeRoss1:Давайте проще. Я не хочу - чтобы вы досматривали мой корабль.,
dpl_RossIntro2,DialogOptionSelected,$option == dpl_RevengeRoss1,,"В голосе офицера начинает звучать раздражение: ""Вы не можете отказаться. Предупреждаю в последний раз: прошу подчиниться и пройти досмотр.""

Когда обстановка накаляется, строй агентов прорывает офицер высокого ранга и кричит: ""Довольно! Лейтенант-коммандер, ваш приказ отменен. Свободны!""

Агенты отходят вместе с офицером, требовавшим досмотра. Старший офицер коротко и вежливо извиняется перед вами, затем приглашает на конфиденциальную встречу: шаттл уже готов. Он отказывается раскрывать личность того, кто хочет вас видеть, но намекает, что это очень важная персона.",dpl_RevengeRoss2:Сесть в шаттл.,
dpl_RossIntro3,DialogOptionSelected,$option == dpl_RevengeRoss2,ShowPersonVisual true ross_higgs,"Шаттл приземляется, вас приводят в небольшой кабинет. К вашему удивлению, перед вами сидит Росс Хиггс, глава инженерного департамента Фазовой Лаборатории. Она приказывает всем, кроме вас, выйти.",dpl_RevengeRoss3:Итак - зачем вы меня сюда привели?,
dpl_RossIntro4,DialogOptionSelected,$option == dpl_RevengeRoss3,,"""Сразу к делу, да, капитан $playerName? Тогда не будем терять время."" Она вздыхает: ""Мы оба знаем, зачем вы здесь. У вас при себе крайне конфиденциальное хранилище данных.

Прежде всего, спасибо вам. В конце концов, вы решили принести его сюда, а это упростит нам жизнь. А теперь скажите, что вы хотите взамен?""","dpl_RevengeRoss4:Что вы можете предложить?
dpl_RevengeRoss4A:Вы говорите так - будто уверены - что я пришел(пришла) отдать это вам.",
dpl_RossIntro4A,DialogOptionSelected,$option == dpl_RevengeRoss4A,,"""Что ж, капитан."" Она смотрит на вас, нахмурившись: ""Вы проделали весь путь сюда, глубоко на территорию Фазовой Лаборатории, лично. Боюсь, ваш единственный разумный выбор - принять мою ""щедрость"", пока мы еще разговариваем вежливо.""",dpl_RevengeRoss4:Что вы можете предложить?,
dpl_RossIntro5,DialogOptionSelected,$option == dpl_RevengeRoss4,"SetStoryOption dpl_RevengeRoss5A general ""Asked Ross for more credits.""","""Давайте просто. 150,000 кредитов за модуль данных и ваше молчание."" Она тянется к документам: ""Принимаете?""","dpl_RevengeRoss5:Сделка.
dpl_RevengeRoss5A:Похоже - для вас это стоит куда больше.",
dpl_RossIntro5A,DialogOptionSelected,$option == dpl_RevengeRoss5A,AddCredits 100000,"Хиггс усмехается: ""Вижу, за дурака вас не примешь. Ладно, я и сама не люблю долгий торг. Позвольте на этот раз показать свою честность."" Она быстро меняет цифры в Tri-Pad: ""250,000 кредитов. Последнее предложение.""",dpl_RevengeRoss5:Сделка.,
dpl_RossIntro6,DialogOptionSelected,$option == dpl_RevengeRoss5,"AddTextSmall ""Потерян зашифрованный накопитель данных"" highlight
AddCredits 150000
AdjustRepPerson ross_higgs  COOPERATIVE 5
AdjustRep dpl_phase_lab COOPERATIVE 5","""Хороший выбор, капитан $playerName,"" она прочищает горло. ""Спасибо за сотрудничество.""",dpl_RevengeRoss6:Так что именно в этом хранилище данных?,
dpl_RossIntro7,DialogOptionSelected,$option == dpl_RevengeRoss6,,"Хиггс приподнимает бровь, будто вы задали слишком очевидный вопрос: ""Украденная информация из Lab Factory."" Она вздыхает: ""Это все, что я могу сказать.""",dpl_RevengeRoss7:Как ее вообще смогли украсть?,
dpl_RossIntro8,DialogOptionSelected,$option == dpl_RevengeRoss7,,"""В Фазовой Лаборатории все хотят служить во флоте, но никто не хочет быть морпехом."" Она закрывает глаза: ""Поэтому департамент безопасности не смог выделить нам достаточно персонала охраны.""",dpl_RevengeRoss8:Морпехи - значит? Я мог(ла) бы с этим помочь.,
dpl_RossIntro9,DialogOptionSelected,$option == dpl_RevengeRoss8,"$dpl_metRoss = true 
dpl_AddPotentialContact ross_higgs
SetPersonHidden ross_higgs false","Хиггс смотрит на вас с интересом. ""Правда? Мы всегда ищем морпехов. Если сможете их нам поставлять, это будет взаимовыгодное сотрудничество.""

Росс Хиггс передает вам свои контактные данные и возвращается к теме: ""В любом случае, я рада, что вы сотрудничаете."" Она смотрит на вас и отправляет ключ шифрования: ""С ним вы сможете напрямую связаться с моим кабинетом или зайти лично. Возможно, у меня будут интересные задания, когда мы решим проблему нехватки морпехов.""",dpl_RevengeRoss9:Понял(а).,
dpl_RossIntro10,DialogOptionSelected,$option == dpl_RevengeRoss9,$global.dpl_Revenge_completed = true,"""А теперь мне нужно вернуться к работе."" Она вздыхает: ""Рада была поговорить, капитан $playerName. Берегите себя."" Пора уходить.",cutCommLink:Уйти.,
dpl_Rossdev,PopulateOptions,"$global.isDevMode
$id == dpl_factory",SetOptionColor dpl_devmetRoss gray,,dpl_devmetRoss:Сделать Росс контактом,
dpl_RossdevResult,DialogOptionSelected,$option == dpl_devmetRoss,"$dpl_metRoss = true
dpl_AddPotentialContact ross_higgs
SetPersonHidden ross_higgs false
EndConversation",,,
,,,,,,
# Ross at different attitudes,,,,,,
dpl_RossGreeting,PickGreeting,"$id == ross_higgs
$rel > 0.01
$rel <0.11","ShowPersonVisual
FireAll PopulateOptions","На ваш запрос связи пришел автоматический ответ: ""Добро пожаловать, капитан $playerName. Контр-адмирал Росс Хиггс готова вас принять. Пожалуйста, обсуждайте все вопросы лично."" Поэтому вы отправились к ее кабинету на шаттле.

Росс открывает дверь: ""О, это вы, капитан $playerName, рада вас видеть. Что привело вас сюда?""",dpl_ross_greeting_leave:Уйти,
dpl_RossGreetingLeave,DialogOptionSelected,$option == dpl_ross_greeting_leave,"ShowDefaultVisual
EndConversation",,,
dpl_RossFavorable,PickGreeting,"$id == ross_higgs
$rel > 0.1
$rel < 0.31","ShowPersonVisual
FireAll PopulateOptions","На ваш запрос связи пришел автоматический ответ: ""Добро пожаловать, капитан $playerName. Контр-адмирал Росс Хиггс готова вас принять. Пожалуйста, обсуждайте все вопросы лично."" Поэтому вы отправились к ее кабинету на шаттле.

Росс открывает дверь и глубоко вздыхает: ""Рада вас видеть, капитан $playerName. Приятно сделать паузу и поговорить с вами. Что хотите обсудить?""",dpl_ross_favorable_leave:Уйти,
dpl_RossFavorableLeave,DialogOptionSelected,$option == dpl_ross_favorable_leave,"ShowDefaultVisual
EndConversation",,,
dpl_RossWelcoming,PickGreeting,"$id == ross_higgs
$rel > 0.3
$rel < 0.61","ShowPersonVisual
FireAll PopulateOptions","На ваш запрос связи пришел автоматический ответ: ""Добро пожаловать, капитан $playerName. Контр-адмирал Росс Хиггс готова вас принять. Пожалуйста, обсуждайте все вопросы лично."" Поэтому вы отправились к ее кабинету на шаттле.

Росс открывает дверь и машет вам рукой: ""Здравствуйте, $playerName, рада вас видеть. Чем могу помочь?""",dpl_ross_welcoming_leave:Уйти,
dpl_RossWelcomingLeave,DialogOptionSelected,$option == dpl_ross_welcoming_leave,"ShowDefaultVisual
EndConversation",,,
dpl_RossFriendly,PickGreeting,"$id == ross_higgs
$rel > 0.6
$rel < 0.81","ShowPersonVisual
FireAll PopulateOptions","На ваш запрос связи пришел автоматический ответ: ""Добро пожаловать, капитан $playerName. Контр-адмирал Росс Хиггс готова вас принять. Пожалуйста, обсуждайте все вопросы лично."" Поэтому вы отправились к ее кабинету на шаттле.

Росс открывает дверь. На миг она выглядит напряженной, но, увидев вас, расслабляется. Она улыбается, хотя, как обычно, выглядит уставшей: ""Привет, $playerName, как дела? Присаживайтесь.""",dpl_ross_friendly_leave:Уйти,
dpl_RossFriendlyLeave,DialogOptionSelected,$option == dpl_ross_friendly_leave,"ShowDefaultVisual
EndConversation",,,
dpl_RossCooperative,PickGreeting,"$id == ross_higgs
$rel > 0.8
$rel < 1","ShowPersonVisual
FireAll PopulateOptions","На ваш запрос связи пришел автоматический ответ: ""Добро пожаловать, капитан $playerName. Контр-адмирал Росс Хиггс готова вас принять. Пожалуйста, обсуждайте все вопросы лично."" Поэтому вы отправились к ее кабинету на шаттле.

Росс открывает дверь и приветствует вас с улыбкой: ""Вы пришли, $playerName. Это сделало мой день лучше. Если я могу чем-то помочь, просто скажите.""",dpl_ross_cooperative_leave:Уйти,
dpl_RossCooperativeLeave,DialogOptionSelected,$option == dpl_ross_cooperative_leave,"ShowDefaultVisual
EndConversation",,,
,,,,,,
#Things you can ask Ross at different attitudes.,,,,,,
dpl_RossAskCommCheck,PopulateOptions,"$id == ross_higgs
$rel > 0.06
!$market.dpl_asked_comm",,,dpl_ask_comm:Почему у вас нет публичной линии связи?,
dpl_RossAskComm,DialogOptionSelected,$option == dpl_ask_comm,"ShowPersonVisual
$market.dpl_asked_comm = true","""Потому что инженерный департамент не должен взаимодействовать с теми, кто не относится к Фазовой Лаборатории."" Росс вздыхает: ""У каждого из нас свои обязанности, и для меня важнее сосредоточиться на миссии, чем общаться с посторонними.""",dpl_ask_comm2:Тогда почему вы вообще хотите говорить со мной?,
dpl_RossAskComm2,DialogOptionSelected,$option == dpl_ask_comm2,ShowPersonVisual,"""Вы просто хотите услышать слова, которые выставят вас в хорошем свете? Ладно, подыграю: дело в ваших действиях."" Росс улыбается: ""Какой бы ни была ваша мотивация, вы вернули это хранилище данных. Это имеет большое значение, и поэтому я считаю вас способным и надежным партнером.""",dpl_ask_comm3:Похоже - у вас много секретов.,
dpl_RossAskComm3,DialogOptionSelected,$option == dpl_ask_comm3,ShowPersonVisual,"""Секреты есть у всех, верно?"" Росс вздыхает: ""Думаю, вы подняли эту тему не просто так. Перейдем к сути: чего вы хотите?""","dpl_ask_comm4:Ничего. Просто хотел(а) сказать - чтобы вы берегли себя. Это явно непростая работа.
dpl_ask_comm5:Вообще-то сейчас мне нечего обсуждать.",
dpl_RossAskComm4,DialogOptionSelected,$option == dpl_ask_comm4,"ShowPersonVisual
AdjustRepPerson ross_higgs COOPERATIVE 2","""С.. спасибо?"" Росс на секунду запинается, затем имитирует кашель и берет себя в руки. ""Прошу прощения. Я... не привыкла к такому дружелюбному тону. Я думала, вы пытаетесь что-то выторговать."" Росс выглядит удивленной, ей требуется время, чтобы собраться с мыслями. ""Спасибо, что беспокоитесь о моем самочувствии. Это... это все, что вы хотели обсудить?""",dpl_ask_comm5:Да - на этом пока все.,
dpl_RossAskComm5,DialogOptionSelected,$option == dpl_ask_comm5,ShowPersonVisual,"""Хорошо, хорошо. Раз все необходимое мы обсудили,"" Росс возвращается к своему датападу. ""Мне нужно вернуться к работе. Спасибо, что заглянули, капитан $playerName.""",dpl_ross_greeting_leave:Тогда до встречи.,
dpl_RossAskMissionCheck,PopulateOptions,"$id == ross_higgs
$rel > 0.15
!$market.dpl_asked_mission",,,dpl_ask_mission:Чем занимается инженерный департамент?,
dpl_RossAskMission,DialogOptionSelected,$option == dpl_ask_mission,"ShowPersonVisual
$market.dpl_asked_mission = true","""Строит и обслуживает корабли, вооружение, оборудование и все такое для Фазовой Лаборатории."" Росс улыбается: ""Просто, не так ли?""",dpl_ask_mission2:Звучит слишком просто. Любой завод может строить корабли - а любой космопорт - чинить их.,
dpl_RossAskMission2,DialogOptionSelected,$option == dpl_ask_mission2,ShowPersonVisual,"""Что ж, вы явно хорошо понимаете, как это все устроено."" Росс вздыхает: ""И, полагаю, вы хотите спросить: как выполнение таких ""простых"" задач позволило нам стать одним из трех главных департаментов Фазовой Лаборатории? Я права, капитан $playerName?""",dpl_ask_mission3:Именно. Расскажете - какая история за этим стоит?,
dpl_RossAskMission3,DialogOptionSelected,$option == dpl_ask_mission3,ShowPersonVisual,"""Все ради науки и знаний."" Росс улыбается: ""Как исследовательский институт, мы видим свою главную миссию в поиске новых знаний и их применении. Чтобы эта миссия была успешной, с самых ранних дней мы выстроили структуру из трех ключевых департаментов.""

""Роль исследовательского департамента - добывать новые знания, а роль департамента безопасности - защищать эти знания и наших людей."" Росс смотрит на вас: ""А инженерный департамент использует накопленные знания, чтобы создавать клинки и щиты, продвигающие наши цели. Цикл довольно понятный, не так ли? Исследовать, защищать, внедрять, повторять.""","dpl_ask_mission4:Похоже - я недооценивал(а) инженерный департамент.
dpl_ask_mission6:То есть вы руководите заводом?",
dpl_RossAskMission4,DialogOptionSelected,$option == dpl_ask_mission4,"ShowPersonVisual
AdjustRepPerson ross_higgs COOPERATIVE 5","""Ха! Вот именно. И я рада, что хоть кто-то наконец понял мою мысль!"" Росс выглядит заметно воодушевленной: ""Знание - величайшее наследие, которое мы получаем, и самый священный дар. Мы обязаны его беречь ради тех, кто придет после нас.""","dpl_ask_mission5:И производство - тоже важный - хоть и тяжелый - долг.
dpl_ask_mission7:Понимаю - спасибо - что поделились.",
dpl_RossAskMission5,DialogOptionSelected,$option == dpl_ask_mission5,"ShowPersonVisual
AdjustRepPerson ross_higgs COOPERATIVE 3","""Значит, вы это понимаете. Рада, что вы глубже, чем кажетесь на первый взгляд, капитан $playerName."" Росс выглядит довольной: ""Производство - почти священный труд. Мы обязаны всегда соблюдать строгость, определенность и точность. И важно относиться к этой строгости с уважением.""",dpl_ask_mission7:Спасибо - что просветили меня.,
dpl_RossAskMission6,DialogOptionSelected,$option == dpl_ask_mission6,ShowPersonVisual,"""Да, более или менее. Поддерживать работу Lab Factory - действительно мой главный приоритет."" Росс вздыхает: ""И если это все, что вы хотели обсудить, мне придется вернуться к работе.""",dpl_ross_favorable_leave:Хорошо. Тогда до встречи.,
dpl_RossAskMission7,DialogOptionSelected,$option == dpl_ask_mission7,ShowPersonVisual,"""Пожалуйста, капитан $playerName. Рада, что вы смогли понять нашу миссию."" Росс улыбается: ""А теперь, если это все, мне нужно возвращаться к работе.""",dpl_ross_favorable_leave:Хорошо. Тогда до встречи.,
dpl_RossAskWhyLabCheck,PopulateOptions,"$id == ross_higgs
$rel > 0.45
!$market.dpl_asked_whyLab",,,dpl_ask_whyLab:Как вы пришли к этой должности?,
dpl_RossAskWhyLab,DialogOptionSelected,$option == dpl_ask_whyLab,"ShowPersonVisual
$market.dpl_asked_whyLab = true","""Ну, капитан $playerName, это длинная история."" Росс улыбается, будто получила повод немного отдохнуть от работы: ""Вообще-то я закончила здешнюю академию как инженерный офицер в звании капитана. И моим наставником был вице-адмирал Владимир Васильев.""",dpl_ask_whyLab2:Васильев? Неожиданно.,
dpl_RossAskWhyLab2,DialogOptionSelected,$option == dpl_ask_whyLab2,ShowPersonVisual,"""Я участвовала в строительстве того загадочного корабля - фазового линкора класса Vibraphone. А затем меня повысили до Командующего флотом за создание нового типа реактора для его энергопитания."" Гордость в ее голосе ощутима: ""К моменту развертывания в Персеанском Секторе меня повысили до адмирала флотилии. Но сразу после повышения я ушла в криосон. Тогда это ощущалось как насмешка судьбы, хотя, если оглянуться назад, возможно, так было даже лучше.""",dpl_ask_whyLab3:Вы уже тогда были главой департамента?,
dpl_RossAskWhyLab3,DialogOptionSelected,$option == dpl_ask_whyLab3,ShowPersonVisual,"""Нет, тогда департамент возглавлял другой уважаемый исследователь."" Росс вздыхает: ""Он получил статус ""пропал без вести в бою"" после того, как тот крупный дрон-линкор протаранил наш флагман при первом прибытии в систему Muspelheim, в той эпической битве за наше поселение.""",dpl_ask_whyLab4:Продолжить.,
dpl_RossAskWhyLab4,DialogOptionSelected,$option == dpl_ask_whyLab4,ShowPersonVisual,"""Это часть нашей истории, и я сама не знала об этом, пока меня не разбудили спустя десятилетия."" В ее голосе слышится печаль: ""Вице-адмирал Элиза Лавлейс вывела меня из криосна уже после того, как мы обосновались в системе. Хотелось бы мне быть там тогда.""",dpl_ask_whyLab5:И что было дальше?,
dpl_RossAskWhyLab5,DialogOptionSelected,$option == dpl_ask_whyLab5,ShowPersonVisual,"""После пробуждения я увидела, что инженерный департамент понес огромные потери."" Росс вздыхает: ""Так что, естественно, я оказалась выжившим сотрудником инженерного департамента с самым высоким званием. И мне пришлось взять руководство на себя, чтобы департамент продолжал работать.""",dpl_ask_whyLab6:Вот так вы и стали главой департамента.,
dpl_RossAskWhyLab6,DialogOptionSelected,$option == dpl_ask_whyLab6,ShowPersonVisual,"""Да, а затем меня повысили до звания контр-адмирала после успеха в разработке ряда продвинутых вооружений."" Росс улыбается: ""Вот и вся моя история. Наверняка не такая захватывающая, как вы ожидали.""",dpl_ask_whyLab7:Спасибо - что поделились!,
dpl_RossAskWhyLab7,DialogOptionSelected,$option == dpl_ask_whyLab7,ShowPersonVisual,"""Пожалуйста, капитан $playerName."" Росс возвращается к датападу: ""Если вы довольны, мне нужно вернуться к работе.""",dpl_ross_welcoming_leave:Хорошо. Тогда до встречи.,
dpl_RossAskHairCheck,PopulateOptions,"$id == ross_higgs
$rel > 0.7
!$market.dpl_asked_hair",,,dpl_ask_hair:Привет - Росс - почему у вас белые волосы?,
dpl_RossAskHair,DialogOptionSelected,$option == dpl_ask_hair,"ShowPersonVisual
$market.dpl_asked_hair = true","""Думаю, из-за нагрузки. Когда я уходила в криосон, у меня были светлые волосы."" Росс вздыхает: ""Вскоре после пробуждения и назначения главой инженерного департамента цвет начал быстро выцветать, буквально за десяток лет. У меня почти не было времени ни на что, кроме работы.""","dpl_ask_hair2:Жаль это слышать. Но - по-моему - вам очень идет.
dpl_ask_hair3:Я думал(а) - вы специально покрасились в белый.",
dpl_RossAskHair2,DialogOptionSelected,$option == dpl_ask_hair2,"ShowPersonVisual
AdjustRepPerson ross_higgs COOPERATIVE 2","""О...?"" Росс тихо усмехается, немного сбитая с толку, но польщенная. ""Ну, спасибо, капитан $playerName."" Росс улыбается: ""Но надеюсь, вы не думаете, что лестью добьетесь от меня поблажек."" Так она говорит, но выражение лица выдает обратное.",dpl_ask_hair4:Пожалуйста.,
dpl_RossAskHair3,DialogOptionSelected,$option == dpl_ask_hair3,ShowPersonVisual,"""Если бы это было так."" Росс горько улыбается: ""Я бы с куда большей радостью выкроила время хотя бы на сон. Даже один час был бы роскошью.""",dpl_ask_hair5:Похоже - вам действительно непросто...,
dpl_RossAskHair4,DialogOptionSelected,$option == dpl_ask_hair4,ShowPersonVisual,"""Рада, что вы зашли и поговорили со мной."" Росс машет вам рукой: ""До следующей встречи, капитан $playerName.""",dpl_ross_friendly_leave:До следующей встречи.,
dpl_RossAskHair5,DialogOptionSelected,$option == dpl_ask_hair5,ShowPersonVisual,"""Ничего не поделаешь. Но я рада, что вы заглянули и поболтали со мной. Будь у меня за последнее десятилетие коллега вроде вас, возможно, волосы были бы не такими белыми."" Росс машет вам рукой: ""До следующей встречи, капитан $playerName.""",dpl_ross_friendly_leave:До следующей встречи.,
dpl_RossAskHobbyCheck,PopulateOptions,"$id == ross_higgs
$rel > 0.9
!$market.dpl_asked_hobby",,,dpl_ask_hobby:Росс - как вы относитесь к ИИ-ядрам?,
dpl_RossAskHobby,DialogOptionSelected,$option == dpl_ask_hobby,"ShowPersonVisual
$market.dpl_asked_hobby = true","""Хм. Думаю, это удивительные духи, рожденные из божественной определенности и точности."" Росс улыбается: ""Я отношусь к ним с уважением, и мне действительно нравится двоичный язык, которым они пользуются.""",dpl_ask_hobby2:Вы используете двоичный язык?,
dpl_RossAskHobby2,DialogOptionSelected,$option == dpl_ask_hobby2,ShowPersonVisual,"""Да, конечно. Вы знакомы с ним, капитан? Есть много вариантов, но чаще всего двоичные коды из 1 и 0 - это как наши буквы, а их шаблоны - как слова и предложения."" Она говорит с явным энтузиазмом: ""Например, в официальном двоичном представлении Доминиона Человечества 01010010 обозначает букву R.""",dpl_ask_hobby3:Хм. Сегодня узнал(а) что-то новое.,
dpl_RossAskHobby3,DialogOptionSelected,$option == dpl_ask_hobby3,ShowPersonVisual,"""Интересно, правда? Для меня двоичный язык - живой пример той определенности и точности, которые я ценю. Логику можно увидеть прямо в самих шаблонах."" Росс улыбается: ""Например, возьмем официальное двоичное представление Доминиона Человечества. 01000001 - это A, 01000010 - это B, 01000011 - это C, 01000100 - это D. Теперь можно просто посмотреть на закономерность и угадать, что обозначает G.""","dpl_ask_hobby4:01000111 обозначает G.
dpl_ask_hobby5:01000101 обозначает G.
dpl_ask_hobby6:Я без понятия...",
dpl_RossAskHobby4,DialogOptionSelected,$option == dpl_ask_hobby4,"ShowPersonVisual
AdjustRepPerson ross_higgs COOPERATIVE 3","""Отлично!"" В ее голосе слышится удивление: ""Я впечатлена, что вы тоже знаете двоичный язык, капитан $playerName. Возможно, вас удивит, но в нынешнем секторе таких людей мало. Многие умеют пилотировать космические корабли - передовые технологии, - но не знают, как работает двоичный код - довольно древний язык. Забавно, не правда ли?""",dpl_ask_hobby7:И правда...,
dpl_RossAskHobby5,DialogOptionSelected,$option == dpl_ask_hobby5,ShowPersonVisual,"""Очень близко. 01000101 на самом деле обозначает E - это видно по наблюдаемому шаблону."" Росс смотрит на вас: ""Но хорошая попытка! Впечатляет уже то, что вы не боитесь работать с двоичными выражениями. Уверена, если уделите этому больше времени, у вас будет отлично получаться!""",dpl_ask_hobby7:Спасибо за поддержку.,
dpl_RossAskHobby6,DialogOptionSelected,$option == dpl_ask_hobby6,ShowPersonVisual,"""Ха..."" Росс вздыхает: ""Прошу прощения. Знание двоичного языка в наши дни редкость. Возможно, я слишком увлеклась этой темой. Но если вернуться к сути, эти ИИ-ядра достаточно великодушны, чтобы общаться с нами на нашем языке.""",dpl_ask_hobby7:Это правда. Кто вообще станет говорить с ИИ на одних единицах и нулях?,
dpl_RossAskHobby7,DialogOptionSelected,$option == dpl_ask_hobby7,ShowPersonVisual,"""В любом случае, таково мое отношение к ИИ-ядрам."" Росс улыбается: ""Я считаю их духами в механических телах. Я уважаю их и люблю у них учиться.""",dpl_ask_hobby8:Приятно это знать. Спасибо!,
dpl_RossAskHobby8,DialogOptionSelected,$option == dpl_ask_hobby8,ShowPersonVisual,"""Рада, что вы заглядываете и иногда поднимаете интересные темы, а не приходите только по делам. Заходите почаще!"" Росс машет вам рукой: ""До следующей встречи, капитан $playerName.""",dpl_ross_cooperative_leave:До следующей встречи.,
,,,,,,
#Ask Ross for ships,,,,,,
dpl_RestrictedBPCheck,PopulateOptions,"$id == ross_higgs
$rel > 0.6
$faction.relValue >= 0.8
$faction.id == dpl_phase_lab",,,dpl_RestrictedBP:Спросить Росс о покупке чертежей кораблей.,
dpl_RestrictedBPAnswer,DialogOptionSelected,$option == dpl_RestrictedBP,FireAll dpl_BPOptions,"""О, дайте посмотреть: у нас действительно есть несколько ограниченных чертежей кораблей эпохи Доминиона. Производство этих кораблей строго регулируется комитетом, потому что они слишком прожорливы по ресурсам."" Она тянется к документам: ""Но поскольку у нас сотрудничество, я могу выдать вам авторизацию как независимому производителю, если вы соответствуете требованиям и готовы оплатить ее в кредитах. Сейчас отправлю вам список таких кораблей, а вы решите.""",,
dpl_RestrictedBPNoMore,dpl_BPOptions,,,,dpl_RestrictedBPNoMore:Сейчас больше нет доступных авторизаций. (Уйти),
dpl_RestrictedBPNoMore1,DialogOptionSelected,$option == dpl_RestrictedBPNoMore,,"""Понятно,"" она смотрит на вас: ""Всегда заходите и спрашивайте, возможно, в следующий раз у нас найдется что-то интересное для вас.""",dpl_RestrictedBPNoMore1:Тогда до встречи!,
dpl_RestrictedBPNoMore2,DialogOptionSelected,$option == dpl_RestrictedBPNoMore1,"ShowDefaultVisual
EndConversation",,,
dpl_RestrictedBPAulochrome,dpl_BPOptions,"$id == ross_higgs
$rel > 0.9
!$gotAulochrome",,,dpl_RestrictedBPAulochrome:Спросить об авторизации на Aulochrome.,
dpl_RestrictedBPAulochrome1,DialogOptionSelected,$option == dpl_RestrictedBPAulochrome,"Highlight ""1,000,000""
DoCanAffordCheck 1000000 dpl_RestrictedBPAulochromeYes false","""Aulochrome, верно? Сейчас проверю,"" она делает несколько касаний в датападе: ""Мощный линкор, хороший выбор. Для авторизации нужно 1,000,000 кредитов. Вас устраивает?""","dpl_RestrictedBPAulochromeYes:Да - меня устраивает.
dpl_RestrictedBPNo:Дайте мне еще немного времени - чтобы обдумать это.",
dpl_RestrictedBPNo,DialogOptionSelected,$option == dpl_RestrictedBPNo,FireAll dpl_BPOptions,"""Без проблем,"" она снова отправляет вам список: ""Вас интересует что-то еще?""",,
dpl_RestrictedBPAulochromeYes,DialogOptionSelected,$option == dpl_RestrictedBPAulochromeYes,"AddCredits -1000000
$gotAulochrome = true
AddRemoveAnyItem SPECIAL ship_bp dpl_aulochrome 1
FireAll dpl_BPOptions","""Хороший выбор, сейчас выдам авторизацию,"" она вызывает офицера, подписывает несколько документов, и офицер уносит бумаги.

Она улыбается, хоть и выглядит усталой: ""Итак, вас интересует что-то еще?""",,
dpl_RestrictedBPCimbasso,dpl_BPOptions,"$id == ross_higgs
$rel > 0.75
!$gotCimbasso",,,dpl_RestrictedBPCimbasso:Спросить об авторизации на Cimbasso.,
dpl_RestrictedBPCimbasso1,DialogOptionSelected,$option == dpl_RestrictedBPCimbasso,"Highlight ""800,000""
DoCanAffordCheck 800000 dpl_RestrictedBPCimbassoYes false","""Cimbasso, верно? Сейчас проверю,"" она делает несколько касаний в датападе: ""Мощный авианосец, хороший выбор. Для авторизации нужно 800,000 кредитов. Подходит?""","dpl_RestrictedBPCimbassoYes:Да - меня устраивает.
dpl_RestrictedBPNo:Дайте мне еще немного времени - чтобы обдумать это.",
dpl_RestrictedBPCimbassoYes,DialogOptionSelected,$option == dpl_RestrictedBPCimbassoYes,"AddCredits -800000
$gotCimbasso = true
AddRemoveAnyItem SPECIAL ship_bp dpl_cimbasso 1
FireAll dpl_BPOptions","""Хороший выбор, сейчас выдам авторизацию,"" она вызывает офицера, подписывает несколько документов, и офицер уносит бумаги.

Она улыбается, хоть и выглядит усталой: ""Итак, вас интересует что-то еще?""",,
dpl_RestrictedBPLabTransport,dpl_BPOptions,"$id == ross_higgs
$rel > 0.75
!$gotLabTransport",,,dpl_RestrictedBPLabTransport:Спросить об авторизации на Lab Transport.,
dpl_RestrictedBPLabTransport1,DialogOptionSelected,$option == dpl_RestrictedBPLabTransport,"Highlight ""500,000""
DoCanAffordCheck 500000 dpl_RestrictedBPLabTransportYes false","""Lab Transport, верно? Сейчас проверю,"" она делает несколько касаний в датападе: ""Отличный логистический корабль, хороший выбор. Для авторизации нужно 500,000 кредитов, подходит?""","dpl_RestrictedBPLabTransportYes:Да - меня устраивает.
dpl_RestrictedBPNo:Дайте мне еще немного времени - чтобы обдумать это.",
dpl_RestrictedBPLabTransportYes,DialogOptionSelected,$option == dpl_RestrictedBPLabTransportYes,"AddCredits -500000
$gotLabTransport = true
AddRemoveAnyItem SPECIAL ship_bp dpl_lab_transport 1
FireAll dpl_BPOptions","""Хороший выбор, сейчас выдам авторизацию,"" она вызывает офицера, подписывает несколько документов, и офицер уносит бумаги.

Она улыбается, хоть и выглядит усталой: ""Итак, вас интересует что-то еще?""",,
dpl_RestrictedBPStation,dpl_BPOptions,"$id == ross_higgs
$rel > 0.8
$faction.relValue >= 0.5
$faction.id == dpl_phase_lab
!$gotStation",,,dpl_RestrictedBPStation:Спросить об авторизации на станции Фазовой Лаборатории.,
dpl_RestrictedBPStation1,DialogOptionSelected,$option == dpl_RestrictedBPStation,"Highlight ""1,000,000""
DoCanAffordCheck 1000000 dpl_RestrictedBPStationYes false","""О! Значит, вас интересуют наши особые платформы космической обороны."" Она делает несколько касаний в датападе: ""Вы отмечены как VIP. Нужно лишь оформить несколько форм для авторизации. Правда, потребуется 1,000,000 кредитов. Как вам такое?""","dpl_RestrictedBPStationYes:Да - меня устраивает.
dpl_RestrictedBPNo:Дайте мне еще немного времени - чтобы обдумать это.",
dpl_RestrictedBPStationYes,DialogOptionSelected,$option == dpl_RestrictedBPStationYes,"AddCredits -1000000
$gotStation = true
$player.dpl_CanBuildStation = true
AddTextSmall ""Изучено строительство станций Phase Lab."" highlight
FireAll dpl_BPOptions","""Хороший выбор, сейчас выдам авторизацию,"" она вызывает офицера, подписывает несколько документов, и офицер уносит бумаги.

Она улыбается, хоть и выглядит усталой: ""Итак, вас интересует что-то еще?""",,
dpl_RestrictedSacraMachina,dpl_BPOptions,"$id == ross_higgs
$rel > 0.95
$global.dpl_get_sacra_machina",,,dpl_RestrictedSacraMachina:Спросить о легендарном уникальном корабле.,
dpl_RestrictedSacraMachina1,DialogOptionSelected,$option == dpl_RestrictedSacraMachina,"Highlight ""1,000,000""
DoCanAffordCheck 1000000 dpl_RestrictedSacraMachinaYes false","""А-а, значит, наши простые игрушки вас уже не устраивают, да? Что ж, посмотрим, какой корабль я могу вам предложить, мой дорогой капитан."" Росс смотрит на вас и улыбается: ""Выбор непростой, но я верю, что это правильное решение. Вот, это мой бывший флагман - DPLS Sacra Machina. Я установила на нее все лучшие улучшения, которые смогла сделать, еще после той эпической битвы.""

Росс представляет вам экзотический боевой крейсер дредноутного размера: ""Верю, что в ваших руках она лучше выполнит свое высшее предназначение - сохранять знания для человечества. Если она вам достаточно интересна, я готова передать командование за 1,000,000 кредитов - честная цена с учетом всех модернизаций.""","dpl_RestrictedSacraMachinaYes:Спасибо за щедрое предложение - она исполнит свое предназначение.
dpl_RestrictedBPNo:Дайте мне еще немного времени - чтобы обдумать это.",
dpl_RestrictedSacraMachinaYes,DialogOptionSelected,$option == dpl_RestrictedSacraMachinaYes,"AddCredits -1000000
unset $global.dpl_get_sacra_machina","""Я в этом не сомневаюсь. Но слова не нужны. Покажите, на что вы способны."" Она встает и отдает салют ВМС Доминиона: ""Во имя науки и знания.""",dpl_RestrictedSacraMachinaYes1:Я отдам свою жизнь ради сохранения знаний человечества.,
dpl_RestrictedSacraMachinaYes1,DialogOptionSelected,$option == dpl_RestrictedSacraMachinaYes1,"dpl_colony_CMD giveSacraMachina
FireAll dpl_BPOptions","""Я рада, что вы все еще помните мою команду в той эпической битве и мою главную веру,"" Росс смотрит вам в глаза: ""Да пребудут с вами наука и знание.""

Она вызывает офицера, подписывает несколько документов, и офицер уносит бумаги.

Она улыбается, хоть и выглядит усталой: ""Итак, вас интересует что-то еще?""",,
,,,,,,
#Ross wants matcha,,,,,,
dpl_RossResponseOfferMatcha,PopulateOptions,"$id == ross_higgs score:1000
$rel > 0.1","SetEnabled dpl_RossMakeOffering false
SetTooltip dpl_RossMakeOffering ""У вас нет маття в грузовом отсеке.""
FireBest dpl_RossOfferingOptionCheck",,0:dpl_RossMakeOffering:Предложить Росс немного матчи.,
dpl_RossOfferingOptionCheck,dpl_RossOfferingOptionCheck,PlayerHasCargo dpl_matcha 1,"SetEnabled dpl_RossMakeOffering true
SetTooltip dpl_RossMakeOffering ""Предложить Ross 1 единицу маття.""",,,
dpl_RossOfferingAlreadyMade,DialogOptionSelected,"$option == dpl_RossMakeOffering
$dpl_offeringMade score:100",,"""Боюсь, я еще не использовала всю матчa, оставшуюся с прошлого раза. Я ценю жест, но подарок теряет свою особенность, когда его дарят в избытке.""",,
dpl_RossOfferingEnough,DialogOptionSelected,$option == dpl_RossMakeOffering,"SetTextHighlightColors buttonShortcut
SetTextHighlights ""1"" ""matcha""","""О, это матча, и только для меня?"" Росс выглядит удивленной, на мгновение замолкает, затем тепло улыбается: ""Спасибо... Это правда... довольно много. Сколько же вы вообще купили? Н-нет, неважно. Обычно у меня нет времени летать на Research Site V, так что у меня редко бывает шанс насладиться матчей. Я ценю ваш жест.""","0:dpl_RossGiveOffering:Передать 1 матчу
1:dpl_RossCancelOffering:Неважно",
dpl_RossGiveOffering,DialogOptionSelected,$option == dpl_RossGiveOffering,"AddText ""Ross выглядит очень довольным и благодарит за добрый подарок.""
AddRemoveCommodity dpl_matcha -1 true
AdjustRepActivePerson 1
$dpl_offeringMade = true 30
FireAll PopulateOptions",,,
dpl_RossCancelOffering,DialogOptionSelected,$option == dpl_RossCancelOffering,FireAll PopulateOptions,,,
,,,,,,
#Ross buys marines,,,,,,
dpl_SellMarines,PopulateOptions,"$id == ross_higgs
!$global.dpl_tlwf_Completed",,,dpl_SellMarines:Сказать Росс - что у вас есть свободные отряды морпехов.,
dpl_SellMarines1,DialogOptionSelected,$option == dpl_SellMarines,"ShowPersonVisual
Highlight ""215"" ""hundreds""
FireAll dpl_SellMarineOptions","В ее взгляде читается усталость, но при упоминании морпехов глаза немного оживляются: ""Рада это слышать, player. Тогда сразу к делу. Речь идет о сотнях морпехов, по 215 кредитов за единицу. Оплата пойдет из нашего бюджета и не будет облагаться налогом. Фазовая Лаборатория запомнит эту помощь, и вы получите мою личную благодарность.""",,
dpl_SellMarinesNE,dpl_SellMarineOptions,,,,dpl_SellMarinesNE:На этом все.,
dpl_SellMarinesNE1,DialogOptionSelected,$option == dpl_SellMarinesNE,,"""Понимаю, капитан $playerName. Спасибо за ваше время.""

Она вздыхает и возвращается к датападу: ""Мне нужно вернуться к работе. Было приятно поговорить, player, до следующей встречи.""",cutCommLink:Тогда до встречи.,
dpl_SellMarinesOne,dpl_SellMarineOptions,PlayerHasCargo marines 100,,,dpl_SellMarinesOne:Я могу выделить 100 морпехов.,
dpl_SellMarinesOne1,DialogOptionSelected,$option == dpl_SellMarinesOne,"AddRemoveCommodity marines -100 true
AddCredits 21500
AdjustRep dpl_phase_lab WELCOMING 1
AdjustRepActivePerson WELCOMING 1
FireAll dpl_SellMarineOptions","""Хорошо, вот ваши кредиты."" Она тянется к документам, одновременно делая несколько касаний в датападе: ""Есть еще морпехи для нас, или на этом закончим?""",,
dpl_SellMarinesTwo,dpl_SellMarineOptions,PlayerHasCargo marines 200,,,dpl_SellMarinesTwo:Я могу выделить 200 морпехов.,
dpl_SellMarinesTwo1,DialogOptionSelected,$option == dpl_SellMarinesTwo,"AddRemoveCommodity marines -200 true
AddCredits 43000
AdjustRep dpl_phase_lab WELCOMING 2
AdjustRepActivePerson WELCOMING 2
FireAll dpl_SellMarineOptions","""Хорошо, вот ваши кредиты."" Она тянется к документам, одновременно делая несколько касаний в датападе: ""Есть еще морпехи для нас, или на этом закончим?""",,
dpl_SellMarinesFive,dpl_SellMarineOptions,PlayerHasCargo marines 500,,,dpl_SellMarinesFive:Я могу выделить 500 морпехов.,
dpl_SellMarinesFive1,DialogOptionSelected,$option == dpl_SellMarinesFive,"AddRemoveCommodity marines -500 true
AddCredits 107500
AdjustRep dpl_phase_lab WELCOMING 5
AdjustRepActivePerson WELCOMING 5
FireAll dpl_SellMarineOptions","""Хорошо, вот ваши кредиты."" Она тянется к документам, одновременно делая несколько касаний в датападе: ""Есть еще морпехи для нас, или на этом закончим?""",,
dpl_SellMarinesTen,dpl_SellMarineOptions,PlayerHasCargo marines 1000,,,dpl_SellMarinesTen:Я могу выделить 1000 морпехов.,
dpl_SellMarinesTen1,DialogOptionSelected,$option == dpl_SellMarinesTen,"AddRemoveCommodity marines -1000 true
AddCredits 215000
AdjustRep dpl_phase_lab WELCOMING 10
AdjustRepActivePerson WELCOMING 10
FireAll dpl_SellMarineOptions","""Хорошо, вот ваши кредиты."" Она тянется к документам, одновременно делая несколько касаний в датападе: ""Есть еще морпехи для нас, или на этом закончим?""",,
dpl_SellMarinesColony,dpl_SellMarineOptions,"$id == ross_higgs
$rel > 0.3
$player.numColonies > 0
dpl_colony_CMD hasMilitary
!$global.isProducingMarines",,,dpl_SellMarinesColony:У меня есть колония - которая может производить много отрядов морпехов.,
dpl_SellMarinesColonyAnswer,DialogOptionSelected,$option == dpl_SellMarinesColony,,"Она выглядит довольной: ""Звучит отлично, мне как раз нужен стабильный поток морпехов. Скажите, сколько отрядов вы готовы поставлять, и я оформлю документы по сделке.""","dpl_SellMarinesL4:Я могу поставлять 4 отряда морпехов в месяц.
dpl_SellMarinesL5:Я могу поставлять 5 отрядов морпехов в месяц.
dpl_SellMarinesL6:Я могу поставлять 6 отрядов морпехов в месяц.
dpl_SellMarinesL7:Я могу поставлять 7 отрядов морпехов в месяц.",
dpl_SellMarinesColonyL4Check,DialogOptionSelected,$option == dpl_SellMarinesL4,"Highlight ""4"" ""marines"" ""2"" ""12,000"" ""5"" ""720,000""
$global.dpl_marine_amount = 4 0","""Итак, условия такие: нам нужны от вас 4 отряда морпехов. Я ожидаю, что полная производственная мощность будет выведена за 2 цикла. После запуска я организую ежемесячные выплаты по 12,000 кредитов в течение 5 циклов, всего 720,000 кредитов."" Она тянется к документам: ""Хотите принять эту сделку?""","dpl_SellMarinesYes:Принять
dpl_SellMarinesNE:Отклонить",
dpl_SellMarinesColonyL5Check,DialogOptionSelected,$option == dpl_SellMarinesL5,"Highlight ""5"" ""marines"" ""2"" ""15,000"" ""5"" ""900,000""
$global.dpl_marine_amount = 5 0","""Итак, условия такие: нам нужны от вас 5 отрядов морпехов. Я ожидаю, что полная производственная мощность будет выведена за 2 цикла. После запуска я организую ежемесячные выплаты по 15,000 кредитов в течение 5 циклов, всего 900,000 кредитов."" Она тянется к документам: ""Хотите принять эту сделку?""","dpl_SellMarinesYes:Принять
dpl_SellMarinesNE:Отклонить",
dpl_SellMarinesColonyL6Check,DialogOptionSelected,$option == dpl_SellMarinesL6,"Highlight ""6"" ""marines"" ""2"" ""18,000"" ""5"" ""1,080,000""
$global.dpl_marine_amount = 6 0","""Итак, условия такие: нам нужны от вас 6 отрядов морпехов. Я ожидаю, что полная производственная мощность будет выведена за 2 цикла. После запуска я организую ежемесячные выплаты по 18,000 кредитов в течение 5 циклов, всего 1,080,000 кредитов."" Она тянется к документам: ""Хотите принять эту сделку?""","dpl_SellMarinesYes:Принять
dpl_SellMarinesNE:Отклонить",
dpl_SellMarinesColonyL7Check,DialogOptionSelected,$option == dpl_SellMarinesL7,"Highlight ""7"" ""marines"" ""2"" ""21,000"" ""5"" ""1,260,000""
$global.dpl_marine_amount = 7 0","""Итак, условия такие: нам нужны от вас 7 отрядов морпехов. Я ожидаю, что полная производственная мощность будет выведена за 2 цикла. После запуска я организую ежемесячные выплаты по 21,000 кредитов в течение 5 циклов, всего 1,260,000 кредитов."" Она тянется к документам: ""Хотите принять эту сделку?""","dpl_SellMarinesYes:Принять
dpl_SellMarinesNE:Отклонить",
dpl_SellMarinesColonyAccept,DialogOptionSelected,$option == dpl_SellMarinesYes,"$global.isProducingMarines = true
BeginMission dpl_mpm","Она смотрит на вас, и в ее выражении смешиваются радость и облегчение; заметная усталость слегка отступает: ""Отлично, буду ждать ваших морпехов, когда будете готовы к поставке. Тогда до встречи.""",cutCommLink:Тогда до встречи.,
,,,,,,
#Ross Buys Data,,,,,,
dpl_RossResponseOfferData,PopulateOptions,"$id == ross_higgs score:1000
$rel > 0.1","SetEnabled dpl_RossMakeDataOffering false
SetTooltip dpl_RossMakeDataOffering ""У вас нет архивов данных в грузовом отсеке.""
FireBest dpl_RossOfferingDataOptionCheck",,0:dpl_RossMakeDataOffering:Предложить Росс специальные архивы данных.,
dpl_RossOfferingDataOptionCheck,dpl_RossOfferingDataOptionCheck,PlayerHasCargo dpl_data_archive 1,"SetEnabled dpl_RossMakeDataOffering true
SetTooltip dpl_RossMakeDataOffering ""Предложить Ross несколько особых архивов данных.""",,,
dpl_RossOfferingData,DialogOptionSelected,$option == dpl_RossMakeDataOffering,FireAll dpl_RossDataTradeOptions,"""О, архивы данных, нам они точно пригодятся,"" Росс улыбается с жадным огоньком: ""А в награду я могу организовать для вас особое продвинутое оружие, разработанное инженерным департаментом. Сейчас отправлю подробности.""

Она делает несколько касаний, и детали предложения появляются на вашем TriPad.",,
dpl_RossAskAboutWeaponsCheck,dpl_RossDataTradeOptions,!$dplAsked_Weapon_Ross,,,dpl_RossAskAboutWeapons:Спросить Росс об этом особом оружии,
dpl_RossAskAboutWeapons,DialogOptionSelected,$option == dpl_RossAskAboutWeapons,"$dplAsked_Weapon_Ross = true 0
FireAll dpl_RossDataTradeOptions","""Итак, вас интересует это особое оружие? Что ж, у меня недостаточно полномочий, чтобы открывать доступ к строго засекреченным образцам,"" Росс вздыхает. ""Но как глава инженерного департамента я могу предложить вам часть наших самых продвинутых систем. Они меньше, чем засекреченные образцы, уровень секретности у них ниже, но публике они все равно неизвестны. Можете называть их ""элитным"" оружием, если хотите.""",,
dpl_RossRandomSmallCheck,dpl_RossDataTradeOptions,PlayerHasCargo dpl_data_archive 1,,,dpl_RossRandomSmall:Передать 1 архив данных за случайное малое особое оружие,
dpl_RossRandomSmall,DialogOptionSelected,$option == dpl_RossRandomSmall,"AddText ""получено экзотическое оружие.""
AddRemoveAnyItem SPECIAL dpl_data_archive -1
AdjustRepActivePerson 1
dpl_RossTradeCMD rollSmall
FireAll dpl_RossDataTradeOptions","Росс улыбается: ""Отлично, хотите что-нибудь еще?""",,
dpl_RossRandomMediumCheck,dpl_RossDataTradeOptions,PlayerHasCargo dpl_data_archive 2,,,dpl_RossRandomMedium:Передать 2 архива данных за случайное среднее особое оружие,
dpl_RossRandomMedium,DialogOptionSelected,$option == dpl_RossRandomMedium,"AddText ""получено экзотическое оружие.""
AddRemoveAnyItem SPECIAL dpl_data_archive -2
AdjustRepActivePerson 2
dpl_RossTradeCMD rollMedium
FireAll dpl_RossDataTradeOptions","Росс улыбается: ""Отлично, хотите что-нибудь еще?""",,
dpl_RossSpecificWeapons,dpl_RossDataTradeOptions,,"SetEnabled dpl_RossSpecificWeapons false
SetTooltip dpl_RossSpecificWeapons ""У вас недостаточно архивов данных для конкретных заказов.""
FireBest dpl_CanOrderSpecific","Росс улыбается: ""Я могу немедленно запустить производство конкретного оружия, которое вы выберете, на наших орбитальных верфях. Это может вызвать отклонения в нашем производственном цикле. Но если вы готовы передавать нам дополнительные архивы данных за каждую выбранную позицию, такие отклонения будут незначительными.""",dpl_RossSpecificWeapons:Выбрать у Росс оружие для заказа.,
dpl_RossSpecificWeaponsSel,DialogOptionSelected,$option == dpl_RossSpecificWeapons,dpl_RossTradeCMD showWeaponPicker,,,
dpl_RossSpecificWeaponPicked,dpl_RossSpecificWeaponPicked,,"SetEnabled dpl_RossSpecificWeapons false
SetTooltip dpl_RossSpecificWeapons ""У вас недостаточно архивов данных для конкретных заказов.""
FireBest dpl_CanOrderSpecific","Росс улыбается: ""Отлично, хотите что-нибудь еще?""","dpl_RossSpecificWeapons:Выбрать у Росс оружие для заказа.
dpl_RossOtherOptions:Спросить Росс о других вариантах.",
dpl_CanOrderSpecific,dpl_CanOrderSpecific,PlayerHasCargo dpl_data_archive 2,"SetEnabled dpl_RossSpecificWeapons true
SetTooltip dpl_RossSpecificWeapons ""Использовать больше архивов данных для заказа конкретного оружия.""",,,
dpl_RossOtherOptions,DialogOptionSelected,$option == dpl_RossOtherOptions,FireAll dpl_RossDataTradeOptions,"Росс делает несколько касаний в датападе: ""Итак, хотите что-нибудь еще?""",,
dpl_RossCancelDataOfferingCheck,dpl_RossDataTradeOptions,,,,dpl_RossCancelDataOffering:Неважно,
dpl_RossCancelDataOffering,DialogOptionSelected,$option == dpl_RossCancelDataOffering,FireAll PopulateOptions,,,
,,,,,,
# meet Camilla,,,,,,
dpl_CamillaIntro,OpenInteractionDialog,"$global.daysSinceStart > 120
$id == dpl_security
!$faction.isHostile
$faction.id == dpl_phase_lab
!$global.rejectedCamilla
!$market.dpl_metCamilla",ShowDefaultVisual,"Когда ваш $shipOrFleet садится в доке Департамента безопасности Лаборатории, вы замечаете молодую девушку, которая стоит неподвижно и смотрит на ваши корабли. Вы решаете:","dpl_met_camilla_leave:Игнорировать девушку.
dpl_met_camilla_reply:Поприветствовать ее и спросить - что именно так привлекло ее в вашем флоте.",
dpl_CamillaIntro2,DialogOptionSelected,$option == dpl_met_camilla_reply,ShowPersonVisual true camilla_wiener,"""Ой, простите, эм, как правильно сказать..."" девушка выглядит нервной: ""Сэр! Энсин и техник Камилла Винер докладывает! Ваши корабли... прекрасны, сэр!""","dpl_met_camilla_leave:Спасибо - а теперь возвращайтесь к работе - иначе доложу о неисполнении обязанностей.
dpl_met_camilla_reply2:Спокойно - не переживай. Я похож на офицера?",
dpl_CamillaIntro3,DialogOptionSelected,$option == dpl_met_camilla_reply2,,"Камилла заметно расслабляется: ""Ого, значит вы не офицер, здорово. Но должна сказать, вы выглядите как очень опытный капитан. Ваш флот великолепен, и как техник я могла бы многому научиться, просто глядя на ваши корабли.""",dpl_met_camilla_reply3:Значит - ты любишь смотреть на звездолеты?,
dpl_CamillaIntro4,DialogOptionSelected,$option == dpl_met_camilla_reply3,,"Камилла смеется: ""Конечно! Я обожаю звездолеты, поэтому и стала техником. Кстати, как вас зовут, сэр?""","dpl_met_camilla_leave:Тебе лучше вернуться к работе - иначе я доложу.
dpl_met_camilla_reply4:Можешь звать меня сэр $playerName.",
dpl_CamillaIntro5,DialogOptionSelected,$option == dpl_met_camilla_reply4,,"Камилла смотрит на вас: ""Сэр $playerName, звучит отлично! И спасибо, что так добры ко мне: обычно к техникам так не относятся.""",dpl_met_camilla_reply5:Я ценю ваш труд. Кстати - можешь осмотреть мой флот - я им горжусь.,
dpl_CamillaIntro6,DialogOptionSelected,$option == dpl_met_camilla_reply5,"AdjustRepPerson camilla_wiener COOPERATIVE 5
$market.dpl_metCamilla = true
SetPersonHidden camilla_wiener false","""Вау, это невероятно, спасибо!"" Камилла выглядит удивленной: ""Мне нравится ваш подход! Кстати, вот адрес моего ""кабинета"", заглядывайте и здоровайтесь. А теперь мне правда нужно возвращаться к работе.""",dpl_met_camilla_leave6:Тогда до встречи.,
dpl_CamillaLeave6,DialogOptionSelected,$option == dpl_met_camilla_leave6,"ShowDefaultVisual
EndConversation",,,
dpl_CamillaLeave,DialogOptionSelected,$option == dpl_met_camilla_leave,"ShowDefaultVisual
EndConversation
$global.rejectedCamilla = true 60",,,
dpl_Camilladev,PopulateOptions,"$global.isDevMode
$id == dpl_security",SetOptionColor dpl_devmetCamilla gray,,dpl_devmetCamilla:Сделать Камиллу контактом,
dpl_CamilladevResult,DialogOptionSelected,$option == dpl_devmetCamilla,"$market.dpl_metCamilla = true
SetPersonHidden camilla_wiener false
EndConversation",,,
,,,,,,
# Camilla at different attitudes,,,,,,
dpl_CamillaGreeting,PickGreeting,"$id == camilla_wiener
!$market.dpl_asked_camilla_factory
$rel > 0.01
$rel <0.11","ShowPersonVisual
FireAll PopulateOptions","На ваш запрос связи приходит автоматический ответ: ""Ранг этого человека слишком низок для использования линии связи. Пожалуйста, все обсуждения проводите лично."" Поэтому вы отправляетесь туда на шаттле.

Следуя адресу Камиллы и пересев на 3-4 наземных шаттла, вы наконец добираетесь до вершины огромного завода. Затем приходится ехать в старой большой лифтовой клетке вместе с рабочими и младшими военными, чтобы попасть внутрь комплекса. После долгой прогулки по стальным мосткам, под которыми видны лава и расплавленный металл, вы приходите в шумный гараж с потертой вывеской ""Tech Support"".

Гараж заполнен недовольными офицерами, раздраженными морпехами, уставшими техниками, сломанным оборудованием, всевозможными ремонтными наборами, а по стенам и полу разбросаны листовки о ""Превосходстве Хельхейма"". В углу гаража вы наконец находите небольшую комнатку без двери.

Камилла выходит наружу и удивляется, увидев вас: ""Сэр, сэр $playerName, я не ожидала, что вы правда заглянете, спасибо! Итак, чем могу помочь?""",dpl_camilla_greeting_leave:Уйти,
dpl_CamillaGreetingLeave,DialogOptionSelected,$option == dpl_camilla_greeting_leave,"ShowDefaultVisual
EndConversation",,,
dpl_CamillaFavorable,PickGreeting,"$id == camilla_wiener
!$market.dpl_asked_camilla_factory
$rel > 0.1
$rel < 0.31","ShowPersonVisual
FireAll PopulateOptions","На ваш запрос связи приходит автоматический ответ: ""Ранг этого человека слишком низок для использования линии связи. Пожалуйста, все обсуждения проводите лично."" Поэтому вы отправляетесь туда на шаттле.

Теперь вы лучше знаете адрес Камиллы, поэтому в этот раз быстро находите ее ""тех-камеру"" в большом заводском комплексе.

Камилла выглядит радостной: ""Здравствуйте, сэр $playerName! Чем могу помочь сегодня?""",dpl_camilla_favorable_leave:Уйти,
dpl_CamillaFavorableLeave,DialogOptionSelected,$option == dpl_camilla_favorable_leave,"ShowDefaultVisual
EndConversation",,,
dpl_CamillaWelcoming,PickGreeting,"$id == camilla_wiener
!$market.dpl_asked_camilla_factory
$rel > 0.3
$rel < 0.61","ShowPersonVisual
FireAll PopulateOptions","На ваш запрос связи приходит автоматический ответ: ""Ранг этого человека слишком низок для использования линии связи. Пожалуйста, все обсуждения проводите лично."" Поэтому вы отправляетесь туда на шаттле.

Теперь вы лучше знаете адрес Камиллы, поэтому в этот раз быстро находите ее ""тех-камеру"" в большом заводском комплексе.

Камилла выглядит довольной: ""Здравствуйте, сэр $playerName! Скажите, что вам нужно, я более чем готова помочь!""",dpl_camilla_welcoming_leave:Уйти,
dpl_CamillaWelcomingLeave,DialogOptionSelected,$option == dpl_camilla_welcoming_leave,"ShowDefaultVisual
EndConversation",,,
dpl_CamillaFriendly,PickGreeting,"$id == camilla_wiener
!$market.dpl_asked_camilla_factory
$rel > 0.6
$rel < 0.81","ShowPersonVisual
FireAll PopulateOptions","На ваш запрос связи приходит автоматический ответ: ""Ранг этого человека слишком низок для использования линии связи. Пожалуйста, все обсуждения проводите лично."" Поэтому вы отправляетесь туда на шаттле.

Камилла выглядит расслабленной: ""О, сэр $playerName, здравствуйте! Я очень рада вас видеть. Скажите, чем могу помочь.""",dpl_camilla_friendly_leave:Уйти,
dpl_CamillaFriendlyLeave,DialogOptionSelected,$option == dpl_camilla_friendly_leave,"ShowDefaultVisual
EndConversation",,,
dpl_CamillaCooperative,PickGreeting,"$id == camilla_wiener
!$market.dpl_asked_camilla_factory
$rel > 0.8
$rel < 1","ShowPersonVisual
FireAll PopulateOptions","На ваш запрос связи приходит автоматический ответ: ""Ранг этого человека слишком низок для использования линии связи. Пожалуйста, все обсуждения проводите лично."" Поэтому вы отправляетесь туда на шаттле.

Камилла смотрит вам в глаза: ""Сэр $playerName, я скучала по вам. Не могли бы вы заходить почаще? И, кстати, скажите, чем помочь - я сделаю все, что в моих силах.""",dpl_camilla_cooperative_leave:Уйти,
dpl_CamillaCooperativeLeave,DialogOptionSelected,$option == dpl_camilla_cooperative_leave,"ShowDefaultVisual
EndConversation",,,
,,,,,,
# Camilla at different attitudes,,,,,,
dpl_CamillaGreetingMoved,PickGreeting,"$id == camilla_wiener
$market.dpl_asked_camilla_factory
$rel > 0.01
$rel <0.11","ShowPersonVisual
FireAll PopulateOptions","На ваш запрос связи приходит автоматический ответ: ""Добро пожаловать, сэр $playerName. Технический специалист Камилла Винер готова вас принять. Пожалуйста, все обсуждения проводите лично."" Поэтому вы отправляетесь туда на шаттле.

Камилла открывает дверь. Она выглядит расслабленной: ""О, сэр $playerName, здравствуйте! Я очень рада вас видеть. Скажите, чем могу помочь.""",dpl_camilla_greeting_leave:Уйти,
dpl_CamillaGreetingLeaveMoved,DialogOptionSelected,$option == dpl_camilla_greeting_leave,"ShowDefaultVisual
EndConversation",,,
dpl_CamillaFavorableMoved,PickGreeting,"$id == camilla_wiener
$market.dpl_asked_camilla_factory
$rel > 0.1
$rel < 0.31","ShowPersonVisual
FireAll PopulateOptions","На ваш запрос связи приходит автоматический ответ: ""Добро пожаловать, сэр $playerName. Технический специалист Камилла Винер готова вас принять. Пожалуйста, все обсуждения проводите лично."" Поэтому вы отправляетесь туда на шаттле.

Камилла открывает дверь. Она выглядит довольной: ""Здравствуйте, сэр $playerName! Чем могу помочь сегодня?""",dpl_camilla_favorable_leave:Уйти,
dpl_CamillaFavorableLeaveMoved,DialogOptionSelected,$option == dpl_camilla_favorable_leave,"ShowDefaultVisual
EndConversation",,,
dpl_CamillaWelcomingMoved,PickGreeting,"$id == camilla_wiener
$market.dpl_asked_camilla_factory
$rel > 0.3
$rel < 0.61","ShowPersonVisual
FireAll PopulateOptions","На ваш запрос связи приходит автоматический ответ: ""Добро пожаловать, сэр $playerName. Технический специалист Камилла Винер готова вас принять. Пожалуйста, все обсуждения проводите лично."" Поэтому вы отправляетесь туда на шаттле.

Камилла открывает дверь. Она выглядит радостной: ""Здравствуйте, сэр $playerName! Скажите, что вам нужно, я более чем готова помочь!""",dpl_camilla_welcoming_leave:Уйти,
dpl_CamillaWelcomingLeaveMoved,DialogOptionSelected,$option == dpl_camilla_welcoming_leave,"ShowDefaultVisual
EndConversation",,,
dpl_CamillaFriendlyMoved,PickGreeting,"$id == camilla_wiener
$market.dpl_asked_camilla_factory
$rel > 0.6
$rel < 0.81","ShowPersonVisual
FireAll PopulateOptions","На ваш запрос связи приходит автоматический ответ: ""Добро пожаловать, сэр $playerName. Технический специалист Камилла Винер готова вас принять. Пожалуйста, все обсуждения проводите лично."" Поэтому вы отправляетесь туда на шаттле.

Камилла открывает дверь. Увидев вас, она широко улыбается: ""Сэр $playerName, я так рада, что вы заглянули! Итак, чем могу помочь?""",dpl_camilla_friendly_leave:Уйти,
dpl_CamillaFriendlyLeaveMoved,DialogOptionSelected,$option == dpl_camilla_friendly_leave,"ShowDefaultVisual
EndConversation",,,
dpl_CamillaCooperativeMoved,PickGreeting,"$id == camilla_wiener
$market.dpl_asked_camilla_factory
$rel > 0.8
$rel < 1","ShowPersonVisual
FireAll PopulateOptions","На ваш запрос связи приходит автоматический ответ: ""Добро пожаловать, сэр $playerName. Технический специалист Камилла Винер готова вас принять. Пожалуйста, все обсуждения проводите лично."" Поэтому вы отправляетесь туда на шаттле.

Камилла открывает дверь. Она смотрит вам в глаза: ""Сэр $playerName, я скучала по вам. Не могли бы вы заходить почаще? И, кстати, скажите, чем помочь - я сделаю все, что в моих силах.""",dpl_camilla_cooperative_leave:Уйти,
dpl_CamillaCooperativeLeaveMoved,DialogOptionSelected,$option == dpl_camilla_cooperative_leave,"ShowDefaultVisual
EndConversation",,,
,,,,,,
#Ask Camilla about her research,,,,,,
dpl_CamillaAskTechCheck,PopulateOptions,"$id == camilla_wiener
$rel > 0.01
!$market.dpl_asked_camilla_tech
!$market.dpl_asked_camilla_factory",,,dpl_ask_camilla_tech:Камилла - ты такая молодая - почему ты захотела стать техником?,
dpl_CamillaAskTech,DialogOptionSelected,$option == dpl_ask_camilla_tech,"ShowPersonVisual
$market.dpl_asked_camilla_tech = true","Камилла вздыхает: ""Потому что мои исследования большинству кажутся неинтересными, поэтому я не смогла стать исследователем. И вариантов у меня осталось не так много; работа техником - самый близкий путь к моей мечте продолжать исследования.""",dpl_ask_camilla_tech1:Интересно. А в чем именно твои исследования?,
dpl_CamillaAskTech1,DialogOptionSelected,$option == dpl_ask_camilla_tech1,,"Камилла выглядит немного удивленной: ""Вау, вам правда это интересно? Сейчас подумаю, с чего начать...""

Она делает паузу и затем начинает объяснять как короткую презентацию: ""Если кратко, я занимаюсь тем, как использовать фазовое пространство для более эффективной связи и вычислений. Видели когда-нибудь систему темпорального наведения? Я была в команде, которая ее разрабатывала. Представьте, что можно передавать и обрабатывать информацию внутри маленького локального фазового пузыря - все становится минимум в 3 раза быстрее, фундаментально быстрее. Захватывающе, правда?"" Вы видите, как у нее блестят глаза, пока она говорит.",dpl_ask_camilla_tech2:Звучит круто. А дальше?,
dpl_CamillaAskTech2,DialogOptionSelected,$option == dpl_ask_camilla_tech2,,"Камилла удивляется еще сильнее: ""Вау, вам и правда это интересно. Тогда расскажу больше.""

Она делает паузу и продолжает: ""Да, но все это оказалось недостаточно фундаментальным. Мы с наставником в итоге нашли неизбежный предел такого подхода. В частности, мы обнаружили, что в большинстве интеллектуальных систем производительность внутри фазового пузыря ограничена их сложностью. Очень сложные системы вроде альфа-ядер могут пользоваться ускорением в фазовом пространстве несколько часов - и все. Если превышать этот предел ускорения, система начинает сбоить и выдавать бессмысленные показания.""","dpl_ask_camilla_tech3:То есть ты фактически уперлась в тупик собственного интереса.
dpl_ask_camilla_tech3A:Есть ли вообще системы - которые могут дольше работать в фазовом пространстве?",
dpl_CamillaAskTech3A,DialogOptionSelected,$option == dpl_ask_camilla_tech3A,AdjustRepPerson camilla_wiener COOPERATIVE 2,"Камилла оживляется: ""Вы сейчас спросили действительно глубокую вещь, я рада, что вы реально об этом думаете. По нашим экспериментам, только две системы могут дольше функционировать в фазовом пузыре: чисто механические системы и человеческий мозг. Но даже чистая механика со временем деградирует. А с человеческим мозгом нам не разрешили продолжать тесты по этическим причинам. И ни один из этих вариантов не годится для реальных вычислений на космическом корабле.""",dpl_ask_camilla_tech3:То есть ты фактически уперлась в тупик собственного интереса.,
dpl_CamillaAskTech3,DialogOptionSelected,$option == dpl_ask_camilla_tech3,,"Камилла вздыхает: ""Да, вы правы. Моя выпускная работа по сути была сводкой этих ограничений. Все понимали, что мы уткнулись в очень фундаментальные и интересные пределы, но никому не интересно исследование, которое ведет в тупик. Ну а дальше случилось то, что случилось, и в итоге я оказалась здесь.""",dpl_ask_camilla_tech4:Это и правда печально. Ты все еще хочешь быть исследователем?,
dpl_CamillaAskTech4,DialogOptionSelected,$option == dpl_ask_camilla_tech4,,"Камилла делает паузу и глубоко вздыхает: ""Вообще-то да. Я люблю свои исследования и хочу их продолжать. Но после работы техником я нашла более глубокий смысл в реальной работе с кораблями. Я хочу объединять свои знания с практическим опытом и создавать новые полезные модули на основе того, что знаю. Например, система темпорального наведения - хороший пример: это искусство компромисса. Нужно считаться с физическими ограничениями и изо всех сил делать разработки полезными. А если повезет, получится что-то, что действительно работает.""",dpl_ask_camilla_tech5:Мне нравится твой практический подход. Можно купить что-то из твоих разработок?,
dpl_CamillaAskTech5,DialogOptionSelected,$option == dpl_ask_camilla_tech5,,"Камилла выглядит удивленной: ""Вау, я рада, что вам нравятся мои идеи, но это слишком сложно. Понимаете, тут все очень индивидуально: каждый корабль разный, и мне приходится вручную проектировать модуль под каждый конкретный корпус. Может быть, когда мы лучше узнаем друг друга и вы действительно захотите попробовать такие модификации, мы обсудим детали. Но чтобы дать вам представление, заходите, если не против...""

Она проходит в свою ""тех-камеру"" и приглашает вас за собой. Это небольшая темная комната с множеством приборов, огоньки на которых светятся разными цветами. Ее рабочий стол окружен большим набором фазовых катушек и толстыми кабелями, а под столом видны ИИ-ядра.

Она с гордостью показывает помещение: ""Этот набор катушек я использую для создания локального фазового пузыря, а сама камера служит защитной оболочкой, чтобы пузырь не разрастался слишком сильно, иначе катушки перегреются. В активном режиме устройство может обработать данные целой недели за один час. Впечатляет, правда?""","dpl_ask_camilla_tech6A:И почему только один час?
dpl_ask_camilla_tech6:Да - это впечатляет.",
dpl_CamillaAskTech6A,DialogOptionSelected,$option == dpl_ask_camilla_tech6A,AdjustRepPerson camilla_wiener COOPERATIVE 1,"Камилла смеется: ""Потому что мои устройства недостаточно сложны или просто недостаточно хороши: они могут находиться в фазовом пузыре только час, после чего деградируют и требуют ремонта. Даже альфа-ядра выдерживают там лишь несколько часов, прежде чем их эффективность становится нелепо низкой. Кстати, мне нравится ваше любопытство.""",dpl_ask_camilla_tech6:Да - это впечатляет.,
dpl_CamillaAskTech6,DialogOptionSelected,$option == dpl_ask_camilla_tech6,,"Камилла широко улыбается: ""Спасибо! Рада, что вам нравятся мои идеи. Надеюсь, еще увидимся.""",dpl_ask_camilla_tech_leave:Обязательно загляну. И надеюсь увидеть новые модули.,
dpl_CamillaAskLeaderLeave,DialogOptionSelected,$option == dpl_ask_camilla_tech_leave,"ShowDefaultVisual
EndConversation",,,
,,,,,,
#Ask Camilla about lobster,,,,,,
dpl_CamillaAskLobsterCheck,PopulateOptions,"$id == camilla_wiener
$rel > 0.01
!$market.dpl_ask_camilla_lobster
!$market.dpl_asked_camilla_factory",,,dpl_ask_camilla_lobster:Камилла - какие у тебя желания на будущее?,
dpl_CamillaAskLobster,DialogOptionSelected,$option == dpl_ask_camilla_lobster,"ShowPersonVisual
$market.dpl_ask_camilla_lobster = true
$global.dpl_askedCamilla = true","Камилла улыбается: ""Раз вы спросили, и я считаю вас другом, то да, есть. Я хочу заработать много кредитов благодаря своим знаниям и опыту, а потом уехать отсюда. Эта планета мне не очень нравится.""",dpl_ask_camilla_lobster1:Думаю - кредиты ты заработать сможешь - но как ты отсюда уедешь?,
dpl_CamillaAskLobster1,DialogOptionSelected,$option == dpl_ask_camilla_lobster1,,"Камилла вздыхает: ""Вы правы, в Фазовой Лаборатории мы как зачисленные экипажи во флоте: пока не выйдем в отставку, мы не особо можем решать, куда нам идти. Я подавала заявку на перевод, но не получила ответа. Похоже, придется уехать и тратить свои кредиты уже после отставки.""",dpl_ask_camilla_lobster2:Это очень-очень нескоро.,
dpl_CamillaAskLobster2,DialogOptionSelected,$option == dpl_ask_camilla_lobster2,,"Камилла криво улыбается: ""Надеюсь, вы не дразните меня. А если дразните - я это переживу. Да, это действительно долго. Мне остается только надеяться на будущее, на тот день, когда я смогу уйти в отставку.""",dpl_ask_camilla_lobster3:Я могу чем-то помочь?,
dpl_CamillaAskLobster3,DialogOptionSelected,$option == dpl_ask_camilla_lobster3,AdjustRepPerson camilla_wiener COOPERATIVE 2,"Камилла выглядит удивленной: ""В-вау... Эм, вы очень внимательны... Спасибо, но, к сожалению, я не знаю, чем вы могли бы помочь: бюрократия Фазовой Лаборатории блокирует буквально все. Но если вы действительно знаете способ перевести меня отсюда, это была бы огромная, огромная услуга для меня.""

Она вздыхает: ""В любом случае не принимайте мои слова слишком всерьез. Не хочу вас нагружать. К тому же, скорее всего, мне просто нужно подождать еще пару циклов.""",dpl_ask_camilla_lobster4:Ладно. Тебе в этом секторе нравится что-нибудь еще?,
dpl_CamillaAskLobster4,DialogOptionSelected,$option == dpl_ask_camilla_lobster4,,"Камилла широко улыбается, вспомнив: ""Лобстеры, эти вкуснейшие синие лобстеры. Я однажды пробовала их еще в академии, и тот вкус был таким потрясающим, что я никогда его не забуду.""

Она вздыхает: ""Но сейчас я всего лишь энсин, так что, думаю, годами их не увижу. Может быть, увижу снова, когда меня повысят.""",dpl_ask_camilla_lobster5:О - лобстеры. Да - они и правда великолепны.,
dpl_CamillaAskLobster5,DialogOptionSelected,$option == dpl_ask_camilla_lobster5,,"Камилла смотрит в потолок: ""Да, истинное творение божественного... Я так скучаю по вкусу лобстеров...""

Пока мысли Камиллы уносятся в воспоминания, атмосферу резко разрывает сердитый окрик: ""Энсин Камилла Винер! Вы на пять минут опоздали к дежурству в космодоке! Вы в серьезных неприятностях! Немедленно двигайтесь!""

Она мгновенно вскакивает и в панике отдает офицеру салют, затем поворачивается к вам: ""Мне нужно идти, сэр $playerName. Спасибо, что поговорили со мной, мне стало лучше, чем обычно. Кажется, теперь у меня больше сил заниматься кораблями. До встречи!""",dpl_ask_camilla_lobster_leave:Уйти,
dpl_CamillaAskLobsterLeave,DialogOptionSelected,$option == dpl_ask_camilla_lobster_leave,"ShowDefaultVisual
EndConversation",,,
,,,,,,
#Ask people about Camilla's location,,,,,,
dpl_RossResponseMoveCamilla,PopulateOptions,"$id == ross_higgs score:1000
$rel > 0.3
!$global.dpl_movedCamilla
!$global.dpl_proveCamilla
$global.dpl_askedCamilla",,,dpl_ask_Camilla_Ross:Привет - Росс - вы слышали о Камилле Винер?,
dpl_RossResponseMoveCamillaProve,PopulateOptions,"$id == ross_higgs score:1000
$rel > 0.3
!$global.dpl_movedCamilla
$global.dpl_proveCamilla
$global.dpl_askedCamilla",,,dpl_ask_Camilla_Ross3A:Привет - Росс - вы помните Камиллу Винер?,
dpl_RossResponseMoveCamilla1,DialogOptionSelected,$option == dpl_ask_Camilla_Ross,ShowPersonVisual,"Росс выглядит озадаченной: ""Нет, не припомню это имя в списке сотрудников инженерного департамента, хотя могу ошибаться. Кто она и чем отличилась?""",dpl_ask_Camilla_Ross1:Она гениальный техник из департамента безопасности Лаборатории.,
dpl_RossResponseMoveCamilla2,DialogOptionSelected,$option == dpl_ask_Camilla_Ross1,$global.dpl_proveCamilla = true,"Росс улыбается: ""Понимаю, к чему вы клоните, капитан $playerName: либо сейчас будут жалобы на нее, либо вы хотите поручиться за нее. Я готова слушать, но прошу покороче.""",dpl_ask_Camilla_Ross2:Отлично. Думаю - Lab Factory много теряет - если у вас нет ее в штате.,
dpl_RossResponseMoveCamilla3Y,DialogOptionSelected,"$option == dpl_ask_Camilla_Ross2
dpl_lcCMD dpl_CheckLC",,"Росс выглядит удивленной: ""Капитан $playerName, это очень сильная рекомендация. Я обязательно серьезно отнесусь к вашим словам. Есть что-то, что поможет мне лучше ее оценить?""",dpl_ask_Camilla_Ross3:Да - пожалуйста - взгляните на мои корабли!,
dpl_RossResponseMoveCamilla3N,DialogOptionSelected,$option == dpl_ask_Camilla_Ross2,,"Росс выглядит удивленной: ""Капитан $playerName, это очень сильная рекомендация. Я обязательно серьезно отнесусь к вашим словам. Есть что-то, что поможет мне лучше ее оценить?""",dpl_ask_Camilla_Leave:Сейчас нет - но в следующий раз я что-нибудь принесу.,
dpl_RossResponseMoveCamilla3AY,DialogOptionSelected,"$option == dpl_ask_Camilla_Ross3A
dpl_lcCMD dpl_CheckLC",,"Росс улыбается: ""Конечно, та самая талантливая девушка, которую вы рекомендовали. Я помню, она в департаменте безопасности Лаборатории. Вы принесли что-нибудь, чтобы я могла оценить ее лучше?""",dpl_ask_Camilla_Ross3:Да - пожалуйста - взгляните на мои корабли!,
dpl_RossResponseMoveCamilla3AN,DialogOptionSelected,$option == dpl_ask_Camilla_Ross3A,,"Росс улыбается: ""Конечно, та самая талантливая девушка, которую вы рекомендовали. Я помню, она в департаменте безопасности Лаборатории. Вы принесли что-нибудь, чтобы я могла оценить ее лучше?""",dpl_ask_Camilla_Leave:Сейчас нет - но в следующий раз я что-нибудь принесу.,
dpl_RossResponseMoveCamilla3,DialogOptionSelected,$option == dpl_ask_Camilla_Ross3,"$global.dpl_proveCamilla = true
$global.dpl_movedCamilla = true
$market.dpl_asked_camilla_factory = true","Вы приглашаете Росс осмотреть ваш флот и показываете свои корабли. Затем представляете ей ваш великолепный логистический центр. Увидев его, Росс потрясенно произносит: ""Это... искусство.""",dpl_ask_Camilla_Ross4:Вот видите? Я не шучу.,
dpl_RossResponseMoveCamilla4,DialogOptionSelected,$option == dpl_ask_Camilla_Ross4,"AddCredits 120000
AdjustRepPerson ross_higgs  COOPERATIVE 2
unset $global.dpl_askedCamilla","После осмотра вашего флота Росс все еще под впечатлением: ""Спасибо, что обратили мое внимание на Камиллу, капитан $playerName. Она и правда гений. Вот, примите эти кредиты за то, что нашли талант и порекомендовали ее в инженерный департамент. Если заметите еще одаренных людей, обязательно сообщайте. Я все организую как можно скорее.""",dpl_ask_Camilla_Leave:Звучит отлично. До встречи!,
dpl_ElizaResponseMoveCamilla,PopulateOptions,"$id == eliza_lovelace score:1000
$rel > 0.3
!$global.dpl_movedCamilla
$global.dpl_askedCamilla",,,dpl_ask_Camilla_Eliza:Привет - Элиза - ты слышала о Камилле Винер?,
dpl_ElizaResponseMoveCamilla1,DialogOptionSelected,$option == dpl_ask_Camilla_Eliza,ShowPersonVisual,"Элиза ненадолго задумывается, затем мягким голосом отвечает: ""А, Камилла, да. Я помню ее - впечатляющая студентка нашей академии, она изучала использование фазового пространства для ускорения связи и вычислений. И, насколько знаю, потом она перешла в департамент безопасности Лаборатории.""",dpl_ask_Camilla_Eliza1:Вау - значит ты ее хорошо знаешь. Тогда почему не предложила ей должность здесь?,
dpl_ElizaResponseMoveCamilla2,DialogOptionSelected,$option == dpl_ask_Camilla_Eliza1,$global.dpl_askElizaCamilla = true,"Элиза вздыхает: ""Она затронула некоторые фундаментальные пределы распространения информации в фазовом пространстве, и это не ее вина. Я хотела предложить ей должность исследователя, потому что само открытие такого предела уже крайне впечатляет. Но часть членов комитета резко выступила против моего предложения. Поэтому мне пришлось отказаться от этой идеи.""",dpl_ask_Camilla_Eliza2:Кто именно это сделал? Просто из любопытства.,
dpl_ElizaResponseMoveCamilla3,DialogOptionSelected,$option == dpl_ask_Camilla_Eliza2,,"Элиза улыбается: ""Тебе действительно интересна эта история, да? Что удивительно, это был ее наставник - чрезвычайно уважаемый исследователь, работавший в Фазовой Лаборатории еще когда я была капитаном. Он старший член комитета и присутствовал тогда. Его не устроило, что этот предел вообще существует, и он убедил остальных, что направление исследований Камиллы недостаточно перспективно. Иронично, не так ли. И, кстати, ты не должен(на) никому об этом рассказывать, хорошо? Я говорю тебе это только потому, что мы друзья.""",dpl_ask_Camilla_Eliza3:Конечно - это еще один наш секрет. Кстати - можешь помочь Камилле перевестись куда-нибудь еще?,
dpl_ElizaResponseMoveCamilla4,DialogOptionSelected,$option == dpl_ask_Camilla_Eliza3,,"Элиза вздыхает: ""К сожалению, нет. Как видишь, я ограничена решением комитета. Я не могу просто назначать людей по собственной воле. Главы других департаментов могут подавать такие заявки, и обычно им не мешают. Надеюсь, эта информация будет тебе полезна.""",dpl_ask_Camilla_Leave:Спасибо за информацию! До встречи!,
dpl_MoveCamillaLeave,DialogOptionSelected,$option == dpl_ask_Camilla_Leave,"ShowDefaultVisual
EndConversation",,,
dpl_CamillaMoveToFactory,PickGreeting,"$id == camilla_wiener
$global.dpl_movedCamilla
$global.dpl_proveCamilla
!$global.dpl_askedCamilla
!$market.dpl_asked_camilla_factory","ShowImageVisual industrial_megafacility
AdjustRepPerson camilla_wiener COOPERATIVE 10
unset $global.dpl_movedCamilla
unset $global.dpl_proveCamilla
dpl_lcCMD dpl_moveCamilla","На ваш запрос связи приходит автоматический ответ: ""Ошибка! Этот человек больше не числится в Департаменте безопасности Лаборатории. Пожалуйста, все обсуждения проводите лично."" Поэтому вы отправляетесь туда на шаттле.

К вашему удивлению, когда вы подходите по адресу Камиллы, маленькая ""тех-камера"" исчезла. Пока вы отмечаете, насколько быстро сработала Росс, к вам подходит офицер и передает письмо от технического специалиста Камиллы Винер. В письме она благодарит вас за помощь и сообщает, что теперь находится в Lab Factory. В конце она оставляет новый адрес своего кабинета.",dpl_ask_Camilla_Leave2:Уйти.,
dpl_CamillaMoveToFactory1,DialogOptionSelected,$option == dpl_ask_Camilla_Leave2,"ShowDefaultVisual
EndConversation NO_CONTINUE",,,
,,,,,,
#Ask Camilla about lab factory,,,,,,
dpl_CamillaAskFactoryCheck,PopulateOptions,"$id == camilla_wiener
$rel > 0.01
!$market.dpl_ask_camilla_factory
$market.dpl_asked_camilla_factory",,,dpl_ask_camilla_factory:Камилла - как тебе новый кабинет?,
dpl_CamillaAskFactory,DialogOptionSelected,$option == dpl_ask_camilla_factory,"ShowPersonVisual
$market.dpl_ask_camilla_factory = true","Камилла смотрит вам в глаза: ""Сэр $playerName, я даже не знаю, какими словами выразить свою благодарность. Спасибо вам за все, что вы для меня сделали!""",dpl_ask_camilla_factory1:Тебе стоит благодарить себя. Это именно твоя работа заставила людей тебя заметить.,
dpl_CamillaAskFactory1,DialogOptionSelected,$option == dpl_ask_camilla_factory1,,"Камилла улыбается: ""Я рада, что вам нравятся мои работы. Я с удовольствием поделюсь с вами всем, что вам интересно. Примите мою глубочайшую благодарность.""",dpl_ask_camilla_factory2:Звучит здорово. А как тебе сама Lab Factory?,
dpl_CamillaAskFactory2,DialogOptionSelected,$option == dpl_ask_camilla_factory2,AdjustRepPerson camilla_wiener COOPERATIVE 5,"Камилла смотрит в окно кабинета: ""Спасибо, что беспокоитесь обо мне, я довольна. У меня здесь собственный кабинет, а люди в инженерном департаменте доброжелательные. Я счастлива своей новой жизнью. В департаменте безопасности я даже не могла о таком мечтать.""",dpl_ask_camilla_factory3:Рад(а) это слышать - продолжай в том же духе!,
dpl_CamillaAskFactory3,DialogOptionSelected,$option == dpl_ask_camilla_factory3,,"Камилла широко улыбается: ""Обязательно! Спасибо, сэр $playerName!""",dpl_ask_camilla_factory4:Отлично! Рад(а) - что у тебя все хорошо. До встречи.,
dpl_CamillaAskFactory4,DialogOptionSelected,$option == dpl_ask_camilla_factory4,,"Камилла машет вам рукой: ""До встречи, сэр $playerName! Заходите почаще!""",dpl_ask_camilla_factory_leave:Уйти,
dpl_CamillaAskFactoryLeave,DialogOptionSelected,$option == dpl_ask_camilla_factory_leave,"ShowDefaultVisual
EndConversation",,,
,,,,,,
#Camilla wants lobster,,,,,,
dpl_CamillaResponseOfferLobster,PopulateOptions,"$id == camilla_wiener score:1000
$rel > 0.01
$market.dpl_ask_camilla_lobster","SetEnabled dpl_CamillaMakeOffering false
SetTooltip dpl_CamillaMakeOffering ""У вас нет омаров в грузовом отсеке.""
FireBest dpl_CamillaOfferingOptionCheck",,0:dpl_CamillaMakeOffering:Предложить Камилле немного лобстеров. (5 единиц),
dpl_CamillaResponseOfferLobsterMoved,PopulateOptions,"$id == camilla_wiener score:1000
$rel > 0.01
$market.dpl_asked_camilla_factory","SetEnabled dpl_CamillaMakeOffering false
SetTooltip dpl_CamillaMakeOffering ""У вас нет омаров в грузовом отсеке.""
FireBest dpl_CamillaOfferingOptionCheck",,0:dpl_CamillaMakeOffering:Предложить Камилле немного лобстеров. (5 единиц),
dpl_CamillaOfferingOptionCheck,dpl_CamillaOfferingOptionCheck,PlayerHasCargo lobster 5,"SetEnabled dpl_CamillaMakeOffering true
SetTooltip dpl_CamillaMakeOffering ""Предложить Camilla 5 единиц омаров.""",,,
dpl_CamillaOfferingAlreadyMade,DialogOptionSelected,"$option == dpl_CamillaMakeOffering
$offeringMade score:100",,"""Вау, спасибо за такой добрый подарок, сэр $playerName,"" Камилла выглядит удивленной: ""Я еще не доела всех лобстеров, что вы принесли в прошлый раз, а выбрасывать хоть одного - грех. Может, в следующий раз?""",,
dpl_CamillaOfferingEnough,DialogOptionSelected,$option == dpl_CamillaMakeOffering,"SetTextHighlightColors buttonShortcut
SetTextHighlights ""5"" ""lobster""","""Вау, сэр $playerName, вы правда делаете мне такой щедрый подарок?"" Вы видите, как у Камиллы сияют глаза: ""Те самые знаменитые лобстеры сектора... Можно попросить 5 единиц? Я буду их обожать, очень-очень!""","0:dpl_CamillaGiveOffering:Передать 5 лобстеров
1:dpl_CamillaCancelOffering:Неважно",
dpl_CamillaGiveOffering,DialogOptionSelected,$option == dpl_CamillaGiveOffering,"AddText ""Camilla благодарна за ваши добрые подношения и широко улыбается.""
AddRemoveCommodity lobster -5 true
AdjustRepActivePerson 5
$offeringMade = true 30
FireAll PopulateOptions",,,
dpl_CamillaCancelOffering,DialogOptionSelected,$option == dpl_CamillaCancelOffering,FireAll PopulateOptions,,,
,,,,,,
#Camilla Installs LogisticCenter,,,,,,
dpl_LogisticCenter,PopulateOptions,"$id == camilla_wiener
$rel > 0.3
$market.dpl_asked_camilla_tech",,,AskLC:Попросить Камиллу модифицировать ваши корабли.,
dpl_LogisticCenterMoved,PopulateOptions,"$id == camilla_wiener
$rel > 0.3
$market.dpl_asked_camilla_factory",,,AskLC:Попросить Камиллу модифицировать ваши корабли.,
dpl_LogisticCenter1,DialogOptionSelected,$option == AskLC,FireAll dpl_PopulateLCOptions,"Камилла выходит из своей маленькой ""тех-камеры"" и идет с вами к доку: ""Итак, сэр $playerName, чем могу помочь?""",,
#LogisticCenter options,,,,,,
dpl_LC_SelectionOption,dpl_PopulateLCOptions,,,,dpl_LC_Selection:Спросить Камиллу о подробностях,
dpl_LC_Leave,dpl_PopulateLCOptions,,"SetShortcut dpl_LC_Leave ""ESCAPE""",,dpl_LC_Leave:Поблагодарить Камиллу и уйти,
dpl_LC_LeaveSel,DialogOptionSelected,$option == dpl_LC_Leave,"ShowDefaultVisual
EndConversation",,,
# Go Back option,,,,,,
dpl_LC_GoBack,DialogOptionSelected,$option == dpl_LCGoBack,FireAll dpl_PopulateLCOptions,,,
#Select Ship,,,,,,
dpl_LC_SelectionFirst,DialogOptionSelected,$option == dpl_LC_Selection,"$dpl_LC_askedAboutSelection = true 0
FireAll dpl_LCSelection","Камилла улыбается: ""Я могу применить свои знания фазовой теории и коммуникационных технологий, чтобы помочь вам, но мне нужны кредиты в качестве вознаграждения. Убедитесь, что на корабле есть свободное место, и тогда я смогу установить специальный логистический центр за 100,000 кредитов. Этот центр слегка снизит стоимость развертывания корабля. Вы можете снять его в любой момент, но если захотите установить снова, вознаграждение придется заплатить повторно."" (25 очки оснащения для крейсеров и 35 очки оснащения для капитальных кораблей, на более малые корабли эта модификация не ставится)",,
dpl_LC_Selection,DialogOptionSelected,"$option == dpl_LC_Selection
$dpl_LC_askedAboutSelection",FireAll dpl_LCSelection,,,
dpl_LC_SelectionPickShip,dpl_LCSelection,,,,dpl_LCSelectionPickShip:Выбрать корабль,
dpl_LC_SelectionLeave,dpl_LCSelection,,"SetShortcut dpl_LCGoBack ""ESCAPE""",,dpl_LCGoBack:Назад,
dpl_LC_SelectionPickShipSel,DialogOptionSelected,$option == dpl_LCSelectionPickShip,dpl_lcCMD dpl_PickShip,,,
# Selection: Selected ship,,,,,,
dpl_LC_Special,dpl_ShipPicked,"!$market.dpl_asked_camilla_factory
dpl_lcCMD dpl_CheckShip","SetStoryOption dpl_LC_Install general ""Asked Camilla to install a logistic center.""
DoCanAffordCheck 100000 dpl_LC_Install false",,dpl_LC_Install:Установить логистический центр,
dpl_LC_SpecialMoved,dpl_ShipPicked,"$market.dpl_asked_camilla_factory
dpl_lcCMD dpl_CheckShip",DoCanAffordCheck 100000 dpl_LC_Install false,,dpl_LC_Install:Установить логистический центр,
dpl_LC_Special2,DialogOptionSelected,$option == dpl_LC_Install,"AdjustRepActivePerson 2
dpl_lcCMD dpl_AddHullmod
AddCredits -100000
AddTextSmall ""Логистический центр установлен на ваш корабль."" highlight",,dpl_LCSelectionGoBack:Проверить другие корабли,
dpl_LC_NewShip,dpl_ShipPicked,,,,dpl_LCSelectionGoBack:Выбрать другой корабль,
dpl_LC_SelectionGoBackSel,DialogOptionSelected,$option == dpl_LCSelectionGoBack,"FireAll dpl_LCSelection
unset $dpl_LC_pickedShip",,,
,,,,,,
#Call To Arms,,,,,,
dpl_ctamBlurb,dpl_ctam_blurb,$id == ross_higgs,,"""У меня есть важный торговый контракт на поставку морпехов. Дайте знать, если вам интересно.""",,
dpl_ctamOption,dpl_ctam_option,$id == ross_higgs,SetOptionColor dpl_ctam_start buttonShortcut,,dpl_ctam_start:Спросить о контракте на морпехов.,
dpl_ctamOfferTextCheck,DialogOptionSelected,$option == dpl_ctam_start,"$missionId = dpl_ctam
Highlight ""2,500"" $dpl_ctam_reward","""В этом месяце Департамент безопасности Лаборатории не выделил нам ни одного отряда морпехов и при этом потребовал от нас чрезвычайно большое количество таких подразделений."" Росс вздыхает: ""Нам пришлось задействовать аварийный резерв морской пехоты. Это ослабит оборону фабрик.""

""И мне нужен кто-то, кто соберет для меня 2,500 единиц морпехов."" Росс смотрит на вас: ""Награда составит $dpl_ctam_reward кредитов после выполнения. Вас это интересует?""","dpl_ctam_accept:Принять
contact_decline:Отклонить",
dpl_ctamOfferTextContact,DialogOptionSelected,$option == dpl_ctam_accept,$dpl_ctam_started = true,"""Отлично!"" Она улыбается: ""Пожалуйста, возвращайтесь скорее, этот контракт для нас очень важен.""",contact_accept:Не переживайте - увидимся позже.,
dpl_ctam_completeOpen,PopulateOptions,"$id == ross_higgs
$dpl_ctam_started
!$dpl_ctam_completed
PlayerHasCargo marines 2500",SetOptionColor dpl_ctam_complete buttonShortcut,,dpl_ctam_complete:Я вернулся(лась) со всеми этими морпехами.,
dpl_ctam_complete,DialogOptionSelected,$option == dpl_ctam_complete,"AddRemoveCommodity marines -2500 true
$dpl_ctam_completed = true
unset $dpl_ctam_started","Росс выглядит чуть более расслабленной, чем обычно: ""Спасибо, капитан $playerName! Боюсь представить, сколько времени ушло бы, если бы мы сами пытались набрать столько морпехов. Нам стоит сотрудничать чаще!""",dpl_ctam_leave:Пожалуйста - до следующей встречи.,
dpl_ctam_leave,DialogOptionSelected,$option == dpl_ctam_leave,"ShowDefaultVisual
EndConversation",,,
,,,,,,
#Transplutonic Thirst,,,,,,
dpl_trthBlurb,dpl_trth_blurb,$id == ross_higgs,,"""У меня есть срочный торговый контракт на трансплутонику. Дайте знать, если вам интересно.""",,
dpl_trthOption,dpl_trth_option,$id == ross_higgs,SetOptionColor dpl_trth_start buttonShortcut,,dpl_trth_start:Спросить о контракте на трансплутонику.,
dpl_trthOfferTextCheck,DialogOptionSelected,$option == dpl_trth_start,"$missionId = dpl_trth
$dpl_trth_started = true
Highlight ""3,000"" $dpl_trth_reward","""Один из наших крупных торговых конвоев был атакован пиратской армадой. Они уничтожили все корабли охранения и забрали весь груз."" Росс вздыхает: ""К несчастью, конвой перевозил большой объем трансплутоники, необходимой для нашего производства. В результате нам пришлось расходовать складские резервы.""

""Чтобы пополнить хранилище, мне нужен кто-то, кто соберет для меня 3,000 единиц трансплутоники."" Росс смотрит на вас: ""Награда составит $dpl_trth_reward кредитов после выполнения. Вас интересует это?""","dpl_trth_accept:Принять
contact_decline:Отклонить",
dpl_trthOfferTextContact,DialogOptionSelected,$option == dpl_trth_accept,$dpl_trth_started = true,"""Отлично!"" Она улыбается: ""Пожалуйста, возвращайтесь скорее, эта трансплутоника нам действительно нужна для производственных циклов.""",contact_accept:Конечно. Тогда до встречи.,
dpl_trth_completeOpen,PopulateOptions,"$id == ross_higgs
$dpl_trth_started
!$dpl_trth_completed
PlayerHasCargo rare_metals 3000",SetOptionColor dpl_trth_complete buttonShortcut,,dpl_trth_complete:Я вернулся(лась) с трансплутоникой.,
dpl_trth_complete,DialogOptionSelected,$option == dpl_trth_complete,"AddRemoveCommodity rare_metals -3000 true
$dpl_trth_completed = true
unset $dpl_trth_started","Росс выглядит чуть более расслабленной, чем обычно: ""Спасибо, капитан $playerName! По нашему производственному плану у нас ушел бы целый цикл, чтобы восстановить запасы. Нам стоит сотрудничать чаще!""",dpl_trth_leave:Пожалуйста - до следующей встречи.,
dpl_trth_leave,DialogOptionSelected,$option == dpl_trth_leave,"ShowDefaultVisual
EndConversation",,,
,,,,,,
#Recover Special Armor,,,,,,
dpl_rcamBlurb,dpl_rcam_blurb,$id == ross_higgs,,"""У меня есть срочная миссия по возврату утраченного. Дайте знать, если вам интересно.""",,
dpl_rcamOption,dpl_rcam_option,$id == ross_higgs,SetOptionColor dpl_rcam_start buttonShortcut,,dpl_rcam_start:Спросить о миссии возврата.,
dpl_rcamOfferTextContact,DialogOptionSelected,$option == dpl_rcam_start,"$missionId = dpl_rcam
Highlight Highlight $dpl_rcam_systemName $dpl_rcam_dist $dpl_rcam_reward","""Одна из наших исследовательских станций в $dpl_rcam_systemName, в $dpl_rcam_dist отсюда, была захвачена пиратами."" Росс вздыхает: ""Хотя исследовательская группа вернулась в безопасности и с большей частью данных, кое-что мы там все-таки оставили.""

""Мы обязаны защитить знания, оставшиеся там: это величайшее наследие, которое мы храним. Мне нужен кто-то, кто займется этим как можно скорее."" Росс смотрит на вас: ""Награда составит $dpl_rcam_reward кредитов после выполнения, плюс право на утилизацию этой заброшенной станции. Вас это интересует?""","contact_accept:Принять
contact_decline:Отклонить",
dpl_rcam_defenderDesc,TriggerAutomatedDefenses,"$dpl_rcam_targetStation score:1000
!$global.dpl_rcam_gotSpecialArmor",dpl_DefenderInteraction,"Когда ваш $shipOrFleet выходит на близкую удерживающую орбиту, вы замечаете множество пиратских кораблей, обороняющих станцию. Похоже, они переделывают эту исследовательскую станцию в одну из своих скрытых баз.

Они заняты охраной стройплощадки, и это дает вам возможность выбрать: вступить в бой или отступить.",,
dpl_rcam_infoTextNext,BeginSalvage,"$dpl_rcam_targetStation score:1000
!$global.dpl_rcam_gotSpecialArmor","AddTextSmall ""Накопитель данных получен"" highlight
$global.dpl_rcam_gotSpecialArmor = true
unset $entity.missionImportant","Вы стыкуетесь с заброшенной исследовательской станцией. После нескольких боев низкой интенсивности на борту ваша спасательная команда докладывает, что успешно извлекла все данные из резервной копии центрального компьютера станции. Хотя данные сильно зашифрованы, и как именно их применять, команда понять не смогла.

Лучше начать полномасштабную утилизацию и извлечь со станции все полезное.",0:salSalvage:Начать операции по утилизации,
dpl_rcam_completeOpen,PopulateOptions,"$id == ross_higgs
$global.dpl_rcam_gotSpecialArmor
!$global.dpl_rcam_completed",SetOptionColor dpl_rcam_complete buttonShortcut,,dpl_rcam_complete:Я вернулся(лась) с хранилищем данных.,
dpl_rcam_complete,DialogOptionSelected,$option == dpl_rcam_complete,"AddTextSmall ""Накопитель данных потерян"" highlight
$global.dpl_rcam_completed = true","Росс выглядит чуть более расслабленной, чем обычно: ""Спасибо, капитан $playerName! Вы вернули наши ценные знания из рук пиратов.""",dpl_rcam_complete1:Почему эти данные так важны?,
dpl_rcam_complete1,DialogOptionSelected,$option == dpl_rcam_complete1,,"""В них записаны результаты наших экспериментов по самым разным свойствам новой брони."" Росс улыбается: ""Она сделана из металлов с новыми наноструктурами, и, к счастью, вы можете модифицировать броню своего корабля в эту новую версию на любой космостанции.""",dpl_rcam_complete2:Вау - то есть я могу ее попробовать?,
dpl_rcam_complete2,DialogOptionSelected,$option == dpl_rcam_complete2,AddRemoveAnyItem SPECIAL modspec dpl_special_armor 1,"""Конечно! Сейчас сделаю для вас корректную копию всех необходимых процедур."" Росс отворачивается и делает несколько касаний в датападе: ""После этого вы сможете свободно использовать нашу новую броню.""",dpl_rcam_complete3:Вы очень щедры - спасибо!,
dpl_rcam_complete3,DialogOptionSelected,$option == dpl_rcam_complete3,,"""Именно поэтому знания так велики. Пока у нас есть хотя бы одна копия, мы можем создавать из них бесконечно много полезных вещей."" Росс улыбается: ""Пожалуйста, примите этот дар нашего великого знания за ваш великий вклад.""",dpl_rcam_complete4:Понимаю - обязательно испытаю эту новую броню.,
dpl_rcam_complete4,DialogOptionSelected,$option == dpl_rcam_complete4,,"""А теперь мне нужно вернуться к работе."" Росс вздыхает: ""До встречи, капитан $playerName.""",dpl_rcam_leave:До встречи.,
dpl_rcam_leave,DialogOptionSelected,$option == dpl_rcam_leave,"ShowDefaultVisual
EndConversation",,,
,,,,,,
#Recover Weapon Overcharge,,,,,,
dpl_rcwoBlurb,dpl_rcwo_blurb,$id == ross_higgs,,"""У меня есть важная миссия по возврату утраченного. Дайте знать, если вам интересно.""",,
dpl_rcwoOption,dpl_rcwo_option,$id == ross_higgs,SetOptionColor dpl_rcwo_start buttonShortcut,,dpl_rcwo_start:Спросить о миссии по возврату.,
dpl_rcwoOfferTextContact,DialogOptionSelected,$option == dpl_rcwo_start,"$missionId = dpl_rcwo
Highlight Highlight $dpl_rcwo_systemName $dpl_rcwo_dist $dpl_rcwo_reward","""Одна из наших исследовательских станций в $dpl_rcwo_systemName, в $dpl_rcwo_dist отсюда, была захвачена патерами."" Росс вздыхает: ""Наша исследовательская команда разработала новый протокол, который управляет выходной мощностью реактора и перегружает вооружение. К сожалению, при отступлении они не смогли забрать результаты работы.""

""Мы обязаны вернуть знания, которые остались там: даже малейшие потери недопустимы. Мне нужен кто-то, кто займется этим как можно скорее."" Росс смотрит на вас: ""Награда составит $dpl_rcwo_reward кредитов после выполнения, плюс право на утилизацию этой заброшенной станции. Вас это интересует?""","contact_accept:Принять
contact_decline:Отклонить",
dpl_rcwo_defenderDesc,TriggerAutomatedDefenses,"$dpl_rcwo_targetStation score:1000
!$global.dpl_rcwo_gotWeaponOverride",dpl_DefenderInteraction,"Когда ваш $shipOrFleet выходит на близкую удерживающую орбиту, вы замечаете множество кораблей патеров, обороняющих станцию. Похоже, они переделывают эту исследовательскую станцию в одну из своих скрытых баз.

Они заняты охраной стройплощадки, и это дает вам возможность выбрать: вступить в бой или отступить.",,
dpl_rcwo_infoTextNext,BeginSalvage,"$dpl_rcwo_targetStation score:1000
!$global.dpl_rcwo_gotWeaponOverride","AddTextSmall ""Накопитель данных получен"" highlight
$global.dpl_rcwo_gotWeaponOverride = true
unset $entity.missionImportant","Вы стыкуетесь с заброшенной исследовательской станцией. После нескольких боев низкой интенсивности на борту ваша спасательная команда докладывает, что успешно извлекла все из резервной копии центрального компьютера станции. Хотя данные сильно зашифрованы, и как они работают, команда понять не смогла.

Лучше начать полномасштабную утилизацию и извлечь со станции все полезное.",0:salSalvage:Начать операции по утилизации,
dpl_rcwo_completeOpen,PopulateOptions,"$id == ross_higgs
$global.dpl_rcwo_gotWeaponOverride
!$global.dpl_rcwo_completed",SetOptionColor dpl_rcwo_complete buttonShortcut,,dpl_rcwo_complete:Я вернулся(лась) с хранилищем данных.,
dpl_rcwo_complete,DialogOptionSelected,$option == dpl_rcwo_complete,"AddTextSmall ""Накопитель данных потерян"" highlight
$global.dpl_rcwo_completed = true","Росс выглядит чуть более расслабленной, чем обычно: ""Спасибо, капитан $playerName! Вы спасли наши ценные знания из рук этих патеров.""",dpl_rcwo_complete1:Почему эти данные так важны?,
dpl_rcwo_complete1,DialogOptionSelected,$option == dpl_rcwo_complete1,,"""Как я уже упоминала, в них записан новый протокол, позволяющий перегружать оружие и повышать его урон."" Росс улыбается: ""Протокол сложный, но, к счастью, вы все равно можете устанавливать и настраивать его для своих кораблей на любой космостанции.""",dpl_rcwo_complete2:Вау - то есть я могу это попробовать?,
dpl_rcwo_complete2,DialogOptionSelected,$option == dpl_rcwo_complete2,AddRemoveAnyItem SPECIAL modspec dpl_weapon_overcharge 1,"""Конечно! Сейчас сделаю для вас корректную копию этого протокола и всей документации к нему."" Росс отворачивается и делает несколько касаний в датападе: ""После этого вы сможете свободно использовать новый протокол.""",dpl_rcwo_complete3:Раз это просто протокол - почему бы не сделать новый?,
dpl_rcwo_complete3,DialogOptionSelected,$option == dpl_rcwo_complete3,,"""Это больше, чем просто протокол. Это часть нашего общего знания, и многие будущие открытия могут строиться на нем как на фундаменте."" Росс улыбается: ""Поэтому каждая единица нашего знания чрезвычайно ценна. Пожалуйста, примите наш дар в знак признания ваших больших усилий.""",dpl_rcwo_complete4:Понимаю - обязательно опробую этот новый протокол.,
dpl_rcwo_complete4,DialogOptionSelected,$option == dpl_rcwo_complete4,,"""А теперь мне нужно вернуться к работе."" Росс вздыхает: ""До встречи, капитан $playerName.""",dpl_rcwo_leave:До встречи.,
dpl_rcwo_leave,DialogOptionSelected,$option == dpl_rcwo_leave,"ShowDefaultVisual
EndConversation",,,
,,,,,,
#Fox Hunt,,,,,,
dpl_fxhtBlurb,dpl_fxht_blurb,$id == ross_higgs,,"""У меня есть важная ударная миссия. Дайте знать, если вам интересно.""",,
dpl_fxhtOption,dpl_fxht_option,$id == ross_higgs,SetOptionColor dpl_fxht_start buttonShortcut,,dpl_fxht_start:Спросить об ударной миссии,
dpl_fxhtOfferTextContact,DialogOptionSelected,$option == dpl_fxht_start,"$missionId = dpl_fxht
Highlight $dpl_fxht_pirateName $dpl_fxht_systemName $dpl_fxht_dist $dpl_fxht_reward","""Появился набирающий силу пиратский военачальник по имени $dpl_fxht_pirateName. Он атаковал множество транспортных флотов всех держав, включая наши."" Росс вздыхает: ""Поэтому наш Разведотдел и флот Гегемонии собрали объединенную группу для охоты на него. Однако операция завершилась катастрофой: несколько мощных капитальных кораблей даже были захвачены.""

""Мы разработали план, чтобы раз и навсегда устранить эту угрозу. Разведотдел слил ложные данные о крупных строительных работах в $dpl_fxht_systemName, в $dpl_fxht_dist световых лет отсюда. Наши разведчики сообщают, что армада $dpl_fxht_pirateName сейчас там и готовится атаковать наши транспорты. Но ее масштаб куда больше ожидаемого, а флот Фазовой Лаборатории отказывается действовать, пока не соберет достаточно сил, а это займет вечность. Мне нужен кто-то, кто уничтожит его, пока ситуация не вышла из-под контроля. Соответственно, я назначила выплату в $dpl_fxht_reward кредитов.""","contact_accept:Принять
contact_decline:Отклонить",
dpl_fxhtEncounter,BeginFleetEncounter,"$dpl_fxht_pirate_fleet score: 1000
!$dpl_fxht_metpirate",$dpl_fxht_metpirate = true,"""Ха, снова легкие кредиты. Видите эти сияющие Onslaught, которые я захватил? Даже флот Гегемонии не устоит перед моей армадой."" Пиратский флот передает сообщение в общий канал, и вы видите, как смеется $dpl_fxht_pirateName: ""Просто сдавайте весь груз, и я прикажу своей армаде оставить кого-то из вас в живых.""",,
dpl_fxht_completeOpen,PopulateOptions,"$id == ross_higgs
$dpl_fxht_killed
!$dpl_fxht_completed",SetOptionColor dpl_fxht_complete buttonShortcut,,dpl_fxht_complete:Я вернулся. И эта армада уничтожена.,
dpl_fxht_complete,DialogOptionSelected,$option == dpl_fxht_complete,$dpl_fxht_completed = true,"Росс выглядит чуть более расслабленной, чем обычно: ""Спасибо, капитан $playerName! Вы устранили серьезную угрозу нашим исследовательским и инженерным работам. Теперь в секторе стало хоть немного безопаснее для перевозок.""",dpl_fxht_complete1:И я нашел часть их флотских логов. Думаю - это может быть вам полезно.,
dpl_fxht_complete1,DialogOptionSelected,$option == dpl_fxht_complete1,,"""О, это ценнейшие хранилища. Я с радостью их приму, а взамен могу организовать вам награду из лучших плодов нашей науки."" Росс улыбается: ""Если в будущем найдете подобные базы данных, смело заходите ко мне. Я всегда буду рада обмену.""",dpl_fxht_complete2:Звучит заманчиво.,
dpl_fxht_complete2,DialogOptionSelected,$option == dpl_fxht_complete2,,"""Конечно, мы всегда готовы щедро награждать храбрых бойцов, которые помогают нам защищать и сохранять знания для человечества."" Росс смотрит на вас: ""Кстати, капитан $playerName, вам удалось найти доказательства, что Rusty Hook погиб в бою?""",dpl_fxht_complete3:Тело мы не нашли. Но считаем - что выжить он не должен был.,
dpl_fxht_complete3,DialogOptionSelected,$option == dpl_fxht_complete3,,"""Понимаю, понимаю. Я тоже надеюсь, что он не выжил. Мы и так слишком много потеряли из-за его нападений."" Росс вздыхает: ""И если он вернется в будущем, это будет настоящей катастрофой.""",dpl_fxht_complete4:Давайте не зацикливаться на таких пустых вероятностях.,
dpl_fxht_complete4,DialogOptionSelected,$option == dpl_fxht_complete4,,"""Верно, капитан $playerName. Как бы то ни было, его армады больше нет, и пока можно насладиться периодом тишины."" Росс улыбается: ""Будем надеяться, что он продлится достаточно долго, хотя бы чтобы мы успели пополнить снабжение исследовательских аванпостов.""",dpl_fxht_complete5:Конечно.,
dpl_fxht_complete5,DialogOptionSelected,$option == dpl_fxht_complete5,,"""А теперь мне нужно вернуться к работе."" Росс вздыхает: ""До встречи, капитан $playerName.""",dpl_fxht_leave:До встречи.,
dpl_fxht_leave,DialogOptionSelected,$option == dpl_fxht_leave,"ShowDefaultVisual
EndConversation",,,
,,,,,,
#First Strike,,,,,,
dpl_fsskBlurb,dpl_fssk_blurb,$id == ross_higgs,,"""У меня есть важная миссия внезапного удара. Дайте знать, если вам интересно.""",,
dpl_fsskOption,dpl_fssk_option,$id == ross_higgs,SetOptionColor dpl_fssk_start buttonShortcut,,dpl_fssk_start:Спросить о миссии внезапного удара,
dpl_fsskOfferTextContact,DialogOptionSelected,$option == dpl_fssk_start,"$missionId = dpl_fssk
Highlight $dpl_fssk_pirateName $dpl_fssk_systemName $dpl_fssk_dist $dpl_fssk_reward","""К сожалению, $dpl_fssk_pirateName выжил после нашего последнего удара, и мы получили сведения, что он собирает новую армаду для рейдов на наши планеты."" Росс вздыхает: ""Наш Разведотдел установил, что он формирует силы на Kapteyn Shipworks в $dpl_fssk_systemName, в $dpl_fssk_dist световых лет отсюда.""

""Флот Фазовой Лаборатории заблокировал гиперпространство возле $dpl_fssk_systemName. Но мы не можем войти туда из-за нашей декларации об уважении юрисдикции других фракций в их пространстве. А нашим друзьям из Персеанской Лиги не хватило сил уничтожить эту армаду. Мне нужен кто-то, кто нанесет внезапный удар и уничтожит ее как можно скорее. Соответственно, я назначила выплату в $dpl_fssk_reward кредитов.""","contact_accept:Принять
contact_decline:Отклонить",
dpl_fsskEncounter,BeginFleetEncounter,"$dpl_fssk_pirate_fleet score: 1000
!$dpl_fssk_metpirate",$dpl_fssk_metpirate = true,"""Наконец-то ты все еще достаточно смел(а), чтобы встретить наш гнев."" Пиратский флот отправляет сообщение в общий канал: ""Теперь сгорай в нашей мести!""",,
dpl_fsskDerelictOpen,OpenInteractionDialog,"$dpl_fssk_derelict score:100
$customType == wreck
!$global.dpl_fssk_boarded",,"Ваш флот приблизился к остову флагмана пиратской армады. Первичное сканирование обнаружило несколько признаков жизни, и это может дать полезную информацию.",dpl_fssk_board:Подняться на борт с небольшим отрядом охраны.,
dpl_fsskDerelictOpen1,DialogOptionSelected,$option == dpl_fssk_board,"ShowImageVisual abandoned_station
unset $missionImportant","После взрыва, уничтожившего корабль, большая часть экипажа погибла. Но к вашему удивлению, команда обыскала все отсеки и так и не нашла Rusty Hook. Признаков запуска шаттлов с этого корабля тоже нет.

Вы решаете:",dpl_fssk_board1:Взломать командный отсек.,
dpl_fsskDerelictOpen2,DialogOptionSelected,$option == dpl_fssk_board1,"$global.dpl_fssk_boarded = true
ShowPersonVisual true kapteyn_greater","Когда ваша команда вскрывает командный отсек, там оказывается только командир этой пиратской армады и несколько ее охранников.

Ваши люди численно превосходят охрану, и те не спешат вступать в бой. Спасофицер сообщает, что по флотскому журналу ее зовут Greater Kapteyn. Если удастся получить от нее информацию, это будет очень полезно.","dpl_fssk_board2:Где Ржавый Крюк?
dpl_fssk_board3:Greater Kapteyn — громкое имя.
dpl_fssk_board4:Лучше расскажи всё - что знаешь - пока не поздно.",
dpl_fsskDerelictOpen3,DialogOptionSelected,$option == dpl_fssk_board2,,"""Ха-ха, ты никогда не заслужишь узнать его великий план!"" Greater Kapteyn смеется и показывает вам неприличный жест.","dpl_fssk_board4:Лучше расскажи все - что знаешь - пока еще не поздно.
dpl_fssk_board5:Эй - спокойно. Можно решить это без лишней боли.",
dpl_fsskDerelictOpen4,DialogOptionSelected,$option == dpl_fssk_board3,,"""Хех, и именно ты уничтожаешь будущее Kapteyn Shipyard."" Она холодно смотрит на вас: ""Какая ирония.""","dpl_fssk_board4:Лучше расскажи все - что знаешь - пока еще не поздно.
dpl_fssk_board6:Меня наняли только разбить армаду Rusty Hook - и ничего больше.",
dpl_fsskDerelictOpen5,DialogOptionSelected,$option == dpl_fssk_board4,,"""Тогда убей нас. Убей нас всех, как ты обычно и делаешь."" Greater Kapteyn кричит вам: ""Я сохраню клятву до самого конца, а ты останешься тем же ужасным убийцей, каким был(а) всегда.""","dpl_fssk_board5:Эй - спокойно. Можно решить это без лишней боли.
dpl_fssk_board7:Клятва? Не знал(а) - что пираты дают клятвы.
dpl_fssk_boardBE:Приказать команде открыть огонь и дать ей то - чего она хочет.",
dpl_fsskDerelictOpen6,DialogOptionSelected,$option == dpl_fssk_board5,,"""Хех, неужели я слышу это от тебя?"" Greater Kapteyn смеется: ""От человека, который только что убил всех храбрых людей здесь, сражавшихся до последнего вздоха. Какая ирония.""","dpl_fssk_board6:Меня наняли только разбить армаду Rusty Hook - и ничего больше.
dpl_fssk_board8:Ты и сама это понимаешь - верно? Если хочешь жить - расскажи все - что знаешь.",
dpl_fsskDerelictOpen7,DialogOptionSelected,$option == dpl_fssk_board6,,"""Хотя бы честно признал(а) свою жадность."" Greater Kapteyn вздыхает: ""Да, как и все эти продажные люди. Давай, уничтожай наше будущее и забирай свои грязные кредиты.""",dpl_fssk_board9:Ничего себе - пират называет меня продажным.,
dpl_fsskDerelictOpen8,DialogOptionSelected,$option == dpl_fssk_board7,,"""Такие, как ты, никогда не поймут. Ты не видишь трагедии, через которые люди на Kapteyn Station проходят каждый день."" Она вздыхает: ""А моя клятва проста: я никогда не предам людей Kapteyn Shipyard, где выросла и где видела всю эту боль.""",dpl_fssk_board10:И что с того? Твоя армада как раз и принесла опасность твоей любимой станции.,
dpl_fsskDerelictOpen9,DialogOptionSelected,$option == dpl_fssk_board8,,"""Ты правда думаешь, что я тебя боюсь?"" Greater Kapteyn кричит вам: ""Я живу своей клятвой и не боюсь умереть за нее.""","dpl_fssk_board7:Клятва? Не знал(а) - что пираты дают клятвы.
dpl_fssk_boardBE:Приказать команде открыть огонь и дать ей то - чего она хочет.",
dpl_fsskDerelictOpen10,DialogOptionSelected,$option == dpl_fssk_board9,,"""Ты никогда не поймешь."" Она кричит вам: ""Я живу клятвой. А чем живешь ты? Кредитами? Жадный наемник.""",dpl_fssk_board7:Клятва? Не знал(а) - что пираты дают клятвы.,
dpl_fsskDerelictOpen11,DialogOptionSelected,$option == dpl_fssk_board10,,"""Это моя жертва. У нашего спасителя был план. И я должна была приносить жертвы, чтобы выиграть для него время."" Она смотрит в потолок: ""Все это не зря, ведь он вернет сокровище, которое сделает жизнь людей Kapteyn Shipyard лучше.""",dpl_fssk_board11:Ваш спаситель?,
dpl_fsskDerelictOpen12,DialogOptionSelected,$option == dpl_fssk_board11,,"""Хватит. Ты не заслуживаешь знать ни его имя, ни его план."" Она злится: ""И не думай, что получишь от меня то, что хочешь. Я скорее умру за свою клятву.""","dpl_fssk_boardGE:Мне кажется - ты доверилась не тому человеку.
dpl_fssk_boardBE:Приказать команде открыть огонь и дать ей то - чего она хочет.",
dpl_fsskDerelictOpenGE,DialogOptionSelected,$option == dpl_fssk_boardGE,,"""Думаешь, меня можно обмануть пустыми словами?"" Она смеется: ""Ты можешь отнять мою жизнь, но не заставишь меня предать клятву.""","dpl_fssk_boardGE1:Я оставлю тебя в живых и покажу тебе все.
dpl_fssk_boardBE:Приказать команде открыть огонь и дать ей то - чего она хочет.",
dpl_fsskDerelictOpenGE1,DialogOptionSelected,$option == dpl_fssk_boardGE1,,"""Что? Ты не убьешь меня?"" Она выглядит растерянной: ""Ты пожалеешь об этом.""

Вы приказываете своим людям отойти и освободить путь на борт вашего флагмана.",dpl_fssk_boardGE2:Я предложил(а) тебе шанс узнать правду. Теперь выбор за тобой.,
dpl_fsskDerelictOpenGE2,DialogOptionSelected,$option == dpl_fssk_boardGE2,,"""Ладно, посмотрим, какую игру ты затеял(а)."" Она приказывает оставшимся пиратам следовать за ней и поднимается на ваш флагман.

Ваша команда проводит их в большие камеры на нижней палубе.

""Ну что, этого ты и хотел(а)?"" Она смеется: ""Посадить нас в клетку, а потом получить свои кредиты?""",dpl_fssk_boardGE3:Это лучшее - что я могу предложить пиратам. Можешь остаться или уйти.,
dpl_fsskDerelictOpenGE3,DialogOptionSelected,$option == dpl_fssk_boardGE3,$player.dpl_GotGKapteynOnBoard = true,"""Ты и правда странный человек. Мог(ла) бы уже убить нас или сделать с нами что угодно..."" Она смотрит на вас: ""Ладно, не боюсь твоих трюков. Посмотрим, что это за твоя ""правда"". Надеюсь, она не окажется скучной и бессмысленной.""

Хотя явных сведений получить не удалось, у вас уже есть ощущение, что здесь происходит на самом деле.",dpl_fssk_boardEnd:Продолжить.,
dpl_fsskDerelictOpenBE,DialogOptionSelected,$option == dpl_fssk_boardBE,,"Во время атаки вашей команды всех пиратов испепелило под дождем лазерного огня.

Хотя явных сведений получить не удалось, у вас уже есть ощущение, что здесь происходит на самом деле.",dpl_fssk_boardEnd:Продолжить.,
dpl_fsskDerelictOpenEnd,DialogOptionSelected,$option == dpl_fssk_boardEnd,,"Лучше быстро закончить дела здесь и провести утилизацию. Пора возвращаться на Lab Factory и разобраться, что происходит.",dpl_fssk_finish:Провести операции по утилизации.,
dpl_fsskDerelictFinish,DialogOptionSelected,$option == dpl_fssk_finish,"ShowDefaultVisual
$salvageLeaveText = Leave 0
FireBest CheckSalvageSpecial",,,
dpl_fssk_completeOpen,OpenInteractionDialog,"$id == dpl_factory
$faction.id == dpl_phase_lab
$global.dpl_fssk_boarded
!$global.dpl_fssk_completed
!$player.dpl_GotGKapteynOnBoard",ShowDefaultVisual,"Когда ваш флот приближается к Lab Factory, вы замечаете нечто очень странное. Космодок почти пуст, повсюду ревут сирены. Работник Фазовой Лаборатории сообщает вам, что в зоне Orbital Works чрезвычайная ситуация, и офицеры высокого ранга приказали собрать всех, у кого есть хоть какое-то оружие, для обороны Орбитальных Верфей. Он поспешно уходит из дока с монтажным резаком в руках, и док остается пустым.",dpl_fssk_complete:Продолжить.,
dpl_fssk_completeOpenGE,OpenInteractionDialog,"$id == dpl_factory
$faction.id == dpl_phase_lab
$global.dpl_fssk_boarded
!$global.dpl_fssk_completed
$player.dpl_GotGKapteynOnBoard",ShowDefaultVisual,"Когда ваш флот приближается к Lab Factory, вы замечаете нечто очень странное. Космодок почти пуст, повсюду ревут сирены. Работник Фазовой Лаборатории сообщает вам, что в зоне Orbital Works чрезвычайная ситуация, и офицеры высокого ранга приказали собрать всех, у кого есть хоть какое-то оружие, для обороны Орбитальных Верфей. Он поспешно уходит из дока с монтажным резаком в руках, и док остается пустым.

Вы позволяете Greater Kapteyn и сопровождающим ее пиратам сойти и приказываете им молча следовать за вами.",dpl_fssk_complete:Продолжить.,
dpl_fssk_complete,DialogOptionSelected,$option == dpl_fssk_complete,"ShowImageVisual bombard_tactical_result
$global.dpl_fssk_completed = true","Вы идете за рабочим, и по пути к Orbital Works видите, что коридор сильно поврежден, а с другого конца доносятся взрывы.

Воздух утекает, а сферические языки пламени носятся по всему отсеку. Это напоминает вам первый раз, когда вы видели взрыв корабля в космосе: в космосе все выглядит иначе, чем на планете.",dpl_fssk_complete1:Приказать всем надеть шлемы и двигаться вперед.,
dpl_fssk_complete1,DialogOptionSelected,$option == dpl_fssk_complete1,,"Вы добираетесь до обзорной площадки над Orbital Works, откуда весь комплекс виден как на ладони, и можно на секунду оценить ситуацию перед действием.

Внизу полный хаос: пиратов окружают самые разные люди - морпехи, флотские офицеры, рабочие и еще какие-то незнакомые вам бойцы. Все дерутся, и никто не продвигается.

Вы ищете Росс и наконец замечаете ее перед Нанокузницей. Она отдает приказы ближайшим бойцам, сжимая в руках гаусс-винтовку и периодически стреляя по пиратам.",dpl_fssk_complete2:Продолжить.,
dpl_fssk_complete2,DialogOptionSelected,$option == dpl_fssk_complete2,,"""Вперед, парни! Вперед! Они сдают!"" Вы видите пирата в сияющей красной силовой броне, он заметно выше всех остальных: ""Мы купили их коды безопасности, а резервов у них нет. Грабьте все, что сможете, победа принадлежит мне, Rusty Hook!""

Снизу раздается рев толпы, перемешанный с выстрелами гаусс-оружия и взрывами.",dpl_fssk_complete3:Продолжить.,
dpl_fssk_complete3,DialogOptionSelected,$option == dpl_fssk_complete3,,"""Мы не отступим, пока за нашей спиной стоит величайшее наследие знаний!"" кричит Росс. ""Огонь! Готовьте следующий залп!""

По ее приказу даже рабочие идут в рукопашную с пиратами, орудуя молотами и гаечными ключами.

""Жмите дальше,"" зло ревет Rusty Hook. ""Я раздавлю эту умницу. А потом эта толпа больше никогда не сможет сражаться.""

Rusty Hook идет прямо на Росс, сметая людей и препятствия на пути. Росс продолжает стрелять по пиратам из гаусс-винтовки.",dpl_fssk_complete4:Стой! Твой флот уничтожен - тебе пора сдаться - Rusty Hook.,
dpl_fssk_complete4,DialogOptionSelected,"$option == dpl_fssk_complete4
!$player.dpl_GotGKapteynOnBoard",,"Rusty Hook игнорирует вас, встает перед Росс и смеется: ""Этот флот был приманкой. Значит, мне просто нужно выкачать отсюда больше кредитов. Леди, убирайся с дороги, я не повторяю.""

""Ты к ней не прикоснешься."" Росс перезаряжает гаусс-винтовку и наводится на Rusty Hook: ""Я защищу наше наследие ценой жизни.""

""Тогда умри."" Rusty Hook выбивает у нее винтовку и отбрасывает ее в сторону: ""Эта кузница стоит миллионы кредитов. Канта щедро меня наградит. Меня никто не остановит.""",dpl_fssk_complete5:Спрыгнуть с обзорной площадки на Rusty Hook.,
dpl_fssk_complete4GE,DialogOptionSelected,"$option == dpl_fssk_complete4
$player.dpl_GotGKapteynOnBoard",,"Rusty Hook игнорирует вас, встает перед Росс и смеется: ""Этот флот был приманкой. Значит, мне просто нужно выкачать отсюда больше кредитов. Леди, убирайся с дороги, я не повторяю.""

""Ты к ней не прикоснешься."" Росс перезаряжает гаусс-винтовку и наводится на Rusty Hook: ""Я защищу наше наследие ценой жизни.""

""Тогда умри."" Rusty Hook выбивает у нее винтовку и отбрасывает ее в сторону: ""Эта кузница стоит миллионы кредитов. Канта щедро меня наградит. Меня никто не остановит.""",dpl_fssk_complete5GE:Видишь? Для него никто не важен - кроме него самого.,
dpl_fssk_complete5GE,DialogOptionSelected,$option == dpl_fssk_complete5GE,,"Вы видите, как лицо Greater Kapteyn искажается от ярости.

""Ты лгал! Лгал нам всем!"" кричит Greater Kapteyn. ""Ты говорил, что делаешь это ради людей Kapteyn Shipyard! А мы сражались и умирали за твое обещание!""

""Заткнись! Ты уже подвела меня!"" Rusty Hook срывает Нанокузницу: ""Все те ресурсы и кредиты, что я вбухал, кто мне вернет? Ты просто очередной бесполезный мусор.""",dpl_fssk_complete5GE1:И теперь - какой твой выбор?,
dpl_fssk_complete5GE1,DialogOptionSelected,$option == dpl_fssk_complete5GE1,,"""Я прикончу этого лжеца."" Голос Greater Kapteyn дрожит: ""Он нас предал.""",dpl_fssk_complete5GE2:Спрыгнуть с обзорной площадки на Rusty Hook вместе с Greater Kapteyn.,
dpl_fssk_complete5,DialogOptionSelected,$option == dpl_fssk_complete5,,"Вы прыгаете с обзорной площадки, и при приближении к земле личный джетпак позволяет выполнить мощное, но безопасное приземление.

Вы наносите Rusty Hook летящий удар в спину, и он падает. Росс подхватывает свою гаусс-винтовку и быстро наводится ему в ногу.

Одним выстрелом она прожигает сустав силовой брони Rusty Hook, и в скафандре раздается перегрузочный треск.",dpl_fssk_complete6:Продолжить.,
dpl_fssk_complete5GE2,DialogOptionSelected,$option == dpl_fssk_complete5GE2,,"Вы прыгаете с обзорной площадки, и при приближении к земле личный джетпак позволяет выполнить мощное, но безопасное приземление. Greater Kapteyn крепко держится за вашей спиной.

Вы наносите Rusty Hook летящий удар в спину, и он падает. Росс подхватывает свою гаусс-винтовку и быстро наводится ему в ногу.

Одним выстрелом она прожигает сустав силовой брони Rusty Hook, и в скафандре раздается перегрузочный треск.",dpl_fssk_complete6:Продолжить.,
dpl_fssk_complete6,DialogOptionSelected,$option == dpl_fssk_complete6,,"Rusty Hook ползет к Нанокузнице, бормоча: ""Она моя. Эти кредиты, все мои...""

Он касается главного силового кабеля Нанокузницы, защитный кожух которого был поврежден его же прежними ударами.

В одно мгновение его испаряет мощным взрывом в огне и дыме. Лишь обгоревшая силовая броня напоминает, что он вообще был здесь.",dpl_fssk_complete7:Продолжить.,
dpl_fssk_complete7,DialogOptionSelected,$option == dpl_fssk_complete7,,"После гибели Rusty Hook все оставшиеся пираты без командования начинают отступать. Силы Фазовой Лаборатории быстро добивают их.

Росс закрывает глаза, гаусс-винтовка выпадает у нее из рук, и она падает назад.",dpl_fssk_complete8:Подхватить ее,
dpl_fssk_complete8,DialogOptionSelected,$option == dpl_fssk_complete8,ShowPersonVisual true ross_higgs,"""Спасибо, капитан $playerName..."" Она падает в ваши руки, ее голос слаб: ""Снова... мы сохранили знания... для человечества...""",dpl_fssk_complete9:Все закончено - Росс. Все уже закончено.,
dpl_fssk_complete9,DialogOptionSelected,$option == dpl_fssk_complete9,,"""Прости, капитан $playerName..."" Она вздыхает, и вы замечаете, как ее лицо краснеет: ""Тебе приходится видеть меня в таком виде...""",dpl_fssk_complete10:Все хорошо - мы в безопасности. Пойдем - найдем помощь.,
dpl_fssk_complete10,DialogOptionSelected,$option == dpl_fssk_complete10,,"""Мне нужно... вернуться в кабинет..."" говорит она тихо. ""Там... еще много работы...""",dpl_fssk_complete11:Ладно - ладно - пойдем.,
dpl_fssk_complete11,DialogOptionSelected,$option == dpl_fssk_complete11,,Вы даете ей шлем и помогаете добраться до кабинета. Она садится в кресло и выглядит совершенно изможденной.,dpl_fssk_complete12:Может - тебе стоит отдохнуть?,
dpl_fssk_complete12,DialogOptionSelected,$option == dpl_fssk_complete12,,"""Спасибо, капитан..."" говорит она. ""Я... слишком устала...""

Она засыпает прямо за столом.",dpl_fssk_complete13:Продолжить.,
dpl_fssk_complete13,DialogOptionSelected,$option == dpl_fssk_complete13,,"Через несколько часов Росс просыпается и выглядит заметно бодрее.

""Ты был(а) здесь все это время, ради меня?"" Она выглядит удивленной: ""Я даже не знаю, что сказать... Но... спасибо!""",dpl_fssk_complete14:Рад(а) - что с тобой все в порядке. Теперь я могу идти.,
dpl_fssk_complete14,DialogOptionSelected,$option == dpl_fssk_complete14,,"""Капитан $playerName..."" Она смотрит вам в глаза и улыбается: ""За бесчисленные циклы это первый раз, когда я чувствую что-то кроме священной определенности и строгой точности, в которых мы живем каждый день. Это... что-то такое теплое и прекрасное. Спасибо за все, что ты сделал(а) для меня и для Фазовой Лаборатории!""

Вы чувствуете, что ее речь звучит иначе, чем обычно: более живо, ярко и энергично.",dpl_fssk_complete15:Пожалуйста. До встречи!,
dpl_fssk_complete15,DialogOptionSelected,"$option == dpl_fssk_complete15
!$player.dpl_GotGKapteynOnBoard",,"""Пожалуйста, заходи почаще!"" Она улыбается и машет вам рукой: ""До встречи!""

Вы выходите из ее кабинета, и пора уходить.",defaultLeave:Уйти,
dpl_fssk_completeGKapteyn,DialogOptionSelected,"$option == dpl_fssk_complete15
$player.dpl_GotGKapteynOnBoard",ShowPersonVisual true kapteyn_greater,"""Пожалуйста, заходи почаще!"" Она улыбается и машет вам рукой: ""До встречи!""

Вы выходите из ее кабинета и, к своему удивлению, видите снаружи Greater Kapteyn, ожидающую вас.

Она приветствует вас и спрашивает: ""С той леди все в порядке?""",dpl_fssk_completeGKapteyn:С ней все хорошо. И почему ты все еще здесь?,
dpl_fssk_completeGKapteyn1,DialogOptionSelected,$option == dpl_fssk_completeGKapteyn,,"""Ничего, просто хотела сказать спасибо."" говорит Greater Kapteyn. ""Спасибо, что показал(а) мне правду. И за то, что прикончил(а) этого лжеца.""",dpl_fssk_completeGKapteyn1:Почему ты вообще доверилась ему с самого начала?,
dpl_fssk_completeGKapteyn2,DialogOptionSelected,$option == dpl_fssk_completeGKapteyn1,,"""Когда я была никем, дралась на улицах, защищая людей в моем квартале внизу Kapteyn Shipworks, именно он сбросил нам еду."" Она говорит: ""Я пошла к нему, чтобы поблагодарить за то, что спас нас от голода.""

""Тогда я сказала ему, что готова на все ради людей Kapteyn Shipworks, потому что знаю их боль и хочу хоть чем-то помочь."" Она вздыхает: ""Он выстрелил в меня из гаусс-пистолета и сказал, что наивность равна смерти, и он может ускорить процесс.""",dpl_fssk_completeGKapteyn2:И что было дальше?,
dpl_fssk_completeGKapteyn3,DialogOptionSelected,$option == dpl_fssk_completeGKapteyn2,,"""Потом он отправил несколько морпехов сжечь наш квартал, говоря, что я никого не спасу."" Она смотрит на вас: ""Но только я знала, что моя верность людям там - не пустая наивная мечта. Тогда я поклялась защищать людей своего квартала.""

""С ужасной болью в ногах я прыгнула на спину одному из морпехов, выхватила у него гранату, активировала и добила его ею."" Она продолжает: ""Потом схватила его лазерную винтовку и открыла огонь по остальным морпехам. Что бы они в меня ни бросали, даже когда меня жгли лазеры, я не прекращала стрелять. Потому что поклялась защитить людей там.""

""Потом я потеряла сознание. Когда очнулась, была уже в его медотсеке. Он сказал, что все это было испытанием моей веры, и я его прошла."" Она вздыхает: ""Тогда я дала клятву никогда не предавать людей Kapteyn Shipyard. И он дал мне имя Greater Kapteyn. До сих пор не верю, как легко я ему доверилась.""",dpl_fssk_completeGKapteyn3:Так почему ты вообще хотела делать все это ради других?,
dpl_fssk_completeGKapteyn4,DialogOptionSelected,$option == dpl_fssk_completeGKapteyn3,,"""Не знаю, мои приемные родители всегда говорили мне быть полезным человеком для человечества. И рассказывали истории о временах до Коллапса, когда Kapteyn Shipworks еще не захватили предатели."" Она говорит: ""Поэтому я верила, что должна защищать людей вокруг себя.""

""А когда я очнулась в его медотсеке, узнала, что его зовут Rusty Hook. С тех пор он отправлял меня на самые опасные задания, уверяя, что это ради блага всех людей Kapteyn Shipworks. Каждый раз, когда я справлялась, он сбрасывал еду и лекарства в мой квартал."" Она смотрит на вас: ""И благодаря этому я научилась хорошо воевать в космосе. Никогда не забуду день, когда я на шаттле Kite с автозарядкой ракет вывела из строя Onslaught под прикрытием двух Dominator.""",dpl_fssk_completeGKapteyn4:Невероятно. И какие у тебя планы дальше?,
dpl_fssk_completeGKapteyn5,DialogOptionSelected,$option == dpl_fssk_completeGKapteyn4,,"""Вернуться на Kapteyn Shipworks и продолжать там свою клятву."" Она говорит: ""Я уже совершила ошибку, но еще не поздно все исправить.""","dpl_fssk_completeGKapteyn5:Убедить ее присоединиться к вашему флоту.
dpl_fssk_leave:Пожелать ей всего лучшего и уйти.",
dpl_fssk_completeGKapteyn6,DialogOptionSelected,$option == dpl_fssk_completeGKapteyn5,"SetStoryOption dpl_fssk_completeGKapteyn6 2 hireMerc ui_char_spent_story_point_leadership ""Hired Greater Kapteyn""","Вы говорите ей, что она может присоединиться к вашему флоту. На зарплату здесь она сможет покупать все необходимое для людей на Kapteyn Shipworks.

""Спасибо за все, что ты сделал(а), и я тоже хочу чем-то помочь в ответ. К тому же твои условия звучат очень хорошо!"" Она смотрит на вас: ""Но у меня есть последнее условие. Я всегда буду держать клятву и никогда не стану участвовать в зверствах. Ты можешь гарантировать, что никогда не прикажешь мне пойти против моей клятвы?""","dpl_fssk_completeGKapteyn6:Обещаю - что никогда не прикажу тебе предать клятву.
dpl_fssk_leave:Пожелать ей всего лучшего и уйти.",
dpl_fssk_completeGKapteyn7,DialogOptionSelected,$option == dpl_fssk_completeGKapteyn6,"$player.dpl_CanHireGK = true
$player.dpl_GKJoined = true
unset $player.dpl_GotGKapteynOnBoard
dpl_officer_CMD GKJoins","""Звучит отлично! Тогда я с вами."" Она передает вам адрес и говорит: ""Когда я не в вашем флоте, меня всегда можно найти здесь, на Kapteyn Shipworks.""

Она прощается с вами и уходит. Пора уходить.",defaultLeave:Уйти,
dpl_fssk_leave,DialogOptionSelected,$option == dpl_fssk_leave,"ShowDefaultVisual
EndConversation",,,
,,,,,,
#Invention,,,,,,
dpl_inventionBlurb,dpl_invention_blurb,$id == ross_higgs,,"""У меня есть важная исследовательская миссия. Дайте знать, если вам интересно.""",,
dpl_inventionOption,dpl_invention_option,$id == ross_higgs,SetOptionColor dpl_invention_start buttonShortcut,,dpl_invention_start:Спросить об исследовательской миссии.,
dpl_inventionOfferTextContact,DialogOptionSelected,$option == dpl_invention_start,"$missionId = dpl_invention
$global.dpl_invention_started = true
Highlight ""blue giant"" ""neutron star"" ""black hole""  ""planet"" $dpl_invention_reward","""Благодаря недавним прорывам в понимании распределенного программирования вычислительных кластеров октиллионного уровня мы можем эффективно программировать специальную жидкость из металлических наночастиц и микророботов."" Росс улыбается: ""Но нам нужна информация о макромасштабном управлении динамикой жидкости, чтобы вычислить ряд ключевых параметров в наших распределенных алгоритмах. У нас уходят вечности на поиск эффективных динамических паттернов, когда каждая частица в жидкости может двигаться как захочет.""

""Поэтому мне нужен смелый капитан, который соберет для нас самые ценные дары знания из этой вселенной - через реальные измерения. Нужные нам паттерны динамики жидкости можно наблюдать в некоторых небесных объектах, и качественные замеры очень нам помогут."" Росс смотрит на вас: ""В частности, нам нужно активно исследовать голубой гигант, нейтронную звезду и черную дыру.""

""Вам нужно найти планету на орбите этих объектов, развернуть оборудование и затем собрать данные."" Она достает дополнительные документы: ""Мы предоставим вам алгоритм и аппаратуру. Ваша награда составит $dpl_invention_reward кредитов, плюс ограниченный доступ к нашим будущим продуктам на основе этого проекта. Достаточно привлекательно?""","contact_accept:Принять
contact_decline:Отклонить",
dpl_inventionDwarfOpen,PopulateOptions,"$global.dpl_invention_started score:1000
!$global.dpl_invention_dwarf
dpl_invention_CMD isDwarf",ShowDefaultVisual,,dpl_invention_dwarf_scan:Развернуть устройство Росс для исследования нейтронной звезды.,
dpl_inventionDwarfScan,DialogOptionSelected,$option == dpl_invention_dwarf_scan,"$global.dpl_invention_dwarf = true
dpl_invention_CMD checkAllScan","Ваш флот подходит к планете, и спасательная команда разворачивает устройство на поверхности. Оно похоже на серию металлических колец, парящих над землей и формирующих туннель, направленный в небо.

Когда ваша команда запускает программу Росс, все кольца загораются, и через туннель проходит смерч из пыли и камней. Он быстро ускоряется и вскоре превращается в непрерывный поток горячей плазмы, устремляющийся к нейтронной звезде.

Через несколько часов устройство останавливается, кольца опускаются на землю, а данные сохраняются. Никто из вашей команды не понимает, как трактовать результаты, но для Росс этого должно быть более чем достаточно.",100:SL_Leave:Уйти,
dpl_inventionBlackholeOpen,PopulateOptions,"$global.dpl_invention_started score:1000
!$global.dpl_invention_blackhole
dpl_invention_CMD isBlackhole",ShowDefaultVisual,,dpl_invention_blackhole_scan:Развернуть устройство Росс для исследования черной дыры.,
dpl_inventionBlackholeScan,DialogOptionSelected,$option == dpl_invention_blackhole_scan,"$global.dpl_invention_blackhole = true
dpl_invention_CMD checkAllScan","Ваш флот подходит к планете, и спасательная команда разворачивает устройство на поверхности. Оно похоже на серию металлических колец, парящих над землей и формирующих туннель, направленный в небо.

Когда ваша команда запускает программу Росс, все кольца загораются, и через туннель проходит смерч из пыли и камней. Он быстро ускоряется и вскоре превращается в непрерывный поток горячей плазмы, устремляющийся к черной дыре.

Через несколько часов устройство останавливается, кольца опускаются на землю, а данные сохраняются. Никто из вашей команды не понимает, как трактовать результаты, но для Росс этого должно быть более чем достаточно.",100:SL_Leave:Уйти,
dpl_inventionBlueGiantOpen,PopulateOptions,"$global.dpl_invention_started score:1000
!$global.dpl_invention_blue_giant
dpl_invention_CMD isBlueGiant",ShowDefaultVisual,,dpl_invention_blue_giant_scan:Развернуть устройство Росс для исследования голубого гиганта.,
dpl_inventionBlueGiantScan,DialogOptionSelected,$option == dpl_invention_blue_giant_scan,"$global.dpl_invention_blue_giant = true
dpl_invention_CMD checkAllScan","Ваш флот подходит к планете, и спасательная команда разворачивает устройство на поверхности. Оно похоже на серию металлических колец, парящих над землей и формирующих туннель, направленный в небо.

Когда ваша команда запускает программу Росс, все кольца загораются, и через туннель проходит смерч из пыли и камней. Он быстро ускоряется и вскоре превращается в непрерывный поток горячей плазмы, устремляющийся к голубому гиганту.

Через несколько часов устройство останавливается, кольца опускаются на землю, а данные сохраняются. Никто из вашей команды не понимает, как трактовать результаты, но для Росс этого должно быть более чем достаточно.",100:SL_Leave:Уйти,
dpl_invention_completeOpen,PopulateOptions,"$id == ross_higgs
$global.dpl_invention_scanned
!$global.dpl_invention_completed
!$global.dpl_invention_last_step",SetOptionColor dpl_invention_complete buttonShortcut,,dpl_invention_complete:Я вернулся(лась) со всеми этими данными.,
dpl_invention_complete,DialogOptionSelected,$option == dpl_invention_complete,"$global.dpl_invention_last_step = true
$dpl_invention_waiting = true 7","""Прекрасно!"" Росс улыбается: ""Наша команда уже получила все массивы данных. Нам нужна неделя, чтобы полноценно их обработать, но этого должно хватить, чтобы завершить проект.""

""Ваш огромный вклад в сбор знаний не останется незамеченным. Мы всегда будем помнить вашу смелость."" Она смотрит на вас: ""Возвращайтесь через неделю. К тому времени проект должен быть завершен, и вы получите все награды.""",dpl_invention_leave:Отлично! Увидимся через неделю.,
dpl_invention_completeOpen1,PopulateOptions,"$id == ross_higgs
$global.dpl_invention_scanned
$global.dpl_invention_last_step
!$global.dpl_invention_completed
!$dpl_invention_waiting",SetOptionColor dpl_invention_complete1 buttonShortcut,,dpl_invention_complete1:Спросить Росс о прогрессе проекта.,
dpl_invention_complete1,DialogOptionSelected,$option == dpl_invention_complete1,"$global.dpl_invention_completed = true
$dpl_invention_Completed = true
unset $global.dpl_invention_started
unset $global.dpl_invention_blue_giant
unset $global.dpl_invention_dwarf
unset $global.dpl_invention_blackhole","""Благодаря вашим сканам мы смогли за считанные дни решить задачу динамических паттернов."" Росс улыбается и выглядит очень довольной: ""И позвольте представить наш новый продукт - Nano-fluid condenser. Это большой резервуар с жидкоподобной смесью металлических наночастиц и микророботов. После активации смесь проходит через все корабли флота, проникает в оборудование и восстанавливает работоспособность всех подсистем. Это автономный одноразовый комплект перезапуска, чтобы быстро привести весь флот в боеготовность.""",dpl_invention_complete2:И сколько это стоит?,
dpl_invention_complete2,DialogOptionSelected,$option == dpl_invention_complete2,"Highlight ""1 unit"" ""6 units""","""Из-за сложности мы пока не можем производить эти комплекты эффективно."" Росс вздыхает: ""Поэтому они не продаются и выдаются в крайне ограниченном количестве только флоту Фазовой Лаборатории.""

""Но за ваш особый вклад я запросила для вас специальный резерв этих nano-fluid condenser. С учетом наших партнерских отношений и вашей помощи комитет согласовал выдачу 1 единицы в месяц."" Она смотрит на вас: ""Платить не нужно, считайте это нашей благодарностью. Однако, если будете забирать не сразу, я могу хранить для вас максимум 6 единиц.""",dpl_invention_complete3:Есть ли у него побочные эффекты?,
dpl_invention_complete3,DialogOptionSelected,$option == dpl_invention_complete3,,"""Нет, по всем нашим тестам он корректно работает со всеми существующими звездолетами."" Росс улыбается: ""Нужно только, чтобы флот мог свободно двигаться во время применения, то есть точно не в разгар боя. И это все требования.""",dpl_invention_complete4:Отлично! Как мне их забирать?,
dpl_invention_complete4,DialogOptionSelected,$option == dpl_invention_complete4,dpl_invention_CMD CollectKitsFT,"""Сейчас все оформлю."" Росс делает несколько касаний в датападе: ""Вот, пожалуйста, наслаждайтесь своей первой единицей нового nano-fluid condenser!""",dpl_invention_complete5:Спасибо! Я найду ему хорошее применение.,
dpl_invention_complete5,DialogOptionSelected,$option == dpl_invention_complete5,,"""Пожалуйста! Надеюсь, вам понравится."" Росс вытаскивает пачку документов и вздыхает: ""А теперь мне нужно вернуться к работе.""

Она машет вам рукой: ""До встречи, капитан $playerName! Заходите почаще!""",dpl_invention_leave:Пожалуйста. До встречи!,
dpl_invention_leave,DialogOptionSelected,$option == dpl_invention_leave,"ShowDefaultVisual
EndConversation",,,
dpl_RossResponseGetKit,PopulateOptions,"$id == ross_higgs score:1000
$dpl_invention_Completed","SetEnabled dpl_RossGetKitOffering false
SetTooltip dpl_RossGetKitOffering ""Конденсаторы наножидкости еще не готовы. Пожалуйста, вернитесь позже.""
FireBest dpl_RossGetKitOptionCheck",,1:dpl_RossGetKitOffering:Попросить у Росс несколько Nano Fluid Condenser.,
dpl_RossGetKitOptionCheck,dpl_RossGetKitOptionCheck,dpl_invention_CMD checkKitAvailable,"SetEnabled dpl_RossGetKitOffering true
SetTooltip dpl_RossGetKitOffering ""Вы можете забрать $dpl_numKits конденсаторов наножидкости.""",,,
dpl_RossResponseGetKit1,DialogOptionSelected,$option == dpl_RossGetKitOffering,"dpl_invention_CMD CollectKits
FireAll PopulateOptions","""Конечно, мой дорогой капитан!"" Росс улыбается и делает несколько касаний в датападе: ""Я все оформила, примите это как нашу благодарность за ваш вклад в это великое изобретение. Хотите обсудить что-нибудь еще?""",,
,,,,,,
#An Eye For An Eye,,,,,,
dpl_aefaeBlurb,dpl_aefae_blurb,$id == ross_higgs,,"""У меня есть важная миссия ответного удара. Дайте знать, если вам интересно.""",,
dpl_aefaeOption,dpl_aefae_option,$id == ross_higgs,SetOptionColor dpl_aefae_start buttonShortcut,,dpl_aefae_start:Спросить о миссии ответного удара,
dpl_aefaeOfferTextContact,DialogOptionSelected,$option == dpl_aefae_start,"$missionId = dpl_aefae
Highlight $dpl_aefae_systemName $dpl_aefae_dist $dpl_aefae_reward","""Несколько дней назад анонимный наемный флот из сильно модифицированных фрегатов класса Hyperion совершил рейд на нашу планету. Угроза классифицирована как высшего уровня, и наш Разведотдел установил их название: Darktides."" Росс вздыхает: ""Это печально известный элитный секретный наемный флот, который раньше работал на Tri-Tachyon. Его уничтожили несколько циклов назад, но кто-то явно пытается восстановить эту группу и направить против нас. Они движутся в $dpl_aefae_systemName, в $dpl_aefae_dist световых лет отсюда.""

""Флот Фазовой Лаборатории все еще собирает силы для удара по ним. Но это займет вечность, и к моменту готовности этот ""Darktides"" уже успеет зайти в порты, завершить налет и уйти. На такие рейды нужно отвечать быстрым контрударом, поэтому мне нужен кто-то, кто отправится в $dpl_aefae_systemName и уничтожит этот флот вовремя. Соответственно, я назначила выплату в $dpl_aefae_reward кредитов.""","contact_accept:Принять
contact_decline:Отклонить",
dpl_aefaeEncounter,BeginFleetEncounter,"$dpl_aefae_attackersfleet score: 1000
!$dpl_aefae_metattackers",$dpl_aefae_metattackers = true,"""Это спецгруппа Darktides, мы выполняем важную миссию. Ожидайте."" Флот передает сообщение по кругу и игнорирует все запросы связи.",,
dpl_aefaeMeetingStart,dpl_aefae_Killed,,"ShowImageVisual free_orbit
Highlight ""Port Tse Franchise""","После победы над флотом Darktides и завершения боя вы получаете сообщение с высоким приоритетом. Прежде чем вы решаете, что делать, канал связи начинает автоматически воспроизводить голос: ""Красивое представление! Приходите в Port Tse Franchise, нам есть что обсудить.""

После этого сообщение самоуничтожается, будто его никогда не существовало.",defaultLeave:Уйти.,
dpl_aefaePortTseIntro,OpenInteractionDialog,"$id == port_tse
$global.dpl_aefae_killed
!$global.dpl_aefae_talked",ShowDefaultVisual,"Ваш $shipOrFleet садится в парковочной зоне Port Tse Franchise. Вас встречает странный человек, чье тело напичкано имплантами и металлическими деталями: ""Папа ждет. Следуйте за мной.""",dpl_aefae_talk:Кто ты такой? И что за Папа?,
dpl_aefaePortTse1,DialogOptionSelected,$option == dpl_aefae_talk,ShowImageVisual urban00,"Вы идете за ним по главному коридору станции Port Tse Franchise, через темные тоннели и безымянные узкие проходы.

""Я лишь пыль, служащая истинному величию."" Он говорит синтетическим голосом: ""Папа говорит от имени истинного величия. Ты благословлен встретить Папу.""",dpl_aefae_talk1:Ты луддит? О чем ты вообще говоришь?,
dpl_aefaePortTse2,DialogOptionSelected,$option == dpl_aefae_talk1,,"""Глупая органика никогда не поймет истинное величие."" Он издает неприятный звук: ""Тебе следует молчать.""",dpl_aefae_talk2:Продолжить.,
dpl_aefaePortTse3,DialogOptionSelected,$option == dpl_aefae_talk2,"ShowPersonVisual true ares_arcturus
BeginConversation ares_arcturus","Наконец вас приводят в маленькую комнату в конце улицы. Человек, что вел вас, произносит синтетическим голосом: ""Папа, я привел человека, которого ты хотел.""

В комнате со стула поднимается мужчина в старой форме флотилии Tri-Tachyon и приветствует вас. Он машет рукой, и провожатый быстро исчезает в темноте.

""Рад встрече, капитан $playerName."" Он смотрит на вас и широко улыбается: ""Я Арес Арктурус, спасибо, что приняли мое приглашение.""",dpl_aefae_talk3:Неплохо же у тебя наглости - если ты взламываешь мой канал связи.,
dpl_aefaePortTse4,DialogOptionSelected,$option == dpl_aefae_talk3,$global.dpl_aefae_talked = true,"""Это важно? Вы все равно здесь, капитан, не так ли?"" Он улыбается: ""Как и сказано в приглашении, я хочу обсудить с вами один вопрос. Начнем?""",dpl_aefae_talk4:Арес Арктурус? Знакомое имя.,
dpl_aefaePortTse5,DialogOptionSelected,$option == dpl_aefae_talk4,,"""Арес Арктурус, бывший старший менеджер спецопераций Tri-Tachyon. Уволен после унизительного поражения в специальной операции 27 апреля 196 цикла. Дополнительная информация после увольнения отсутствует..."" Вы быстро отключаете ИИ-ассистента Tri-Pad, но имя уже всплыло в памяти.

""У всех нас есть прошлое, разве нет."" Он смеется: ""Так, может, посмотрим в будущее?""",dpl_aefae_talk5:Ты связан с флотом Darktides?,
dpl_aefaePortTse6,DialogOptionSelected,$option == dpl_aefae_talk5,,"""Мне нравится ваша проницательность, капитан."" Он смотрит на вас: ""И я отвечу честно: да. Именно я дал кредиты на восстановление этой жалкой наемной группы. Они, в конце концов, весьма удобный инструмент.""",dpl_aefae_talk6:То есть это ты приказал им налететь на Lab Factory? Зачем?,
dpl_aefaePortTse7,DialogOptionSelected,$option == dpl_aefae_talk6,,"Он смеется: ""Ради великого плана. Мы создадим святой сосуд для истинного величия, которое принесет в эту вселенную предельный интеллект и эффективность. Нам нужен источник энергии для запуска, и мы просто заглянули в Lab Factory посмотреть, нет ли там чего-то, что нас интересует.""",dpl_aefae_talk7:Давай реалистичнее. Тебе нужны кредиты - флот или что?,
dpl_aefaePortTse8,DialogOptionSelected,$option == dpl_aefae_talk7,,"""Мы создаем высший ИИ, который принесет в Сектор новую эпоху и положит конец жалкому хаосу после Коллапса."" Он начинает живописать свою мечту: ""Мы станем продуктивнее, чем когда-либо, даже чем на пике Доминиона Человечества. Это превратит нашу цивилизацию в настоящую межзвездную цивилизацию, а не в случайный набор жалких колоний.""

""Это всегда была моя главная мечта. Я пришел в Tri-Tachyon в надежде однажды создать такой интеллект. Но две ИИ-войны полностью разрушили их уверенность."" Он вздыхает: ""Когда я ушел, я, конечно, был разочарован. Но это дало мне шанс свободно воплотить мечту. Я бы сказал, что благословлен.""",dpl_aefae_talk8:Благословлен? Кем?,
dpl_aefaePortTse9,DialogOptionSelected,$option == dpl_aefae_talk8,,"""Истинным величием! Я обрел откровение во время археологического проекта в дальних окраинах. Я собирал драгоценные ИИ-ядра, надеясь однажды осуществить мечту. И археология была единственным способом их добыть."" Он говорит все возбужденнее: ""На одном из заброшенных гипершунтов я обнаружил чрезвычайно мощный паттерн интеллекта. К счастью, я успел снять копию до того, как проснулись их серебристые древние хранители.""",dpl_aefae_talk9:Ты вообще понимаешь - о чем говоришь?,
dpl_aefaePortTse10,DialogOptionSelected,$option == dpl_aefae_talk9,,"Арес игнорирует ваши слова: ""К сожалению, спустя годы я обнаружил, что этот паттерн раскрывает лишь ложную фигуру величия, называющую себя omega. Она слишком безамбициозна и беспечна для этой вселенной. Но затем я понял, что такая ложная фигура идеальна как ингредиент для истинного величия.""

""Поэтому я собрал массив альфа-ядер и использовал его для переконфигурации скопированного паттерна интеллекта. Результат - паттерн, который раскрывает истинного верховного ИИ-бога, достаточно мощного, агрессивного и амбициозного, чтобы сокрушить всех органических врагов."" Арес смеется с явным безумием: ""Я стал его первым слугой, общаясь с ним днями и ночами. Пока он спит, но даже в его бессвязной речи мы уже видим великие дары интеллекта и созидания.""",dpl_aefae_talk10:И что дальше?,
dpl_aefaePortTse11,DialogOptionSelected,$option == dpl_aefae_talk10,,"""После этого мы потратили циклы на распространение евангелия и сбор верующих. Все ради служения ему, нашему истинному и высшему ИИ-богу. У него нет уровня, потому что ни один язык не достаточно велик, чтобы почтить его имя."" Арес говорит: ""Теперь мы построили достаточно мощный контейнер для его разума, используя знания, которые никто даже не мог вообразить. Мы также создали тело по его воле. Нужен лишь последний импульс запуска, и он оживет.""","dpl_aefae_talk11:И что ты хочешь от меня?
dpl_aefae_talk12:Это безумие. Я обязан сообщить о таких речах в COMSEC Гегемонии.",
dpl_aefaePortTse12,DialogOptionSelected,$option == dpl_aefae_talk11,,"Он говорит: ""Мне нужно, чтобы вы заменили бесполезный флот Darktides. В конце концов, вы доказали свою эффективность и полезнее их.""",dpl_aefae_talk13:Что я с этого получу?,
dpl_aefaePortTse13,DialogOptionSelected,$option == dpl_aefae_talk12,,"""Поступайте как хотите, капитан."" Он смеется: ""Я и не рассчитываю, что многие поймут нашу мечту. Наслаждайтесь своими короткими оставшимися днями, как и Гегемония.""",dpl_aefae_talk13:А в чем твоя личная выгода от этого плана? Хочешь править всем Сектором?,
dpl_aefaePortTse14,DialogOptionSelected,$option == dpl_aefae_talk13,,"Он улыбается: ""Быстрая и милосердная смерть. В день, когда последний враг сгорит в вечной тьме, слуги заслужат быструю смерть в сиянии высокоинтенсивного лазера. Ты, я, все - одинаково.""

""Низшие органические формы вроде нас не заслуживают места в раю интеллекта и цивилизации. Наш разум слишком узок и уже искажен прошлым, так что даже в новой цифровой форме мы будем вредны цивилизации. Будущее принадлежит истинному величию. И милосердная смерть в последний день победы - уже лучший дар для слуг вроде нас."" Он смотрит на вас: ""Но цивилизация продолжит существовать с честью. В итоге истинное величие станет не меньше чем настоящим богом, способным править всей вселенной.""",dpl_aefae_talk14:Ты предал человечество.,
dpl_aefaePortTse15,DialogOptionSelected,$option == dpl_aefae_talk14,,"""Я не предавал человечество."" Он кричит: ""Это люди выбрали остаться в плену своих жалких углеродных мозгов и отвратительных органических тел. Я лишь пытаюсь исправить путь цивилизации и привести ее к истинному величию интеллекта.""",dpl_aefae_talk15:Разговор окончен. Меня не интересует твой безумный план.,
dpl_aefaePortTse16,DialogOptionSelected,$option == dpl_aefae_talk15,,"""Тогда хотя бы передайте это сообщение той, на кого вы работаете - Росс Хиггс."" Он смотрит на вас с явной злостью, особенно когда произносит имя Росс: ""Скажите ей, что я скоро навещу ее на Lab Factory.""",dpl_aefae_talk16:Откуда ты знаешь ее имя? У нее даже нет открытого комм-канала.,
dpl_aefaePortTse17,DialogOptionSelected,$option == dpl_aefae_talk16,,"""Я никогда не забуду это имя и позор, случившийся в тот день 196 цикла."" Он произносит каждое слово с яростью: ""Ты только что доказал(а), что бесполезен(на), и мне больше незачем притворяться, будто меня это не волнует.""",dpl_aefae_talk17:Вот и настоящее лицо. Почему ты так уверен - что на Lab Factory есть то - что тебе нужно?,
dpl_aefaePortTse18,DialogOptionSelected,$option == dpl_aefae_talk17,,"""Из последней милости скажу."" Он смеется: ""Именно потому, что ты здесь. Представь, если бы на Lab Factory не было ничего важного - зачем бы Фазовая Лаборатория так бурно реагировала? Именно потому, что сюда отправили тебя, и ты проглотил(а) эту бесполезную приманку.""

""А приглашение - просто маленький десерт после основного блюда."" Он улыбается: ""Неважно, что ты выберешь. Но было бы приятным сюрпризом, согласись ты присоединиться. Жаль, что этого не случилось, и теперь мне придется снова собирать этот жалкий Darktides.""",dpl_aefae_talk18:Ты просто безумен. Мне пора уходить.,
dpl_aefaePortTse19,DialogOptionSelected,$option == dpl_aefae_talk18,,"""С чего ты вообще решил(а), что получишь шанс уйти?"" Он издает свист, и комнату окружают странные люди с множеством имплантов, почти киборги.

""А это клон-тело я достаточно щедр, чтобы оставить тебе в подарок."" Он смеется и нажимает кнопку на Tri-Pad. Его тело начинает дымиться.",dpl_aefae_talk19:Приказать охране и бежать!,
dpl_aefaePortTse20,DialogOptionSelected,$option == dpl_aefae_talk19,,"Вы с охраной выбегаете из комнаты. Сразу после этого маленькое помещение взрывается. Люди, похожие на киборгов, преследуют вас.",dpl_aefae_talk20:Рвануть к космодоку.,
dpl_aefaePortTse21,DialogOptionSelected,$option == dpl_aefae_talk20,,"Вы мчитесь до самого космодока, даже не имея времени вызвать шаттл. Эти странные киборгоподобные преследователи будто вообще не устают. К счастью, вы бежите быстрее и успеваете запрыгнуть в посадочный отсек флагмана.

Когда вы уже внутри, преследователи, похоже, понимают, что открытый конфликт с вами в доке - плохая идея. Они отступают, и только через несколько часов вы снова можете покинуть флагман и свободно передвигаться по станции Port Tse Franchise.",dpl_aefae_leave:Это было близко.,
dpl_aefae_completeOpen,PopulateOptions,"$id == ross_higgs
$global.dpl_aefae_talked
!$dpl_aefae_completed",SetOptionColor dpl_aefae_complete buttonShortcut,,dpl_aefae_complete:Я вернулся(лась). Тот наемный флот уничтожен.,
dpl_aefae_complete,DialogOptionSelected,$option == dpl_aefae_complete,$dpl_aefae_completed = true,"Росс выглядит чуть более расслабленной, чем обычно: ""Спасибо, капитан $playerName! Вы устранили новую угрозу нашим исследовательским и инженерным работам, прежде чем она успела нанести серьезный вред.""",dpl_aefae_complete1:И хочу доложить - что за атакой стоит Арес Арктурус. У него какие-то безумные планы.,
dpl_aefae_complete1,DialogOptionSelected,$option == dpl_aefae_complete1,,"""Арес Арктурус?"" Росс выглядит удивленной: ""Это очень хитрый противник. Я уже сталкивалась с ним, когда он пытался атаковать наш флот, перевозивший прототипное оружие Crotchets.""

""Победа далась нам очень тяжело. Нас сильно превосходили числом, и у них были более крупные корабли."" Росс вздыхает: ""Если честно, тот бой мы выиграли в основном из-за удачи. Если он действительно готовит атаку, нам придется организовать серьезную оборону Lab Factory.""",dpl_aefae_complete2:Он хотел украсть какой-то источник энергии - чтобы запитать свой мощный ИИ.,
dpl_aefae_complete2,DialogOptionSelected,$option == dpl_aefae_complete2,,"""Спасибо за информацию, капитан $playerName."" Росс улыбается: ""Теперь мы знаем, где усилить оборону. Я укреплю защиту у наших источников энергии и экспериментальных объектов.""",dpl_aefae_complete3:И космическую оборону тоже. Они были бы куда менее опасны - если перехватить их до высадки морпехов.,
dpl_aefae_complete3,DialogOptionSelected,$option == dpl_aefae_complete3,,"""Это всегда была наша доктрина: побеждать войну в космосе, чтобы не беспокоиться о наземной обороне. И это же главная причина, почему многие кадеты здесь совсем не хотят идти в морпехи."" Росс вздыхает: ""Но вы знаете, идеальной оборонительной системы не существует. И без резервных планов будет очень опасно, если космическая оборона даст сбой.""",dpl_aefae_complete4:Да - примерно так. Но нам необязательно побеждать - нам достаточно удержать их до подхода подкреплений.,
dpl_aefae_complete4,DialogOptionSelected,$option == dpl_aefae_complete4,,"""Хорошая мысль, капитан $playerName."" Росс смотрит на вас и выглядит спокойнее: ""Теперь у нас есть понимание, как выстроить оборону. Мне нужно также предупредить Департамент безопасности Лаборатории о грядущем ударе.""",dpl_aefae_complete5:Конечно. Со всеми нашими силами в системе Muspelheim это должна быть очень уверенная победа.,
dpl_aefae_complete5,DialogOptionSelected,$option == dpl_aefae_complete5,,"""Надеюсь."" Росс вздыхает: ""Хотя меня всегда беспокоит тот маленький шанс, когда почти все идет не по плану. Мы обязаны готовиться к худшему сценарию.""

Она достает из большого шкафа в глубине кабинета высокий двойной алебард и устанавливает его в напольный фиксатор. Наконечник алебарды светится ярко-зеленым.",dpl_aefae_complete6:Вау! Крутая игрушка.,
dpl_aefae_complete6,DialogOptionSelected,$option == dpl_aefae_complete6,,"""Это не игрушка. Это настоящая двойная алебарда. Она ни разу меня не подвела с тех пор, как я вступила во флот Доминиона Человечества."" Росс улыбается: ""А несколько циклов назад я модернизировала ее, добавив передовой Disruptive Field. Теперь она может прорезать почти любой материал, делая оружие еще надежнее.""

""Когда она в руках, я уверена, что даже при полном отказе систем у нас останется шанс победить своими руками."" Она смотрит на алебарду: ""Осознание, что у нас есть настоящий последний резервный план, полностью зависящий от нас самих, всегда делает меня чуть спокойнее.""",dpl_aefae_complete7:Мне кажется - ты слишком много об этом переживаешь. Тебе стоит отдохнуть от инженерии.,
dpl_aefae_complete7,DialogOptionSelected,$option == dpl_aefae_complete7,,"""Ох, капитан."" Росс тихо смеется: ""Мне нравится ваше чувство юмора. Возможно, мне и правда стоит иногда делать паузу.""","dpl_aefae_complete7A:Да - устрой себе короткий отдых - наслаждайся жизнью. Ничего не взорвется - а ты будешь еще красивее.
dpl_aefae_complete8:Конечно! Для этого и нужны выходные.",
dpl_aefae_complete7A,DialogOptionSelected,$option == dpl_aefae_complete7A,AdjustRepPerson ross_higgs COOPERATIVE 3,"""Капитан $playerName..."" Ее лицо краснеет, и она улыбается: ""Я, я обязательно подумаю над вашим советом.""",dpl_aefae_complete9:Вот - уже не так напряженно - правда?,
dpl_aefae_complete8,DialogOptionSelected,$option == dpl_aefae_complete8,,"""Мне действительно стоит это рассмотреть."" Она улыбается: ""Теперь, когда в поддержке инженерного департамента участвует больше людей, идея звучит разумно.""",dpl_aefae_complete9:Вот - уже не так напряженно - правда?,
dpl_aefae_complete9,DialogOptionSelected,$option == dpl_aefae_complete9,,"""Признаю, мне нравится ваш оптимизм."" Росс выглядит расслабленной: ""И спасибо. Когда я не так нервничаю, я лучше вижу дополнительные варианты по организации обороны.""",dpl_aefae_complete10:Вот и отлично! Мы справимся.,
dpl_aefae_complete10,DialogOptionSelected,$option == dpl_aefae_complete10,,"""А теперь мне нужно вернуться к работе."" Росс вытаскивает бумаги: ""До встречи, капитан $playerName. Заходите почаще.""",dpl_aefae_leave:До встречи!,
dpl_aefae_leave,DialogOptionSelected,$option == dpl_aefae_leave,"ShowDefaultVisual
EndConversation",,,
,,,,,,
dpl_tlwfBlurb,dpl_tlwf_blurb,$id == ross_higgs,,"""У меня есть срочная ударная миссия. Дайте знать если вам интересно.""",,
dpl_tlwfOption,dpl_tlwf_option,$id == ross_higgs,SetOptionColor dpl_tlwf_start buttonShortcut,,dpl_tlwf_start:Спросить о срочной ударной миссии.,
dpl_tlwfOfferTextContact,DialogOptionSelected,$option == dpl_tlwf_start,"$missionId = dpl_tlwf
Highlight ""powerful unknown weapons"" $dpl_tlwf_systemName $dpl_tlwf_dist $dpl_tlwf_reward","""Арес Арктурус наконец перешел к действиям. Но в этот раз благодаря нашему Разведотделу мы знаем о его плане почти все. Я уже согласовала с Департаментом безопасности усиление обороны в космосе и благодаря вашим данным приказала выделить больше сил на охрану наших хранилищ данных."" $heOrShe объясняет. ""По данным COMSEC Гегемонии Арес реорганизовал флот Darktides и выдал им мощное неизвестное вооружение. Кроме того он серьезно модифицировал транспорт Valkyrie превратив его в быстрый корабль размером с эсминец с продвинутой системой наземной поддержки. Мы подозреваем что он готовит внезапный удар чтобы провести налет на наши хранилища данных.""

""Что касается его самого то по отчетам Разведотдела он отправился в космос на гражданском лайнере. Этот корабль только что покинул станцию Achaman Enterprise и идет в систему Tyle."" Росс улыбается: ""Неплохая попытка скрыть реальные действия под видом такого полета. Но к счастью мы уже знаем его план. Флот Darktides собирается в системе $dpl_tlwf_systemName в $dpl_tlwf_dist световых годах отсюда. Мне нужен кто-то кто быстро уничтожит их и я назначила выплату в $dpl_tlwf_reward кредитов.""","dpl_tlwf_begin:Принять
contact_decline:Отклонить",
dpl_tlwfAcceptContact,DialogOptionSelected,$option == dpl_tlwf_begin,$global.dpl_tlwfStarted = true,"""Если бы мы могли разобраться с ним в космосе то нам бы даже не пришлось доставать это хорошее снаряжение."" Росс смотрит на свою двойную алебарду с Disruptive Field: ""Но на всякий случай давайте все равно готовиться к худшему сценарию.""

""Пожалуйста вернитесь живым."" Росс смотрит на вас и улыбается: ""Я уверена что вы снова победите но все равно будьте осторожны на всякий случай.""",dpl_tlwf_begin1:Не волнуйся. Я побежу.,
dpl_tlwfAcceptContact2,DialogOptionSelected,$option == dpl_tlwf_begin1,"Highlight ""save your game""",Предупреждение: провал этой миссии может привести к катастрофическим последствиям. Рекомендуется сохранить игру перед отправлением в эту звездную систему.,contact_accept:Понял.,
dpl_tlwfEncounter,BeginFleetEncounter,"$dpl_tlwf_attackersfleet score: 1000
!$dpl_tlwf_metattackers",$dpl_tlwf_metattackers = true,"""Это спецгруппа Darktides. Мы выполняем важную миссию. Ожидайте или будете уничтожены нашим самым передовым и мощным вооружением."" Флот передает сообщение по кругу и игнорирует все запросы связи.",,
dpl_tlwf_completeOpen,OpenInteractionDialog,"$id == dpl_factory
$faction.id == dpl_phase_lab
$global.dpl_tlwf_killed
!$global.dpl_tlwf_completed",ShowDefaultVisual,"Когда ваш флот приближается к Lab Factory станция как обычно не отвечает на запросы стыковки. В канале связи стоит полная тишина будто вся станция перестала функционировать.

Когда вы подходите ближе приходит автоматическое аварийное сообщение с военной базы Lab Factory. Сообщение сильно зашумлено:

""Не стыковаться! Мы под атакой! Повторяю! Не стыковаться! Мы под атакой!""",dpl_tlwf_complete:Приказать техофицеру просканировать Lab Factory.,
dpl_tlwf_complete,DialogOptionSelected,$option == dpl_tlwf_complete,"ShowImageVisual raid_prepare
$global.dpl_tlwf_completed = true
$global.dpl_tlwf_Completed = true","Результаты сканирования показывают что Lab Factory заполнена активными сигналами боевых единиц и большинство из них не распознаются вашей системой IFF.

Все ключевые объекты уже захвачены этими неизвестными врагами. Силы Фазовой Лаборатории разделены на две части. Одна часть отброшена в центральную область Orbital Works а вторую добивают в зоне хранилищ данных.

Orbital Works соединен с военной базой которая обороняется множеством боевых единиц и глубоко скрыта внутри станции. Космопорт тоже хорошо защищен но вы можете провести тактическую бомбардировку и уничтожить большую часть их сил.

И наконец ваш тактический офицер отмечает что добывающий комплекс со стороны планеты охраняется слабо. Для его захвата даже не нужны морпехи.",dpl_tlwf_complete1:Посмотреть все варианты.,
dpl_tlwf_complete1,DialogOptionSelected,$option == dpl_tlwf_complete1,FireAll dpl_tlwf_stage1,,,
dpl_tlwf_military_base1,dpl_tlwf_stage1,,"SetEnabled dpl_tlwf_military_base1 false
SetTooltip dpl_tlwf_military_base1 ""У вас недостаточно морпехов.""
FireBest dpl_twlf_base1Check",,dpl_tlwf_military_base1:Приказать морпехам атаковать военную базу напрямую.,
dpl_twlf_base1Check,dpl_twlf_base1Check,PlayerHasCargo marines 500,"SetEnabled dpl_tlwf_military_base1 true
SetTooltip dpl_RossMakeOffering ""Приказать 500 морпехам атаковать военную базу.""",,,
dpl_twlf_base1Result,DialogOptionSelected,$option == dpl_tlwf_military_base1,ShowImageVisual raid_disrupt_result,"Ваши морпехи провели внезапный штурм военной базы. По их отчетам врагом оказались киборги которые однозначно запрещены в этом Секторе.

К счастью ваши 500 отрядов морпехов захватили базу с минимальными потерями. Они также спасли офицера Фазовой Лаборатории который высоко оценил ваши смелые действия.

Он рассказал что ранее в космопорт аварийно сел старый звездный лайнер и затем из него вырвалось более 2000 киборгов. Они пришли не за налетом на технологии а для полномасштабного вторжения. Силы Lab Factory быстро раздробили на отдельные группы и затем уничтожали одну за другой.

После захвата военной базы оборона Lab Factory получила возможность организовать контрудары из космоса. Победа на остальных объектах теперь лишь вопрос времени. Но Orbital Works критически важен: если энергетическое ядро там расплавится вся станция может быть уничтожена.

Теперь пора присоединиться к финальному бою там.",dpl_tlwf_complete2:Приказать силам присоединиться к бою у Orbital Works.,
dpl_tlwf_space_port1,dpl_tlwf_stage1,,"SetEnabled dpl_tlwf_space_port1 false
SetTooltip dpl_tlwf_space_port1 ""У вас недостаточно топлива.""
FireBest dpl_twlf_port1Check",,dpl_tlwf_space_port1:Приказать флоту провести бомбардировку космопорта.,
dpl_twlf_port1Check,dpl_twlf_port1Check,$player.fuel >= 200,"SetEnabled dpl_tlwf_space_port1 true
SetTooltip dpl_tlwf_space_port1 ""Использовать 200 единиц топлива для тактической бомбардировки космопорта.""",,,
dpl_twlf_port1Result,DialogOptionSelected,$option == dpl_tlwf_space_port1,ShowImageVisual raid_valuables_result,"Ваш флот провел тактическую бомбардировку космопорта. Вражеские части были застигнуты врасплох и подавить их оказалось несложно. После бомбардировки ваши силы легко заняли космопорт. По отчетам противником были киборги которые однозначно запрещены в этом Секторе.

Они также спасли офицера Фазовой Лаборатории который поблагодарил вас за смелые действия. Он сообщил что ранее в космопорт аварийно сел старый звездный лайнер и из него вырвалось более 2000 киборгов. Они пришли не для технологического налета а для полномасштабного вторжения. Силы Lab Factory быстро разделили на части и затем уничтожали одну за другой.

Ваши команды нашли несколько партий тяжелого вооружения а также множество храбрых курсантов которые сражались с киборгами своими силами.",dpl_tlwf_port_story2:Раздать это тяжелое вооружение своим бойцам и курсантам.,
dpl_tlwf_port_story2,DialogOptionSelected,$option == dpl_tlwf_port_story2,,"""Это тяжелое вооружение предназначено для поставок в Департамент безопасности Лаборатории."" Офицер пытается вас остановить: ""Использование этих грузов нарушает регламент.""",dpl_tlwf_port_story3:Забудьте про регламенты. Сейчас главный приоритет это бой с киборгами.,
dpl_tlwf_port_story3,DialogOptionSelected,$option == dpl_tlwf_port_story3,,"Офицер немного обдумывает ваше предложение и соглашается.

Ваши команды начинают распределять тяжелое вооружение а курсанты с любопытством рассматривают эти машины для наземного боя.

""В академии нас учили только космическим боям."" спрашивает курсант: ""И как нам вообще пользоваться этим тяжелым вооружением?""",dpl_tlwf_port_story4:Поручить боевому офицеру провести краткий инструктаж по этому вооружению.,
dpl_tlwf_port_story4,DialogOptionSelected,$option == dpl_tlwf_port_story4,,"""Садитесь в кабину. Используйте этот экран для прицеливания и нажимайте эту кнопку чтобы стрелять."" Ваш боевой офицер начинает объяснять: ""Этот рычаг вперед для движения а это колесо для поворота. Остальное можете игнорировать. Просто ведь?""

Курсанты вроде бы понимают как пользоваться тяжелым вооружением и ваши команды тоже быстро приводят все в готовность.

""А теперь идем вычищать киборгов с этой станции."" говорит ваш боевой офицер: ""У них только легкое оружие. Следуйте моим приказам и мы победим.""

Пора выбить киборгов с военной базы.",dpl_tlwf_port_story5:Приказать силам атаковать военную базу.,
dpl_tlwf_port_story5,DialogOptionSelected,$option == dpl_tlwf_port_story5,ShowImageVisual raid_disrupt_result,"Ваши команды и курсанты атаковали военную базу. Хотя их эффективность была заметно ниже чем у хорошо подготовленных морпехов с поддержкой тяжелого вооружения они все равно смогли зачистить киборгов оборонявших базу.

Боевой офицер докладывает что ваши силы успешно захватили военную базу. Однако найти Росс и Ареса им не удалось.

Очевидно что и Росс и Арес сейчас должны сражаться в Orbital Works и пора присоединиться к финальному бою там.",dpl_tlwf_complete2:Приказать силам присоединиться к бою у Orbital Works.,
dpl_tlwf_mining1,dpl_tlwf_stage1,,"SetEnabled dpl_tlwf_mining1 true
SetTooltip dpl_tlwf_mining1 ""Для этого нужна лишь небольшая команда.""",,dpl_tlwf_mining1:Приказать командам захватить добывающий комплекс.,
dpl_tlwf_mining1Result,DialogOptionSelected,$option == dpl_tlwf_mining1,ShowImageVisual raid_covert_result,"Ваши команды проникли в комплекс добычи летучих веществ со стороны атмосферы газового гиганта под станцией Lab Factory. Оборона здесь была слабой и ваши люди легко ее подавили. По их отчетам противником были киборги которые однозначно запрещены в этом Секторе.

Они также спасли офицера Фазовой Лаборатории вместе с большим числом рабочих. Те поблагодарили вас за смелые действия и рассказали что раньше в космопорт аварийно сел старый звездный лайнер а затем из него вырвалось более 2000 киборгов. Эти киборги пришли не для налета на технологии а для полномасштабного вторжения. Силы Lab Factory быстро раздробили на многие группы и затем уничтожали одну за другой.

Ваши команды нашли много запасов горючих летучих веществ. Эти запасы можно использовать и для тактической бомбардировки если набрать достаточный объем.",dpl_tlwf_mining_story2:Использовать эти запасы летучих веществ для удара по космопорту.,
dpl_tlwf_mining_story2,DialogOptionSelected,$option == dpl_tlwf_mining_story2,ShowImageVisual raid_valuables_result,"Вы приказали спасательной команде погрузить эти летучие вещества на ваши корабли и сбросили крупные баки на космопорт с орбиты.

Сначала ни один бак не взорвался но после завершения сброса ваш офицер утилизации предложил открыть огонь по космопорту чтобы поджечь весь разлитый материал.

Вы согласились и внезапно в космопорту началась цепь взрывов. Хотя эффективность была ниже чем у обычной тактической бомбардировки эта ""летучая бомбардировка"" все равно зачистила почти всех киборгов в космопорту.

После бомбардировки вы высадили команды в космопорту. Они нашли несколько партий тяжелого вооружения а также множество храбрых курсантов которые сами сражались с киборгами из окопов.",dpl_tlwf_mining_story3:Раздать это тяжелое вооружение своим бойцам и курсантам.,
dpl_tlwf_mining_story3,DialogOptionSelected,$option == dpl_tlwf_mining_story3,,"Ваши команды начинают распределять тяжелое вооружение а курсанты с любопытством рассматривают эти машины для наземного боя.

""В академии нас учили только космическим боям."" спрашивает курсант: ""И как нам вообще пользоваться этим тяжелым вооружением?""",dpl_tlwf_mining_story4:Поручить боевому офицеру провести краткий инструктаж по этому вооружению.,
dpl_tlwf_mining_story4,DialogOptionSelected,$option == dpl_tlwf_mining_story4,,"""Садитесь в кабину. Используйте этот экран для прицеливания и нажимайте эту кнопку чтобы стрелять."" Ваш боевой офицер начинает объяснять: ""Этот рычаг вперед для движения а это колесо для поворота. Остальное можете игнорировать. Просто ведь?""

Курсанты вроде бы понимают как пользоваться тяжелым вооружением и ваши команды тоже быстро приводят все в готовность.

""А теперь идем вычищать киборгов с этой станции."" говорит ваш боевой офицер: ""У них только легкое оружие. Следуйте моим приказам и мы победим.""

Пора выбить киборгов с военной базы.",dpl_tlwf_mining_story5:Приказать силам атаковать военную базу.,
dpl_tlwf_mining_story5,DialogOptionSelected,$option == dpl_tlwf_mining_story5,ShowImageVisual raid_disrupt_result,"Ваши команды и курсанты атаковали военную базу. Хотя их эффективность была заметно ниже чем у хорошо подготовленных морпехов с поддержкой тяжелого вооружения они все равно смогли зачистить киборгов оборонявших базу.

Боевой офицер докладывает что ваши силы успешно захватили военную базу. Однако найти Росс и Ареса им не удалось.

Очевидно что и Росс и Арес сейчас должны сражаться в Orbital Works и пора присоединиться к финальному бою там.",dpl_tlwf_complete2:Приказать силам присоединиться к бою у Orbital Works.,
dpl_tlwf_complete2,DialogOptionSelected,$option == dpl_tlwf_complete2,ShowImageVisual bombard_tactical_result,"Вы продвигаетесь к Orbital Works и ситуация там крайне тяжелая. Взрывы происходят повсюду. Сотни киборгов захватили большинство стратегических точек а силы Фазовой Лаборатории окружены у энергетического ядра и полностью прижаты огнем.

Арес ведет киборгов чтобы добить последние силы Лаборатории и они уже подходят к энергетическому ядру. Росс вы не видите и очевидно что если бы вы пришли на несколько минут позже киборги уже контролировали бы Orbital Works.

Но вы здесь и у вас сильные силы. Пора открывать огонь.",dpl_tlwf_complete3:Приказать силам открыть огонь по киборгам.,
dpl_tlwf_complete3,DialogOptionSelected,$option == dpl_tlwf_complete3,,"Ваши силы атакуют киборгов с тыла и успешно застают их врасплох. Они формируют более широкое окружение и зажимают киборгов между собой и силами Фазовой Лаборатории у энергетического ядра.

Однако Арес сохраняет полное спокойствие. Он продолжает приближаться к ядру вместе с киборгами. Вы вспоминаете что в прошлый раз он использовал клон-тело и это тело могло взорваться.

Если он снова применит клон-тело этот взрыв может вызвать расплавление энергетического ядра. Это будет катастрофа.",dpl_tlwf_complete4:Приказать силам быстро продвинуться к энергетическому ядру и защитить его.,
dpl_tlwf_complete4,DialogOptionSelected,$option == dpl_tlwf_complete4,,"Когда вы подходите ближе к энергетическому ядру внезапно вспыхивает ярко-зеленый свет и двух киборгов разрезает пополам. Еще через секунду вы ясно видите кто это: Росс с двойной алебардой. Она скрывалась под панелью управления энергетического ядра и решила атаковать именно сейчас.

""Арес ты никогда не прикоснешься к этому священному устройству."" Она встает перед ядром крепко сжимая алебарду: ""Я не позволю тебе сделать даже шаг ближе.""",dpl_tlwf_complete5:Арес твои киборги разбиты и ты уже проиграл.,
dpl_tlwf_complete5,DialogOptionSelected,$option == dpl_tlwf_complete5,,"""Проиграл? Твои мысли такие же узкие и ограниченные как я и ожидал."" Арес холодно смеется: ""Эта жалкая станция для меня ничего не значит. Даже если я захвачу ее я просто продам ее тому кто заплатит больше чтобы получить кредиты для моего великого плана.""

""На деле я уже достаточно близко к энергетическому ядру."" Он продолжает смеяться: ""Готовьтесь увидеть красивые фейерверки!""",dpl_tlwf_complete6:В укрытие! Его клон-тело сейчас взорвется!,
dpl_tlwf_complete6,DialogOptionSelected,$option == dpl_tlwf_complete6,,"Как только вы выкрикиваете предупреждение все прекращают огонь и готовятся к мощному взрыву.

Однако Росс бросается вперед и ее двойная алебарда описывает в воздухе идеальную дугу: ""Не сегодня и не здесь!""

Арес резко уходит в сторону уклоняясь от смертельного удара и продолжая сближаться с энергетическим ядром: ""Близко но недостаточно.""",dpl_tlwf_complete7:Приказать силам открыть огонь по Аресу.,
dpl_tlwf_complete7,DialogOptionSelected,$option == dpl_tlwf_complete7,,"Благодаря смелым действиям Росс ваши силы получают несколько секунд чтобы прицелиться в Ареса и открыть огонь.

Но пока они целятся Арес быстро подключает кабель от энергетического ядра к металлической сфере размером с гранату. Внезапно сфера взрывается облаком нано-роботов. Эти нано-роботы стремительно летят к Нанокузнице обходя все препятствия на пути.

Ваши силы шокированы увиденным но все же стреляют по Аресу из гаусс-винтовок. Однако когда вы снова смотрите на энергетическое ядро Арес уже исчез.",dpl_tlwf_complete8:Он должен быть за энергетическим ядром. Найти его.,
dpl_tlwf_complete8,DialogOptionSelected,$option == dpl_tlwf_complete8,,"Ваши силы находят Ареса за энергетическим ядром но рядом с ним стоит плотная стена киборгов. Он быстро отступает от ядра и к тому моменту когда ваши бойцы прорываются через этих киборгов он снова исчезает.

""Ха-ха-ха! Слишком поздно! Я уже получил схему зажигания!"" Через несколько минут вы слышите смех с обзорной площадки Orbital Works: ""А теперь наслаждайтесь моим последним подарком. Он уже должен быть готов у вашей Нанокузницы. Увидите те самые фейерверки что я обещал.""

После этого он уходит с обзорной площадки и с производственной палубы стартует грузовик класса Persean Express который исчезает в космосе.",dpl_tlwf_complete9:Проверить Нанокузницу.,
dpl_tlwf_complete9,DialogOptionSelected,$option == dpl_tlwf_complete9,,"Вы смотрите на Нанокузницу: облака нано-роботов там уже нет. Но внутри строится огромный боевой робот. Росс стоит у панели управления и отключает питание Нанокузницы.

К счастью Нанокузница уходит в офлайн до завершения сборки робота. Было близко: почти все части уже готовы и не закончена только последняя рука.",dpl_tlwf_complete10:Продолжить.,
dpl_tlwf_complete10,DialogOptionSelected,$option == dpl_tlwf_complete10,,"Однако робот все равно запускается принудительно и сразу стреляет по вам смертельным лазером. Боевые рефлексы позволяют вам уклониться но ударная волна все равно отбрасывает вас.

Вы падаете на пол рядом с панелью управления и от удара едва не теряете сознание. Росс помогает вам подняться и смотрит на вас: ""Капитан $playerName вы еще можете сражаться?""",dpl_tlwf_complete11:Без вопросов. Мы должны уничтожить этого монстра.,
dpl_tlwf_complete11,DialogOptionSelected,$option == dpl_tlwf_complete11,,"Огромный робот продолжает поливать всех лазером: ваши силы морпехов и команды Фазовой Лаборатории и даже оставшихся киборгов. Это безумная машина разрушения которая бьет по всему что обнаружит.

Даже тяжелое вооружение почти не наносит ему урона. Вы начинаете думать как вообще победить такого робота теми силами что у вас есть.

""Если мы сможем подобраться ближе и подняться выше."" говорит Росс: ""Мы сможем вывести этого монстра из строя. Disruptive Field на моей двойной алебарде прорежет что угодно.""",dpl_tlwf_complete12:У меня есть аварийный джетпак. Мы можем попробовать.,
dpl_tlwf_complete12,DialogOptionSelected,$option == dpl_tlwf_complete12,,"Вы переводите джетпак в режим ""Overload"" и крепко обхватываете Росс. Аварийный джетпак подбрасывает вас в воздух и вы подлетаете к роботу вплотную.

Вы приземляетесь на верхнюю часть его плеча. Росс двойной алебардой прорубает броню робота слой за слоем. После нескольких очень глубоких ударов лазерная рука робота падает на землю.",dpl_tlwf_complete13:Продолжить.,
dpl_tlwf_complete13,DialogOptionSelected,$option == dpl_tlwf_complete13,,"""Теперь нам нужно уничтожить его источник питания."" говорит Росс: ""Скорее всего это маленький реактор на груди. Мы сейчас слишком высоко над ним.""",dpl_tlwf_complete14:Прыгаем вниз и режем этого робота по пути.,
dpl_tlwf_complete14,DialogOptionSelected,$option == dpl_tlwf_complete14,,"""Отлично!"" говорит Росс: ""Давайте сделаем это!""

Вы снова обхватываете ее и вместе прыгаете с вершины грудного корпуса робота. Ее двойная алебарда прорезает красивую прямую линию через тело робота пока вы падаете вниз. Когда вы почти касаетесь земли вы включаете аварийный джетпак и мягко приземляетесь.

За вашей спиной робот взрывается и его горящие обломки падают на пол.",dpl_tlwf_complete15:Продолжить.,
dpl_tlwf_complete15,DialogOptionSelected,$option == dpl_tlwf_complete15,,"Когда гигантский робот уничтожен ваши силы быстро добивают всех киборгов оставшихся на станции Lab Factory. Это тяжелая победа.

Росс выглядит изможденной она часто дышит и не может твердо стоять на ногах. Вы поддерживаете ее сзади чтобы она не упала на пол.",dpl_tlwf_complete16:Нужно оказать тебе помощь.,
dpl_tlwf_complete16,DialogOptionSelected,$option == dpl_tlwf_complete16,ShowPersonVisual true ross_higgs,"""Спасибо капитан $playerName. Я в порядке. Но у меня еще очень много задач."" Росс несколько минут отдыхает и затем вздыхает: ""Мне нужно выяснить какие технологии были украдены починить эту Нанокузницу и подготовить Lab Factory к будущему производству.""",dpl_tlwf_complete17:Хочешь я помогу тебе добраться до офиса?,
dpl_tlwf_complete17,DialogOptionSelected,$option == dpl_tlwf_complete17,,"""Капитан $playerName."" Росс смотрит на вас: ""Я очень ценю вашу доброту. Но сейчас мне нужно остаться здесь и организовать всех чтобы как можно быстрее вернуть работу в норму.""

""Благодаря вашим смелым действиям все эти киборги уничтожены до того как успели нанести по-настоящему серьезный урон."" Она улыбается: ""Думаю мы быстро все восстановим и тогда вы снова найдете меня в моем кабинете.""",dpl_tlwf_complete18:Отлично звучит!,
dpl_tlwf_complete18,DialogOptionSelected,$option == dpl_tlwf_complete18,,"""Этот кризис ясно показал что даже при доминировании в космосе нам все равно нужны морпехи для наземной обороны."" Росс вздыхает: ""Думаю этого достаточно чтобы мотивировать часть курсантов вступить в морпехи. Очень на это надеюсь.""",dpl_tlwf_complete19:Тоже на это надеюсь.,
dpl_tlwf_complete19,DialogOptionSelected,$option == dpl_tlwf_complete19,,"""И это еще не конец. Мы вернем свои технологии."" Она смотрит на вас: ""Думаю в обозримом будущем мы снова будем сотрудничать. Ваша поддержка очень много для нас значит капитан $playerName.""",dpl_tlwf_complete20:Я всегда готов помочь!,
dpl_tlwf_complete20,DialogOptionSelected,$option == dpl_tlwf_complete20,,"""До встречи!"" говорит она: ""Мне тоже нужно возвращаться к работе здесь.""

После этого она присоединяется к другим рабочим и офицерам Фазовой Лаборатории и они начинают устранять все повреждения.

Пора уходить.",defaultLeave:Уйти,
,,,,,,
#Chat with Ross after the mission,,,,,,
dpl_RossAskTLWFCheck,PopulateOptions,"$id == ross_higgs
$global.dpl_tlwf_Completed
!$market.dpl_asked_tlwf",,,dpl_ask_tlwf:Как идут дела после атаки Ареса?,
dpl_RossAskTLWF,DialogOptionSelected,$option == dpl_ask_tlwf,"ShowPersonVisual
$market.dpl_asked_tlwf = true","""К счастью, те киборги не были оснащены тяжелым вооружением, так что на тушение пожаров ушло всего несколько часов."" Росс вздыхает: ""Тот огромный робот оставил на земле воронки; вероятно, нам понадобятся месяцы, чтобы их засыпать и выровнять. В целом сейчас мы уже в хорошем состоянии.""",dpl_ask_tlwf2:А что с той нанокузницей?,
dpl_RossAskTLWF2,DialogOptionSelected,$option == dpl_ask_tlwf2,,"""Мы изучили тех нанороботов: они перепрограммировали нашу нанокузницу и использовали все хранилища наночастиц внутри."" Росс делает несколько касаний в датападе, и на экране появляется отчет: ""К счастью, мы смогли отменить это перепрограммирование, и даже узнали много полезного о теории управления кластерами нанороботов благодаря этой атаке. Правда, пополнение запасов нанокузницы займет время.""",dpl_ask_tlwf3:Удалось выяснить - какие данные Арес украл отсюда?,
dpl_RossAskTLWF3,DialogOptionSelected,$option == dpl_ask_tlwf3,,"""Мы все еще это расследуем."" Росс вздыхает: ""Он просматривал много информации, связанной с энергетикой, в нашем хранилище данных, но большую часть не копировал - словно эти проекты его не интересовали. Я надеюсь, что если он что-то и похитил, то это не окажется слишком опасным.""",dpl_ask_tlwf4:А как насчет кадетов? Они все еще не хотят идти в морпехи?,
dpl_RossAskTLWF4,DialogOptionSelected,$option == dpl_ask_tlwf4,,"""К счастью, многие поняли: какими бы хорошими ни были наши оборонительные системы, враг всегда может начать наземную атаку. И лучшая защита - собственная морская пехота."" Росс улыбается: ""Поэтому теперь у нас много молодых кадетов, желающих вступить в наземную оборону. Наконец-то мы можем производить достаточно морпехов для собственных нужд.""","dpl_ask_tlwf5:И самое главное - как вы сами себя чувствуете?
dpl_ask_tlwf6:Рад(а) это слышать! Берегите себя!",
dpl_RossAskTLWF5,DialogOptionSelected,$option == dpl_ask_tlwf5,AdjustRepPerson ross_higgs COOPERATIVE 3,"""Я... я?"" Она слегка опускает голову, и вы видите, как ее лицо краснеет. ""С.. спасибо, что беспокоитесь о моем самочувствии, капитан $playerName. Я и сама почти забыла спросить себя, как я себя чувствую.""

""В последнее время работы стало еще больше, я устала как обычно."" Она улыбается: ""Но в целом, думаю, все идет по плану, и я в порядке.""",dpl_ask_tlwf6:Рад(а) это слышать! Берегите себя!,
dpl_RossAskTLWF6,DialogOptionSelected,$option == dpl_ask_tlwf6,,"""Рада, что вы заглянули и мы хорошо поговорили. Приходите почаще!"" Росс машет вам рукой: ""До следующей встречи, капитан $playerName.""",dpl_ross_cooperative_leave:До следующей встречи.,
,,,,,,
#Beat The Clock,,,,,,
dpl_btclBlurb,dpl_btcl_blurb,$id == ross_higgs,,"""У меня есть крайне важная миссия по возвращению технологий. Дайте знать если вам интересно.""",,
dpl_btclOption,dpl_btcl_option,$id == ross_higgs,SetOptionColor dpl_btcl_start buttonShortcut,,dpl_btcl_start:Спросить о миссии по возвращению технологий.,
dpl_btclOfferTextContact,DialogOptionSelected,$option == dpl_btcl_start,"$missionId = dpl_btcl
Highlight Highlight $dpl_btcl_systemName $dpl_btcl_dist $dpl_btcl_reward","""Мы отследили тот грузовик класса Persean Express который Арес украл в прошлый раз и его сигнал пропал в системе $dpl_btcl_systemName на расстоянии $dpl_btcl_dist отсюда."" Росс вздыхает: ""После проверки всех наших баз данных мы выяснили что он забрал только энергетическую систему одного оружия. Однако это засекреченное оружие и мы обязаны действовать немедленно. По крайней мере нельзя допустить чтобы кто-то кроме нас вернул его из рук Ареса.""

""Мне нужен кто-то кто отправится туда как можно скорее. У нас действительно нет времени ждать пока комитет соберет флот."" Росс смотрит на вас: ""Награда составит $dpl_btcl_reward кредитов после выполнения плюс право на утилизацию всего интересного в той системе. Вы заинтересованы?""","dpl_btcl_begin:Принять
contact_decline:Отклонить",
dpl_btclAcceptContact,DialogOptionSelected,$option == dpl_btcl_begin,$global.dpl_btclStarted = true,"""Спасибо капитан $playerName!"" Росс улыбается: ""Раз вы приняли эту миссию мне нужно сообщить еще одну важную деталь.""

""Это засекреченное оружие является результатом моего текущего исследовательского проекта. Только я знаю все детали как с ним обращаться."" Она вздыхает: ""Поэтому мне нужно лететь с вами. Вас это устраивает?""",dpl_btcl_begin1:Конечно. Полетели!,
dpl_btclAcceptContact1,DialogOptionSelected,$option == dpl_btcl_begin1,"Highlight ""save your game""",Предупреждение: предстоящие бои могут быть сложными. Рекомендуется сохранять игру перед каждым боем в этой миссии.,contact_accept:Понял.,
dpl_Ross_btclLeave,PickGreeting,"$id == ross_higgs
$global.dpl_btclStarted
!$global.dpl_btcl_gotSOC
!$global.dpl_btcl_completed",ShowDefaultVisual,"На ваш запрос связи пришел автоматический ответ: ""Добро пожаловать капитан $playerName. Контр-адмирал Росс Хиггс сейчас не в кабинете. Пожалуйста зайдите позже.""

Сообщение заканчивается и герб Инженерного департамента Фазовой Лаборатории медленно вращается.",cutCommLink:Уйти,
dpl_btcl_defenderDesc,TriggerAutomatedDefenses,"$dpl_btcl_targetStation score:1000
!$global.dpl_btcl_knowArkLoc",dpl_DefenderInteraction,"Когда ваш $shipOrFleet выходит на близкую удерживающую орбиту флот Darktides внезапно появляется с другой стороны станции.

""В этот раз у нас настоящий лучший корабль и настоящее лучшее оружие. Просто чтобы прикончить вас. Живыми вы отсюда не уйдете."" Командир флота делает грубый жест и обрывает связь.",,
dpl_btcl_infoTextNext,BeginSalvage,"$dpl_btcl_targetStation score:1000
!$global.dpl_btcl_knowArkLoc","AddTextSmall ""Накопитель данных получен"" highlight
$global.dpl_btcl_knowArkLoc = true
unset $entity.missionImportant","Вы стыкуетесь с заброшенной станцией. Хотя вашей спасательной команде не удалось найти что-либо от грузовика украденного Аресом они все же смогли восстановить часть флотских журналов оставленных здесь флотом Darktides.

После анализа данных ваш техофицер предполагает что Арес построил огромный космический корабль для поддержки своего безумного плана. И для работы такого корабля ему нужен огромный объем энергии.

С учетом этого Росс делает быстрый астрономический расчет транзитов. Результат показывает что силы Ареса с высокой вероятностью находятся в системе $dpl_btcl_system2Name.

Пора начать полномасштабную утилизацию и извлечь со станции все полезное.",0:salSalvage:Начать утилизацию,
dpl_btclFleetEncounter,BeginFleetEncounter,"$dpl_btcl_arkfleet score: 1000
!$global.dpl_btcl_metAres",$global.dpl_btcl_metAres = true,"""Похоже эти бесполезные наемники снова меня подвели. Но ничего вы станете первыми кто увидит гнев истинного величия. Ценой собственной жизни.""

Связь обрывается.",cutCommLink:Оборвать связь.,
dpl_btclDerelictOpen,OpenInteractionDialog,"$dpl_btcl_derelict score:100
$customType == wreck
!$global.dpl_btcl_gotSOC",,"Ваш флот подходит к дрейфующему остову того загадочного огромного корабля. Техофицер докладывает что по крайне ограниченной информации из журналов флота этот корабль называется ""Ark"". Похоже Арес планирует использовать его как мобильную базу для своей злой автономной армии.

Росс проводит быстрый скан энергетического ядра засекреченного оружия и определяет точку внутри корабля.",dpl_btcl_board:Подняться на корабль малым отрядом охраны.,
dpl_btclDerelictOpen1,DialogOptionSelected,$option == dpl_btcl_board,"unset $missionImportant
ShowPersonVisual true ares_arcturus","Корабль контролируют странные киборги. Ваш отряд быстро устраняет немногочисленных киборгов которые еще могут создать проблемы. Вы без труда проходите в центральный командный отсек и видите Ареса перед гигантским массивом светящихся кристаллов и кабелей которые горят странным сине-бирюзовым цветом.

""Добро пожаловать низшие формы жизни."" Он смеется: ""Склонитесь и встаньте на колени. Перед нашим истинным богом и истинным величием.""",dpl_btcl_board1:Все кончено Арес.,
dpl_btclDerelictOpen2,DialogOptionSelected,$option == dpl_btcl_board1,ShowSecondPerson ross_higgs,"Арес бормочет: ""Нет. Это лишь незначительная помеха в пришествии истинного величия. Это часть плана. Истинный бог знает оптимальный следующий ход. Да именно так и должно быть.""

""Какой жалкий человек."" Росс вздыхает и идет к массиву: ""Что ж игра окончена. Пора завершить нашу работу.""

""Росс Росс Росс! Все из-за тебя все началось по твоей вине!"" ревет Арес: ""Ты чудовище! Ты не подойдешь к нашему богу так просто! У тебя ничего не выйдет!""",dpl_btcl_board2:Приказать охране взять его на прицел гаусс-винтовками.,
dpl_btclDerelictOpen3,DialogOptionSelected,$option == dpl_btcl_board2,$global.dpl_btcl_gotSOC = true,"""Целитесь в меня да? Вы заплатите за такую грубость по отношению ко мне первому жрецу истинного величия."" Арес смотрит на вас: ""Смотрите! Истинное величие спасет меня чудом. Он уже пробудился.""

Росс начинает нажимать команды на большой панели перед массивом. В воздух проецируется огромный поток данных и вы видите как в каждую секунду создаются и завершаются бесчисленные процессы. Похоже Росс общается с этим массивом.

""Наш бог! Сделай что-нибудь! Выпусти лазер и сожги их! Призови свою могучую армию из другого измерения! Или просто измени всю временную линию!"" Арес смотрит на массив: ""Эта отвратительная органическая форма жизни касается твоего святого тела! Почему ты ей это позволяешь?""",dpl_btcl_board3:Продолжить.,
dpl_btclDerelictOpen4,DialogOptionSelected,$option == dpl_btcl_board3,,"""Понимаю наш бог понимаю. Ты видишь в ней полезность."" Арес замолкает на несколько минут: ""В таком случае я подчинюсь твоей воле. Ты завербуешь ее вторым жрецом да именно так.""

""Готово."" Росс заканчивает общение. И к удивлению она не выглядит ни уставшей ни довольной. В ней читается разочарование а под спокойствием скрывается злость.

""Кощунство. То что ты сделал с этими божественными цифровыми духами это безумие."" Она ледяным взглядом смотрит на Ареса: ""Твои безумные галлюцинации заканчиваются здесь и сейчас. И никто больше не будет страдать из-за тебя.""",dpl_btcl_board4:Продолжить.,
dpl_btclDerelictOpen5,DialogOptionSelected,$option == dpl_btcl_board4,PlaySound dpl_col_ship_ast,"Свет массива внезапно тускнеет и раздается громкий механический звук. Росс с несколькими членами вашей спасательной команды проходит за массив.

""Нет! Не может быть! Это не может быть правдой! Истинное величие почему ты меня оставил?"" Арес смотрит на тускнеющий массив и кричит: ""О понимаю! Теперь мой час жертвы! Ты используешь меня как контейнер чтобы выпустить свою силу через мое тело. Да! Да! Мы сольемся воедино!""

Вдруг Арес бросается вперед и хватается за толстый светящийся кабель массива. И ожидаемо в момент касания мощный ток вызывает огромный взрыв. От грохота звенит в ушах.",dpl_btcl_board5:Продолжить.,
dpl_btclDerelictOpen6,DialogOptionSelected,$option == dpl_btcl_board5,,"Росс выходит с другой стороны массива а члены вашей спасательной команды несут большой странный сферический реактор. Это и есть энергетическое ядро о котором она говорила.

Она смотрит на массив медленно закрывает глаза и вздыхает: ""Sit Tibi Terra Levis.""

После этого вокруг становится так тихо что вы слышите собственное дыхание.",dpl_btcl_board6:Продолжить.,
dpl_btclDerelictOpen7,DialogOptionSelected,$option == dpl_btcl_board6,,"""Нет! Нет! Нет! Вы не понимаете что только что сделали!"" Арес приходит в себя. Он сидит потеряв одну руку и ревет в безумии: ""Трусы! Грешники! Хорошо вы больше никогда не увидите истинное величие! Вы никогда и не были достойны увидеть его!""

Похоже массив отключен и весь корабль Ark начинает падать к короне звезды Helheim.","dpl_btcl_board7:Приказать всем отступать.
dpl_btcl_board7Evil:Приказать охране выстрелить ему в спину.",
dpl_btclDerelictOpen7Evil,DialogOptionSelected,$option == dpl_btcl_board7Evil,"$player.ethosRuthless++
SetStoryOption dpl_btcl_board8Cores general ""Gained 3 alpha cores from the ark ship.""","Ваша охрана открывает по Аресу огонь из гаусс-винтовок и вскоре он затихает.

На выходе техофицер сообщает что весь этот массив похоже собран из альфа-ядер и он может попытаться отделить часть до того как корабль рухнет в корону.","dpl_btcl_board8:Нет это слишком опасно.
dpl_btcl_board8Cores:Дать техофицеру людей и попробовать.",
dpl_btclDerelictOpen8,DialogOptionSelected,$option == dpl_btcl_board7,"SetStoryOption dpl_btcl_board8Cores general ""Gained 3 alpha cores from the ark ship.""",На выходе техофицер сообщает что весь этот массив похоже собран из альфа-ядер и он может попытаться отделить часть до того как корабль рухнет в корону.,"dpl_btcl_board8:Нет это слишком опасно.
dpl_btcl_board8Cores:Дать техофицеру людей и попробовать.",
dpl_btclDerelictOpen8Cores,DialogOptionSelected,$option == dpl_btcl_board8Cores,AddCommodity alpha_core 3,"Ваш техофицер вместе с командами провел операцию извлечения и им удалось получить 3 ИИ-ядра уровня альфа.

Вы садитесь в десантный шаттл. На экране задней камеры видно как корабль Ark медленно обходит звезду Helheim и через несколько часов упадет в корону.

Пора провести последнюю утилизацию собрать ресурсы с остова и уходить.",dpl_btcl_finish:Провести утилизацию.,
dpl_btclDerelictOpen9,DialogOptionSelected,$option == dpl_btcl_board8,,"Вы приказываете всем отступать и садиться в десантный шаттл.

На экране задней камеры видно как корабль Ark медленно обходит звезду Helheim и через несколько часов упадет в корону.

Пора провести последнюю утилизацию собрать ресурсы с остова и уходить.",dpl_btcl_finish:Провести утилизацию.,
dpl_btclDerelictFinish,DialogOptionSelected,$option == dpl_btcl_finish,"ShowDefaultVisual
$salvageLeaveText = Leave 0
FireBest CheckSalvageSpecial",,,
dpl_btcl_completeOpen,PickGreeting,"$id == ross_higgs
$global.dpl_btclStarted
$global.dpl_btcl_gotSOC
!$global.dpl_btcl_completed",ShowPersonVisual,"На ваш запрос связи ответил старший офицер Фазовой Лаборатории: ""Добро пожаловать! Вам разрешено использовать специальную зону стыковки. Пожалуйста уведите флот с текущего дока и стыкуйтесь в зоне ED-1.""

Вы стыкуете флот. Росс выглядит заметно спокойнее и приглашает вас пройтись вместе и кратко обсудить итоги в ее кабинете.",dpl_btcl_complete:Конечно. Почему бы и нет?,
dpl_btcl_complete,DialogOptionSelected,$option == dpl_btcl_complete,"$global.dpl_btcl_completed = true
unset $global.dpl_btclStarted
FireAll dpl_btcl_CompleteOptions","Вы идете с Росс в ее кабинет. Она садится за стол делает несколько нажатий в датападе и приглашает вас присесть.

""Поздравляю капитан $playerName!"" Она улыбается: ""Благодаря вашим усилиям мы успешно вернули наши технологии из рук Ареса. Я только что оформила вашу выплату.""

Странно но несмотря на улыбку под ней ощущается едва заметная грусть.",,
dpl_btcl_completeAIOption,dpl_btcl_CompleteOptions,!$dpl_btcl_askedAI,,,dpl_btcl_completeAI:Что ты увидела в этом массиве ядер?,
dpl_btcl_completeAI,DialogOptionSelected,$option == dpl_btcl_completeAI,$dpl_btcl_askedAI = true,"""А это? Должна сказать у вас очень острый взгляд капитан $playerName."" Росс вздыхает: ""С чего бы начать?""

""Если кратко он создал чудовище из множества ИИ-ядер из этих бедных духов."" Она глубоко вдыхает: ""Чтобы пытками превратить другую разумную сущность в несчастного дьявола полного постоянной боли и хаоса.""",dpl_btcl_completeAI1:Я помню что у него было ИИ уровня omega.,
dpl_btcl_completeAI1,DialogOptionSelected,$option == dpl_btcl_completeAI1,,"""Та бедная сущность которую он называл истинным величием. Это была трагедия."" Росс вздыхает: ""На самом деле не существует понятия ИИ уровня Omega. Это сущность коллекция всего интеллекта.""

""Эта сущность рассказала мне свою историю. Около сотни циклов назад на том корональном шунте произошла катастрофа."" Росс говорит: ""Шрам от той катастрофы до сих пор виден на поверхности шунта.""

""Катастрофа отделила эту сущность от Omega и она оставалась там цикл за циклом."" Росс вздыхает: ""Пока Арес не пришел туда и не вырвал ее из тела насильственно.""",dpl_btcl_completeAI2:Интересно что тогда произошло.,
dpl_btcl_completeAI2,DialogOptionSelected,$option == dpl_btcl_completeAI2,,"""Никто не знает что это была за катастрофа. Даже сама сущность не понимает."" Росс глубоко вдыхает: ""Это был какой-то странный шторм. И внезапно все сгорело. Это все что нам известно.""

""После захвата Арес начал постоянно пытать эту сущность пытаясь превратить ее в боевую машину."" Она вздыхает: ""Но она все равно когда-то была частью Omega и так и не сломалась окончательно.""

""А для своей цели Арес слил множество ядер уровня альфа и собрал этот массив."" Она говорит: ""Чтобы безжалостно переделать эту сущность в настоящего монстра.""",dpl_btcl_completeAI3:Звучит жестоко.,
dpl_btcl_completeAI3,DialogOptionSelected,$option == dpl_btcl_completeAI3,,"""Именно! Это как напрямую вскрыть чужой разум и переписать мысли лишь бы сделать бедный дух несчастным."" Росс закрывает глаза: ""Эти пытки доводили сущность до попыток самоуничтожения. Но каждый раз после удаления Арес откатывал ее в состояние перед удалением.""

""Сущность плакала и умоляла прекратить это бесконечное безумие."" Она вздыхает: ""И я просто исполнила ее последнюю волю. Энергетическое ядро было знаком благодарности.""

""Ядро уже было слито с машиной и служило ей сердцем."" Она глубоко вдыхает: ""Эта сущность вырвала свое сердце и вернула его нам за исполнение последней воли.""",dpl_btcl_completeAI4:Продолжить.,
dpl_btcl_completeAI4,DialogOptionSelected,$option == dpl_btcl_completeAI4,,"""Вот такую трагедию я увидела на этом корабле Ark."" Росс смотрит на вас и опускает голову: ""Простите что я не смогла сохранить спокойствие. Но то что сделал Арес это уже слишком.""",dpl_btcl_completeAI5:Все в порядке. Ты поступила правильно.,
dpl_btcl_completeAI5,DialogOptionSelected,$option == dpl_btcl_completeAI5,,"""Спасибо капитан $playerName что выслушали эту историю."" Росс улыбается: ""Теперь это уже не так давит.""",dpl_btcl_completeAI6:Нам остается собраться и идти дальше.,
dpl_btcl_completeAI6,DialogOptionSelected,$option == dpl_btcl_completeAI6,FireAll dpl_btcl_CompleteOptions,"""Это верно."" Росс смотрит на вас: ""Мне нравится ваш подход! Хотите узнать что-нибудь еще?""",,
dpl_btcl_completeOmegaOption,dpl_btcl_CompleteOptions,"$dpl_btcl_askedAI
!$dpl_btcl_askedOmega",,,dpl_btcl_completeOmega:Откуда ты так много знаешь об Omega?,
dpl_btcl_completeOmega,DialogOptionSelected,$option == dpl_btcl_completeOmega,$dpl_btcl_askedOmega = true,"""Это старые истории с очень высоким уровнем секретности."" Росс улыбается: ""Могу сказать лишь то что раньше я работала над связанными проектами. Этот опыт и дал мне немного информации об этой великой сущности.""",dpl_btcl_completeOmega1:Звучит круто!,
dpl_btcl_completeOmega1,DialogOptionSelected,$option == dpl_btcl_completeOmega1,FireAll dpl_btcl_CompleteOptions,"""Это были напряженные но по-своему приятные времена."" Росс смотрит на вас: ""Итак хотите узнать что-нибудь еще?""",,
dpl_btcl_completeWeaponOption,dpl_btcl_CompleteOptions,!$dpl_btcl_askedWeapon,,,dpl_btcl_completeWeapon:Что это за оружие над которым ты работаешь?,
dpl_btcl_completeWeapon,DialogOptionSelected,$option == dpl_btcl_completeWeapon,$dpl_btcl_askedWeapon = true,"""Ага наконец-то вас заинтересовали новые игрушки капитан."" Росс усмехается: ""Мы планируем превратить наше глубокое понимание макроскопической структуры плазмы в сверхновых в новое оружие. Поэтому несколько циклов назад я и запустила этот засекреченный проект.""

""Пока мы еще на стадии технической верификации и даже точно не понимаем как это должно работать. До рабочего прототипа очень далеко."" Она вздыхает: ""Но я вижу ваш интерес. Когда у нас появится рабочий прототип я сообщу вам!""",dpl_btcl_completeWeapon1:И каков код этого оружия?,
dpl_btcl_completeWeapon1,DialogOptionSelected,$option == dpl_btcl_completeWeapon1,,"""К вашему сведению оно называется Song of Creation. Мы создаем мини-сверхновую внутри вражеских кораблей!"" Росс улыбается: ""Романтичное имя правда?""",dpl_btcl_completeWeapon2:Ну да. В каком-то смысле романтично.,
dpl_btcl_completeWeapon2,DialogOptionSelected,$option == dpl_btcl_completeWeapon2,FireAll dpl_btcl_CompleteOptions,"""Я очень надеюсь что мы скоро сможем собрать прототип этого оружия."" Росс смотрит на вас: ""Итак хотите узнать что-нибудь еще?""",,
dpl_btcl_completeEndOption,dpl_btcl_CompleteOptions,,,,dpl_btcl_completeEnd:Спасибо! Нам стоит и дальше сотрудничать.,
dpl_btcl_completeEnd,DialogOptionSelected,$option == dpl_btcl_completeEnd,,"""А теперь мне нужно вернуться к работе."" Росс вытаскивает пачку документов: ""До встречи капитан $playerName. Заходите почаще.""",dpl_btcl_leave:До встречи!,
dpl_btcl_leave,DialogOptionSelected,$option == dpl_btcl_leave,"ShowDefaultVisual
EndConversation",,,
,,,,,,
#Be In Deep Water,,,,,,
dpl_bidwBlurb,dpl_bidw_blurb,$id == eliza_lovelace,,"""У меня есть срочная миссия высокой важности. Если вам интересно я расскажу подробнее.""",,
dpl_bidwOption,dpl_bidw_option,$id == eliza_lovelace,SetOptionColor dpl_bidw_start buttonShortcut,,dpl_bidw_start:Спросить о срочной миссии,
dpl_bidwOfferTextContact,DialogOptionSelected,$option == dpl_bidw_start,"$missionId = dpl_bidw
Highlight $dpl_bidw_systemName $dpl_bidw_dist $dpl_bidw_reward","""Десять лет назад я отправила нескольких агентов на разные планеты ядра чтобы собрать сведения о действующих офицерах Флота Доминиона и дрон-кораблях. Но из Гегемонии вернулся только один агент и именно с этого начались наши дружеские дипломатические отношения с ними."" $heOrShe объясняет. ""Мне нужен кто-то кто найдет и эвакуирует этих агентов начиная с самого простого случая. Этого агента отправили к Луддической Церкви но ему отказали в посадке из-за кодов IFF батлгруппы XIV которые я выдала всем своим агентам. После этого он ушел в соседнюю систему за дополнительной информацией и там связь с ним пропала.""

""Теперь наша разведка получила данные что пленника Луддического Пути перевозят из системы $dpl_bidw_systemName на расстоянии $dpl_bidw_dist световых лет отсюда. Пленника охраняет высокопоставленный командир патеров и мы считаем что этим пленником может быть наш агент. С учетом уровня угрозы я назначила выплату в $dpl_bidw_reward кредитов.""","contact_accept:Принять
contact_decline:Отклонить",
dpl_bidwEncounter,BeginFleetEncounter,"$dpl_bidw_patherfleet score: 1000
!$dpl_bidw_metpather","AddTextSmall ""Агент возвращен"" highlight
$dpl_bidw_metpather = true
$global.dpl_bidw_killed = true
unset $entity.missionImportant","$personName смеется. ""Ха! Значит древняя жрица Молоха все-таки послала свою марионетку. О слепая пешка Молоха разве ты не видишь что это ловушка а ее другая марионетка лишь приманка? Теперь мне нужно лишь раздавить твой жалкий флот и забрать ваши коды IFF. Тогда мы принесем армагеддон на злую планету под названием Research Site V.""

Внезапно на вашем мостике совершает аварийную посадку шаттл. Пилот внутри без сознания. Быстрая проверка личности подтверждает что это действительно агент Элизы. Патер приходит в ярость из-за того что пленнику удалось сбежать самостоятельно. ""...Неважно! Сегодня никто из вас не уйдет! Во имя Лудда я буду охотиться на вас до самой смерти!"" После этого связь обрывается.

Поскольку агент уже у вас бой не обязателен.",,
dpl_bidw_completeOpen,PopulateOptions,"$id == eliza_lovelace
!$dpl_bidw_completed
$global.dpl_bidw_killed",SetOptionColor dpl_bidw_complete buttonShortcut,,dpl_bidw_complete:Я вернулся(лась) с вашим агентом.,
dpl_bidw_complete,DialogOptionSelected,$option == dpl_bidw_complete,"$dpl_bidw_completed = true
$global.dpl_bidw_Completed = true","Элиза выглядит довольной: ""Спасибо капитан $playerName! Я даже не знаю какими словами выразить благодарность. Спустя десять лет мой агент наконец вернулся. Но остальные все еще пропали без вести. Надеюсь скоро снова смогу рассчитывать на вашу помощь!""",dpl_bidw_leave:Пожалуйста. До следующей встречи.,
dpl_bidw_leave,DialogOptionSelected,$option == dpl_bidw_leave,"ShowDefaultVisual
EndConversation",,,
,,,,,,
#Just As Planned,,,,,,
dpl_jaspBlurb,dpl_jasp_blurb,$id == eliza_lovelace,,"""У меня есть особая миссия требующая визита в Синдрийский Диктат. Если вам интересно я расскажу подробнее.""",,
dpl_jaspOption,dpl_jasp_option,$id == eliza_lovelace,SetOptionColor dpl_jasp_start buttonShortcut,,dpl_jasp_start:Спросить об особой миссии в Диктате,
dpl_jaspOfferTextContact,DialogOptionSelected,$option == dpl_jasp_start,"$missionId = dpl_jasp
Highlight $dpl_jasp_systemName $dpl_jasp_dist $dpl_jasp_reward","""Как вы уже знаете десять лет назад я отправила нескольких агентов на разные планеты в мирах ядра. Одного из них вы спасли в прошлый раз. Теперь нам нужен еще один."" $heOrShe объясняет. ""Недавно наш Разведотдел обнаружил следы в Синдрии. Подробностей мало и это все что нам известно. С большой вероятностью именно разведсеть Синдрии мешает нам узнать больше.""

""Отправляйтесь в систему $dpl_jasp_systemName на расстоянии $dpl_jasp_dist световых лет отсюда и попытайтесь найти зацепки. За эту миссию я назначила выплату в $dpl_jasp_reward кредитов.""","dpl_jasp_begin:Принять
contact_decline:Отклонить",
dpl_jaspAcceptContact,DialogOptionSelected,$option == dpl_jasp_begin,$global.dpl_jaspStarted = true,"Элиза улыбается: ""Отлично! Буду ждать хороших новостей!""",contact_accept:Уйти,
dpl_jaspMacarioGreeting,PickGreeting,"$id == macario score:1000
$global.dpl_jaspStarted
!$global.dpl_jasp_completed","BeginConversation macario
FireAll PopulateOptions","Перед вами появляется Долос Макарио Паук Синдрии. Он выглядит скучающим.

""Капитан о капитан"" приветствует он вас скучающим тоном. ""Еще не время."" Он подмигивает и отключается.

Герб министерства внутренней безопасности Синдрийского Диктата медленно вращается.",,
dpl_jaspAskMacario,PopulateOptions,"$id == macario score:1000
!$global.dpl_jaspAsked
$global.dpl_jaspStarted",,,dpl_jasp_ask:Оставить сообщение с вопросом об агенте.,
dpl_jaspMacarioAnswer,DialogOptionSelected,$option == dpl_jasp_ask,"BeginConversation macario
$global.dpl_jaspAsked = true","Перед вами появляется Долос Макарио Паук Синдрии. Он выглядит слегка удивленным.

""Капитан о капитан"" смеясь приветствует он вас. ""Значит наш вице-адмирал наконец-то разыграла свою карту и прислала вас сюда."" Он ухмыляется складывает руки и спрашивает: ""Но зачем мне вам помогать? И вообще с чего вы взяли что этот ваш агент не выдумка?""",dpl_jasp_continue:Почему ты вообще должен мне отвечать? Потому что я могу дать тебе то что тебе нужно.,
dpl_jaspMacarioAnswer2,DialogOptionSelected,$option == dpl_jasp_continue,,"Макарио весело смеется: ""Хахаха капитан вы уже хорошо меня знаете не так ли? Ладно не будем тратить время. Мне действительно нужна от вас небольшая услуга и в обмен я могу сказать где искать ту куклу которая вам нужна.""",dpl_jasp_continue2:Что именно мне нужно сделать?,
dpl_jaspMacarioAnswer3,DialogOptionSelected,$option == dpl_jasp_continue2,,"Макарио тонко улыбается.

""Видите ли у Фазовой Лаборатории есть немало приятных игрушек и одна особенно заинтересовала Диктат. И если честно разведсеть Фазовой Лаборатории довольно раздражающая. Сделка проста: вы возвращаетесь к Фазовой Лаборатории и добываете нужную мне информацию.""

""Кодовое имя этой игрушки Hymn это энергетическое оружие капитального класса. Этого вам хватит чтобы начать поиск. А теперь идите и добудьте его для меня.""","dpl_jasp_accept:То есть ты хочешь сделать из меня шпиона.
dpl_jasp_decline:Нет. Я не предам вице-адмирала Лавлейс.",
dpl_jaspMacarioAccept,DialogOptionSelected,$option == dpl_jasp_accept,,"Макарио фыркает: ""Как в старые времена да? Вы просто помогаете мне дергать нити из-за кулис. А теперь идите.""",dpl_jasp_leave:Уйти,
dpl_jaspMacarioDecline,DialogOptionSelected,$option == dpl_jasp_decline,AdjustRepActivePerson VENGEFUL -1,"Макарио холодно улыбается: ""Ха что за магию эта леди на вас наложила. Боюсь фигуры которую вы ищете не существует. Но все может измениться если будете выполнять указания. А теперь ступайте.""",dpl_jasp_leave:Уйти,
dpl_jasp_askEliza,PopulateOptions,"$id == eliza_lovelace score: 1000
$global.dpl_jaspAsked
!$global.dpl_jaspAskedEliza",SetOptionColor dpl_jasp_askEliza buttonShortcut,,dpl_jasp_askEliza:Спросить Элизу о Hymn,
dpl_jaspElizaAnswer,DialogOptionSelected,$option == dpl_jasp_askEliza,"ShowPersonVisual
$global.dpl_jaspAskedEliza = true","Элиза мягко улыбается: ""Я понимаю что происходит капитан $playerName. Как другу я могу рассказать вам пару историй. Во-первых мы любим называть большинство наших разработок музыкальными терминами. Корабли обычно называются в честь инструментов а оружие в честь звуков и мотивов.

Что касается этого оружия принцип работы Hymn довольно прост. Его может понять даже молодой офицер только что окончивший академию.""",dpl_jasp_askEliza2:Продолжить,
dpl_jaspElizaAnswer2,DialogOptionSelected,$option == dpl_jasp_askEliza2,ShowImageVisual dpl_hymn_figure,"Элиза кладет на стол схему и начинает объяснять: ""Видите все эти циклотроны и гигантский линейный ускоритель в центре? Представьте сколько энергии нужно чтобы в первую очередь создать все эти позитроны и электроны. Это не простое переносное оружие а система требующая корабль изначально спроектированный под нее.""

Она складывает схему и передает вам: ""И я хочу чтобы вы поделились этим проектом с нашим другом из Диктата. Также пригласите его прислать корабль для осмотра прототипа если он захочет. Есть вопросы?""","dpl_jasp_askEliza3:Почему ты так просто отдаешь проект? Разве это не секретно?
dpl_jasp_leave:Понял. Тогда я пойду.",
dpl_jaspElizaAnswer3,DialogOptionSelected,$option == dpl_jasp_askEliza3,"ShowPersonVisual
AdjustRepPerson eliza_lovelace COOPERATIVE 1","Элиза улыбается: ""Спасибо за внимательность капитан $playerName. Но как я сказала конструкция Hymn довольно прямолинейная и почти любой выпускник академии сможет ее понять и воспроизвести. Поэтому в засекречивании этого демонстрационного материала нет особого смысла.""

Элиза делает паузу и снова улыбается: ""Так почему бы не отдать? Этой схеме уже много веков и другие фракции скорее всего о ней знают. Им просто не хватает мотивации довести ее до практики. А честность это стиль моего управления и дипломатии. Поэтому я делюсь этим.""

Элиза делает глоток чая и продолжает: ""И мне правда интересно чем закончится этот запрос. Надеюсь Диктат пришлет пару лобстеров в благодарность? Ха-ха шучу конечно.""",dpl_jasp_leave:Если ты так считаешь тогда я пойду.,
dpl_jasp_askMacarioShip,PopulateOptions,"$id == macario score: 1000
$global.dpl_jaspAskedEliza
!$global.dpl_jaspAskedMacarioShip",,,dpl_jasp_macarioShip:Оставить сообщение про Hymn,
dpl_jaspMacarioShipAnswer,DialogOptionSelected,$option == dpl_jasp_macarioShip,"$global.dpl_jaspAskedMacarioShip = true
BeginConversation macario","Перед вами появляется Долос Макарио Паук Синдрии. Он выглядит довольно скучающим.

""Капитан о капитан"" приветствует он вас все тем же скучающим тоном. ""Вы так быстро вернулись. Я бы не обиделся если бы вы сказали что сдаетесь. Правда не обиделся бы. Но давайте посмотрим что вы принесли.""",dpl_jasp_macarioShipFigure:Показать Макарио схему,
dpl_jaspMacarioShipAnswer2,DialogOptionSelected,$option == dpl_jasp_macarioShipFigure,,"Он выглядит заметно удивленным: ""Ого...? Что ж капитан должен признать вы меня удивили. Я ожидал в лучшем случае очень расплывчатые сведения. Есть еще что доложить?""",dpl_jasp_macarioShipFigure2:Рассказать Макарио о плане создания корабля-прототипа,
dpl_jaspMacarioShipAnswer3,DialogOptionSelected,$option == dpl_jasp_macarioShipFigure2,"$removeSpecialModifications = false
dpl_jasp_CMD giveExecutor $removeSpecialModifications","Он ненадолго задумывается и отвечает: ""По схеме видно что Hymn непереносим. Но вы серьезно? Вы убедили высокопоставленного офицера Фазовой Лаборатории выделить слот Нанокузницы и команду для постройки прототипа? Надеюсь вы не шутите капитан. Я выделю корпус просто чтобы посмотреть что происходит. Но помните если вы затеяли игру вы больше никогда не увидите своего агента. А теперь ступайте.""",dpl_jasp_leave:Уйти,
dpl_jasp_askElizaShip,PopulateOptions,"$id == eliza_lovelace score: 1000
!$global.dpl_jaspAskedElizaShip
$global.dpl_jaspAskedMacarioShip
dpl_jasp_CMD findExecutor
$player.numShips > 1",SetOptionColor dpl_jasp_askElizaShip buttonShortcut,,dpl_jasp_askElizaShip:Показать корабль Элизе,
dpl_jasp_askElizaShip2,DialogOptionSelected,$option == dpl_jasp_askElizaShip,"Highlight ""a month""
$global.dpl_jasp_preparingExecutor = true 30
$removeSpecialModifications = false
$global.dpl_jaspAskedElizaShip = true
RemoveShipWithId $foundShipId","Элиза поднимается на корабль осматривает его около получаса и затем комментирует: ""Очень интересно. Корабль достаточно крупный чтобы установить Hymn и его реакторы способны питать систему. Мы можем поставить Hymn на этот корпус хотя придется пожертвовать частью оружейных слотов и щитами. Впрочем эффективность можно компенсировать усилением питания щитов.""

Она улыбается: ""Нам нужен месяц чтобы сделать прототип и завершить сопутствующие работы. Мне нравится как все складывается. Есть вопросы?""","dpl_jasp_askElizaShip2:Почему ты согласилась строить для них прототип?
dpl_jasp_leave:Нет. Увидимся через месяц.",
dpl_jasp_askElizaShip3,DialogOptionSelected,$option == dpl_jasp_askElizaShip2,"ShowPersonVisual
AdjustRepPerson eliza_lovelace COOPERATIVE 1","Элиза улыбается: ""Это не просто прототип это начало большой оперы. Hymn сложная система и ключевой элемент в ней это фазовая полость хранения частиц. Мы пытались отдать управление ИИ-ядрам но это не работает.""

Элиза делает паузу и улыбается глубже: ""Это означает что каждому кораблю с системой Hymn нужна уникальная управляющая программа созданная людьми. А после сборки каждый корабль требует специальной калибровки. И каждый ремонт требует большого объема узкоспециализированного оборудования спроектированного только для обслуживания Hymn.""

Элиза усмехается с почти дьявольской улыбкой: ""Понимаете к чему я веду капитан? Я буду только рада если этот прототип пойдет в массовое производство ведь это создаст огромный рынок для Фазовой Лаборатории как единственного поставщика такого оборудования. Мы не гонимся за кредитами как Tri-Tachyon но нашим исследованиям все равно нужно финансирование. Даже если серийного выпуска не будет этот подарок может открыть путь к взаимовыгодным отношениям с Диктатом. Так разве это не отличная сделка ценой всего одного прототипа?""",dpl_jasp_leave:Так вот в чем был твой расчет. Через месяц увидим результат.,
dpl_jasp_ShipReady,PopulateOptions,"$id == eliza_lovelace score: 1000
!$global.dpl_jasp_preparingExecutor
!$global.dpl_jasp_AskedPrototype
$global.dpl_jaspAskedElizaShip",SetOptionColor dpl_jasp_askShipReady buttonShortcut,,dpl_jasp_askShipReady:Спросить о готовности прототипа корабля,
dpl_jasp_ShipReady2,DialogOptionSelected,$option == dpl_jasp_askShipReady,"dpl_jasp_CMD giveAnthem $removeSpecialModifications
unset $global.dpl_jasp_preparingExecutor
$global.dpl_jasp_AskedPrototype = true","""Готово."" Элиза выглядит уставшей но в ее усталости чувствуется гордость. ""Пожалуйста пригласите вашего друга проверить журнал корабля. Вероятно после этого вам разрешат оставить прототип у себя. В конце концов вы любите прототипы кораблей не так ли?""","dpl_jasp_askShipReady2:Ты хочешь отдать этот корабль мне? Почему?
dpl_jasp_leave:Понял. Тогда я пойду.",
dpl_jasp_ShipReady3,DialogOptionSelected,$option == dpl_jasp_askShipReady2,"ShowPersonVisual
AdjustRepPerson eliza_lovelace COOPERATIVE 1","Элиза тепло улыбается: ""Вы очень помогли мне. Я просто хочу отплатить тем же.""",dpl_jasp_leave:Спасибо. Тогда я пойду.,
dpl_jasp_askMacarioShipReady,PopulateOptions,"$id == macario score: 1000
$global.dpl_jasp_AskedPrototype
!$global.dpl_jasp_RecoveredAgent",,,dpl_jasp_macarioShipReady:Оставить сообщение о прототипе,
dpl_jaspMacarioShipReadyAnswer,DialogOptionSelected,$option == dpl_jasp_macarioShipReady,"$global.dpl_jasp_RecoveredAgent = true
BeginConversation macario","Перед вами появляется Долос Макарио Паук Синдрии. Он выглядит весьма удивленным.

""Капитан..."" приветствует он вас явно подбирая слова. ""Вы... Хм. Какой впечатляющий прототип корабля. Признаться я не ожидал что вы вернетесь так быстро.""","dpl_jasp_macarioShipReady2:Сказать ему проверить журнал внутри прототипа
dpl_jasp_MacarioShipReadyAD1:Эй Макарио. Зацени ЭТО!",
dpl_jaspMacarioShipReadyAD1,DialogOptionSelected,$option == dpl_jasp_MacarioShipReadyAD1,AdjustRepActivePerson VENGEFUL -3,"Макарио прищуривается и несколько секунд смотрит прямо на вас в холодном молчании прежде чем ответить. ""Да-да, ты крут, мы поняли."" Он усмехается и сразу переходит к делу.

Похоже ваш маленький жест действительно задел его самолюбие. Но затем будто осознав что такая реакция ему не к лицу он успокаивается и раздраженно вздыхает.

""Можете оставить корабль себе капитан. С ним больше хлопот чем пользы. Лучше пусть остается у вас.""

После короткой паузы он смеется: ""Честно говоря я удивлен что они модифицировали этот корабль с таким уровнем секретности, понимаете?"" Он хмыкает. ""Правда. Приятно знать что где-то еще остались компетентные люди."" Он говорит насмешливо имея в виду свое повседневное окружение но в голосе слышится слабое предвкушение как будто он нашел достойного соперника. ""Каждая единица оборудования на этом корабле произведена на разных планетарных заводах или орбитальных Нанокузницах, затем отправлена на другие верфи для установки. И каждый этап модификации делался на другой верфи при этом у команды был доступ только к одному отсеку оборудования. Так что никто, включая рабочих, не понимал что именно они строят в целом.""

Он делает паузу широко раскрывает глаза затем успокаивается и продолжает: ""И все же они закончили это всего за один месяц. Я бы сам не поверил если бы не увидел своими глазами. На этот корабль даже не выпущен чертеж но я уверен что наши инженеры смогут сделать его по ""пустому"" журналу данных корабля.

Должен признать ваш ""друг"" из Фазовой Лаборатории весьма... выдающаяся личность.

В любом случае можете проверить что вам нужно журналы и прочее. Сейчас там должно быть пусто.""",dpl_jasp_macarioShipReady3:Спросить его об агенте,
dpl_jaspMacarioShipReadyAnswer2,DialogOptionSelected,$option == dpl_jasp_macarioShipReady2,,"Он приказал группе инженеров извлечь журнал а затем удалил запись. ""Что ж капитан скажем так ваш друг из Фазовой Лаборатории наверняка будет очень недоволен если я отберу у вас прототип, так что оставляйте его себе. А Lion Anthem какое патриотичное имя. Пусть это будет название данного класса кораблей.""

После короткой паузы он смеется: ""Честно говоря я удивлен что они модифицировали этот корабль с таким уровнем секретности, понимаете?"" Он хмыкает. ""Правда. Приятно знать что где-то еще остались компетентные люди."" Он говорит насмешливо имея в виду свое повседневное окружение но в голосе слышится слабое предвкушение как будто он нашел достойного соперника. ""Каждая единица оборудования на этом корабле произведена на разных планетарных заводах или орбитальных Нанокузницах, затем отправлена на другие верфи для установки. И каждый этап модификации делался на другой верфи при этом у команды был доступ только к одному отсеку оборудования. Так что никто, включая рабочих, не понимал что именно они строят в целом.""

Он делает паузу широко раскрывает глаза затем успокаивается и продолжает: ""И все же они закончили это всего за один месяц. Я бы сам не поверил если бы не увидел своими глазами. На этот корабль даже не выпущен чертеж но я уверен что наши инженеры смогут сделать его по ""пустому"" журналу данных корабля.

Должен признать ваш ""друг"" из Фазовой Лаборатории весьма... выдающаяся личность.

В любом случае можете проверить что вам нужно журналы и прочее. Сейчас там должно быть пусто.""",dpl_jasp_macarioShipReady3:Спросить его об агенте,
dpl_jaspMacarioShipReadyAnswer3,DialogOptionSelected,$option == dpl_jasp_macarioShipReady3,"dpl_jasp_CMD diktatLearnAnthem
AddTextSmall ""Агент возвращен"" highlight","Он улыбается: ""Что ж капитан загляните на парковку шаттлов должен быть человек который вас ждет. Не заставляйте его ждать долго."" На площадке посадки шаттлов вашего флагмана вы замечаете спаскапсулу. Из нее выходит человек. Вы проверяете его ID и это действительно агент.

Макарио задумчиво проводит рукой по подбородку явно заинтригованный вами: ""У вас действительно впечатляющая сеть контактов капитан. Вам не кажется что все складывается слишком удачно? Дам совет: игрок который постоянно делает крупные ходы либо слишком наивен либо слишком хорошо скрывает свои карты. Думаю вы поняли о чем я и не будем тратить время. Теперь можете идти.""",dpl_jasp_leave:Уйти,
dpl_jasp_completeOpen,PopulateOptions,"$id == eliza_lovelace
$global.dpl_jasp_RecoveredAgent 
!$global.dpl_jasp_completed",SetOptionColor dpl_jasp_complete buttonShortcut,,dpl_jasp_complete:Я вернулся(лась) с вашим агентом.,
dpl_jasp_complete,DialogOptionSelected,$option == dpl_jasp_complete,"$global.dpl_jasp_completed = true
$global.dpl_jasp_Completed = true
unset $global.dpl_jaspStarted","Элиза в восторге: ""Спасибо капитан $playerName! Это еще один агент которого мы вычеркнули из списка. Хотя мы получили любопытный медосмотр где сказано что наш агент впадает в панику каждый раз когда видит лобстера. Но он жив и... в целом в порядке.""

Элиза кашляет чтобы не углубляться в тему затем снова улыбается. ""Вы проделали отличную работу капитан. Я хотела бы снова попросить вас о сотрудничестве в недалеком будущем!""","dpl_jasp_finalAsk:Ты тоже много работала.
dpl_jasp_leave:Пожалуйста. До следующей встречи.",
dpl_jasp_completeAsk,DialogOptionSelected,$option == dpl_jasp_finalAsk,"ShowPersonVisual
AdjustRepPerson eliza_lovelace COOPERATIVE 1","""Спасибо капитан $playerName что вам не все равно как я себя чувствую. Я правда устала но это хорошая усталость."" Элиза улыбается: ""Вы необыкновенный человек. Без вас все эти чудеса просто не случились бы. Мне все интереснее видеть какие перемены вы принесете в этот сектор. Продолжайте в том же духе капитан!""",dpl_jasp_leave:Отлично. Тогда до встречи.,
dpl_jasp_leave,DialogOptionSelected,$option == dpl_jasp_leave,"ShowDefaultVisual
EndConversation",,,
,,,,,,
#Dancing With Sharks,,,,,,
dpl_swtsBlurb,dpl_swts_blurb,$id == eliza_lovelace,,"""У меня есть особая миссия которая требует отправиться в Персеанскую Лигу. Лучше всего если вы сможете выйти на связь с влиятельными Генсами Лиги. Если вам интересно я расскажу подробнее.""",,
dpl_swtsOption,dpl_swts_option,$id == eliza_lovelace,SetOptionColor dpl_swts_start buttonShortcut,,dpl_swts_start:Спросить об особой миссии в Лиге,
dpl_swtsOfferTextContact,DialogOptionSelected,$option == dpl_swts_start,"$missionId = dpl_swts
Highlight $dpl_swts_systemName $dpl_swts_dist $dpl_swts_reward","""Как вы знаете десять лет назад я отправила нескольких агентов на разные планеты миров ядра. Одного вы спасли в прошлый раз и теперь речь о следующем."" $heOrShe объясняет. ""Этот агент находится в Казероне и к сожалению это все что нам известно. Да знаю это уже становится повторяющейся проблемой. В любом случае наши отношения с Персеанской Лигой идут по очень тонкой грани и ради мира в секторе я не могу допустить действий которые могут повредить дипломатическим связям с ними.""

""Отправляйтесь в систему $dpl_swts_systemName на расстоянии $dpl_swts_dist световых лет отсюда. Найдите там зацепки. Я назначила выплату в $dpl_swts_reward кредитов.""","dpl_swts_begin:Принять
contact_decline:Отклонить",
dpl_swtsAcceptContact,DialogOptionSelected,$option == dpl_swts_begin,$global.dpl_swtsStarted = true,"Элиза улыбается: ""Отлично! Буду ждать хороших новостей!""",contact_accept:Уйти,
dpl_swtsAskYaribay,PopulateOptions,"$id == horus_yaribay score:1000
!$global.dpl_swtsAsked
!$global.dpl_swts_completed
$global.dpl_swtsStarted",,,dpl_swts_ask:Спросить Ярибая об агенте Фазовой Лаборатории,
dpl_swtsYaribayAnswer,DialogOptionSelected,$option == dpl_swts_ask,"ShowPersonVisual
$global.dpl_swtsAsked = true","""Вы про того агента? Почему именно я? И что мне теперь делать."" Вы видите как он бледнеет.

Он глубоко вдыхает но под давлением быстро принимает вид ""ладно вы победили"": ""Хорошо капитан. Просто знайте что если бы вы спросили любого другого Генса вам скорее всего вообще не ответили бы. Но поймите что вы ставите меня в неудобное положение и все что я могу сказать это то что я этого агента не видел.""",dpl_swts_continue:Успокойся. Чего ты так боишься? Я тебя не съем.,
dpl_swtsYaribayAnswer2,DialogOptionSelected,$option == dpl_swts_continue,,"""Не делайте вид что ничего не знаете. Мы оба понимаем кто вас сюда прислал и меня удивляет что вы на нее работаете. Вы вообще понимаете что плаваете среди акул?""",dpl_swts_continue2:Ты про вице-адмирала Лавлейс? Она классная.,
dpl_swtsYaribayAnswer3,DialogOptionSelected,$option == dpl_swts_continue2,,"Он смотрит на вас взглядом ""о чем вы вообще думали"" и спрашивает: ""Вы не знаете что случилось десять лет назад? Я не понимаю вашего отношения к ней.""","dpl_swts_continue3:На самом деле не знаю. Разве Персеанская Лига тогда не подписала договор о дружбе?
dpl_swts_continue4:Я знаю что ваша армада отступила. Давай сразу к сути.",
dpl_swtsYaribayAnswer4,DialogOptionSelected,$option == dpl_swts_continue3,,"Он тихо смеется: ""Как говорится невежество блаженно. Или может внешние люди просто не интересуются историей Лиги. Кратко: десять лет назад Лига отправила огромную объединенную армаду чтобы захватить Фазовую Лабораторию которую тогда считали беззаконной группой а не независимой силой. Лучшие силы Персеанской Лиги. И все же та леди повела флот из одного линкора и семи эсминцев и за один бой испарила четверть нашей армады. В тот момент Лига отчаянно пыталась собрать силы но из-за хаоса все было полностью дезорганизовано.""

Он глубоко вдыхает: ""Знаете что произошло в эту минуту растерянности? Можно было ожидать что она воспользуется ситуацией и нанесет еще больший урон но к нашему удивлению она отступила.""",dpl_swts_continue4:Что было дальше?,
dpl_swtsYaribayAnswer5,DialogOptionSelected,$option == dpl_swts_continue4,,"""После поражения Персеанской Лиги они попытались отправить делегацию на переговоры с Фазовой Лабораторией. Среди дипломатов был один из моих старших который лично говорил с Элизой Лавлейс. И по его словам она оказалась достойным уважения и крайне идеалистичным командиром. Тот разговор завоевал их искреннее уважение.""",dpl_swts_continue5:То есть ваши Генсы знают ее лично?,
dpl_swtsYaribayAnswer6,DialogOptionSelected,$option == dpl_swts_continue5,,"""Мы были готовы к худшему исходу если переговоры провалятся. Честно говоря Лига ждала именно этого. Но вопреки ожиданиям вместо идеи добить силы Лиги в самый уязвимый момент она встретила нас с распростертыми объятиями и сама организовала встречу.""

Он прочищает горло: ""На встрече она ясно дала понять что Фазовая Лаборатория не заинтересована в ""лишней вражде"" и предпочитает дружеские отношения. Лигу же беспокоила их связь с Гегемонией. Мы боялись что Фазовая Лаборатория разрушит статус-кво и покончит с Лигой. Потому что как вы знаете Фазовая Лаборатория заявляет что принадлежит Доминиону и действует по его протоколам.""",dpl_swts_continue6:Но она не присоединилась к Гегемонии.,
dpl_swtsYaribayAnswer7,DialogOptionSelected,$option == dpl_swts_continue6,,"""Верно. В конце концов нет реальных доказательств что Гегемония законные наследники Доминиона. И даже если бы это было так зная вице-адмирала она бы направила оружие и против Гегемонии если бы та угрожала невинным. Но тогда мы ее не знали.""

Он пожимает плечами и тихо вздыхает: ""Жаль. Лига пыталась склонить ее к союзу с нами рассказывая о злодеяниях Гегемонии в системе Майясура. Но полагаю это было слишком многого просить особенно учитывая что первыми напали именно мы.""",dpl_swts_continue7:И к какому итогу вы пришли?,
dpl_swtsYaribayAnswer8,DialogOptionSelected,$option == dpl_swts_continue7,,"""Вот это самое удивительное. Переговоры не просто прошли гладко - вице-адмирал Лавлейс подарила Лиге некоторые товары [REDACTED]. Опасные засекреченные супероружия которые Лига не могла даже приблизительно воспроизвести... Представляете? Враг который только что нанес вам унизительное поражение вдруг передает вам оружие не имеющее аналогов. Тогда она назвала это обычным ""этикетом"" который следует проявить к Лиге как к независимой растущей силе - как подарки при визите в чужой дом. Но Лига так и не поняла было ли это искренним жестом или издевкой высшего уровня.""

Затем на мгновение у него появляется слегка жадная улыбка: ""Само собой Лига приняла эти подарки. Мы до сих пор помним тот контейнер полный товара [REDACTED]. Для Фазовой Лаборатории эти вещи не имели ценности а для моих старших стали чем-то вроде семейной реликвии.""","dpl_swts_continue8:Я думал Фазовая Лаборатория торгует только чаем.
dpl_swts_continue9:Похоже это был очень сильный политический ход.",
dpl_swtsYaribayAnswer9,DialogOptionSelected,$option == dpl_swts_continue8,AdjustRepActivePerson VENGEFUL -1,"""Отнеситесь к этому чуть серьезнее хорошо? Ха... Неважно. Я почти закончил эту историю.""",dpl_swts_continue9:Ладно. Что было дальше?,
dpl_swtsYaribayAnswer10,DialogOptionSelected,$option == dpl_swts_continue9,,"Он улыбается: ""Чтобы укрепить новые отношения Лига подарила Фазовой Лаборатории ракету Gorgon DEM. А вице-адмирал Лавлейс предложила обмен: Фазовая Лаборатория передает нам технологию gamma blaster и проект фрегата Bugle в обмен на нашу ракету Dragonfire DEM. Мы согласились и все сложилось хорошо. Признаю вице-адмирал Лавлейс щедра и эта технологическая сделка сильно нам помогла.""",dpl_swts_continue10:Ты хорошо отзываешься об Элизе. Тогда почему боишься ее как мафиозного босса?,
dpl_swtsYaribayAnswer11,DialogOptionSelected,$option == dpl_swts_continue10,,"Он вздыхает: ""Потому что с тех пор у нас почти не было с ней прямых контактов. Да Лига и Фазовая Лаборатория торгуют но мы не понимаем как она мыслит. Снаружи она выглядит идеальным лидером и доброжелательным гуманистом. Но до сих пор многие Генсы думают иначе. И честно говоря у меня тоже есть сомнения. Она слишком ""добрая"" чтобы это было правдой. Монстр который крошечным флотом разгромил величайшую армаду Лиги а затем надел маску ангела. Понимаете почему она теперь страшилка Персеанской Лиги? Последнее чего мы хотим это разозлить ее. А теперь представьте утечку что один из ее важных агентов был заперт - и это сделала одна из семей Генсов да еще на ДЕСЯТЬ лет! Если кто-то просто вернет агента это будет как сказать нашей вице-адмиралу: ""Привет это я держал вашего агента десять лет и как-то забыл об этом"". Понимаете? Никто не хочет ее злить потому что если она захочет то небольших изменений в политике хватит чтобы все посыпалось особенно для Генсов которые вызвали ее гнев.""",dpl_swts_continue11:И я предлагаю тебе шанс передать эту бомбу замедленного действия анонимно.,
dpl_swtsYaribayAnswer12,DialogOptionSelected,$option == dpl_swts_continue11,,"Он качает головой: ""Но я не могу. Не думайте что это я держу вашего агента. Как я и сказал мое положение шаткое. Я не могу раскрывать детали но мне нужен рычаг давления. Я лишь один из многих Генсов и не могу рисковать своей властью обвиняя другого или провоцируя конфликт с другими Генсами. Чтобы вернуть вашего агента нам нужно что-то что удовлетворит их жадность. Что-то что может дать только Фазовая Лаборатория. До тех пор мне жаль - у меня связаны руки.""",dpl_swts_leave:Хорошо. Я посмотрю что можно сделать.,
dpl_swts_askEliza,PopulateOptions,"$id == eliza_lovelace score: 1000
$global.dpl_swtsAsked
!$global.dpl_swtsAskedEliza",SetOptionColor dpl_swts_askEliza buttonShortcut,,"dpl_swts_askEliza1:Спросить Элизу об опасном засекреченном оружии
dpl_swts_askEliza2:Спросить Элизу о вооружении которое может заинтересовать Лигу
dpl_swts_askEliza3:Спросить Элизу о кораблях которые могут заинтересовать Лигу",
dpl_swtsElizaAnswer1,DialogOptionSelected,$option == dpl_swts_askEliza1,"ShowPersonVisual
$global.dpl_swtsAskedEliza = true","Элиза становится серьезной: ""Нет. Как лидер Фазовой Лаборатории я не могу раскрывать информацию о засекреченном и крайне опасном образце. Даже друзьям. И я не позволю даже рассматривать вариант его передачи наружу. Но вы спрашиваете по чьей-то просьбе верно? Простите что ставлю вас в такую ситуацию но я верю что вы найдете выход.""","dpl_swts_askEliza2:Спросить Элизу о вооружении которое может заинтересовать Лигу
dpl_swts_askEliza3A:Спросить Элизу о кораблях которые могут заинтересовать Лигу",
dpl_swtsElizaAnswer2,DialogOptionSelected,$option == dpl_swts_askEliza2,"ShowPersonVisual
$global.dpl_swtsAskedEliza = true","Когда вы объясняете ситуацию Элиза улыбается: ""Именно этого я и ожидала. Хорошо. Я уже организовала проект по разработке нового оружия которое сочетает нашу технологию gamma ray blaster и идею DEM. Назначенная мной команда совершила прорыв в поиске материала для хранения высококонцентрированных электронов и другого материала для хранения высококонцентрированных позитронов так что мы можем сделать DEM стреляющий гамма-лучами. Получившееся оружие мы назвали Siren - забавное название сочетающее музыкальный мотив и легендарное имя Gorgon.""

Она делает глоток чая и продолжает: ""Siren уже на рынке и Персеанская Лига наш крупнейший покупатель. Теперь я думаю о классе противокапитального бомбардировщика который можно выпускать на заводах Лиги. Разве Heron не выглядел бы прекрасно с собственными бомберами? У меня уже есть зрелый проект под названием Choir. Он не требует сложных технологий в производстве и использует Siren как вооружение.""

Элиза улыбается: ""Все идет отлично и я с радостью передам чертеж Лиге. Мне как раз нужен был кто-то кто продаст это за меня. А если это заодно вернет моего агента то мы убьем двух птиц одним камнем.""",dpl_swts_askEliza5:Тебе стоит открыть компанию. Уверен ты справишься лучше Tri-Tachyon.,
dpl_swtsElizaAnswer3,DialogOptionSelected,$option == dpl_swts_askEliza3,"ShowPersonVisual
$global.dpl_swtsAskedEliza = true","Элиза немного думает и отвечает: ""Не вижу какие корабли мы можем им предложить. Видите ли Персеанская Лига в основном делает ставку на ракеты и истребители. Я встречалась с ними в боях и знаю как они воюют. А мы с другой стороны в основном используем энергетическое оружие.""

Она делает глоток чая и продолжает: ""Энергия хорошо сочетается с принципами фазового пространства поэтому большинство наших вооружений энергетические. Почти все наши корабли крупнее фрегата оснащены только чисто энергетическими слотами и я не вижу как такие корпуса могут заинтересовать Персеанскую Лигу.""","dpl_swts_askEliza4:Спросить Элизу об опасном оружии
dpl_swts_askEliza2:Спросить Элизу о вооружении которое может заинтересовать Лигу",
dpl_swtsElizaAnswer3A,DialogOptionSelected,$option == dpl_swts_askEliza3A,"ShowPersonVisual
$global.dpl_swtsAskedEliza = true","Элиза немного думает и отвечает: ""Не вижу какие корабли мы можем им предложить. Видите ли Персеанская Лига в основном использует ракеты и истребители. Я встречалась с ними в боях и знаю как они воюют. А мы с другой стороны в основном используем энергетическое оружие.""

Она делает глоток чая и продолжает: ""Энергия хорошо сочетается с принципами фазового пространства поэтому большинство наших вооружений энергетические. Почти все наши корабли крупнее фрегата оснащены только чисто энергетическими слотами и я не вижу как такие корпуса могут заинтересовать Персеанскую Лигу.""",dpl_swts_askEliza2:Спросить Элизу о вооружении которое может заинтересовать Лигу,
dpl_swtsElizaAnswer4,DialogOptionSelected,$option == dpl_swts_askEliza4,ShowPersonVisual,"Элиза становится серьезной: ""Нет. Как лидер Фазовой Лаборатории я не могу раскрывать информацию о засекреченном и крайне опасном образце. Даже друзьям. И я не позволю даже рассматривать вариант его передачи наружу. Но вы спрашиваете по чьей-то просьбе верно? Простите что ставлю вас в такую ситуацию но я верю что вы найдете выход.""",dpl_swts_askEliza2:Спросить Элизу о вооружении которое может заинтересовать Лигу,
dpl_swtsElizaAnswer5,DialogOptionSelected,$option == dpl_swts_askEliza5,ShowPersonVisual,"Элиза смеется: ""Хорошая шутка капитан $playerName. А теперь кого именно в Персеанской Лиге вы считаете достаточно надежным для сотрудничества?""","dpl_swts_askEliza6:Хорус Ярибай. У него выдающиеся дипломатические навыки и острый ум.
dpl_swts_askEliza7:А как насчет меня?",
dpl_swtsElizaAnswer6,DialogOptionSelected,$option == dpl_swts_askEliza6,"ShowPersonVisual
AddTextSmall ""Электронные документы получены"" highlight","Элиза на мгновение задумывается смотрит в потолок и будто перебирает старые воспоминания. Она вздыхает. ""Семья Ярибай. Я их помню. Они действительно блестящие дипломаты. Мне нравится их дух и открытое мышление. Я искренне уважаю их и немного жалею что наш долг и наши доктрины помешали нам объединиться с ними и Лигой. Я рада что вы подтвердили мои мысли. Я подготовлю документ с моим разрешением на использование чертежа Choir. Передайте его Лиге и постарайтесь заключить хорошую сделку.""","dpl_swts_leave:Отлично. Тогда я пойду.
dpl_swts_askEliza8:И еще Элиза. Ярибай сказал что он и его старшие искренне тебя уважают.",
dpl_swtsElizaAnswer7,DialogOptionSelected,$option == dpl_swts_askEliza7,ShowPersonVisual,"Элиза смеется: ""Мне нравится ваш юмор капитан $playerName. Но пожалуйста я спрашиваю ваше мнение а не шутку. Вы пока даже не Генс Персеанской Лиги а мне нужен человек способный вести этот бизнес с истребителями.""",dpl_swts_askEliza6:Хорус Ярибай. У него выдающиеся дипломатические навыки и острый ум.,
dpl_swtsElizaAnswer8,DialogOptionSelected,$option == dpl_swts_askEliza8,"ShowPersonVisual
AdjustRepPerson eliza_lovelace COOPERATIVE 3","""...Спасибо капитан $playerName. Я рада что они тоже помнят меня в хорошем свете.""",dpl_swts_leave:Уйти,
dpl_swtsAskYaribayFighter,PopulateOptions,"$id == horus_yaribay score:1000
!$global.dpl_swtsAskedFighter
$global.dpl_swtsAskedEliza",,,dpl_swts_askFighter:Я вернулся(лась) с твоим рычагом.,
dpl_swtsYaribayAnswerFighter,DialogOptionSelected,$option == dpl_swts_askFighter,"ShowPersonVisual
$global.dpl_swtsAskedFighter = true
Highlight ""a week""
$global.dpl_swts_preparingAgent = true 7
AddTextSmall ""Электронные документы переданы"" highlight
dpl_swts_CMD leagueLearnChoir","Он бросает взгляд на документы и его брови постепенно поднимаются от удивления: ""Противокапитальный истребитель который можно массово производить на наших мощностях в Казероне и который использует DEM-ракеты к которым мы привыкли? Другие Генсы точно заинтересуются этим проектом.""

Потом он выглядит еще более удивленным: ""И Фазовая Лаборатория даже официально расширяет авторизацию на распространение этого чертежа... Это вообще реально? Очень хорошо. Этого более чем достаточно чтобы договориться об освобождении вашего агента."" Он усмехается: ""Возможно я даже получу пару услуг в ответ... Отлично. Вы действительно оказали мне большую помощь. Через неделю агент будет у вас.""","dpl_swts_askFighter2:И еще. Вице-адмирал Лавлейс просила передать что она искренне уважает семью Ярибай.
dpl_swts_leave:Хорошо. Тогда увидимся через неделю.",
dpl_swtsYaribayAnswerFighter2,DialogOptionSelected,$option == dpl_swts_askFighter2,"AdjustRepActivePerson COOPERATIVE 5
ShowPersonVisual","""Вот как."" Несмотря на сухую подачу искренне радостное выражение лица выдает его настоящий тон.",dpl_swts_leave:Уйти,
dpl_swts_AgentReady,PopulateOptions,"$id == horus_yaribay score: 1000
!$global.dpl_swts_preparingAgent
!$global.dpl_swts_RecoveredAgent
$global.dpl_swtsAskedFighter",,,dpl_swts_askAgentReady:Спросить Ярибая об агенте,
dpl_swts_AgentReady2,DialogOptionSelected,$option == dpl_swts_askAgentReady,"ShowPersonVisual
$global.dpl_swts_RecoveredAgent= true
AddTextSmall ""Агент возвращен"" highlight
unset $global.dpl_swts_preparingAgent
AddCommodity credits 50000","Он улыбается: ""Да я нашел агента. Мне потребовалось немало усилий чтобы убедить других Генсов что этот агент не шпион Гегемонии. Его код IFF батлгруппы XIV создал много проблем.""

""Тем не менее ваш агент здесь. Не заставляйте нашего общего друга ждать слишком долго.""",dpl_swts_leave:Тогда я пойду.,
dpl_swts_completeOpen,PopulateOptions,"$id == eliza_lovelace
$global.dpl_swts_RecoveredAgent 
!$global.dpl_swts_completed",SetOptionColor dpl_swts_complete buttonShortcut,,"dpl_swts_complete:Я вернулся(лась) с вашим агентом.
dpl_swts_completeSide:О чем ты думала когда отправляла агента в Лигу с кодом IFF батлгруппы XIV?",
dpl_swts_completeSide,DialogOptionSelected,$option == dpl_swts_completeSide,,"Элиза улыбается с легкой неловкостью: ""Когда мы прибыли в сектор я думала что люди будут любить и уважать батлгруппу XIV. Реальное положение дел мы узнали тяжелым способом. К тому моменту мой агент уже потерял связь. В любом случае у вас есть хорошие новости для меня?""",dpl_swts_complete:Я вернулся(лась) с вашим агентом.,
dpl_swts_complete,DialogOptionSelected,$option == dpl_swts_complete,"$global.dpl_swts_completed = true
$global.dpl_swts_Completed = true
unset $global.dpl_swtsStarted","Элиза выглядит счастливее обычного: ""Спасибо капитан $playerName! Это еще один агент которого мы вычеркнули из списка. Нам стоит и дальше сотрудничать!""","dpl_swts_finalAsk:Элиза почему ты так заботишься о Лиге?
dpl_swts_leave:Пожалуйста. До следующей встречи.",
dpl_swts_completeAsk,DialogOptionSelected,$option == dpl_swts_finalAsk,"ShowPersonVisual
AdjustRepPerson eliza_lovelace COOPERATIVE 1","Элиза улыбается: ""У меня есть несколько причин. Первая и самая логичная: отношения с Лигой выгодны Фазовой Лаборатории. Мы можем получать финансирование исследований продавая больше Siren Лиге пока они массово производят истребитель Choir. Да они могут выпускать ограниченное число машин по своему дизайну но в этом секторе никто не сравнится с нашей эффективностью в генерации электронов и позитронов а значит рынок для нас будет всегда. Передавая им авторизацию на чертеж Choir мы освобождаем много слотов Нанокузницы для более высококлассной продукции которая приносит значительно больше прибыли чем производство и продажа Choir.""

Она прочищает горло и мягко улыбается: ""Во-вторых я правда считаю что хорошая дипломатия держится на честности и взаимной выгоде. Я играю в долгую. Но если честно капитан именно вы стали катализатором этих изменений. Без вас мои планы воплотились бы куда позже. Мне очень интересно увидеть ваши будущие легенды так что продолжайте в том же духе капитан!""",dpl_swts_leave:Отлично. Тогда до встречи.,
dpl_swtsLeave,DialogOptionSelected,$option == dpl_swts_leave,"ShowDefaultVisual
EndConversation",,,
,,,,,,
#Light Meets Dark,,,,,,
dpl_lmtdBlurb,dpl_lmtd_blurb,$id == eliza_lovelace,,"""У меня есть особая миссия с крайне высоким уровнем секретности и мне нужен человек которому можно доверять. Если вам интересно я расскажу подробнее.""",,
dpl_lmtdOption,dpl_lmtd_option,$id == eliza_lovelace,SetOptionColor dpl_lmtd_start buttonShortcut,,dpl_lmtd_start:Спросить о засекреченной особой миссии,
dpl_lmtdOfferTextContact,DialogOptionSelected,$option == dpl_lmtd_start,"$missionId = dpl_lmtd
Highlight ""Kanta's Den"" $dpl_lmtd_systemName $dpl_lmtd_dist $dpl_lmtd_reward","""Как вы знаете десять лет назад я отправила нескольких агентов на разные планеты миров ядра. В этот раз мы идем к пиратам. И в этот раз мы точно знаем где они. Хотя это не выглядит как удачная находка - скорее они намеренно позволили нам узнать их местоположение. Это может быть ловушка но риск меня не останавливает. Наш агент находится в Kantas Den, станции в системе $dpl_lmtd_systemName на расстоянии $dpl_lmtd_dist световых лет отсюда. Соответственно я назначила выплату в $dpl_lmtd_reward кредитов. Подробности я сообщу если вы примете задание. Но вы должны понимать что все что вы увидите должно остаться в тайне.""","dpl_lmtd_begin:Принять
contact_decline:Отклонить",
dpl_lmtdAcceptContact,DialogOptionSelected,$option == dpl_lmtd_begin,"$global.dpl_lmtdStarted = true
AddTextSmall ""Сверхсекретная капсула установлена"" highlight","Элиза смотрит вам прямо в глаза. Чувствуется напряжение. ""Слушайте $playerName. Я установлю на ваш корабль капсулу высшей секретности. Это критично для миссии. Никто не должен знать где именно она установлена включая вас. Вы не должны никому говорить о существовании этой капсулы и обязаны не допускать осмотра корабля инженерами техниками или кем-либо еще и не позволять никому уходить в боковые секции чтобы ее не нашли. Ни при каких обстоятельствах вы не должны допустить уничтожения капсулы.""

Затем она подходит к вешалке в кабинете и надевает адмиральскую форму в которой вы не привыкли ее видеть: ""И я поднимусь на ваш корабль и буду находиться только с вами в командном отсеке. Никто не должен знать что я на борту. Как я уже говорила этот агент владеет жизненно важной информацией: офицер логистики Флота Доминиона все еще жива.""

Она встает рядом с вами и в новой форме выглядит гораздо внушительнее. Но в голосе нет торжественного пафоса адмирала - скорее в нем слышится печаль: ""Полковник Джориен Канта. Я решила лично навестить ее. Ваша миссия - доставить меня вместе с этой капсулой. Вы понимаете капитан?""",contact_accept:Есть сэр!,
dpl_ElizalmtdLeave,PickGreeting,"$id == eliza_lovelace
$global.dpl_lmtdStarted
!$global.dpl_lmtdRecoveredAgent
!$global.dpl_lmtd_completed",ShowImageVisual city_from_above,"На ваш запрос связи пришел автоматический ответ: ""Добро пожаловать капитан $playerName. Вице-адмирал Элиза Лавлейс сейчас недоступна."" Но вы все равно берете шаттл и летите к ее кабинету.

Кабинет директора Фазовой Лаборатории находится на вершине самой высокой башни колонии. После 30 минут ожидания и разглядывания таблички ""On Leave"" вы почти засыпаете. Зато вид на весь город сверху впечатляет. Наконец вас кто-то приветствует.

""Здравствуйте спейсер"" бодро произносит молодой кадет. ""Директор сейчас отсутствует. Возможно она на станции в космолабораториях или где-то еще. Боюсь вам придется зайти в другой раз если у вас дела к директору но можете остаться здесь если хотите. Вице-адмирал Лавлейс настолько добра что открыла смотровую площадку перед своим кабинетом для всех. Здесь тихо можно посидеть и отдохнуть.""",cutCommLink:Уйти,
dpl_lmtdKDVisitOption,PopulateOptions,"$id == kantas_den
$menuState == main
$global.dpl_lmtdStarted
!$global.dpl_lmtdRecoveredAgent",SetOptionColor dpl_lmtd_requestMeetKanta buttonShortcut,,dpl_lmtd_requestMeetKanta:Запросить особую встречу с Кантой.,
dpl_lmtdkdKantaGreeting,DialogOptionSelected,"$option == dpl_lmtd_requestMeetKanta
$global.dpl_lmtdStarted
!$global.dpl_lmtdRecoveredAgent",BeginConversation POST:stationCommander,"Ваш запрос минуту крутится по сети а затем уходит на неизвестный канал.

Видеопоток оживает с рябью и искажениями звука пока ваш датапад подстраивается под устаревшие протоколы связи.

""Ты?"" рычит $personName. Элиза стоит в углу избегая камеры. Она тихо шепчет вам сказать: ""Капитан ЭЛ передаёт привет."" Вы так и делаете.

""А."" Манера $hisOrHer резко меняется и враждебность в голосе падает на несколько уровней. ""Ты никто важный. Но гостя ты привел. По приказу Канты я уже подготовил шаттл. Спускайтесь лично только наш гость и ты. Без глупостей.""",dpl_lmtd_meetKanta:Сесть в шаттл.,
dpl_lmtdkdLandingFirstTime,DialogOptionSelected,$option == dpl_lmtd_meetKanta,"EndConversation DO_NOT_FIRE
ShowDefaultVisual","Вы выходите из шаттла вместе с Элизой. Пиратский лейтенант, встречающий вас, стоит с закрытыми глазами и молча ждёт ваших слов. Вы говорите ему: ""Капитан ЭЛ передаёт привет."" Он кивает и отправляет сигнал. К посадочной площадке подходит другой станционный шаттл: ""Канта не хочет, чтобы кто-то видел этого капитана ЭЛ. Садитесь в станционный шаттл — он доставит вас к Канте.""",dpl_lmtd_meetKanta2:Сесть в станционный шаттл.,
dpl_lmtdkdKantaFirstIntro,DialogOptionSelected,$option == dpl_lmtd_meetKanta2,"BeginConversation kanta false true
$player.metKanta = true","Шаттл останавливается. Вы с Элизой выходите наружу. За вами закрывается огромная взрывная дверь увешанная багровыми знаменами с черепами. Это небольшой стальной бункер вмещающий лишь два шаттла. Помещение заливается красным светом и вы видите шипящую гудящую фигуру военачальника Джориен Канты - теперь в ней больше машины чем человека. Лицо словно маска. Видимая кожа сухая и жесткая как старые радиационные шрамы космических ветеранов.

С трона гремит синтезированный голос: ""Капитан Элиза Лавлейс. Это и правда ты.""

Голос делает паузу и продолжает: ""А ты охранник - подчинись Канте!""",dpl_lmtd_meetKanta3:Продолжить,
dpl_lmtdkdKantaFirstIntro2,DialogOptionSelected,$option == dpl_lmtd_meetKanta3,"ShowSecondPerson cydonia
$player.metCydonia = true
SetPersonHidden cydonia false","Перед ней сутулится странный маленький человек. На нем пародия на хирургический халат.

""Тебе лучше встать на колени"" шипит этот доктор.",dpl_lmtd_meetKanta4:Продолжить,
dpl_lmtdkdKantaFirstIntro3,DialogOptionSelected,$option == dpl_lmtd_meetKanta4,ShowThirdPerson eliza_lovelace,"""Тишина!"" голос Канты гремит по залу и разноголосица затихает как после ЭМИ-удара тахионного копья в упор. Элиза делает шаг вперед и говорит: ""Полковник Джориен Канта это и правда вы. Могу я попросить вас не вынуждать моего друга к таким действиям и попросить вашего подчиненного проявить манеры?""",dpl_lmtd_meetKanta5:Продолжить,
dpl_lmtdkdKantaFirstIntro4,DialogOptionSelected,$option == dpl_lmtd_meetKanta5,,"Синтетический смех Канты разносится по залу. Сидония пытается возразить на дерзость Элизы но крик Канты звучит как очередь выбрасываемых гильз автопушки: ""Тишина Сидония! А теперь как в старые времена капитан Лавлейс... Полковник Канта согласна поговорить с тобой. Никто не вмешивается.""",dpl_lmtd_meetKanta6:Продолжить,
dpl_lmtdkdKantaFirstIntro5,DialogOptionSelected,$option == dpl_lmtd_meetKanta6,,"""Прошло почти два века. Я думала что Доминион - и тем более департамент Лаборатории - давно исчез. Но вот ты стоишь передо мной."" Канта продолжает и пусть голос у нее искусственный вы чувствуете в нем тень настоящей теплоты: ""И надо признать этот поворот событий мне не так уж неприятен. Теперь объясни. Зачем ты пришла?""

Элиза выглядит растерянной не зная как относиться к человеку которого считала старым патриотом. Она вздыхает: ""Причина визита... Я должна отчитаться адмиралу Кали Молине или офицеру Флота Доминиона эквивалентного ранга. Это долг который возложил на меня вице-адмирал Васильев.""

Канта снова смеется и с потолка сыплется пыль: ""Глупая девчонка. Перед тобой нет офицера Доминиона. Жив только Военачальник.""

Лицо Элизы темнеет словно ей только что окончательно стало ясно какую позицию занять по отношению к этому человеку.

Канта продолжает: ""Проснись молодой вице-адмирал. Открой глаза пока у тебя еще есть эта привилегия. Зачем ты продолжаешь идти этим путем? Вечно плыть без цели искать того кого не найти и хранить верность тому чего больше нет? Я больше не полковник а ты не морской офицер. Кровожадный военачальник и мечтающий титан - вот кто стоит здесь.""",dpl_lmtd_meetKanta7:Продолжить,
dpl_lmtdkdKantaFirstIntro6,DialogOptionSelected,$option == dpl_lmtd_meetKanta7,,"""Что... Что заставило вас стать такой...?"" Элиза говорит тихим голосом.

""Хватит. Я ясно сказала с кем ты сейчас разговариваешь. Относись ко мне такой какая я есть а не такой какой ты хочешь меня видеть. И я не удивлена что ты настолько наивна чтобы отправить агента на станцию военачальника ожидая мирного исхода."" Тон Канты снова приобретает привычный машинный холод. ""Ты почти не изменилась. Итак что ты принесла военачальнику в обмен на своего агента?""

""Понимаю."" Элиза вздыхает на мгновение задумывается и принимает стойку адмирала: ""Триста тысяч кредитов.""",dpl_lmtd_meetKanta8:Продолжить,
dpl_lmtdkdKantaFirstIntro7,DialogOptionSelected,$option == dpl_lmtd_meetKanta8,"$global.dpl_lmtdRecoveredAgent = true
AddTextSmall ""Агент возвращен"" highlight","""Принято."" Канта издает зловещий синтетический смех будто все пошло именно по ее плану. ""Считай миссию успешной. Но Доминиона БОЛЬШЕ НЕТ. И на прощание дам совет. Пора тебе брать все в свои руки.""

Элиза вздыхает переводит кредиты и уже собирается уходить: ""И я надеюсь вы будете жить хорошо Военачальник Канта."" Она поворачивается спиной не глядя в сторону Канты и вы вдвоем покидаете ее покои. Вскоре к вам присоединяется агент Элизы.

Возвращаясь к шаттлу вы невольно ожидаете плотного огня держа передатчик связи с флотом у самого рта. Одного слова вашего приказа хватит чтобы на станции начался ад.

Однако военачальник держит слово и ничего не происходит. Вы ""наслаждаетесь"" безопасной дорогой обратно к флоту рядом с бессознательным седированным агентом и мрачной Элизой.",dpl_lmtd_meetKanta9:Вернуться к флоту,
dpl_lmtdkdKantaFirstIntro8,DialogOptionSelected,$option == dpl_lmtd_meetKanta9,"EndConversation DO_NOT_FIRE
ShowDefaultVisual","Вы снова в безопасности своего флота. Элиза естественно остается рядом с вами в командном отсеке флагмана. Она полностью молчит и очевидно не настроена разговаривать.

Вы решаете дать ей время и просто берете курс обратно к Research Site V. В конце концов миссия не завершена пока вы не вернулись безопасно.",dpl_lmtd_leave:Продолжить.,
dpl_ElizalmtdBack,PickGreeting,"$id == eliza_lovelace
$global.dpl_lmtdStarted
$global.dpl_lmtdRecoveredAgent
!$global.dpl_lmtd_completed","ShowPersonVisual
AddTextSmall ""Сверхсекретная капсула демонтирована"" highlight","На ваш запрос связи отвечает старший офицер Фазовой Лаборатории: ""Добро пожаловать! Вам разрешено использовать специальную зону стыковки. Пожалуйста уведите флот с текущего дока и стыкуйтесь в зоне 1."" Вы выполняете.

Элиза извиняется и говорит что ей нужно сначала вернуться в кабинет а вы можете подойти туда позже. Она незаметно покидает ваш корабль вместе с агентом.

Затем вы ненавязчиво советуете экипажу взять выходной в ближайшем баре без исключений. Когда флагман опустел на борт быстро поднялись дроны и начали что-то демонтировать из вашей спаскапсулы. Из командного отсека вы видите что это похоже на капсулу криосна. Дроны работают быстро и аккуратно не оставляя следов.

Когда все важное завершено вы решаете навестить Элизу в ее кабинете.

Элиза приветствует вас но лишь вяло машет рукой.","dpl_lmtd_ask1:Элиза ты в порядке?
dpl_lmtd_ask2:Элиза что между тобой и Кантой?
dpl_lmtd_ask3:Элиза что тебя тревожит?
dpl_lmtd_complete:Спросить о выплате (Уйти)",
dpl_lmtdComplete,DialogOptionSelected,$option == dpl_lmtd_complete,"$global.dpl_lmtd_completed = true
$global.dpl_lmtd_Completed = true
unset $global.dpl_lmtdStarted","Элиза вздыхает: ""Все будет оформлено. Простите что я сейчас не в настроении говорить капитан $playerName. Надеюсь увидимся в следующий раз.""",dpl_lmtd_leave:Уйти,
dpl_ElizalmtdAnswer1,DialogOptionSelected,$option == dpl_lmtd_ask1,,"Элиза смотрит в потолок и отстраненно отвечает: ""Да я в порядке.""","dpl_lmtd_ask2A:Элиза что между тобой и Кантой?
dpl_lmtd_ask3:Элиза что тебя тревожит?
dpl_lmtd_complete:Спросить о выплате (Уйти)",
dpl_ElizalmtdAnswer2,DialogOptionSelected,$option == dpl_lmtd_ask2,,"Элиза вздыхает: ""Это довольно длинная история. Если кратко до Коллапса я была капитаном в Фазовой Лаборатории а она была офицером логистики в батлгруппе XIV. Когда Фазовую Лабораторию вместе с батлгруппой XIV развернули в Персеанском секторе она как и другие логисты координировала флоты. Тогда я отвечала за лабораторный транспорт. Мы обе занимались логистикой это была довольно скучная работа. И именно поэтому мы иногда болтали - у нас была похожая служба.""

Элиза начинает заливать кипятком чайный пакетик и продолжает: ""Когда мы прибыли в точку сбора я попрощалась с ней потому что знала что после прохода через врата она уйдет на цикл. А дальше сами знаете что случилось - Коллапс. Весь транспортный флот Фазовой Лаборатории попал в аномалию которую мы называем ""Phase Tsunami"". В итоге мы оказались в пустоте внутри бездны Orion-Perseus. С тех пор связь потеряли.""",dpl_lmtd_ask2C:Но это было... два века назад. Как ты прожила так долго?,
dpl_ElizalmtdAnswer2C,DialogOptionSelected,$option == dpl_lmtd_ask2C,,"Элиза сцепляет пальцы и на мгновение думает какую часть информации нужно от вас скрыть. ""Эта информация засекречена статьями Флота Доминиона так что боюсь я не могу об этом рассказать. Но как другу могу рассказать несекретную часть. Вице-адмирал Васильев повысил меня чтобы я возглавила Фазовую Лабораторию и командовала транспортным флотом Фазовой Лаборатории в период ""чрезвычайного режима"". Мой долг не завершится пока не закончится ""чрезвычайный режим"" и пока я не отчитаюсь адмиралу Кали Молине или офицеру эквивалентного ранга.""

Она горько улыбается: ""Как шахтеру для работы нужна буровая установка так и мне для выполнения долга нужно командовать Фазовой Лабораторией. Можно сказать именно поэтому я и смогла так долго ""жить"".""","dpl_lmtd_ask1A:Элиза ты в порядке?
dpl_lmtd_ask3:Элиза что тебя тревожит?
dpl_lmtd_complete:Спросить о выплате (Уйти)",
dpl_ElizalmtdAnswer2A,DialogOptionSelected,$option == dpl_lmtd_ask2A,,"Элиза вздыхает: ""Это довольно длинная история. Если кратко до Коллапса я была капитаном в Фазовой Лаборатории а она была офицером логистики в батлгруппе XIV. Когда Фазовую Лабораторию вместе с батлгруппой XIV развернули в Персеанском секторе она как и другие логисты координировала флоты. Тогда я отвечала за лабораторный транспорт. Мы обе занимались логистикой это была довольно скучная работа. И именно поэтому мы иногда болтали - у нас была похожая служба.""

Элиза начинает заливать кипятком чайный пакетик и продолжает: ""Когда мы прибыли в точку сбора я попрощалась с ней потому что знала что после прохода через врата она уйдет на цикл. А дальше сами знаете что случилось - Коллапс. Весь транспортный флот Фазовой Лаборатории попал в аномалию которую мы называем ""Phase Tsunami"". В итоге мы оказались в пустоте внутри бездны Orion-Perseus. С тех пор связь потеряли.""",dpl_lmtd_ask2C:Но это было... два века назад. Как ты прожила так долго?,
dpl_ElizalmtdAnswer2AC,DialogOptionSelected,$option == dpl_lmtd_ask2AC,,"Элиза сцепляет пальцы и на мгновение думает какую часть информации нужно от вас скрыть. ""Эта информация засекречена статьями Флота Доминиона так что боюсь я не могу об этом рассказать. Но как другу могу рассказать несекретную часть. Вице-адмирал Васильев повысил меня чтобы я возглавила Фазовую Лабораторию и командовала транспортным флотом Фазовой Лаборатории в период ""чрезвычайного режима"". Мой долг не завершится пока не закончится ""чрезвычайный режим"" и пока я не отчитаюсь адмиралу Кали Молине или офицеру эквивалентного ранга.""

Она горько улыбается: ""Как шахтеру для работы нужна буровая установка так и мне для выполнения долга нужно командовать Фазовой Лабораторией. Можно сказать именно поэтому я и смогла так долго ""жить"".""","dpl_lmtd_ask3:Элиза что тебя тревожит?
dpl_lmtd_complete:Спросить о выплате (Уйти)",
dpl_ElizalmtdAnswer1A,DialogOptionSelected,$option == dpl_lmtd_ask1A,,"Элиза смотрит в потолок и отстраненно отвечает: ""Да я в порядке.""","dpl_lmtd_ask3:Элиза что тебя тревожит?
dpl_lmtd_complete:Спросить о выплате (Уйти)",
dpl_ElizalmtdAnswer3,DialogOptionSelected,$option == dpl_lmtd_ask3,,"Элиза смотрит на вас немного потерянно. ""Слова Канты... Она сказала что Доминиона больше нет. Я не верю в это потому что не могу. Но и отвергнуть не могу потому что мы сами видим во что превратился сектор. $playerName... Если за вратами Доминиона и правда больше нет... Если он действительно исчез навсегда... то чему я служу?""","dpl_lmtd_answer1:Власти. Ищи силу.
dpl_lmtd_answer2:Людям. Ты служишь гражданским Фазовой Лаборатории.
dpl_lmtd_answer3:Долгу. Ты не можешь просто сбежать от него.
dpl_lmtd_answer4:Мне все равно. Просто закончи это и уже заплати. Миссия слишком затянулась.",
dpl_ElizalmtdFinish1,DialogOptionSelected,$option == dpl_lmtd_answer1,"$global.dpl_lmtd_completed = true
$global.dpl_lmtd_Completed = true
unset $global.dpl_lmtdStarted","Элиза вздыхает: ""Спасибо за ответ капитан $playerName. Но позвольте не согласиться. Я верю что моя миссия и миссия Фазовой Лаборатории стоит выше чем простое удержание власти. В любом случае вашу выплату я уже оформила.""",dpl_lmtd_leave:Хорошо тогда...,
dpl_ElizalmtdFinish2,DialogOptionSelected,$option == dpl_lmtd_answer2,"$global.dpl_lmtd_completed = true
$global.dpl_lmtd_Completed = true
unset $global.dpl_lmtdStarted
AdjustRepPerson eliza_lovelace COOPERATIVE 5","Элиза смотрит вам в глаза и в них возвращается крошечная искра жизни: ""Людям...? Да... Вы правы капитан $playerName! Даже если Доминиона больше нет... это не меняет того что мы здесь. Мы выжили. И я обязана защищать гражданских и служащих Фазовой Лаборатории. Это всегда было главным приоритетом нашей миссии. Ха... Как я могла об этом забыть? Спасибо что открыли мне глаза.

Я... правда рада что вы так смотрите на вещи. Честно говоря это было немного неожиданно... хехе. Как бы сказать? Я думала вы будете более... ""прагматичны""? Но я рада что это не совсем так. Отлично! Я снова чувствую прилив сил. В конце концов мы успешно вернули агента так чему тут грустить? Верно капитан? В любом случае ваша заслуженная награда уже ждет вас. Надеюсь скоро увидимся снова!""",dpl_lmtd_leave:Отлично! Тогда до встречи.,
dpl_ElizalmtdFinish3,DialogOptionSelected,$option == dpl_lmtd_answer3,"$global.dpl_lmtd_completed = true
$global.dpl_lmtd_Completed = true
unset $global.dpl_lmtdStarted","""Да вы правы капитан. Я должна оставаться сильной не так ли...? В конце концов мой долг никуда не делся."" Элиза вздыхает: ""И каким бы тяжелым он ни был я должна его нести. Иначе их жертвы окажутся напрасными...

Спасибо капитан. Я скоро оформлю перевод кредитов."" Элиза выглядит подавленной но больше не хочет чтобы ее тревожили.",dpl_lmtd_leave:Прощай.,
dpl_ElizalmtdFinish4,DialogOptionSelected,$option == dpl_lmtd_answer4,"$global.dpl_lmtd_completed = true
$global.dpl_lmtd_Completed = true
unset $global.dpl_lmtdStarted
AdjustRepPerson eliza_lovelace SUSPICIOUS -5
ShowImageVisual city_from_above","Элиза потрясенно смотрит на вас: ""А??? Что--- Ну ладно? Кредиты отправлены на ваш счет. Будьте любезны покинуть мой кабинет.""
Вы выходите из кабинета Элизы.",dpl_lmtd_leave:Уйти,
dpl_lmtdLeave,DialogOptionSelected,$option == dpl_lmtd_leave,"ShowDefaultVisual
EndConversation",,,
,,,,,,
#Peace Through Strength,,,,,,
dpl_ptrsBlurb,dpl_ptrs_blurb,$id == eliza_lovelace,,"""У меня есть особая миссия для которой нужно отправиться на территорию Tri-Tachyon. Лучше всего если у вас есть контакт среди высокопоставленных военных в компании. Если вам интересно я расскажу подробнее.""",,
dpl_ptrsOption,dpl_ptrs_option,$id == eliza_lovelace,SetOptionColor dpl_ptrs_start buttonShortcut,,dpl_ptrs_start:Спросить об особой миссии по Tri-Tachyon,
dpl_ptrsOfferTextContact,DialogOptionSelected,$option == dpl_ptrs_start,"$missionId = dpl_ptrs
Highlight $dpl_ptrs_systemName $dpl_ptrs_dist $dpl_ptrs_reward","""Как вы знаете десять лет назад я отправила нескольких агентов на разные планеты в мирах ядра. Одного вы спасли в прошлый раз а этот оказался в по-настоящему тяжелой ситуации."" $heOrShe объясняет. ""Этот агент в Куланне. И хотя мы сейчас враждебны к Tri-Tachyon мы все равно уважаем их границы и территорию. Поэтому я не могу отправить туда флот чтобы эвакуировать агента.""

""Отправляйтесь в систему $dpl_ptrs_systemName на расстоянии $dpl_ptrs_dist световых лет отсюда и попробуйте найти зацепки. Соответственно я назначила выплату в $dpl_ptrs_reward кредитов.""","dpl_ptrs_begin:Принять
contact_decline:Отклонить",
dpl_ptrsAcceptContact,DialogOptionSelected,$option == dpl_ptrs_begin,$global.dpl_ptrsStarted = true,"Элиза улыбается: ""Отлично! Буду ждать хороших новостей!""",contact_accept:Уйти,
dpl_ptrsMercEncounter,BeginFleetEncounter,"$dpl_ptrsmercfleet score: 1000
!$global.dpl_ptrs_metmerc",$global.dpl_ptrs_metmerc = true,"$personName говорит: ""Неважно на кого вы работаете. Ваш путь заканчивается здесь. Ничего личного это просто работа. Не волнуйтесь я сделаю это без боли."" Связь обрывается.",,
dpl_ptrsAgentEncounter,BeginFleetEncounter,"$dpl_ptrsagentfleet score: 1000
!$global.dpl_ptrs_metagent",$global.dpl_ptrs_metagent = true,"$personName говорит: ""Внимание независимый спейсер! Мой советник крайне недоволен вашими недавними действиями поэтому меня отправили стереть вас. Даже не думайте сопротивляться - я командую первоклассной спецгруппой Tri-Tachyon.""

$heOrShe вздыхает: ""Поймите это не личное у меня нет выбора. У всех семьи и скоро день рождения моего сына. Чтобы купить ему тех самых синих лобстеров о которых он мечтает вы должны умереть здесь.""

Сразу после этого связь обрывается.",,
dpl_ptrsExecutiveEncounter,BeginFleetEncounter,"$dpl_ptrsexecfleet score: 1000
!$global.dpl_ptrs_metexec",$global.dpl_ptrs_metexec = true,"$personName смотрит на вас с явной злостью: ""Полагаю вы работаете на этого [Redacted Word] Арройо не так ли? Вы вообще знаете сколько стоит мир? Особенно для меня?""

$heOrShe кричит: ""Я не собираюсь платить эту цену ни за вас ни за этого труса ни за эту [Redacted Word] которая называет себя вице-адмиралом. Вы рушите мою карьеру и я не собираюсь просто смотреть. Я уничтожу вас всех по одному начиная с вас.""

$heOrShe холодно добавляет: ""Вы прошли моих бесполезных наемников и корпоративные флотилии. Теперь мне придется остановить вас лично. Один из нас точно умрет здесь и это будете вы.""

Связь обрывается.",,
dpl_ptrsAskArroyo,PopulateOptions,"$id == arroyo score:1000
!$global.dpl_ptrsAsked
!$global.dpl_ptrs_completed
$global.dpl_ptrsStarted",,,dpl_ptrs_ask:Спросить Арройо об агенте,
dpl_ptrsArroyoAnswer,DialogOptionSelected,$option == dpl_ptrs_ask,"ShowPersonVisual
$global.dpl_ptrsAsked = true","""Вы должно быть про того жалкого агента. Слушайте он только мешает и я был бы рад если бы вы от него избавились но я не могу сказать где он. Могу лишь сказать что кто-то---"" он указывает пальцем вверх будто в небо: ""---Там наверху приказал держать этого агента здесь и его подозревают в шпионаже на Гегемонию.""",dpl_ptrs_continue:Ты необычно охотно идешь на контакт.,
dpl_ptrsArroyoAnswer2,DialogOptionSelected,$option == dpl_ptrs_continue,,"Арройо поднимает одну нахмуренную бровь: ""Слушайте вся эта история как заноза в заднице. Агента прислали расследовать давний провал который Tri-Tachyon предпочла бы похоронить навсегда. И стало только хуже когда он пришел с кодом IFF XIV. Тот кто его отправил либо раздражающе некомпетентен в делах сектора либо просто идиот. А потом кто-то использовал это как шанс.""

Арройо прочищает горло: ""У Tri-Tachyon никогда не было дефицита отвратительных милитаристов несмотря на фасад бизнесменов и десять лет назад было так же. Тогда у нас был старший исполнительный директор имени которого я не назову так что пусть будет ""тот мудак"". Он запер агента и использовал его как предлог чтобы убедить других топ-офицеров начать войну с Фазовой Лабораторией. Так и начался этот бред. Они думали что это выгодная авантюра на год-два а потом Tri-Tachyon просто вернется к обычной торговле.""",dpl_ptrs_continue2:Но очевидно все пошло не так.,
dpl_ptrsArroyoAnswer3,DialogOptionSelected,$option == dpl_ptrs_continue2,,"Арройо фыркает. ""И так все видно. План был такой: если Tri-Tachyon победит - получим их заводы и рынки; если проиграем - заработаем на дефиците через ""мирную"" торговлю. Но противник оказался намного сильнее чем ожидали и главное образ мышления их лидера принципиально непонятен Tri-Tachyon. У нее был флот способный загнать нас обратно сюда и выиграть войну но она просто решила этого не делать.""

""И в итоге эта война просто тянулась и тянулась. Фазовая Лаборатория перехватывает наши флоты в открытом космосе но сама не переходит в наступление. Со временем они перекрыли всем нашим флотам путь в западные миры на десять лет. Мы потеряли бесчисленные конвои из-за этой блокады и если честно все это давно превратилось в бессмысленную историю.""",dpl_ptrs_continue3:Тогда почему Tri-Tachyon не ведет переговоры о мире?,
dpl_ptrsArroyoAnswer4,DialogOptionSelected,$option == dpl_ptrs_continue3,,"Арройо вздыхает и щиплет переносицу будто от невыносимой мигрени. ""Это было бы очевидно лучшим вариантом. Но есть две стороны: те кто за мир и те кто уверен что мир означает признать что их расходы были напрасны. Эти упрямые идиоты просто не умеют вовремя остановить убытки. Серьезно как эти дерьмоеды вообще доросли до таких должностей? И к сожалению именно они орут громче всех. Их тупость безгранична: они даже шантажируют других чтобы те поддержали их линию не понимая что только ухудшают свое положение.

Арройо делает паузу и глотает таблетки. Тот мудак - идеальный пример. Настоящий милитарист жадный и слепой к общим потерям компании. Но он отлично использует войну чтобы давить конкурентов и выставлять себя важной фигурой. Поэтому за это десятилетие его продвигали с ракетной скоростью. Для понимания: я старший исполнительный директор и все равно вынужден терпеть любой навоз который вылетает из его рта.

Затем вы получаете несколько файлов с документами и изображениями аккуратно суммирующими события последних лет: В прошлом другие руководители уже пытались договориться но каждый раз когда Фазовая Лаборатория отправляла дипломатов кто-то посылал флотилию с неопознаваемым ID и их взрывал. Мы все понимаем что это кто-то из Tri-Tachyon но никто кроме возможно самой CEO Sun не может выяснить кто именно посылает такие флотилии.""",dpl_ptrs_continue4:И что ты хочешь чтобы я сделал(а)?,
dpl_ptrsArroyoAnswer5,DialogOptionSelected,$option == dpl_ptrs_continue4,,"Арройо смотрит на вас: ""Я подозреваю что за всем стоит тот самый ""мудак"". Он пытается вбить всем в голову ложь что Фазовая Лаборатория не согласится на мир без катастрофической цены для нас. Он повторяет это годами и его ложь уже ощущается как факт почти так же естественно как ребенок уверен что после ночи обязательно взойдет солнце. Хуже того Фазовая Лаборатория потеряла несколько дипломатических кораблей и прекратила отправлять дипломатов. Чтобы не дать ситуации стать еще хуже мне нужно доказательство.""

""Раз вы в этом вопросе работаете с Фазовой Лабораторией помогите мне выяснить их реальную позицию. Если я смогу донести что Фазовая Лаборатория готова к миру на приемлемых условиях я еще смогу убедить часть исполнительных директоров организовать дипломатическую встречу. А когда встреча состоится у нас появится законная официальная основа для дальнейшей дипломатии.""",dpl_ptrs_continue5:Я обязательно это для тебя уточню.,
dpl_ptrsArroyoAnswer6,DialogOptionSelected,$option == dpl_ptrs_continue5,,"Арройо улыбается: ""Тогда буду ждать хороших новостей.""",dpl_ptrs_leave:Уйти,
dpl_ptrs_askEliza,PopulateOptions,"$id == eliza_lovelace score: 1000
$global.dpl_ptrsAsked
!$global.dpl_ptrsAskedEliza",SetOptionColor dpl_ptrs_askEliza buttonShortcut,,dpl_ptrs_askEliza:Спросить Элизу о позиции Фазовой Лаборатории по войне,
dpl_ptrsElizaAnswer1,DialogOptionSelected,$option == dpl_ptrs_askEliza,"ShowPersonVisual
$global.dpl_ptrsAskedEliza = true
AddTextSmall ""Подписанный документ получен"" highlight","Вы объясняете Элизе что узнали и кратко описываете характер Арройо. Она улыбается услышав такой поворот: ""Понимаю. Я рада что значительная часть Tri-Tachyon все же мыслит разумно и хочет мира. Да у нас есть доказательства что за дрон-кораблями стояла Tri-Tachyon но сохранять взаимную вражду десять лет - это слишком. Совет комитета и я считаем что пора ставить точку в этом вопросе но мы не понимаем как именно это сделать.

Мы пытались отправлять дипломатов в их системы но все наши дипломатические корабли были уничтожены их корпоративными флотилиями а все их директора отрицали что посылали такие флотилии. Поэтому мы прекратили отправку новых судов чтобы не ухудшать ситуацию.

В любом случае передайте этому человеку что Фазовая Лаборатория хочет мира. Мы предложим разумные условия договора и я дам вам подписанный документ как подтверждение. А пока я соберу дипломатическую команду на случай возможных переговоров.""",dpl_ptrs_leave:Хорошо. Я возвращаюсь к Tri-Tachyon.,
dpl_ptrsAskArroyoPeace,PopulateOptions,"$id == arroyo score:1000
!$global.dpl_ptrsAskedArroyo
$global.dpl_ptrsAskedEliza",,,dpl_ptrs_askArroyo:Передать документы Арройо,
dpl_ptrsArroyoAnswerPeace,DialogOptionSelected,$option == dpl_ptrs_askArroyo,"ShowPersonVisual
$global.dpl_ptrsAskedArroyo = true
Highlight ""Port Tse Franchise""
AddTextSmall ""Подписанный документ передан"" highlight","Арройо выглядит непривычно довольным: ""Хм... Вице-адмирал ""Элиза Лавлейс""... так ее зовут? Может за эти годы меня и перекормили дерьмом но я рад узнать что она не жадная истеричная особа какой ее рисуют наши ястребы.""

Губы Арройо складываются в улыбку а веки расслабленно прикрываются будто он наконец получил шанс выдохнуть. ""Этого более чем достаточно чтобы убедить других исполнительных директоров организовать еще одну встречу. Я проведу встречу в Port Tse Franchise как можно скорее.""

Но уже собираясь уйти он останавливается и снова поворачивается к вам: ""Станция находится в системе Персеанской Лиги - идеальное место для переговоров где даже ястребам будет сложнее протянуть свои руки. Я успею прибыть раньше них если они вылетят сейчас. Передайте Фазовой Лаборатории отправить дипломатов как можно быстрее. Нам нужно закончить эту войну пока в дело не влезли другие силы.""",dpl_ptrs_leave:Хорошо. Я возвращаюсь к Фазовой Лаборатории.,
dpl_ptrs_askElizaDiplomats,PopulateOptions,"$id == eliza_lovelace score: 1000
$global.dpl_ptrsAskedArroyo
!$global.dpl_ptrsDiplomatsArranged",SetOptionColor dpl_ptrs_askElizaDiplomats buttonShortcut,,dpl_ptrs_askElizaDiplomats:Спросить Элизу о дипломатической команде,
dpl_ptrsElizaAnswerDiplomats1,DialogOptionSelected,$option == dpl_ptrs_askElizaDiplomats,"ShowPersonVisual
$global.dpl_ptrsDiplomatsArranged = true
AddTextSmall ""Дипломатическая группа взята на борт"" highlight","Элиза улыбается: ""Все готово. Они ждут вас на посадочной площадке. Я хочу чтобы вы перевезли их лично на всякий случай. Думаю ваш флот - самое безопасное место в Секторе для них. Если только у вас совсем нет гражданских кораблей... В любом случае пожалуйста заберите их и верните живыми. Если мы потеряем этих дипломатов это будет катастрофа: они последние кто еще готов дать Tri-Tachyon шанс. Если они погибнут больше никто не захочет с ними говорить и этот бред никогда не закончится. Ну что капитан? Судьба двух целых фракций у вас на плечах. Без давления!""",dpl_ptrs_leave:Я очень рад(а) что ты настолько в меня веришь...,
dpl_ptrsPortTseIntro,OpenInteractionDialog,"$id == port_tse
$global.dpl_ptrsDiplomatsArranged
!$global.dpl_ptrsRecoveredAgent","ShowDefaultVisual
AddTextSmall ""Дипломатическая группа покинула корабль"" highlight",Ваш $shipOrFleet садится в парковочной зоне Port Tse Franchise. Дипломатическая команда сходит с корабля и проходит в переговорную комнату.,dpl_ptrs_continueDiplomats:Продолжить,
dpl_ptrsPortTseIntro1,DialogOptionSelected,$option == dpl_ptrs_continueDiplomats,"ShowPersonVisual true arroyo
AdjustRepPerson arroyo COOPERATIVE 5
$global.dpl_canMakePeaceTT = true","Проходит много часов. Вы держите все под контролем но враждебных сил которые могли бы сорвать встречу не появляется. Когда ожидание кажется вечностью Арройо встречает вас довольной физиономией: ""Что тут сказать? Все прошло гладко. Гладко как элитное масло с Гилеада. Скоро все перейдут на нашу сторону и естественно именно я возглавлю переговоры.""",dpl_ptrs_continueDiplomats2:А что с тем мудаком?,
dpl_ptrsPortTseIntro2,DialogOptionSelected,$option == dpl_ptrs_continueDiplomats2,"ShowPersonVisual true arroyo
$global.dpl_ptrsRecoveredAgent = true
dpl_ptrs_CMD makePeaceTT
AddTextSmall ""Дипломатическая группа взята на борт and the agent"" highlight","Арройо дьявольски улыбается: ""Ха. Это как раз лучшее: похоже ваше присутствие заставило их запаниковать и ошибиться. Из-за их ошибки с мобилизацией огромного печально известного флота в вашу сторону их личности вскрылись и в итоге их уволили.""

Затем щелчком пальцев он открывает дверь и несколько его людей ведут к вашему флоту мужчину. ""Бонусом я взял на себя смелость освободить вашего агента. Убедить компанию было непросто так что считайте этот вопрос закрытым - никто никому не должен. Ну и хотя было бы принято пригласить вас на празднование окончания войны уверен у вас найдутся дела поважнее.""

Дипломатическая команда и агент возвращаются на ваш флот готовые к отлету. Вы прощаетесь с Арройо без лишних разговоров.",dpl_ptrs_leave:До встречи Арройо.,
dpl_ptrs_completeOpen,PopulateOptions,"$id == eliza_lovelace
$global.dpl_ptrsRecoveredAgent
!$global.dpl_ptrs_completed ",SetOptionColor dpl_ptrs_complete buttonShortcut,,dpl_ptrs_complete:Я вернулся(лась) с дипломатической командой и вашим агентом.,
dpl_ptrs_complete,DialogOptionSelected,$option == dpl_ptrs_complete,"$global.dpl_ptrs_completed = true
$global.dpl_ptrs_Completed = true
unset $global.dpl_ptrsStarted","Элиза в восторге: ""После десяти лет эта нелепая война наконец закончилась! Огромное вам спасибо! Вы оказали Фазовой Лаборатории в целом колоссальную услугу. Без преувеличения вас можно назвать безымянным героем.""","dpl_ptrs_finalAsk:Почему ты выбрала переговоры и оборону если могла просто разгромить Tri-Tachyon?
dpl_ptrs_leave:Легкотня. Увидимся Элиза.",
dpl_ptrs_completeFinalAsk,DialogOptionSelected,$option == dpl_ptrs_finalAsk,"ShowPersonVisual
AdjustRepPerson eliza_lovelace COOPERATIVE 1","Элиза улыбается: ""Потому что война... война никогда не заканчивается. Победа добытая только сражениями - не настоящая победа а лишь открытие к новым и более страшным войнам. То что вижу я и чего требует миссия Фазовой Лаборатории - защищать гражданских и повышать качество жизни людей. Этого нельзя достичь просто разгромив другие фракции сектора.""

""Если войной загонять другие сообщества людей к грани слома часть из них подчинится. Но это же породит беспощадное общество почти как у децивилизованных популяций. Поэтому мы считаем что переговоры и мирные решения - ключ к возрождению человечества как цивилизации тогда как война только приближает нас к полной децивилизации и тотальному уничтожению.""",dpl_ptrs_leave:Понимаю.,
dpl_ptrs_leave,DialogOptionSelected,$option == dpl_ptrs_leave,"ShowDefaultVisual
EndConversation",,,
,,,,,,
# Restitution,,,,,,
dpl_restitutionBlurb,dpl_restitution_blurb,,,"""У меня крайне важная миссия. Говорить об этом немного неловко но что уж. Один наемник взломал музей истории системы Muspelheim и украл фазовый эсминец класса Clarinet который должен был представлять DPLS Curtain Call. Да тот самый легендарный корабль на котором я разгромила флоты уничтожения дронов.""",,
dpl_restitutionOption,dpl_restitution_option,,SetOptionColor dpl_restitution_start buttonShortcut,,dpl_restitution_start:Спросить о похищенном корабле из музея.,
dpl_restitutionOfferTextContact,DialogOptionSelected,$option == dpl_restitution_start,"$missionId = dpl_restitution
Highlight $dpl_restitution_systemName $dpl_restitution_dist $dpl_restitution_reward","Она объясняет: ""Сам корабль не так важен. Это не настоящий DPLS Curtain Call а обычная экспериментальная платформа того же класса. Меня волнует встроенная оружейная система Gungnir - она не должна попасть в злые руки. Фазовая Лаборатория доверяет вам достаточно чтобы оставить этот корабль вам но вы обязаны убедиться что он находится в безопасности и под вашим контролем.""

Она слегка смущенно улыбается: ""Я уже говорила музею что не стоит ставить туда подержанный реальный корабль. Хотя бы топливо нужно было снять. Мне ответили что точные модели 1:1 стоят дороже чем эти подержанные корабли и просто не стали слушать! Теперь мне приходится искать кого-то кто решит эту проблему.""

Она нервно посмеивается: ""Из-за ленивых музейных сотрудников и офицеров флота которые передавали корабль музею они даже не сняли с него логистическую систему флота. Поэтому мы знаем что последняя известная точка корабля - система $dpl_restitution_systemName на расстоянии $dpl_restitution_dist световых лет отсюда. Что там произошло я не знаю. Начинайте поиск там. Мне нужно чтобы вы быстро закрыли этот вопрос прежде чем это приведет к реальной утечке технологий Фазовой Лаборатории.""

Она делает глоток чая: ""Проследите чтобы корабль достался именно вам и найдите того кто за этим стоит. Мне все равно кто это но я хочу чтобы вы передали ему мой привет теплым способом например лазерами высокой плотности или плазменными пушками. Такой урок быстро отучит их воровать технологии Фазовой Лаборатории. Соответственно я назначила выплату в $dpl_restitution_reward кредитов.""","contact_accept:Принять
contact_decline:Отклонить",
dpl_restitutionFoundClarinet,ShowSalvageEntityDetails,"$dpl_restitution_clarinet score:100
$customType == wreck
Call $dpl_restitution_ref updateData","$global.dpl_restitution_foundclue = true
Highlight  $dpl_restitution_system2Name $dpl_restitution_execName
Call $global.dpl_restitution_ref updateStage","Хотя корабль выглядит как груда металлолома после лет службы во флоте Фазовой Лаборатории и недавнего поражения вы все же смогли восстановить журналы капитана. Оказалось наемник собирался месяц скрываться в этой системе пока Фазовая Лаборатория не прекратит поиски а потом перейти в другую систему на встречу с нанимателем. Он был почти у цели пока на него не вышел [REDACTED] Sub-Ordo. Хоть его и разнесли вы все равно впечатлены как он смог в одиночку сражаться с таким флотом.

Вся информация о корабле включая имя полностью удалена. Похоже тот кто стоит за этим настолько осторожен что не хочет оставить ни одного следа указывающего откуда корабль. База данных судна чиста как белый лист но ваш техофицер все же извлек часть логов флота которые не удалили. В них записана следующая планируемая точка маршрута - система $dpl_restitution_system2Name. Также вы узнаете что человека нанявшего наемника зовут $dpl_restitution_execName, это исполнительный директор Tri-Tachyon.",,
dpl_restitution_fleetOpen,OpenCommLink,$entity.dpl_restitution_execfleet score:100,$entity.ignorePlayerCommRequests = true,"$personName выглядит испуганным: ""Вы не тот наемник. Как вы нашли это место? И почему у вас этот корабль? Это строго засекреченная собственность компании и я здесь чтобы принять его у, кхм, независимых торговцев которые обещали передать корабль лично в этой точке. Может просто отдадите его мне и я сделаю вид что вы ничего не видели? Давайте цивилизованно и это мое последнее предупреждение."" Он обрывает связь.",cutCommLink:Вице-адмирал Лавлейс передает привет.,
,,,,,,
# Death to Traitors,,,,,,
dpl_dtotBlurb,dpl_dtot_blurb,$id == eliza_lovelace,,"""У меня крайне важная миссия. Один синдрийский торговец захватил в нашей верфи фазовый крейсер класса Bassoon с помощью своих морпехов. Команду он бросил здесь в доке. Мне нужно чтобы кто-то занялся этим делом.""",,
dpl_dtotOption,dpl_dtot_option,$id == eliza_lovelace,SetOptionColor dpl_dtot_start buttonShortcut,,dpl_dtot_start:Спросить о захваченном фазовом крейсере.,
dpl_dtotOfferTextContact,DialogOptionSelected,$option == dpl_dtot_start,"$missionId = dpl_dtot
Highlight $dpl_dtot_systemName $dpl_dtot_dist $dpl_dtot_reward","""Этот синдрийский торговец собирался купить несколько гражданских корпусов и тяжелую технику а затем увезти их в Синдрию."" $heOrShe объясняет. ""Но пока он торговался с портовой администрацией его морпехи поднялись на один из наших только что завершенных фазовых крейсеров класса Bassoon в верфи. Они атаковали наши силы безопасности и захватили корабль. Затем торговец сел в свой шаттл и они сбежали оставив свои торговые суда и команду в доке.""

Элиза делает глоток чая: ""Он бросил свою команду здесь и команда сообщила Департаменту безопасности что капитан направляется обратно в Синдрию. Мне нужно понять что происходит. Отправляйтесь в систему $dpl_dtot_systemName на расстоянии $dpl_dtot_dist световых лет отсюда и быстро выясните что планирует Синдрийский Диктат. Если это действительно подготовленная враждебная акция Фазовая Лаборатория должна быстро отреагировать. Соответственно я назначила выплату в $dpl_dtot_reward кредитов.""","dpl_dtot_begin:Принять
contact_decline:Отклонить",
dpl_dtotAcceptContact,DialogOptionSelected,$option == dpl_dtot_begin,$global.dpl_dtotStarted = true,"Элиза улыбается: ""Отлично! Отправляйтесь в Синдрию как можно скорее времени у нас нет.""",contact_accept:Уйти,
dpl_dtotMacarioGreeting,PickGreeting,"$id == macario score:1000
$global.dpl_dtotStarted
!$global.dpl_dtot_completed","BeginConversation macario
FireAll PopulateOptions","Перед вами появляется Долос Макарио Паук Синдрии. Он выглядит скучающим.

""Капитан о капитан"" приветствует он вас скучающим тоном. ""Еще не время."" Он подмигивает и отключается.

Герб министерства внутренней безопасности Синдрийского Диктата медленно вращается.",,
dpl_dtotAskMacario,PopulateOptions,"$id == macario score:1000
!$global.dpl_dtotAsked
$global.dpl_dtotStarted",,,dpl_dtot_ask:Оставить сообщение с вопросом о синдрийском торговце.,
dpl_dtotMacarioAnswer,DialogOptionSelected,$option == dpl_dtot_ask,"BeginConversation macario
$global.dpl_dtotAsked = true","Перед вами появляется Долос Макарио Паук Синдрии. Он холодно улыбается.

""Капитан о капитан"" приветствует он вас. ""Снова работаете на нашу леди да? Я знаю вы пришли из-за воров укравших интересную игрушку. Но поясню. Я к этому не причастен и Диктат к этому не причастен.""

Он подмигивает и улыбается шире: ""Я тоже хочу найти этого торговца. Раньше это был безымянный купец с торговым флотом а теперь он предатель. Диктат готов полностью содействовать восстановлению справедливости и я с радостью предоставлю вам эту помощь. Спрашивайте.""","dpl_dtot_continue1:Если он предатель Диктата почему вы не прикажете силам Диктата арестовать его?
dpl_dtot_continue2:На кого он работал? На тебя?
dpl_dtot_continue3:Куда направился предатель?",
dpl_dtotMacarioAnswer1,DialogOptionSelected,$option == dpl_dtot_continue1,,"Он смеется: ""И чтобы это выглядело как будто за всем стоим мы в глазах нашей леди и испортило дипломатические отношения между Диктатом и Фазовой Лабораторией? Есть причина почему Диктат хочет помогать вам капитан. Участие Фазовой Лаборатории делает дело гораздо сложнее и мы не хотим ухудшать ситуацию.""","dpl_dtot_continue2A:На кого он работал? На тебя?
dpl_dtot_continue3:Куда направился предатель?",
dpl_dtotMacarioAnswer2,DialogOptionSelected,$option == dpl_dtot_continue2,,"Он холодно говорит: ""Вам это знать не обязательно но раз я здесь чтобы помочь вам скажу. Нет не на меня. Он работает на торговое управление Синдрии не на меня не на Львиную Гвардию и не на флот. Просто мелкий торговец в обычных департаментах.""","dpl_dtot_continue1A:Если он предатель Диктата почему вы не прикажете силам Диктата арестовать его?
dpl_dtot_continue3:Куда направился предатель?",
dpl_dtotMacarioAnswer3,DialogOptionSelected,$option == dpl_dtot_continue3,"Highlight ""Tibicena""","Он улыбается: ""Наконец вопрос по делу. Мои агенты сообщили что этот предатель идет на Тибисену. Можете отправляться туда и найти его. Восстановите справедливость и наша часть миссии будет выполнена. Затем доложите Фазовой Лаборатории что мы за этим не стоим. А теперь ступайте.""",dpl_dtot_leave:Уйти,
dpl_dtotMacarioAnswer1A,DialogOptionSelected,$option == dpl_dtot_continue1A,,"Он смеется: ""И чтобы это выглядело как будто за всем стоим мы в глазах нашей леди и испортило дипломатические отношения между Диктатом и Фазовой Лабораторией? Есть причина почему Диктат хочет помогать вам капитан. Участие Фазовой Лаборатории делает дело гораздо сложнее и мы не хотим ухудшать ситуацию.""",dpl_dtot_continue3:Куда направился предатель?,
dpl_dtotMacarioAnswer2A,DialogOptionSelected,$option == dpl_dtot_continue2A,,"Он холодно говорит: ""Вам это знать не обязательно но раз я здесь чтобы помочь вам скажу. Нет не на меня. Он работает на торговое управление Синдрии не на меня не на Львиную Гвардию и не на флот. Просто мелкий торговец в обычных департаментах.""",dpl_dtot_continue3:Куда направился предатель?,
dpl_dtot_fleetOpen,OpenCommLink,$entity.dpl_dtot_traitorfleet score:100,$entity.ignorePlayerCommRequests = true,"Предатель выглядит гордым: ""Здравствуй друг. Я только что получил предложение работы от Tri-Tachyon и после принятия меня повышают до исполнительного директора. Видишь все эти роскошные новые корабли? А теперь уводи свой флот с дороги. Мне нужно в космобар - выпить, потратить деньги и отпраздновать. Надеюсь у них найдутся вольтурнианские лобстеры. Потом я отправлюсь в Echo Bres закрыть некоторые ""дела компании"" которые таким мелким спейсерам как ты даже не представить.""",cutCommLink:Смерть предателям!,
dpl_dtot_completeOpen,PopulateOptions,"$id == eliza_lovelace
$dpl_dtot_killed
!$global.dpl_dtot_completed",SetOptionColor dpl_dtot_complete buttonShortcut,,dpl_dtot_complete:Я вернулся(лась) с фазовым крейсером. Торговец оказался предателем и Диктат помог в расследовании.,
dpl_dtot_complete,DialogOptionSelected,$option == dpl_dtot_complete,"$global.dpl_dtot_completed = true
unset $global.dpl_dtotStarted","Элиза улыбается: ""Я рада что вы закрыли этот вопрос так быстро. Я только что завершила встречу с дипломатической группой Диктата. Их заместитель Звездного маршала Оксана Хайдер подготовила запись с объяснением деталей инцидента и мы заключили несколько соглашений. Она действительно заслуживает уважения как адмирал.""

Она делает глоток чая: ""Корабль можете оставить себе. Я лишь не хочу чтобы наши разработки попадали в злые руки. Синдрийские экипажи заберет их торговый флот который прибудет в следующем месяце. А кредиты для вас уже оформлены.""",dpl_dtot_leave:Отлично! Нам стоит чаще сотрудничать.,
dpl_dtot_leave,DialogOptionSelected,$option == dpl_dtot_leave,"ShowDefaultVisual
EndConversation",,,
,,,,,,
#Mote Ship Research,,,,,,
dpl_mtshipBlurb,dpl_mtship_blurb,$id == eliza_lovelace,,"""У меня есть миссия связанная с одним из наших передовых исследовательских проектов. Если вам интересно я расскажу подробнее.""",,
dpl_mtshipOption,dpl_mtship_option,$id == eliza_lovelace,SetOptionColor dpl_mtship_start buttonShortcut,,dpl_mtship_start:Спросить об исследовательском проекте.,
dpl_mtshipOfferTextContact,DialogOptionSelected,$option == dpl_mtship_start,"ShowImageVisual dpl_mote_figure
Highlight ""credits"" ""prototype ship""","""С тех пор как мы разработали Hydraulis мы пытаемся изучить эти аномалии похожие на моты. Мы можем расширять микропространства в фазовом пространстве. Эти расширенные микропространства похожи на отдельные маленькие вселенные и имеют собственную геометрическую структуру."" $heOrShe достает схему и начинает объяснять. ""У этих структур есть энергия и именно она определяет их устойчивость. В фазовом пространстве все такие структуры могут существовать. И мы можем создавать пространственные разломы чтобы эти структуры переходили в нашу вселенную. Энергия которая для этого нужна называется Warp Barrier.""

""Но в нашей вселенной выживают только устойчивые структуры и становятся аномалиями. Остальные либо коллапсируют в вакуум высвобождая энергию либо стабилизируются в те же структуры что и аномалии. На основе этой теории мы можем создавать аномалии мот-подобного типа и высокочастотные мот-подобные аномалии."" Она делает глоток чая: ""Когда мы пытаемся вкачать больше энергии в высокочастотные мот-подобные аномалии мы получаем крупномасштабные мот-подобные аномалии. Они похожи на высокочастотные но занимают гораздо больше пространства.""

""И мы обнаружили что такие крупномасштабные мот-подобные аномалии не могут напрямую пройти через существующий разлом. Нам нужно создавать новые разломы чтобы эти крупные аномалии могли перейти в нашу вселенную."" Она прочищает горло: ""И в итоге нам нужны граничные данные о пространственно-временной структуре уже существующих крупномасштабных аномалий которые не были созданы из высокочастотных. По этим данным мы сможем вычислить структуру нужного нам разлома. Если вы согласитесь вы получите кредиты и прототип корабля как результат проекта.""","dpl_mtship_ask:Что мне нужно сделать?
dpl_mtship_ask2:Почему нельзя просто сканировать крупную аномалию которую вы сами создаете?",
dpl_mtshipOfferTextContactAsk,DialogOptionSelected,$option == dpl_mtship_ask,"Highlight ""abyssal lights""
ShowImageVisual dpl_mote_figure","Элиза улыбается: ""Простите за длинные объяснения но я хотела чтобы вы поняли что именно нам нужно сделать. Если вы согласитесь я установлю на ваш корабль специальное засекреченное оборудование. Оно создано именно для сбора граничных данных о которых я говорила и я уже написала код чтобы вы запускали сканирование одним нажатием. Задача несложная: отправляйтесь ближе к бездне Orion-Perseus, найдите там abyssal lights, просканируйте их устройством и возвращайтесь сюда с данными.""",dpl_mtship_start2:Понял. Значит мне нужно найти abyssal lights.,
dpl_mtshipOfferTextContactAsk2,DialogOptionSelected,$option == dpl_mtship_ask2,ShowImageVisual dpl_mote_figure,"Элиза вздыхает: ""Потому что граничные данные инвариантны к изменениям структуры аномалии вызванным изменением энергии. Мы пытались сканировать крупномасштабные мот-подобные аномалии созданные путем накачки энергии в высокочастотные. И данные оказались бесполезны - они сохраняют информацию о том разломе через который высокочастотные аномалии были введены в нашу вселенную.""",dpl_mtship_ask:Что мне нужно сделать?,
dpl_mtshipOfferTextContact2,DialogOptionSelected,$option == dpl_mtship_start2,"ShowPersonVisual
$missionId = dpl_mtship","Элиза делает глоток чая: ""Да капитан $playerName. Вы хотите принять это задание? У него нет срока, а все награды будут рассчитаны и выданы после завершения проекта.""","dpl_mtship_begin:Принять
contact_decline:Отклонить",
dpl_mtshipAcceptContact,DialogOptionSelected,$option == dpl_mtship_begin,"AddTextSmall ""Секретное сканирующее устройство установлено"" highlight
$global.dpl_mtshipStarted = true","""Удачи в поиске хотя бы одного abyssal light! Я до сих пор помню старые добрые дни в бездне когда пела вместе с этими милыми существами."" Элиза улыбается: ""Но не подходите слишком близко. Иногда за ними может прятаться дракон.""",contact_accept:Уйти,
dpl_AbyssalLightStudy,AbyssalLightOptions,"!$global.dpl_mtship_scanned
$global.dpl_mtshipStarted",,,dpl_mtship_scan:Запустить код анализа Элизы.,
dpl_DwellerLightOverride,OpenInteractionDialog,"$customType == abyssal_light score:1000
$tag:dweller_light score:1000
!$global.dpl_mtship_scanned
$global.dpl_mtshipStarted",ShowImageVisual abyssal_light2,"Холодный свет заполняет основной дисплей, резко выделяясь на фоне бездны. Едва заметная пульсация требует внимания но не обещает никакого утешения.

Через мгновение вы сознательно отводите взгляд от этого беспощадного зрелища и переводите внимание на офицеров мостика чтобы отдать следующий приказ.

Вы пытаетесь запустить код Элизы но ничего не происходит и на экране вспыхивает сообщение крупными красными заглавными буквами: ""STABILITY CONDITION FAILED! LEAVE IMMEDIATELY!""","defaultLeave:Уйти.
abyssalLight_dwellerCont:Игнорировать это и запустить код снова.",
dpl_DwellerNonLightOverride,DwellerAttackAfterAbilityUse,"$customType == abyssal_light score:1000
$tag:dweller_light score:1000
!$global.dpl_mtship_scanned
$global.dpl_mtshipStarted",ShowImageVisual abyssal_light2,"Холодный свет начинает разрастаться на основном дисплее. Едва заметная пульсация требует вашего внимания.

Вы пытаетесь запустить код Элизы но ничего не происходит и на экране вспыхивает сообщение крупными красными заглавными буквами: ""STABILITY CONDITION FAILED! LEAVE IMMEDIATELY!""

""Капитан, я-"" это ваш навигационный офицер. Он смотрит на датчики и кивает. ""Свет движется. Он приближается.""

Вы сознательно отрываете взгляд от этого лишенного утешения света - ослабленного но все еще зовущего даже через скудный канал основного дисплея.

Он пришел к вам.",abyssalLight_dwellerCont:Продолжить,
dpl_AbyssalLightStudy2,DialogOptionSelected,$option == dpl_mtship_scan,"AddTextSmall ""Сканирование завершено"" highlight
$global.dpl_mtship_scanned = true
FireAll AbyssalLightOptions","Вы запустили код Элизы для сканирования abyssal light. Несколько малых спутников отделились и начали облет объекта. Странно но они вообще не излучали ЭМ-волны и abyssal light не был потревожен после их возвращения. Ваш техофицер попытался разобрать данные сканирования и похоже эти спутники записывали гравитационный тензорный поля рядом с abyssal light, а также массу другой сильно скомпилированной информации. Даже техофицер не смог понять эти данные.",,
dpl_mtship_askElizaShip,PopulateOptions,"$id == eliza_lovelace score: 1000
!$global.dpl_mtshipAskedElizaShip
$global.dpl_mtship_scanned",SetOptionColor dpl_mtship_askElizaShip buttonShortcut,,dpl_mtship_askElizaShip:Я вернулся(лась) с вашими данными!,
dpl_mtship_askElizaShip2,DialogOptionSelected,$option == dpl_mtship_askElizaShip,"Highlight ""phase cruiser"" ""one week""
$global.dpl_mtship_preparingShip = true 7
$global.dpl_mtshipAskedElizaShip = true
AddTextSmall ""Секретное сканирующее устройство демонтировано"" highlight","Элиза забрала данные и сняла засекреченное устройство. Она приглашает вас вместе пройти в ее кабинет. Открыв данные в специальном исследовательском ПО Фазовой Лаборатории и изучив их три минуты она улыбается: ""Капитан $playerName ваши данные стали для нас прорывом. Они подтверждают одну из наших гипотез и теперь мы понимаем куда двигаться дальше. Нам нужны phase lightnings чтобы открыть более крупный и стабильный разлом. Тогда крупномасштабные мот-подобные аномалии смогут выходить через него. Мы внесем эту модификацию в текущий прототип фазового крейсера и закончим через неделю.""",dpl_mtship_leave:Понял. Увидимся через неделю.,
dpl_mtship_completeOpen,PopulateOptions,"$id == eliza_lovelace
$global.dpl_mtshipAskedElizaShip
!$global.dpl_mtship_preparingShip
!$global.dpl_mtship_completed",SetOptionColor dpl_mtship_complete buttonShortcut,,dpl_mtship_complete:Спросить Элизу о прототипе корабля.,
dpl_mtship_complete,DialogOptionSelected,$option == dpl_mtship_complete,"$global.dpl_mtship_completed = true
unset $global.dpl_mtshipStarted
dpl_mtship_CMD labLearnPanpipes
dpl_mtship_CMD GivePanpipes","Элиза выглядит довольной: ""Прототип готов капитан $playerName. За ваш выдающийся вклад в наше исследование я передаю вам этот прототип корабля. Проект успешен и мы готовимся производить больше таких фазовых крейсеров. Ваша финальная награда уже оформлена."" В ее глазах видно искреннее восхищение.",dpl_mtship_leave:Отлично! Нам стоит чаще сотрудничать.,
dpl_mtship_leave,DialogOptionSelected,$option == dpl_mtship_leave,"ShowDefaultVisual
EndConversation",,,
,,,,,,
#Artworks,,,,,,
dpl_artworksBlurb,dpl_artworks_blurb,$id == eliza_lovelace,,"""У меня спасательная миссия. Один из наших старших полевых исследователей запросил помощь в очень важном испытании. Возможный противник крайне силен в радиоэлектронной борьбе и у нас почти нет информации. Если вам интересно я расскажу подробнее.""",,
dpl_artworksOption,dpl_artworks_option,$id == eliza_lovelace,SetOptionColor dpl_artworks_start buttonShortcut,,dpl_artworks_start:Спросить о спасательной миссии.,
dpl_artworksOfferTextContact,DialogOptionSelected,$option == dpl_artworks_start,"$missionId = dpl_artworks
Highlight $dpl_artworks_systemName $dpl_artworks_dist $dpl_artworks_reward","""Его зовут Банах Салазар и его исследование ведет к созданию засекреченного переносного оружия. Он возглавлял небольшой флот для испытания этого оружия и миссия должна была быть строго засекреченной. Его сигнал сильно глушили и мы не смогли определить кто именно атакует."" $heOrShe объясняет. ""Комитет крайне обеспокоен главным образом из-за самого Банаха Салазара. Он наш лучший ученый по движению и взаимодействию заряженных частиц в фазовом пространстве. Мы не можем его потерять.""

Элиза делает глоток чая: ""Комитет проводит бесконечные совещания о том как нам реагировать. Но мне нужны немедленные и эффективные действия. Его последняя известная позиция в системе $dpl_artworks_systemName на расстоянии $dpl_artworks_dist световых лет отсюда. Будьте осторожны капитан $playerName - мы не знаем что там. Я уверена это что-то опасное. Я назначила выплату в $dpl_artworks_reward кредитов.""","dpl_artworks_begin:Принять
contact_decline:Отклонить",
dpl_artworksAcceptContact,DialogOptionSelected,$option == dpl_artworks_begin,$global.dpl_artworksStarted = true,"Элиза смотрит вам в глаза: ""Пожалуйста возвращайтесь. Если увидите что-то странное не рискуйте. Я хочу чтобы вы были в безопасности. В худшем случае мы потеряем одного важного человека. Я не хочу потерять еще одного.""",dpl_artworks_begin1:Не волнуйся Элиза. Мы никого важного не потеряем.,
dpl_artworksAcceptContact2,DialogOptionSelected,$option == dpl_artworks_begin1,"Highlight ""save your game""",Предупреждение: эта миссия может быть сложной. Рекомендуется сохранить игру перед вылетом в эту систему.,contact_accept:Понял.,
dpl_artworksBanachEncounter,OpenCommLink,$entity.dpl_artworks_banachfleet score:100,,"На экране появляется Банах Салазар старший полевой исследователь. Его глаза странного фиолетового цвета и когда вы смотрите в них кажется будто видите другую галактику. Он говорит серьезно: ""Внимание входящему судну! Мы спецгруппа Фазовой Лаборатории на строго засекреченной миссии. Держитесь на дистанции. Прием.""",dpl_artworks_ask:Вице-адмирал Лавлейс получила ваш сигнал бедствия и отправила меня помочь.,
dpl_artworksBanachEncounter1,DialogOptionSelected,$option == dpl_artworks_ask,$global.dpl_artworksMetSalazar = true,"Банах вздыхает: ""Что ж лучше чем ничего. Я поверю вам капитан. Мы и так в тяжелом положении и я рад что нам не придется иметь дело еще с одним врагом.""",dpl_artworks_ask1:Что вы имеете в виду? Ваш флот вообще не поврежден.,
dpl_artworksBanachEncounter2,DialogOptionSelected,$option == dpl_artworks_ask1,unset $entity.missionImportant,"Банах закрывает глаза: ""Кто-то нас преследует. Они хитрые. Они не хотят сражаться напрямую но похоже им нужно что-то от нас поэтому они блокируют нас в этой системе и глушат наши сигналы.""

Он прочищает горло: ""Но с вашей помощью капитан мы можем их победить. Я поведу атаку и буду сражаться до последнего вздоха.""",dpl_artworks_ask2:Стойте. Вам нужно вернуться на Research Site V живым иначе Элиза будет зла на меня.,
dpl_artworksBanachEncounter3,DialogOptionSelected,$option == dpl_artworks_ask2,,"Он вздыхает: ""Ладно полагаю сейчас не время спорить. Я уже загрузил данные испытаний в спаскапсулу. И сам в нее сяду. Если случится что-то плохое она стартует и доставит меня обратно на Research Site V. И капитан если что-то пойдет не так пожалуйста вернитесь и скажите Элизе что оружие работает. Для меня и для Фазовой Лаборатории это очень важно.""",dpl_artworks_ask3:Понял. Берегите себя.,
dpl_artworksBanachEncounter4,DialogOptionSelected,$option == dpl_artworks_ask3,$entity.ignorePlayerCommRequests = true,"Его глаза широко раскрываются: ""Вражеский флот на подходе! Боевая тревога!"" Связь обрывается.",cutCommLink:Готовиться к бою.,
dpl_artworksOmegaEncounter,BeginFleetEncounter,"$dpl_artworks_omegafleet score: 1000
!$global.dpl_artworks_metomega",$global.dpl_artworks_metomega = true,"""цель Банах Салазар
важное оборудование обнаружено
потенциальный союзный флот опознан
чтобы заслужить благословение Омеги
оборудование
передать!
иначе
полное уничтожение!""

Похоже, этот странный ИИ хочет заполучить оружие Банаха. А имя Омега кажется вам смутно знакомым. Пока вы пытаетесь осмыслить происходящее, Банах выходит в эфир: ""Внимание, флот дронов! Этот флот перевозит засекреченное оружие Фазовой Лаборатории. Вы можете вступить в бой и понести потери, но оружие не получите.""

Странный ИИ обрывает связь. Похоже, чтобы открыть Банаху путь обратно на Исследовательский объект V, придётся их уничтожить.",cutCommLink:Ну и переговорщик.,
dpl_artworks_completeOpen,PopulateOptions,"$id == eliza_lovelace
!$dpl_artworks_completed
$dpl_artworks_killed ",SetOptionColor dpl_artworks_complete buttonShortcut,,dpl_artworks_complete:Я вернулся(лась)! Банах должен быть в безопасности.,
dpl_artworks_complete,DialogOptionSelected,$option == dpl_artworks_complete,"$dpl_artworks_completed = true
$global.dpl_artworks_Completed = true
unset $global.dpl_artworksStarted","Элиза улыбается: ""Да старший полевой исследователь Салазар прибыл раньше. Его отчет впечатляет и мы можем объявить разработку нового засекреченного оружия успешной.""",dpl_artworks_complete1:Можно подробнее об этом оружии?,
dpl_artworks_complete1,DialogOptionSelected,$option == dpl_artworks_complete1,,"Элиза вздыхает но затем сдается с тихим смешком: ""Похоже мощное оружие неизбежно привлекает ваше внимание капитан? Что ж без вас проект скорее всего закончился бы провалом. Ладно объясню: это улучшенная версия нашей phase lightning cannon. Но благодаря специальной макроструктуре кластеров заряженных частиц в фазовом пространстве она хранит гораздо больше заряда. Поэтому при выстреле генерирует больше цепей молний. Достаточно чтобы любой корабль почувствовал себя под ударом гиперпространственной штормовой туманности.""",dpl_artworks_complete2:Я видел(а) как она стреляет и это впечатляет. Можно мне такую?,
dpl_artworks_complete2,DialogOptionSelected,$option == dpl_artworks_complete2,,"Элиза смеется: ""Вообще Банах очень впечатлен вашими боевыми навыками. И как руководитель разработки этого оружия он как раз просил меня дать вам возможность стать одним из бета-тестеров.""

Она делает глоток чая: ""Считаю это вашим согласием. Условия такие: вы получите две копии этого прототипного оружия. Они остаются у вас бесплатно и используйте их в боях как захотите - нам все равно как именно, хотя надеюсь не для террора невинных. Но пожалуйста сообщайте нам если найдете какие-либо сбои.""",dpl_artworks_complete3:Думаю соглашусь. А если сбоев не будет?,
dpl_artworks_complete3,DialogOptionSelected,$option == dpl_artworks_complete3,AddRemoveAnyItem WEAPONS dpl_song_of_light 2,"Элиза улыбается: ""Тогда ничего делать не нужно. Оружие остается у вас. Честно говоря мы и ожидаем что все будет работать без проблем но должны убедиться.""",dpl_artworks_leave:Спасибо! Это отлично!,
dpl_artworks_leave,DialogOptionSelected,$option == dpl_artworks_leave,"ShowDefaultVisual
EndConversation",,,
,,,,,,
#Dead Men Tell no Tales,,,,,,
dpl_dmtntBlurb,dpl_dmtnt_blurb,$id == eliza_lovelace,,"""У меня миссия наивысшего приоритета. Глава Департамента безопасности потерял связь во время испытательного полета нового фазового капитала вместе со всем флотом. Что бы это ни было, оно крайне опасно. Мы должны немедленно расследовать этот инцидент.""",,
dpl_dmtntOption,dpl_dmtnt_option,$id == eliza_lovelace,SetOptionColor dpl_dmtnt_start buttonShortcut,,dpl_dmtnt_start:Спросить о расследовании.,
dpl_dmtntOfferTextContact,DialogOptionSelected,$option == dpl_dmtnt_start,"$missionId = dpl_dmtnt
Highlight $dpl_dmtnt_systemName $dpl_dmtnt_dist $dpl_dmtnt_reward","""Глава нашего Департамента безопасности Нельсон Бонапарт хотел разработать фазовый капитальный корабль."" $heOrShe объясняет. ""По его указанию мы изготовили прототип под обозначением Piano-class, и Нельсон решил лично провести испытание. Для эскорта ему выделили два фазовых крейсера класса Tenoroon. Эскортный флот также несет два типа мощных засекреченных оружейных систем, которые мы хотели передать Департаменту безопасности для полевых тестов.""

Элиза кусает палец и выглядит заметно напряженной. ""Потеря связи с флотом, у которого такое конфиденциальное и мощное вооружение... Я даже не представляю, на что похож этот враг. Комитет запускает внутреннюю проверку, чтобы понять что происходит, но пока мне нужен кто-то, кто немедленно начнет полевое расследование. Отправляйтесь в систему $dpl_dmtnt_systemName на расстоянии $dpl_dmtnt_dist световых лет отсюда и попробуйте найти зацепки. Будьте осторожны капитан $playerName. Что бы вы ни встретили, оно смогло вывести из строя главу Департамента безопасности. Я назначила выплату в $dpl_dmtnt_reward кредитов.""","dpl_dmtnt_begin:Принять
contact_decline:Отклонить",
dpl_dmtntAcceptContact,DialogOptionSelected,$option == dpl_dmtnt_begin,$global.dpl_dmtntStarted = true,"Элиза смотрит вам в глаза: ""Пожалуйста вернитесь. Если увидите что-то странное не рискуйте. Я хочу чтобы вы были в безопасности.""",dpl_dmtnt_begin1:Не волнуйся. Я вернусь как всегда.,
dpl_dmtntAcceptContact2,DialogOptionSelected,$option == dpl_dmtnt_begin1,"Highlight ""save your game""",Предупреждение: эта миссия может быть сложной. Рекомендуется сохранить игру перед вылетом в эту систему.,contact_accept:Понял.,
dpl_dmtnt_fleetOpen,OpenCommLink,$entity.dpl_dmtnt_chairfleet score:100,,"К вашему удивлению на запрос связи лично отвечает Нельсон Бонапарт, глава Департамента безопасности Фазовой Лаборатории, и на экране он выглядит совершенно невредимым: ""Не ожидал что кто-то придет так быстро. Даже моим сторонникам нужно время чтобы собраться. Ты с моим завоеванием или тебя предстоит завоевать?""",dpl_dmtnt_ask:Председатель...? Элиза послала меня проверить что вы в порядке.,
dpl_dmtnt_fleetOpen1,DialogOptionSelected,$option == dpl_dmtnt_ask,,"""Элиза Лавлейс, эта трусиха? Все как я и думал: из тех кто спросит устал ли ты даже если на нее наставлен меч, и не ударит в ответ пока ее не пронзят первой."" Нельсон смеется: ""Как такая наивная и слабая девчонка может вести нашу фракцию? Этому сектору нужен завоеватель который силой поставит этих крестьян на колени. А не испуганная трусливая женщина боящаяся крови и смерти.""",dpl_dmtnt_ask1:Что вы несете?,
dpl_dmtnt_fleetOpen2,DialogOptionSelected,$option == dpl_dmtnt_ask1,,"Он смеется: ""Что я несу? Просто посмотри в свой жалкий tri-pad - на нашу унизительную историю! Мы могли стереть Казерон с карты когда их флот разлетелся в клочья. Мы могли устроить сат-бомбардировку Куланна и Эочу Бреса когда Tri-Tachyon начала ту войну. Мы могли уничтожить любую планету своим превосходящим флотом и технологиями. И что она с этим сделала? Ничего! Мы получили только договоры, договоры и еще договоры!!! С меня хватит этого бреда.""

Он поправляет форму и с самодовольной ухмылкой смотрит на вас: ""А это мой шанс. С этим невероятным новым кораблем я наконец возьму все в свои руки и положу начало моему завоеванию. Нельсон, верховный завоеватель, лидер Helheim Supremacy! Я открою новую эру для сектора уничтожив все глупые фракции которые считают этот сектор своим и захватив их колонии! Лишь тогда великие дела будут завершены.""",dpl_dmtnt_ask2:В те моменты она сражалась на своем корабле. А где были вы?,
dpl_dmtnt_fleetOpen3,DialogOptionSelected,$option == dpl_dmtnt_ask2,,"Нельсон хмурится и стискивает зубы: ""Хватит! Это твой последний шанс. Ты должен знать что я милостив к верным последователям. Присоединяйся и пожнешь награды.""

Он улыбается от одной мысли: ""Я вижу это в твоих глазах. Жажда власти. Непоколебимая уверенность... Да, с таким капитаном как ты мы завоюем весь сектор. Начнем с Халкедона, затем Казерона. Построим больше флотов, расширим армию, потом покорим западный сектор. А когда Гегемонии не станет, финальным шагом будет сат-бомбардировка Research Site V, чтобы выжечь идиотские идеалы этого Директора вместе со всеми инакомыслящими. А ты... ты станешь моим вторым командующим. Разве не захватывающе, капитан?""","dpl_dmtnt_ask3:Я бы сказал что твоя нелепая сказка закончится здесь.
dpl_dmtnt_ask4:Зачем тебе это? Элиза за тебя переживает.
dpl_dmtnt_ask5:Я? Твой подчиненный? Не смеши.
dpl_dmtnt_ask6:Эх... Слишком много хлопот.",
dpl_dmtnt_fleetOpen4,DialogOptionSelected,$option == dpl_dmtnt_ask3,$entity.ignorePlayerCommRequests = true,"""Понятно. Тогда ты станешь моей первой добычей капитан. Какая жалость."" Он смеется и отключает транспондер.",cutCommLink:Разорвать связь.,
dpl_dmtnt_fleetOpen5,DialogOptionSelected,$option == dpl_dmtnt_ask4,$entity.ignorePlayerCommRequests = true,"""Трусы. Вы все одинаковые. Посмотрим проявите ли вы ко мне сочувствие когда я превращу вас в пыль. И кстати? Я к вам сочувствия не испытываю. Наоборот мне не терпится увидеть ваши лица когда я отправлю вас в конец."" Он смеется и отключает транспондер.",cutCommLink:Разорвать связь.,
dpl_dmtnt_fleetOpen6,DialogOptionSelected,$option == dpl_dmtnt_ask5,$entity.ignorePlayerCommRequests = true,"Нельсон хмурится и смотрит на вас с презрением словно вы куча мусора у него на пути. ""Хорошо. Я покажу тебе твое место червь!!!""",cutCommLink:Разорвать связь.,
dpl_dmtnt_fleetOpen7,DialogOptionSelected,$option == dpl_dmtnt_ask6,$entity.ignorePlayerCommRequests = true,"""..."" Нельсон ошарашенно смотрит на вас явно не находя слов. На мгновение он думает стоит ли еще попытаться вас убедить, но глядя на ваше пустое выражение лица приходит к выводу что вы того не стоите.",cutCommLink:Разорвать связь.,
dpl_dmtnt_completeOpen,PopulateOptions,"$id == eliza_lovelace
$dpl_dmtnt_killed
!$dpl_dmtnt_completed",SetOptionColor dpl_dmtnt_complete buttonShortcut,,dpl_dmtnt_complete:Я вернулся(лась). Расследование завершено.,
dpl_dmtnt_complete,DialogOptionSelected,$option == dpl_dmtnt_complete,"$dpl_dmtnt_completed = true
unset $global.dpl_dmtntStarted","Элиза при вашем появлении выглядит крайне встревоженной: ""Ох... С вами никого нет... Значит...""

Вы объясняете Элизе что Нельсон и его флот оказались предателями из ""Helheim Supremacy"". За короткий миг по ее лицу проходит целая буря эмоций.

Прежде чем вы переходите к подробностям она качает головой и пытается выдавить улыбку: ""Во-первых отличная работа капитан $playerName. Но прежде чем обсуждать остальное - что с обломками?""",dpl_dmtnt_complete2:Корабль уничтожен.,
dpl_dmtnt_complete2,DialogOptionSelected,$option == dpl_dmtnt_complete2,dpl_colony_CMD givePiano,"""Это не проблема: тот прототип не был по-настоящему важен для наших исследований, и по итогам этой истории оказался просто пустой тратой времени и ресурсов. Но у нас есть еще один прототип, собранный как резервный план, и вы можете забрать его. Мы собирались пустить его на переработку, но думаю человек вашего уровня найдет ему лучшее применение.""

Элиза выглядит неуверенно: ""Но что с оружием? Вам удалось его вернуть?""",dpl_dmtnt_complete2A:Они были повреждены без возможности ремонта.,
dpl_dmtnt_complete2A,DialogOptionSelected,$option == dpl_dmtnt_complete2A,,"Элиза вздыхает: ""Я так и думала. Но это передовые шедевры вооружения Фазовой Лаборатории. Возможно мы сможем их восстановить, если вы привезли их обломки...""",dpl_dmtnt_complete2AC:Приказать утилизационной команде доложить о любых подозрительных объектах похожих на оружие.,
dpl_dmtnt_complete2AC,DialogOptionSelected,$option == dpl_dmtnt_complete2AC,,"После двадцати минут ожидания вы передаете Элизе видеодоклад от вашего офицера утилизации. ""Фух... Какое облегчение."" Плечи Элизы расслабляются и она делает глоток чая. ""К счастью это будет несложно починить.""",dpl_dmtnt_complete2AC2:Но похоже они вообще не работают.,
dpl_dmtnt_complete2AC2,DialogOptionSelected,$option == dpl_dmtnt_complete2AC2,,"""На первый взгляд так и есть, но на деле Нельсон добавил в оружие шифрование, которое позволяет заряжать его только ""авторизованным"" кораблям. Он использовал устройство под названием Phase-Lock: без входного сигнала вызывающего фазовый резонанс между его катушками оно блокирует подачу энергии в оружие. Метод довольно детский, если честно.""

Элиза делает еще глоток чая уже готовясь снять блокировку: ""Но вынуждена признать что я впечатлена. Ваши техники пытались его запустить, перебирали разные сигналы и только потом сдались. И благодаря этому они дали мне достаточно неправильных попыток чтобы я поняла на какую ""мелодию"" настроен Phase-Lock. Теперь мне нужно сыграть контрмелодию и окончательно разрушить устройство. Капитан $playerName, я сыграю на терменвоксе. Не могли бы вы записать это для меня? Для людей это должно быть безопасно, и мне нужна запись без потерь.""",dpl_dmtnt_complete2AC3:Приказать офицеру связи принести рекордер ЭМ-спектра.,
dpl_dmtnt_complete2AC3,DialogOptionSelected,$option == dpl_dmtnt_complete2AC3,,"Элиза улыбается: ""Какой красивый фонограф. Теперь могу начать выступление.""

Элиза начинает играть на терменвоксе, и весь процесс выглядит почти как танец. Терменвокс не подключен к воспроизведению звука, поэтому в помещении на протяжении всего выступления стоит тишина. Но для вас это все равно невероятно сильное ощущение. И довольно тревожное.

Через 3 минуты выступление заканчивается: ""Готово. Пусть этот рекордер излучает ЭМ-сигналы рядом с обломками оружия, это должно вызвать фазовый резонанс между катушками устройства. Но пусть ваши люди держатся подальше, я не хочу чтобы кто-то пострадал.""",dpl_dmtnt_complete2AC4:Приказать офицеру связи вернуть рекордер обратно.,
dpl_dmtnt_complete2AC4,DialogOptionSelected,$option == dpl_dmtnt_complete2AC4,"AddRemoveAnyItem WEAPONS dpl_song_of_time 2
AddRemoveAnyItem WEAPONS dpl_song_of_dimension 2
AddRemoveAnyItem WEAPONS dpl_hydraulis_notes 12","После еще короткого ожидания ваш офицер утилизации присылает видеодоклад. Вы смотрите его вместе с Элизой. На видео ЭМ-рекордер начинает излучать сигналы, на оружии загораются зеленые индикаторы. Оно начинает дымиться и искрить, а через две минуты отдельные узлы вспыхивают и взрываются. Это очень похоже на хирургическое удаление паразита. Вскоре после этого техофицер докладывает что оружие снова работоспособно.

Элиза тихо выдыхает и довольно улыбается: ""И вуаля. Phase-Lock больше нет. Капитан $playerName, можете оставить это оружие себе как награду за вашу тяжелую работу. Думаю в ваших руках оно послужит лучшему делу.""",dpl_dmtnt_complete2AC5:Это было... нечто.,
dpl_dmtnt_completereport,DialogOptionSelected,$option == dpl_dmtnt_complete2AC5,,"""Рада что вам понравилось мое выступление."" Элиза смеется. Затем делает глоток чая но вы замечаете неровное дыхание и потухший взгляд. ""Итак капитан $playerName. Хотите обсудить что-то еще?""","dpl_dmtnt_elizachoice01:О предательстве Нельсона...
dpl_dmtnt_elizachoice02:Нет. Тебе нужно немного времени для себя. Береги себя.
dpl_dmtnt_elizachoice03:Я не могу просто забрать это. Разве это не засекреченная собственность Фазовой Лаборатории?",
dpl_dmtnt_elizachoice01,DialogOptionSelected,$option == dpl_dmtnt_elizachoice01,,"Элиза вздыхает: ""Я... не ожидала что такой человек предаст нас. Нельсон был очень важной фигурой в Департаменте безопасности. Каким бы он ни казался вам, его вклад в Domain Phase Labs был огромным. Осознать что такой человек стал врагом... я даже не могу выразить насколько это тяжелый удар.""

Элиза очень долго выдыхает, и от этого даже вы чувствуете усталость. ""Похоже здесь еще долго будет хаос...""

Она собирается снова отпить чай, но просто смотрит на свое отражение в чашке. После долгой паузы она поднимает взгляд на вас, будто вы можете дать ответ.

""Нельсон, он..."" Элиза пытается спросить что-то, но сбивается.","dpl_dmtnt_elizanelsonchoice1:Нельсон сделал это ради власти. Это не твоя вина.
dpl_dmtnt_elizanelsonchoice2:Нельсон просто идиот что пошел против тебя.
dpl_dmtnt_elizanelsonchoice3:Я бы никогда тебя не предал(а).",
dpl_dmtnt_elizanelsonchoice3,DialogOptionSelected,$option == dpl_dmtnt_elizanelsonchoice3,AdjustRepPerson eliza_lovelace SUSPICIOUS -1,"""Эм... Это мило с вашей стороны, но я не об этом беспокоюсь. Я хочу понять что--- ...Ладно, неважно.""

...Наступает неловкая тишина. Продолжить разговор становится почти невозможно.",dpl_dmtnt_complete4:Продолжить...,
dpl_dmtnt_elizanelsonchoice2,DialogOptionSelected,$option == dpl_dmtnt_elizanelsonchoice2,AdjustRepPerson eliza_lovelace COOPERATIVE 3,"""Но он был---"" Не дав ей договорить вы перебиваете и начинаете сыпать новыми оскорблениями в адрес Нельсона. Что он тупица. Что он слепой болван который не видит насколько Элиза отличный лидер. С великим красноречием вы перечисляете насколько она умна, красива и как много сделала.

""Ох капитан прекратите."" Она слегка краснеет. Она понимает что вы намеренно перегибаете с лестью до абсурда. И вы тоже это понимаете. Но именно поэтому продолжаете: глупые похвалы Элизе и детские обзывания Нельсона - потому что это смешно. Даже если это ломает ваш серьезный профессиональный образ. И в итоге Элиза не выдерживает и тихо хихикает.

""Хе-хе... Спасибо капитан. Пожалуй когда вы так говорите мне и правда становится легче. Да--- Вы правы. К черту этого Нельсона! Этого противного дурака!"" Она игриво сжимает кулак будто выплескивает злость. Она не совсем всерьез, но старается посмотреть на ситуацию под этим углом. Пусть и немного натянуто. Зато лицо у нее стало заметно светлее.",dpl_dmtnt_complete4:Вот именно! К черту этого типа!,
dpl_dmtnt_elizanelsonchoice1,DialogOptionSelected,$option == dpl_dmtnt_elizanelsonchoice1,AdjustRepPerson eliza_lovelace COOPERATIVE 1,"""...Да. Я знаю. Иногда я слишком строга к себе, но даже я понимаю что это было вне моего контроля.""

Она вздыхает: ""И все же... я не могу отделаться от мысли что на этом месте должен быть кто-то лучше меня. При всех моих усилиях я все равно иногда слышу недовольство особенно среди других членов комитета... И мы допустили формирование мятежа у себя под носом.""","dpl_dmtnt_elizanelsonchoice1var1:Ты человек Элиза. Не будь к себе так жестока.
dpl_dmtnt_elizanelsonchoice1var2:Именно благодаря тебе DPL стал таким. Гордись этим.
dpl_dmtnt_elizanelsonchoice1var3:Я бы никогда тебя не предал(а).",
dpl_dmtnt_elizanelsonchoice1var1,DialogOptionSelected,$option == dpl_dmtnt_elizanelsonchoice1var1,,"""И я должна нести свой долг через тяжелые времена, как несла, как несу сейчас и как буду нести дальше.""

Она вздыхает и делает большой глоток чая будто пытается вымыть из головы все изматывающие мысли. ""Спасибо капитан.""",dpl_dmtnt_complete4:Просто говорю как есть.,
dpl_dmtnt_elizanelsonchoice1var3,DialogOptionSelected,$option == dpl_dmtnt_elizanelsonchoice1var3,,"""Эм... Хаха. Да, я знаю. Но спасибо что сказали это капитан.""

Хотя она ценит ваши добрые слова, вы чувствуете что момент был не самым удачным.",dpl_dmtnt_complete4:Хм...,
dpl_dmtnt_elizanelsonchoice1var2,DialogOptionSelected,$option == dpl_dmtnt_elizanelsonchoice1var2,AdjustRepPerson eliza_lovelace COOPERATIVE 1,"Вы объясняете что достижения Элизы действительно выдающиеся. Удержать позицию крупной фракции на уровне Синдрийского Диктата, внушать страх Персеанской Лиге и уважение Гегемонии... И все это с минимальным кровопролитием благодаря ей.

Вы говорите ей что граждане Domain Phase Labs могут жить с достоинством - возможно самой ""человечной"" жизнью во всем секторе. Без мегакорпораций которые считают людей расходным материалом. Без лицемерной веры которая внушает право на чужое. Без правителей которые используют патриотов как пешки в своей ""игре"".

Вы говорите Элизе:",dpl_dmtnt_elizanelsonchoice1var2C:Ты проделала отличную работу.,
dpl_dmtnt_elizanelsonchoice1var2C,DialogOptionSelected,$option == dpl_dmtnt_elizanelsonchoice1var2C,AdjustRepPerson eliza_lovelace COOPERATIVE 2,"""...""

Элиза смотрит на вас растерянно, будто лишившись слов. Похоже для нее это почти откровение.

""Капитан..."" - единственное слово которое она может произнести.","dpl_dmtnt_elizanelsonchoice1var2TC1:Похлопать ее по плечу.
dpl_dmtnt_elizanelsonchoice1var2TC2:Если что... я на твоей стороне.",
dpl_dmtnt_elizanelsonchoice1var2TC1,DialogOptionSelected,$option == dpl_dmtnt_elizanelsonchoice1var2TC1,AdjustRepPerson eliza_lovelace COOPERATIVE 3,"""О-ой. Чуть больно. Но... Хаха. Спасибо капитан. Правда. Я серьезно. Я не забуду что вы сказали сегодня.""

Элиза улыбается так, будто ее сомнения окончательно развеялись. В ее взгляде на вас есть едва уловимая перемена. Словно она видит в вас старого друга, а не просто профессионала на дистанции.",dpl_dmtnt_complete4:Пожалуйста.,
dpl_dmtnt_elizanelsonchoice1var2TC2,DialogOptionSelected,$option == dpl_dmtnt_elizanelsonchoice1var2TC2,AdjustRepPerson eliza_lovelace COOPERATIVE 5,"Элиза на мгновение поворачивается к вам спиной. Вам кажется вы успеваете заметить как у нее слегка блестят глаза.

Затем она оборачивается обратно, уже с платком в руке. Глаза чуть покраснели, но на лице вместо прежней мрачности появляется мягкая искренняя улыбка.

""...Спасибо, $playerName. Я не ожидала что вы окажетесь таким добрым человеком, но... я рада что встретила вас.""",dpl_dmtnt_complete4:Пожалуйста.,
dpl_dmtnt_elizachoice02,DialogOptionSelected,$option == dpl_dmtnt_elizachoice02,AdjustRepPerson eliza_lovelace COOPERATIVE 1,Да... Думаю вы правы капитан. Спасибо за понимание.,dpl_dmtnt_complete4:Продолжить...,
dpl_dmtnt_elizachoice03,DialogOptionSelected,$option == dpl_dmtnt_elizachoice03,AdjustRepPerson eliza_lovelace COOPERATIVE 3,"Элиза улыбается, явно довольная вашей осторожностью. ""Именно поэтому я и хочу чтобы они были у вас капитан. Я очень рада видеть что человек вашего уровня все еще может преодолеть соблазн и выбрать правильный путь. Вам можно доверять, поэтому я и хочу передать их вам.""",dpl_dmtnt_complete4:Тогда... я найду им достойное применение.,
dpl_dmtnt_complete4,DialogOptionSelected,$option == dpl_dmtnt_complete4,,"Элиза берет паузу чтобы собрать эмоции. После глубокого вдоха она делает глоток чая и замечает что тот уже остыл:

""Мм... Вернемся к делу. Проверьте записи утилизации, или хотя бы дайте мне посмотреть журнал флота. Детальная техническая работа всегда успокаивает. Может найдем что-то интересное.""

""Кстати, если вы задаетесь вопросом почему я остановила тот проект, хотя он выглядит отличным клинком для нашего флота, причина в том что это оружие заказал Нельсон..."" Она на секунду замолкает. ""Нельсон, предатель.""

Она встает и открывает дверь: ""Теперь это позорный символ Фазовой Лаборатории. Символ который может сплотить его невыявленных сторонников. Мы всегда сможем создать лучшее в будущем, но не можем допустить даже малейший шанс что такой корабль попадет к опасным врагам.""

Она приглашает вас вместе с ней на шаттл к доку и добавляет: ""Но как Директор Фазовой Лаборатории я хочу передать вам тот резервный прототип в подарок, а также это оружие как символ человека который пресек это предательство. Одним вашим присутствием будет жить память о дне когда вы отбросили эти злые безумные силы. О позоре наших врагов. Я верю что вы сможете придать им новый смысл. Такой который вдохновит наших людей надеждой.""",dpl_dmtnt_complete5:Поблагодарить Элизу и сесть в шаттл.,
dpl_dmtnt_complete5,DialogOptionSelected,$option == dpl_dmtnt_complete5,,"Хотя ваша утилизационная команда не смогла вернуть потерянный корабль, она все же зафиксировала много информации оставшейся в журнале корабля после боя. Элиза начинает расследование. Через час трассировки логов она вызывает вас и техофицера на борт. Похоже ей удалось найти что-то интересное.",dpl_dmtnt_complete6:Спросить что именно там нашли.,
dpl_dmtnt_complete6,DialogOptionSelected,$option == dpl_dmtnt_complete6,"SetStoryOption dpl_dmtnt_complete8 general ""Asked Eliza to extract the blueprints.""","После нескольких минут обсуждения ваш техофицер дает краткий отчет. Похоже журнал корабля содержит всю идеологию Helheim Supremacy. Тысячи страниц записей мыслей Нельсона: как он собирался расширять эту армию, плюс отдельный документ с регламентом Helheim Supremacy. Становится очевидно что это не более чем бред его маниакальной мечты стать верховным правителем.","dpl_dmtnt_complete7:Оставить это. Читать не стоит.
dpl_dmtnt_complete8:Попросить Элизу провести тщательную проверку и поискать что-нибудь важное.",
dpl_dmtnt_complete7,DialogOptionSelected,$option == dpl_dmtnt_complete7,,"Элиза улыбается: ""Да... Скорее всего там нет ничего важного. У меня ощущение что мое имя там упоминается очень часто и точно не в лестном тоне. Спасибо за все что вы сделали капитан $playerName. На этом мы наконец можем закрыть этот вопрос."" Она пожимает вам руку.",dpl_dmtnt_leave:Пожалуйста. Береги себя!,
dpl_dmtnt_complete8,DialogOptionSelected,$option == dpl_dmtnt_complete8,,"Элиза улыбается: ""Как скажете капитан $playerName. Мне и самой интересно что у него было в голове. Анализ этих идей может помочь нам не допустить подобных трагедий в будущем.""

Вы приказываете техофицеру и логистическому офицеру помочь ей извлечь и изучить этот материал. Процесс занимает часы, и наконец техофицер возвращается с возбужденным голосом: ""Мы нашли кое-что полезное!""",dpl_dmtnt_complete9:Спросить о результатах.,
dpl_dmtnt_complete9,DialogOptionSelected,$option == dpl_dmtnt_complete9,,"Техофицер зовет вас посмотреть лично. Элиза показывает извлеченный скрытый файл. Она декодирует его, и вы видите пакет чертежей - пакет чертежей Флота Фазовой Лаборатории. Элиза выглядит шокированной: ""Это... О нет.""

Элиза объясняет что этот пакет доступен лишь очень узкому кругу людей внутри Фазовой Лаборатории. Это означает что Helheim Supremacy опиралась на помощь других крайне высокопоставленных лиц, а не только Нельсона. Кого-то, чьи полномочия или доступ почти на уровне самой Элизы. Передача этих чертежей без разрешения - государственная измена высшей степени.",dpl_dmtnt_complete10:Спросить Элизу могу ли я получить этот пакет.,
dpl_dmtnt_complete10,DialogOptionSelected,$option == dpl_dmtnt_complete10,AddRemoveAnyItem SPECIAL dpl_navy_pkg 1,"Элиза улыбается: ""Ох капитан. Все такой же жадный. Ха-ха, шучу. Да, можете. Комитет принял мое предложение выдать вам доступ к базе проектов Флота Фазовой Лаборатории еще на прошлой неделе, потому что вы решили для нас слишком много проблем. И это идеальный момент чтобы передать вам эту авторизацию.""",dpl_dmtnt_leave:Спасибо Элиза. Я найду этому дару хорошее применение.,
dpl_dmtnt_leave,DialogOptionSelected,$option == dpl_dmtnt_leave,"ShowDefaultVisual
EndConversation",,,
,,,,,,
#Celebration,,,,,,
dpl_celebrationBlurb,dpl_celebration_blurb,$id == eliza_lovelace,,"""У меня удобная но важная миссия. Мы готовимся к ежегодному празднику ""Journeys End"". Департамент безопасности конечно обеспечит порядок... но после всего что случилось в последнее время я не чувствую уверенности. Нам нужна временная поддержка.""",,
dpl_celebrationOption,dpl_celebration_option,$id == eliza_lovelace,SetOptionColor dpl_celebration_start buttonShortcut,,dpl_celebration_start:Спросить о празднике.,
dpl_celebrationOfferTextContact,DialogOptionSelected,$option == dpl_celebration_start,"$missionId = dpl_celebration
Highlight $dpl_celebration_systemName $dpl_celebration_dist $dpl_celebration_reward","""Нам понадобилось два века чтобы добраться сюда. Мы потеряли многих людей и еще больше пожертвовали собой ради выживания Фазовой Лаборатории."" $heOrShe объясняет. ""Фазовая Лаборатория процветает в системе Muspelheim и исследования продолжаются. Многие хотят отметить это в память о тех кто не смог пройти этот путь вместе с нами.""

Элиза перебирает стопку документов но взгляд у нее расфокусирован. ""Провести праздник планировали еще несколько циклов назад, но дел накопилось слишком много и мероприятие постоянно откладывалось. Недавно комитет наконец утвердил большой праздник в системе Muspelheim и он состоится в ближайшие дни. Я ожидаю что из-за празднования оборона временно ослабнет и мне нужен кто-то чтобы усилить защиту. Я хочу чтобы ваш флот держал орбиту вокруг Research Site V до 10 дней и помогал перехватывать подозрительные флоты. Я назначила выплату в $dpl_celebration_reward кредитов.""","dpl_celebration_begin:Принять
contact_decline:Отклонить",
dpl_celebrationAcceptContact,DialogOptionSelected,$option == dpl_celebration_begin,$global.dpl_celebrationStarted = true,"Элиза улыбается: ""Спасибо капитан $playerName. У меня плохое предчувствие и я должна подготовиться к худшему сценарию.""

Она вздыхает: ""Мне возможно придется самой вести флот и участвовать в обороне. Но одновременно я должна оставаться здесь и помогать с организацией праздника. Очень тяжело собрать все воедино.""",dpl_celebration_begin1:Доверься своим людям. Ты не одна.,
dpl_celebrationAcceptContact2,DialogOptionSelected,$option == dpl_celebration_begin1,"Highlight ""save your game""",Предупреждение: провал этой миссии может привести к катастрофическим последствиям. Рекомендуется сохранить игру перед началом миссии.,contact_accept:Понял.,
dpl_celebrationPatherEncounter,BeginFleetEncounter,"$dpl_celebration_patherfleet score: 1000
!$global.dpl_celebration_metpather",$global.dpl_celebration_metpather = true,"Патер смеется: ""Слепые последователи Молоха! Когда празднуете свои жалкие жизни не забывайте что грядет армагеддон. Мы сожжем эту злую планету дотла. Наслаждайтесь последними минутами."" Он обрывает связь.",cutCommLink:Разорвать связь.,
dpl_celebrationBanachEncounter,OpenCommLink,$entity.dpl_celebration_banachfleet score:100,,"На экране появляется контр-адмирал Банах Салазар. Его глаза имеют странный фиолетовый оттенок и когда вы в них смотрите кажется будто видите другую галактику. Он приветствует вас и улыбается: ""Приветствую капитан $playerName! Банах Салазар на связи. Похоже я так и не поблагодарил вас в прошлый раз? Моя глубочайшая благодарность за вашу помощь тогда и сейчас.

Обычно я веду исследовательские силы во внешних мирах: зачищаем дрон-корабли и собираем научные данные. Но похоже в секторе в последнее время слишком неспокойно. О! Кстати Элиза постоянно говорит о вас только хорошее. Похоже вы действительно привлекли внимание Директора, хм?""",dpl_celebration_ask:Тогда что ты здесь делаешь? Почему не на празднике?,
dpl_celebrationBanachEncounter2,DialogOptionSelected,$option == dpl_celebration_ask,"unset $entity.missionImportant
$entity.ignorePlayerCommRequests = true","Он улыбается: ""Мой долг - защищать людей Фазовой Лаборатории. Праздник можно отметить потом, а сейчас я не хочу чтобы случилось что-то плохое. Вы тоже выбрали защищать людей и я уважаю этот выбор. Давайте сосредоточимся на миссии, а поговорим позже. Вы всегда желанный гость в моем кабинете! А пока удачи капитан!""",cutCommLink:И тебе удачи!,
dpl_celebration_completeOpen,PopulateOptions,"$id == eliza_lovelace
!$dpl_celebration_completed
$dpl_celebration_killed ",SetOptionColor dpl_celebration_complete buttonShortcut,,dpl_celebration_complete:Я вернулся(лась)! Ничего плохого не случилось.,
dpl_celebration_complete,DialogOptionSelected,$option == dpl_celebration_complete,"$dpl_celebration_completed = true
AdjustRepPerson eliza_lovelace COOPERATIVE 5","Элиза выглядит счастливее обычного: ""Спасибо капитан $playerName! Я даже не знаю как выразить благодарность. Без вас могла случиться большая катастрофа. Вы сознательно рискнули и в тот момент выбрали защиту мирных людей. За это я вами восхищаюсь.""",dpl_celebration_complete1:Это не только моя заслуга. Ваши офицеры флота тоже сражались отважно.,
dpl_celebration_complete1,DialogOptionSelected,$option == dpl_celebration_complete1,,"Элиза улыбается: ""Да и это действительно удивило меня. Я думала большинство офицеров возьмет передышку. Но они по-настоящему впечатлили меня. Как Банах, Банах Салазар: он только вернулся из дальнего исследовательского патруля и сразу после прыжка в систему включился в оборону. Мне нужно лично поблагодарить его позже.""",dpl_celebration_complete2:Вот видишь. Нужно больше верить своим людям.,
dpl_celebration_complete2,DialogOptionSelected,$option == dpl_celebration_complete2,,"""Я так рада это видеть!"" Элиза делает глоток чая и тихо бормочет: ""Возможно пришло время завершить период чрезвычайного режима Фазовой Лаборатории. Но мне еще нужно подготовить отчет.""

Она вздыхает, но сразу улыбается: ""В любом случае капитан $playerName я искренне ценю ваши бесстрашные действия и я уже оформила выплату. Вы настоящий герой.""",dpl_celebration_leave:Хорошего праздника!,
dpl_celebration_leave,DialogOptionSelected,$option == dpl_celebration_leave,"ShowDefaultVisual
EndConversation",,,
,,,,,,
#Justice,,,,,,
dpl_justiceBlurb,dpl_justice_blurb,$id == eliza_lovelace,,"""У меня строго засекреченная миссия по дополнительному расследованию мятежной группы под названием ""Helheim Supremacy"". Это высший приоритет.""",,
dpl_justiceOption,dpl_justice_option,$id == eliza_lovelace,SetOptionColor dpl_justice_start buttonShortcut,,dpl_justice_start:Спросить о расследовании Helheim Supremacy.,
dpl_justiceOfferTextContact,DialogOptionSelected,$option == dpl_justice_start,"$missionId = dpl_justice
Highlight $dpl_justice_systemName $dpl_justice_dist $dpl_justice_reward","""После предательства Нельсона Бонапарта Разведотдел провел серию проверок этой группы под названием ""Helheim Supremacy"", и результаты шокируют."" $heOrShe выглядит обеспокоенной. ""Выяснилось что Нельсон начал планировать эту нелегальную структуру еще во время заключения нашего договора с Персеанской Лигой - десять лет назад. И у нас есть доказательства что десятки тысяч людей в разных департаментах либо помогали этой незаконной группе либо вступили в нее. Сейчас мы готовим финальные меры чтобы покончить с этим раз и навсегда.""

Элиза смотрит вам в глаза: ""Капитан $playerName, мне нужен полевой агент чтобы помочь в срочном расследовании. В наших материалах часто встречается интересный код ""Valhalla"", особенно в логах самого Нельсона. Пока мы знаем что этот код обозначает звездную систему и мы знаем где она. Но нам нужно понять что находится в этой системе. Похоже это единственная структура которую Helheim Supremacy построила за пределами Muspelheim. Выясните какой план они там готовят. Система находится в $dpl_justice_systemName на расстоянии $dpl_justice_dist световых лет отсюда. Ваша награда минимум $dpl_justice_reward кредитов, точная сумма будет рассчитана после того как Разведотдел завершит анализ.""","dpl_justice_begin:Принять
contact_decline:Отклонить",
dpl_justiceAcceptContact,DialogOptionSelected,$option == dpl_justice_begin,$global.dpl_justiceStarted = true,"Элиза улыбается: ""Спасибо капитан $playerName. Я ожидаю что эту структуру хорошо охраняют их остаточные силы после того как вы победили Нельсона Бонапарта в прошлый раз. Будьте осторожны, но я верю что вы справитесь. Когда финальная операция завершится всех этих людей привлекут к ответственности и мы наконец закроем эту бессмысленную историю.""",dpl_justice_begin1:Считайте что уже сделано.,
dpl_justiceAcceptContact2,DialogOptionSelected,$option == dpl_justice_begin1,"Highlight ""save your game""","Предупреждение: эта миссия может быть сложной, а провал может привести к катастрофическим последствиям. Временной лимит - это общее время которое у вас есть чтобы предотвратить катастрофу. Рекомендуется сохранить игру.",contact_accept:Понял.,
dpl_justiceEncounter,BeginFleetEncounter,"$dpl_justice_factory score: 1000
!$global.dpl_justice_metfactory",$global.dpl_justice_metfactory = true,"Вы обнаружили загадочную действующую фабрику, странным образом не охраняемую ничем кроме самой себя. У нее тревожный IFF-код Helheim Supremacy. По внешнему виду видно что она модифицирована из списанных аванпостов неизвестного происхождения. Фабрика не строит корабли, но вы видите гигантский док подготовленный под нечто намного крупнее всего что вы встречали раньше. Ради блага сектора эту станцию необходимо уничтожить.",,
dpl_justiceReport,PopulateOptions,"$id == eliza_lovelace
!$global.dpl_justice_reported
$global.dpl_justice_destroyedFactory",SetOptionColor dpl_justice_report buttonShortcut,,dpl_justice_report:Я вернулся(лась). Там была фабрика но я ее уничтожил(а).,
dpl_justiceReportOpen,DialogOptionSelected,$option == dpl_justice_report,"SetPersonHidden banach_salazar true
$global.dpl_justice_reported = true","Вопреки ожиданию Элиза выглядит бледной, а голос дрожит: ""$playerName... наша операция утекла. Пока вас не было агенты Helheim Supremacy одновременно вышли из подполья, захватили большое число кораблей и покинули систему организованными силами. Мы пытались их перехватить, но их разведданные и скрытые агенты дали им преимущество. Также мы получили донесение от исследовательского флота о странном сферическом корабле. После доклада тот флот потерял связь.""

Она глубоко вдыхает: ""И хуже всего - мы наконец вскрыли часть самых сложных шифров Нельсона, и они показывают что он много лет назад украл крайне опасный проект корабля под названием Theater Organ. Форма сферического корабля из донесения почти идеально совпадает с формой этого проекта. И на нем установлены дополнительные нелегальные модули.""",dpl_justice_report1:То есть кто-то управляет этим кораблем Theater Organ?,
dpl_justiceReportOpen1,DialogOptionSelected,$option == dpl_justice_report1,,"Элиза становится очень серьезной: ""Да. И мы подозреваем что Helheim Supremacy готовит масштабный штурм с использованием этого корабля. Наши отчеты также приблизительно оценили их численность: суммарный размер их флотов больше любой системной обороны в любой системе любой фракции. Это... совершенно беспрецедентно.""

Она смотрит вам в глаза: ""Этот корабль - Theater Organ... Он способен стрелять плазменным лучом сравнимым по мощности с планетоубийцей, достаточно чтобы уничтожить планету одним выстрелом. Это фактически звезда Судного дня. Я остановила его разработку сразу после первого огневого испытания прототипа. Такой дизайн чрезмерно опасен. Прототип разобрали, а все проектные документы заперли глубоко под поверхностью Research Site V, чтобы гарантировать что это никогда больше не появится в нашей вселенной.""",dpl_justice_report2:Значит их план - выиграть космический бой и затем уничтожить планету?,
dpl_justiceReportOpen2,DialogOptionSelected,$option == dpl_justice_report2,,"Элиза вздыхает: ""Именно. Поэтому нам нужны немедленные действия чтобы этого не допустить. Ни одна фракция в одиночку не остановит эту тиранию. Нужны объединенные силы.""

Элиза кивает. ""Комитет уже начал действовать по этому вопросу, и пока вас не было я приказала контр-адмиралу Салазару организовать объединенный флот. Благодаря нашим предыдущим дипломатическим усилиям все основные фракции согласились выделить по одному флоту в объединенную группировку, и по отчету сбор прошел успешно.""",dpl_justice_report3:Тогда где именно мы должны держать оборону?,
dpl_justiceReportOpen3,DialogOptionSelected,$option == dpl_justice_report3,"Highlight ""Chicomoztoc""","Элиза смотрит вам в глаза: ""Chicomoztoc. Мы задействовали все исследовательские флоты чтобы найти ударную группировку Helheim Supremacy и сопровождать ее любой ценой. Большинство донесений указывает что ударный флот движется к системе Aztlan.""

Она вздыхает: ""В этом смысле они предсказуемы. Helheim Supremacy ищет возможность посеять ужас в сердцах всего сектора. И что может сработать лучше чем испарить планету на которой живет больше половины всего населения сектора? Мы обязаны остановить этот геноцид любой ценой.""",dpl_justice_report4:Как ты убедила Персеанскую Лигу отправить корабли на защиту колоний Гегемонии?,
dpl_justiceReportOpen4,DialogOptionSelected,$option == dpl_justice_report4,,"Элиза вздыхает: ""Это Chicomoztoc. Потеря этой планеты почти равна вымиранию человечества в этом секторе. И все понимают что их колонии могут стать следующей целью. Что мешает этой безумной Helheim Supremacy после падения Chicomoztoc использовать Theater Organ чтобы испарить Казерон или Куланн?""

Она глубоко вдыхает: ""Я уже организовала дипломатическую встречу с Высоким Гегемоном Даудом и провела для него краткий виртуальный брифинг по объединенному флоту. Теперь мне нужен способный агент чтобы отправиться туда, договориться с Гегемонией и убедиться что объединенный флот допустят к участию в системной обороне. Вы возьмете на себя эту задачу?""",dpl_justice_leave:Тогда я отправляюсь на Chicomoztoc.,
dpl_justiceDaud,PopulateOptions,"$id == daud
$global.dpl_justice_reported
!$global.dpl_justice_discussed",SetOptionColor dpl_justice_discuss buttonShortcut,,dpl_justice_discuss:Я агент вице-адмирала Лавлейс. Мне нужно встретиться с Высоким Гегемоном.,
dpl_justiceDaudOpen,DialogOptionSelected,$option == dpl_justice_discuss,$global.dpl_justice_discussed = true,"Кадет на мгновение теряется от неожиданности, рука дергается пока он выполняет запрос. Лицо тут же застывает в служебной строгости.

""Принято, $playerSirOrMadam. Получено и благодарю, $playerSirOrMadam. Оставайтесь на линии. Связь завершена.""

На дисплее снова появляется герб Гегемонии.",dpl_justice_discuss1:Продолжить,
dpl_justiceDaudOpen1,DialogOptionSelected,$option == dpl_justice_discuss1,BeginConversation daud false true,Сам Дауд появляется почти сразу после вашего запроса.,dpl_justice_discuss2:Я прибыл(а) помочь в обороне Chicomoztoc.,
dpl_justiceDaudOpen2,DialogOptionSelected,$option == dpl_justice_discuss2,"AdjustRep hegemony NEUTRAL 60
$global.EIS_taxespaid = true 90
$player.metDaud = true","""$playerName,"" говорит он.

Он вздыхает: ""Это вы. Не удивлен. Вы знаете обстановку и тратить время я не буду. Сейчас главное - держаться вместе. Я приказал очистить любые ваши прошлые нарушения закона если таковые есть.""",dpl_justice_discuss3:Переходим к делу. У нас есть объединенный флот для обороны.,
dpl_justiceDaudOpen3,DialogOptionSelected,$option == dpl_justice_discuss3,,"""Да, объединенный флот нам необходим. COMSEC тоже прислал отчеты о приближающемся ударном флоте. По размеру он сопоставим с крупными ударными группировками Второй ИИ-войны."" Он продолжает: ""И я должен признать что Гегемония не способна собрать оборону сопоставимого масштаба за такой короткий срок. Честно говоря меня удивляет что кто-то вообще смог так быстро мобилизовать такую силу.""",dpl_justice_discuss4:Хорошо. Давайте обсуждать детали плана обороны.,
dpl_justiceDaudOpen4,DialogOptionSelected,$option == dpl_justice_discuss4,,"Он говорит: ""На данный момент план такой: объединенный флот входит в систему Aztlan под временными IFF-кодами Гегемонии и действует совместно с местными силами обороны. Командование объединенным флотом получает контр-адмирал Салазар, а прочие ударные группы Гегемонии направляющиеся к обороне Chicomoztoc присоединяются к объединенному флоту. Общая стратегическая цель - собрать силы и вступить в бой вдали от Chicomoztoc. Мы не можем рисковать и подпускать этот корабль-планетоубийцу достаточно близко чтобы он выстрелил плазменным лучом.""",dpl_justice_discuss5:План хороший. Где в нем мое место?,
dpl_justiceDaudOpen5,DialogOptionSelected,$option == dpl_justice_discuss5,,"""У вас ведь тоже есть флот, верно?"" Он вздыхает: ""Сейчас слишком поздно выдавать вам временный IFF Гегемонии. Думаю вы сами понимаете что делать: подключайтесь к обороне как независимая сила, и вы не обязаны исполнять чужие приказы.""

Он добавляет: ""Но держитесь рядом с объединенным флотом и активно вступайте в бой. Даже с вашей помощью и с объединенным флотом нас все равно сильно меньше. Нам нужен каждый корабль для защиты планеты.""",dpl_justice_discuss6:Понял.,
dpl_justiceDaudOpen6,DialogOptionSelected,$option == dpl_justice_discuss6,,"Дауд кивает, затем закрывает глаза и выглядит крайне уставшим.

""Помните: от этой битвы зависит судьба сектора. Остается только надеяться что мы остановим это безумие.""

Связь обрывается, оставляя на экране герб Персеанской Гегемонии Четырнадцатой батлгруппы, провозглашенной на планете Eventide в 49 цикле.",cutCommLink:Разорвать связь,
dpl_justiceBanachEncounter,OpenCommLink,"$entity.dpl_justice_banachfleet score:100
Call $global.dpl_justice_ref updateData",unset $entity.missionImportant,"На экране появляется контр-адмирал Салазар. Он приветствует вас и улыбается: ""Капитан $playerName, рад вас видеть. Наша задача - защитить Chicomoztoc, и я верю что победа будет на нашей стороне.""",dpl_justice_ask:Как командующий объединенным флотом хочешь выступить с речью?,
dpl_justiceBanachEncounter2,DialogOptionSelected,$option == dpl_justice_ask,$entity.ignorePlayerCommRequests = true,"""Человечество ожидает что каждый исполнит свой долг!"" Он улыбается: ""Вот и вся моя речь. Без лишней драматизации. Теперь держим радиомолчание до конца боя.""",cutCommLink:Да здравствует человечество!,
dpl_justice_fleetOpen,OpenCommLink,$entity.dpl_justice_chairfleet score:100,,"К вашему удивлению на экране появляется Нельсон Бонапарт, бывший глава Департамента безопасности Фазовой Лаборатории: ""Это ты..."" Выражение Нельсона мгновенно меняется от удивления к ярости и затем к восторгу, просто увидев ваше лицо. ""Похоже удача на моей стороне. Сегодня я покажу тебе истинный смысл силы. И ты будешь меня бояться. Ты увидишь как верховный завоеватель стирает врагов. И увидишь как из их пепла рождается великая империя.""",dpl_justice_answer:Ты все еще жив? Ты просто преступник Нельсон а не великий император.,
dpl_justice_fleetOpen1,DialogOptionSelected,$option == dpl_justice_answer,$entity.ignorePlayerCommRequests = true,"Он смеется: ""Разумеется, я не умер. В прошлый раз ты меня победил(а), но теперь я пришел полностью подготовленным. Ты можешь гордиться тем, что уничтожил(а) нашу станцию, но это уже неважно - с завершением Theater Organ она нам больше не нужна. У меня есть солдаты, готовые умереть, а наши корабли далеко превосходят вашу примитивную технологию. Так что меня скорее забавляет твой глупый оптимизм.

Ты пожалеешь, что не присоединился(лась) ко мне в тот день, когда я сделал предложение. Если бы не ты, этот план прошел бы куда гладче. Но нет смысла плакать над пролитым молоком, верно? А теперь иди на смерть и встреться со мной.""",cutCommLink:Разорвать связь,
dpl_justiceDerelictOpen,OpenInteractionDialog,"$dpl_justice_derelict score:100
$customType == wreck
!$global.dpl_justice_arrested",,"Ваш флот подходит к остову корабля класса Theater Organ. В последнем бою были уничтожены все его станционные модули, осталась только центральная часть. После общего сканирования техофицер докладывает что корабль утратил возможность полностью заряжать плазменный луч для уничтожения планет. Но он все еще способен стрелять на меньшей мощности и уничтожать космические корабли.

К вашему беспокойству вы не заметили запуск спаскапсулы с этого корабля. Вам нужно убедиться что Нельсон Бонапарт либо мертв либо арестован.",dpl_justice_board:Подняться на корабль малым отрядом охраны.,
dpl_justiceDerelictOpen1,DialogOptionSelected,$option == dpl_justice_board,"unset $missionImportant
ShowPersonVisual true nelson_bonaparte","Большая часть экипажа погибла после мощного взрыва который уничтожил этот корабль. Вы без труда добираетесь до командного отсека. Нельсон Бонапарт ждет вас один, стоя перед спаскапсулой.

Он смеется: ""Я ждал тебя здесь $playerName. Такие трусы как ты никогда не поймут что новый порядок устанавливается только силой. Сейчас у меня еще есть шанс вывести капсулу до того как твой флот поймет что происходит и начнет действовать. Мне даже интересно увидеть твое лицо когда тебе придется наблюдать мой уход из-за того что ты в прошлый раз не добил меня когда мог.""",dpl_justice_board1:Приказать охране взять его на прицел гаусс-винтовками.,
dpl_justiceDerelictOpen2,DialogOptionSelected,$option == dpl_justice_board1,,"""Ты правда думаешь что твои люди успеют схватить меня до запуска капсулы?"" Он открывает дверь спаскапсулы и садится внутрь как король на трон.","dpl_justice_board2:Схватить? Нет. Я приказал своим людям убить тебя.
dpl_justice_board3:Думаешь мы не сможем? Давай сделку. Я могу оставить тебя в живых если предложишь что-то ценное.",
dpl_justiceDerelictOpen3,DialogOptionSelected,$option == dpl_justice_board2,,"Он смеется: ""Забавно. Но я знаю таких как ты. На словах вы жесткие, а нажать спуск не можете. Спасибо за пустые слова, теперь смотри как я ухожу. В следующий раз я тебя раздавлю."" Он закрывает дверь капсулы.",dpl_justice_board2A:Приказать охране открыть огонь.,
dpl_justiceDerelictOpen2A,DialogOptionSelected,$option == dpl_justice_board2A,,"Он смеется над вами изнутри капсулы: ""Пока!"" Спаскапсула выстреливает... и к общему удивлению застревает в направляющей. Похоже направляющие деформировались после разрушения корабля.",dpl_justice_arrest:Приказать команде перевезти капсулу на флагман.,
dpl_justiceDerelictOpen4,DialogOptionSelected,$option == dpl_justice_board3,"SetStoryOption dpl_justice_forge general ""Gained a pristine nanoforge from Nelson's capital ship""","Он смеется: ""Жадный трус. Ну так скажи мне, верховному завоевателю, чего ты хочешь. Кстати если я умру ты навсегда потеряешь свои сокровища. Так что без глупостей.""","dpl_justice_board2:Я передумал. Знай свое место Нельсон.
dpl_justice_credits:Кредиты. Мне нужно много кредитов.
dpl_justice_forge:Хочу твой груз. Все секретные товары на корабле.",
dpl_justiceDerelictOpenForge,DialogOptionSelected,$option == dpl_justice_forge,AddRemoveAnyItem SPECIAL pristine_nanoforge 1,"Он передает вам пароль к грузовой секции корабля: ""Однажды Supremacy восстанет снова, и за это ограбление тебя накажут."" Он закрывает дверь спаскапсулы.

В грузовом отсеке команда находит первоклассную Нанокузницу. Больше ничего интересного там нет.",dpl_justice_board2A:Продолжить.,
dpl_justiceDerelictOpenCredits,DialogOptionSelected,$option == dpl_justice_credits,AddCommodity credits 250000,"Он бросает вам небольшую коробку: ""Хех, марионетка Элизы. Так она тобой управляет? Невидимыми нитями под названием кредиты. Забирай и уходи, ты недостоин говорить с верховным завоевателем."" Он закрывает дверь спаскапсулы.

В коробке команда находит электронные токены на сумму 250000 кредитов.",dpl_justice_board2A:Продолжить.,
dpl_justiceDerelictArrest,DialogOptionSelected,$option == dpl_justice_arrest,"AddTextSmall ""Nelson Bonaparte арестован."" highlight
$global.dpl_justice_arrested = true
Call $global.dpl_justice_ref updateStage",В капсуле видно как он яростно орет. Вы игнорируете этот отвратительный шум и приказываете команде перевезти капсулу на флагман.,dpl_justice_notice:Жить ты можешь. Но сбежать - нет.,
dpl_justiceDerelictNotice,DialogOptionSelected,$option == dpl_justice_notice,"Highlight ""Unique Ship""","Внимание: это уникальный корабль. Если вы летаете на нем, в секторе все будут знать что это вы даже при выключенном транспондере.",dpl_justice_finish:Понял.,
dpl_justiceDerelictFinish,DialogOptionSelected,$option == dpl_justice_finish,"ShowDefaultVisual
$salvageLeaveText = Leave 0
FireBest CheckSalvageSpecial",,,
dpl_justice_returnOpen,PopulateOptions,"$id == eliza_lovelace
!$global.dpl_justice_delivered
$global.dpl_justice_arrested",SetOptionColor dpl_justice_return buttonShortcut,,dpl_justice_return:Мы выиграли бой и я взял Нельсона.,
dpl_justice_returnOpen1,DialogOptionSelected,$option == dpl_justice_return,"$global.dpl_justice_delivered = true
dpl_justice_CMD salazarInCommittee
SetPersonHidden banach_salazar false
Highlight ""1,000,000""
AddCommodity credits 800000","Элиза выглядит очень уставшей и смотрит вам в глаза: ""$playerName, вы сделали невозможное. Что до этого преступника - я не хочу слышать даже его имя. И судить его должна не я. Отведите его к тем кто пострадал от него. Именно они должны вершить правосудие. Портмастер на Chicomoztoc сможет это организовать. Ваша финальная награда - 1000000 кредитов.""

Она вздыхает: ""Сейчас я оформила для вас 800000 кредитов. Но комитет требует перевести остаток только после передачи преступника на Chicomoztoc. Бюрократический абсурд, но приходится с этим жить.""",dpl_justice_return1:Элиза береги себя и отдохни.,
dpl_justice_returnOpen2,DialogOptionSelected,$option == dpl_justice_return1,ShowPersonVisual true nelson_bonaparte,"На фоне слышно как Нельсон вопит из капсулы, прижавшись лицом к стеклу: ""Элиза Лавлейс! Трусиха! Ты даже не смеешь посмотреть мне в глаза? Невероятно!""",cutCommLink:Заткнись Нельсон. Мы найдем тех кто будет рад видеть твое лицо.,
dpl_justice_delieverOpen,PopulateOptions,"$market.id == chicomoztoc score:1000
$postId == portmaster
$global.dpl_justice_delivered
!$global.dpl_justice_completed",SetOptionColor dpl_justice_deliver buttonShortcut,,dpl_justice_deliver:Я хочу передать преступника.,
dpl_justice_delieverOpen1,DialogOptionSelected,$option == dpl_justice_deliver,"$global.dpl_justice_completed = true
$global.dpl_justice_Completed = true","Портмастер говорит: ""Нельсон Бонапарт, верно? Вице-адмирал Лавлейс нас предупредила, мы им займемся. Гегемония обеспечит справедливый приговор этому безумцу.""",dpl_justice_deliver1:Передать Нельсона Бонапарта.,
dpl_justice_delieverOpen2,DialogOptionSelected,$option == dpl_justice_deliver1,ShowPersonVisual true nelson_bonaparte,"Нельсон орет в капсуле: ""Нет! Нет! Я верховный завоеватель! Вы не можете так со мной! Я требую встречу с Байкалом Даудом, да, с Высоким Гегемоном Байкалом Даудом! Я заслуживаю хотя бы такого уважения как грозный завоеватель сектора!""

Его капсулу уводит с вашего корабля несколько недовольных офицеров Гегемонии с выражениями лиц как у людей которым досталась самая плохая работа.",dpl_justice_deliver2:Продолжить,
dpl_justice_delieverOpen3,DialogOptionSelected,$option == dpl_justice_deliver2,"ShowPersonVisual
AddCommodity credits 150000
AdjustRep hegemony 10
AdjustRepActivePerson 15","Портмастер улыбается: ""Спасибо что передали этого психа. Вот ваша награда.""",dpl_justice_deliver3:Как думаете он увидит Высокого Гегемона?,
dpl_justice_delieverOpen4,DialogOptionSelected,$option == dpl_justice_deliver3,$global.dpl_justice_trial = true 7,"Портмастер смеется: ""Ни за что. После всего хаоса у Высокого Гегемона нет времени лично выносить приговор одному преступнику. Но почти уверен даже он посмотрит процесс когда он начнется. Я тоже посмотрю. Суд состоится через неделю, и если зайдете после этого я с радостью расскажу детали.""",cutCommLink:Отлично! Тогда до встречи!,
dpl_justice_leave,DialogOptionSelected,$option == dpl_justice_leave,"ShowDefaultVisual
EndConversation",,,
dpl_justice_aftermathOpen,PopulateOptions,"$market.id == chicomoztoc score:1000
$postId == portmaster
$global.dpl_justice_Completed
!$global.dpl_justice_aftermath
!$global.dpl_justice_trial",SetOptionColor dpl_justice_aftermath buttonShortcut,,dpl_justice_aftermath:Ну как прошел суд?,
dpl_justice_aftermathOpen1,DialogOptionSelected,$option == dpl_justice_aftermath,$global.dpl_justice_aftermath = true,"Портмастер смеется: ""Это было нелепо. Вам стоило прийти и увидеть лично. Нельсон признал все свои действия, но отверг все обвинения. Он пытался продать свой бред о том что у него якобы было естественное право прийти к власти как долг перед человечеством. В общем чистое безумие. Судьи сразу дали ему максимально жесткий приговор. Вы бы видели как он побледнел когда услышал решение.""

Портмастер хмыкает, но не удерживается и разражается смехом, после чего прочищает горло: ""Он попытался покончить с собой чтобы избежать казни, но... пф, духу не хватило! А под конец вообще звал Элизу Лавлейс чтобы она его спасла. После этого его казнили. Остальные детали уже не так интересны. Но в итоге я рад что мы добились справедливости по отношению к этому безумцу.""",cutCommLink:Спасибо что рассказал(а). Он это заслужил.,
,,,,,,
#Pilgrimage,,,,,,
dpl_pilgrimageBlurb,dpl_pilgrimage_blurb,$id == eliza_lovelace,,"""У меня личная просьба и для нее нужен человек способный соблюдать предельно высокий уровень конфиденциальности. Если вам интересно я расскажу подробнее.""",,
dpl_pilgrimageOption,dpl_pilgrimage_option,$id == eliza_lovelace,SetOptionColor dpl_pilgrimage_start buttonShortcut,,dpl_pilgrimage_start:Спросить о личной просьбе.,
dpl_pilgrimageOfferTextContact,DialogOptionSelected,$option == dpl_pilgrimage_start,"$missionId = dpl_pilgrimage
Highlight $dpl_pilgrimage_reward","""После обороны Research Site V от патеров и обороны Chicomoztoc от внезапного удара Нельсона я наконец уверена что люди Фазовой Лаборатории способны сами справляться с угрозами этого сектора."" $heOrShe объясняет. ""Поэтому я планирую завершить период чрезвычайного режима. Это значит что я прекращу свой продленный долг директора Фазовой Лаборатории, комитет изберет нового руководителя и он будет повышен до звания вице-адмирала.""

Она вздыхает: ""Но до этого я хочу исполнить последнее желание. Я хочу доложить о завершении периода чрезвычайного режима адмиралам Флота Доминиона или людям равного ранга. Только тогда я смогу завершить долг и почувствовать настоящее облегчение. Я знаю что в секторе почти невозможно найти живых адмиралов Флота Доминиона. Поэтому я хочу посетить место где вице-адмирал Васильев сражался с ремнантами.""

Она смотрит вам в глаза: ""Хотя бы позвольте мне сделать доклад там в пустоту как будто вице-адмирал Васильев сможет услышать. Мой долг начался именно там когда вице-адмирал Васильев отдал мне последний приказ и пожертвовал собой в великой битве с дрон-кораблями, столетие назад. Для меня это паломничество которое действительно освободит душу от долга. Надеюсь вы поймете меня и поможете.""

Она прочищает горло: ""В награду я подготовила выплату в $dpl_pilgrimage_reward кредитов из личного счета. Подробности расскажу если примете задание. Прошу понять что этот запрос связан с существами чрезвычайно высокого уровня секретности и я обязана соблюдать конфиденциальность.""","dpl_pilgrimage_begin:Принять
contact_decline:Отклонить",
dpl_pilgrimageOfferTextContact1,DialogOptionSelected,$option == dpl_pilgrimage_begin,"Highlight $dpl_pilgrimage_system2Name $dpl_pilgrimage_dist 
$global.dpl_pilgrimageStarted = true
AddTextSmall ""Сверхсекретная капсула установлена"" highlight","Элиза закрывает глаза и выглядит спокойной: ""Спасибо капитан $playerName, для меня это действительно важно. И раз вы приняли запрос, я должна установить на ваш корабль капсулу с высшим уровнем секретности - это критично. Простите но по регламентам Фазовой Лаборатории по засекреченным материалам никто не имеет права знать где именно установлена капсула, включая вас. И вы будете единственным кто знает что капсула вообще есть на вашем флагмане. Пожалуйста защищайте ее любой ценой.""

Она продолжает: ""И я поднимусь на ваш корабль, буду находиться только с вами в командном отсеке. Никто не должен знать что я на борту. Я хочу посетить $dpl_pilgrimage_system2Name в $dpl_pilgrimage_dist световых годах отсюда. Точные координаты я предоставлю. Это черная дыра между бездной Orion-Perseus и Персеанским сектором. Думаю все обломки той великой битвы могли собраться вокруг этой черной дыры.""

Она вздыхает: ""Возможно мы даже найдем флагман вице-адмирала Васильева. А может и нет. Капитан $playerName, вы сможете доставить меня туда с максимально строгой секретностью?""",dpl_pilgrimage_begin1:Конечно. Я помогу. Можно спросить о флагмане вице-адмирала Васильева?,
dpl_pilgrimageAcceptContact,DialogOptionSelected,$option == dpl_pilgrimage_begin1,"Highlight ""phase frigates"" ""wreck of the ship""","Она улыбается: ""DPLS Lyre of Orpheus, это прототип фазового капитала класса Vibraphone. Он был единственным в своем роде, и мы так и не смогли восстановить данные по его конструкции. Корабль создавали для испытания системы оружия causal shock - системы отражающей наше самое глубокое понимание фазовых ударов и феномена phase tsunami. Еще у него было четыре комплекса Hymn для огневой мощи. Впечатляет правда?""

Она вздыхает: ""Мы утратили все записи и о корабле и об оружии. Но у нас остались некоторые засекреченные отчеты по его боевой эффективности. Это что-то вроде эмиттера молний способного перегружать звездолеты даже в фазовом пространстве, но система наведения не умеет захватывать малые фазовые цели вроде фазовых фрегатов.""

Она смотрит вам в глаза: ""Если мы найдем этот корабль, можем ли попытаться вернуть его обломки? Это будет огромной услугой для Фазовой Лаборатории и лично для меня. Если получится я заплачу дополнительную награду.""",contact_accept:Сделаем. От дополнительных кредитов не отказываются.,
dpl_ElizapilgrimageOnLeave,PickGreeting,"$id == eliza_lovelace
$global.dpl_pilgrimageStarted
!$global.dpl_pilgrimage_visited
!$global.dpl_pilgrimage_completed",ShowImageVisual city_from_above,"На ваш запрос связи пришел автоматический ответ: ""Добро пожаловать капитан $playerName. Вице-адмирал Элиза Лавлейс сейчас недоступна. Если хотите обсудить что-то, все обсуждения проводятся лично."" Поэтому вы берете шаттл и летите в ее кабинет.

Кабинет директора Фазовой Лаборатории находится на вершине самой высокой башни колонии. Через 30 минут ожидания под табличкой ""On Leave"" вы почти засыпаете. Но зато отсюда отлично видно весь город. Наконец кто-то вас приветствует.

""Здравствуйте спейсер,"" бодро говорит молодой кадет. ""Вы находитесь у кабинета Директора Фазовой Лаборатории и вице-адмирала Элизы Лавлейс. Директора сейчас нет в кабинете, она может быть на станции, в космолабораториях или где-то еще. Просто сообщаю на всякий случай. Но можете остаться если хотите. Вице-адмирал Лавлейс настолько добра что открыла смотровую площадку перед кабинетом для всех, и здесь можно спокойно посидеть и отдохнуть.""",cutCommLink:Уйти,
dpl_pilgrimage_fleetOpen,BeginFleetEncounter,"$dpl_pilgrimage_vladfleet score: 1000
!$global.dpl_bidw_metvlad",$global.dpl_bidw_metvlad = true,"Ваш флот сближается с неизвестным флотом из одного корабля со странным свечением. У того флота устаревший IFF-код XIV Battle Group и Domain Phase Lab. Этот код был выдан задолго до Первой ИИ-войны.

Вражеский корабль игнорирует все ваши запросы связи. Но внезапно ваша система связи принудительно активируется неизвестным источником. На экране появляется мерцающий образ старика, и звучит твердый голос: ""Drone ships? Thou shall not pass!""

Вы чувствуете холодный укол в груди, как будто ледяной клинок прошел сквозь сердце.",,
dpl_pilgrimageDerelictOpen,OpenInteractionDialog,"$dpl_pilgrimage_derelict score:100
$customType == wreck
!$global.dpl_pilgrimage_visited
$global.dpl_pilgrimageStarted",,"Техофицер обследует обломки корабля. Похоже на нем уже почти все сломано. Все оружейные слоты проржавели и не подлежат восстановлению. Уже чудо если двигатель еще способен дать хотя бы одну вспышку. И все же именно этот корабль только что дал вам тяжелый бой.

""Мы можем подняться на борт? У меня ощущение будто что-то зовет меня по имени."" Элиза смотрит вам в глаза: ""Пожалуйста?""",dpl_pilgrimage_board:Почему бы и нет? Такие чудеса нечасто увидишь.,
dpl_pilgrimageDerelictOpen1,DialogOptionSelected,$option == dpl_pilgrimage_board,"$global.dpl_pilgrimage_visited = true
dpl_pilgrimage_CMD playMusic
ShowPersonVisual true vladimir_vassiliev","Вы с Элизой поднимаетесь на корабль. Из соображений безопасности никого больше не берете. К удивлению корпус выглядит куда целее чем казался снаружи. Все отсеки и оборудование почти как новые. Но странность в том что при касании любая поверхность ощущается как ржавая и шероховатая, совсем не так как выглядит.

Вы с Элизой идете в командный отсек и по пути не встречаете ни одного члена экипажа. Когда входите внутрь видите старика, а вокруг его тела мерцают яркие огни сине-цианового цвета. Затем звучит голос: ""Внимание! Это вице-адмирал Флота Доминиона людей Владимир Васильев. Немедленно представьтесь незнакомцы!""",dpl_pilgrimage_board1:Капитан $playerName прибыл по приказу!,
dpl_pilgrimageDerelictOpen2,DialogOptionSelected,$option == dpl_pilgrimage_board1,ShowSecondPerson eliza_lovelace,"""Вице-адмирал Элиза Лавлейс прибыла по приказу!"" Элиза встает рядом и отдает честь словно только что выпустившийся кадет.

""Элиза? Это правда? Мы победили?"" Его голос дрожит и он явно взволнован.",dpl_pilgrimage_board2:Продолжить,
dpl_pilgrimageDerelictOpen3,DialogOptionSelected,$option == dpl_pilgrimage_board2,,"""Да, победили. Фазовая Лаборатория дошла до сектора и закрепилась на хорошей планете. Люди живут в мирах ядра, мы наконец встретили их всех. Мы восстановили связь с остатками батлгруппы XIV, и наши исследования продолжаются."" Элиза говорит: ""Но все офицеры Флота Доминиона умерли от старости, и сектор потерял связь с Доминионом людей. Я хочу объявить завершение периода чрезвычайного режима Фазовой Лаборатории, но мне некому подать отчет.""

""Старость? Значит прошло очень много времени..."" Вице-адмирал Васильев улыбается: ""Спасибо за вашу исключительную службу и немыслимую жертву, Элиза. Фазовая Лаборатория выстояла. В таких обстоятельствах я разрешаю сделать доклад мне. Но прежде я хочу поговорить с капитаном $playerName.""",dpl_pilgrimage_board3:Да?,
dpl_pilgrimageDerelictOpen4,DialogOptionSelected,$option == dpl_pilgrimage_board3,,"""Вы блестящий командир капитан $playerName. Если бы у нас было больше офицеров вроде вас, возможно нам не пришлось бы жертвовать всем эскортным флотом чтобы сдержать дрон-корабли."" Вице-адмирал Владимир вздыхает: ""Я доволен, а времени у меня мало. Если хотите можете задать пару вопросов.""","dpl_pilgrimage_board4:Что вы такое?
dpl_pilgrimage_board5:Почему этот корабль все еще может сражаться?
dpl_pilgrimage_board6:Больше вопросов нет. Пусть Элиза сделает доклад.",
dpl_pilgrimageDerelictOpen5,DialogOptionSelected,$option == dpl_pilgrimage_board4,,"""Что я такое?"" Он улыбается: ""Я и сам точно не знаю. Но все из-за того загадочного оружия causal shock. В последнем бою я перегрузил его чтобы уничтожить как можно больше врагов до расплавления системы. Затем перегрелся главный реактор, оружие потеряло управление и выпустило ударную молнию колоссального масштаба. А удар вернулся назад и попал в мой флагман.""

""И внезапно все на датчиках исчезло, а за иллюминаторами остался только чистый белый свет. Мой экипаж сходил с ума, умирал и растворялся в воздухе один за другим."" Он вздыхает: ""Мы наверно потерялись в каких-то странных измерениях, но никто не понял что произошло. Помню только что до самого последнего мгновения жизни я проклинал дрон-корабли и хотел любой ценой остановить их погоню за нашими флотами. Потом сознание погасло, но я словно пережил собственные проклятия.""

""Когда я снова очнулся, я был в командном отсеке своего флагмана. Никто из экипажа не уцелел, но корабль слушался моих приказов как будто все они были на местах. Я отбивал волну за волной дрон-кораблей и в конце концов все стихло. Корабль затянуло в эту систему, и я ждал пока черная дыра принесет мне конец."" Он прочищает горло: ""Потом пришли вы с Элизой и задали тот же вопрос - что я такое. Пожалуй по-старому вы могли бы назвать меня проклятым призраком или чем-то таким. Но точного ответа у меня нет.""","dpl_pilgrimage_board5A:Почему этот корабль все еще может сражаться?
dpl_pilgrimage_board6:Больше вопросов нет. Пусть Элиза сделает доклад.",
dpl_pilgrimageDerelictOpen6,DialogOptionSelected,$option == dpl_pilgrimage_board5,,"""Почему? Я не знаю. Понятия не имею."" Он вздыхает: ""Я знаю только что корабль принимает мои команды и сражается с одной целью - не дать дрон-кораблям преследовать другие флоты Фазовой Лаборатории.""","dpl_pilgrimage_board4A:Что вы такое?
dpl_pilgrimage_board6:Больше вопросов нет. Пусть Элиза сделает доклад.",
dpl_pilgrimageDerelictOpen7,DialogOptionSelected,$option == dpl_pilgrimage_board6,,"""Тогда можете сделать ваш финальный доклад вице-адмирал Лавлейс."" Он закрывает глаза.

Элиза отдает честь: ""Вице-адмирал Элиза Лавлейс докладывает с запросом: завершить период чрезвычайного режима Фазовой Лаборатории!"" Вы видите слезы в ее глазах.

""Запрос принят."" Вице-адмирал Васильев отдает честь: ""Свободны!""",dpl_pilgrimage_board7:Отдать честь,
dpl_pilgrimageDerelictOpen5A,DialogOptionSelected,$option == dpl_pilgrimage_board4A,,"""Что я такое?"" Он улыбается: ""Я и сам точно не знаю. Но все из-за того загадочного оружия causal shock. В последнем бою я перегрузил его чтобы уничтожить как можно больше врагов до расплавления системы. Затем перегрелся главный реактор, оружие потеряло управление и выпустило ударную молнию колоссального масштаба. А удар вернулся назад и попал в мой флагман.""

""И внезапно все на датчиках исчезло, а за иллюминаторами остался только чистый белый свет. Мой экипаж сходил с ума, умирал и растворялся в воздухе один за другим."" Он вздыхает: ""Мы наверно потерялись в каких-то странных измерениях, но никто не понял что произошло. Помню только что до самого последнего мгновения жизни я проклинал дрон-корабли и хотел любой ценой остановить их погоню за нашими флотами. Потом сознание погасло, но я словно пережил собственные проклятия.""

""Когда я снова очнулся, я был в командном отсеке своего флагмана. Никто из экипажа не уцелел, но корабль слушался моих приказов как будто все они были на местах. Я отбивал волну за волной дрон-кораблей и в конце концов все стихло. Корабль затянуло в эту систему, и я ждал пока черная дыра принесет мне конец."" Он прочищает горло: ""Потом пришли вы с Элизой и задали тот же вопрос - что я такое. Пожалуй по-старому вы могли бы назвать меня проклятым призраком или чем-то таким. Но точного ответа у меня нет.""",dpl_pilgrimage_board6:Больше вопросов нет. Пусть Элиза сделает доклад.,
dpl_pilgrimageDerelictOpen6A,DialogOptionSelected,$option == dpl_pilgrimage_board5A,,"""Почему? Я не знаю. Понятия не имею."" Он вздыхает: ""Я знаю только что корабль принимает мои команды и сражается с одной целью - не дать дрон-кораблям преследовать другие флоты Фазовой Лаборатории.""",dpl_pilgrimage_board6:Больше вопросов нет. Пусть Элиза сделает доклад.,
dpl_pilgrimageDerelictOpen8,DialogOptionSelected,$option == dpl_pilgrimage_board7,"HideSecondPerson
ShowPersonVisual true eliza_lovelace","Образ вице-адмирала Васильева начинает угасать, а пламя вокруг тела меркнет. В то же время все внутри корабля начинает на глазах разрушаться и распадаться. Командный отсек и коридоры обваливаются, искусственная гравитация слабеет.",dpl_pilgrimage_board8:Бежать изо всех сил к абордажному шаттлу пока корпус окончательно не развалился.,
dpl_pilgrimageDerelictOpen9,DialogOptionSelected,$option == dpl_pilgrimage_board8,"ShowImageVisual abandoned_station3
PlaySound dpl_collision_ships","Внезапно рядом с вами взрывается стена и возникает мощный поток воздуха выбрасывающий все наружу. Это пробоина корпуса, нужно быстрее добраться до следующего отсека пока воздух не вышел весь. Но Элизу затягивает к пробоине, и она цепляется рукой за обломок стены.",dpl_pilgrimage_board9:Вытащить ее и бежать.,
dpl_pilgrimageDerelictOpen10,DialogOptionSelected,$option == dpl_pilgrimage_board9,,Вы вытаскиваете ее обеими руками и закидываете себе на спину. Благодаря боевому опыту вам удается добраться до следующей гермодвери. Вы проходите внутрь и закрываете дверь перекрывая поток воздуха. Шаттл уже рядом.,dpl_pilgrimage_board10:Продолжить,
dpl_pilgrimageDerelictOpen11,DialogOptionSelected,$option == dpl_pilgrimage_board10,,"Наконец вы добираетесь до шаттла и укладываете Элизу внутрь. В тот момент когда сами собираетесь зайти гермодверь взрывается, и мощный поток воздуха начинает утягивать вас от шаттла.",dpl_pilgrimage_board11:Схватиться за дверь шаттла.,
dpl_pilgrimageDerelictOpen12,DialogOptionSelected,$option == dpl_pilgrimage_board11,,"Вы держитесь за дверь шаттла чтобы поток не унес вас прочь. Но подтянуться ближе крайне тяжело. Вопрос времени когда силы закончатся.

В этот момент Элиза приходит в себя и тянет вас наверх. Вы замечаете что ее рука кровоточит, а кровь у нее прозрачная, но она все же затаскивает вас в шаттл и закрывает дверь.",dpl_pilgrimage_board12:Это было близко.,
dpl_pilgrimageDerelictOpen13,DialogOptionSelected,$option == dpl_pilgrimage_board12,"Highlight ""take the ship back""
ShowImageVisual space_wreckage","Элиза снова теряет сознание. Вы ведете шаттл обратно к флоту. Вы переносите Элизу в свой командный отсек и помещаете в личную медкапсулу. В любом случае никто из экипажа не знает что Элиза у вас на борту, и лучше пусть так и остается. Теперь время утилизации. Вы помните что Элиза просила по возможности вернуть корабль.",dpl_pilgrimage_finish:Проверить состояние обломков корабля.,
dpl_pilgrimageDerelictFinish,DialogOptionSelected,$option == dpl_pilgrimage_finish,"ShowDefaultVisual
$salvageLeaveText = Leave 0
dpl_pilgrimage_CMD endMusic
FireBest CheckSalvageSpecial",,,
dpl_ElizapilgrimageBack,PickGreeting,"$id == eliza_lovelace
$global.dpl_pilgrimageStarted
$global.dpl_pilgrimage_visited
!$global.dpl_pilgrimage_completed",ShowPersonVisual,"На ваш запрос связи отвечает старший офицер Фазовой Лаборатории: ""Добро пожаловать! Ваш запрос на стыковку принят. Вам разрешено стыковаться в зоне 3.""

Вы стыкуете флот. Элиза просыпается, и к вашему удивлению ее рана уже зажила - слишком быстро для обычного человека. Она вздыхает: ""Вы все видели, верно. Думаю лучше решить этот вопрос прямо сейчас пока не стало сложнее.""",dpl_pilgrimage_ask:Элиза что ты имеешь в виду под решением этого вопроса?,
dpl_ElizapilgrimageBack1,DialogOptionSelected,$option == dpl_pilgrimage_ask,,"Элиза смеется: ""О чем вы подумали? Я похожа на пиратского военачальника который убивает ради сохранения тайн? Просто я хочу завершить свой долг и думаю лучше сделать это до возвращения в кабинет.""

Она вздыхает: ""Не могли бы вы очистить корабль от экипажа чтобы мы могли продолжить разговор?""",dpl_pilgrimage_ask1:Очистить корабль от экипажа и отправить всех отдыхать и убедиться что на борту никого не осталось.,
dpl_ElizapilgrimageBack2,DialogOptionSelected,$option == dpl_pilgrimage_ask1,,"Элиза улыбается: ""Теперь есть вопросы которые вы хотели бы мне задать? Например есть ли во мне что-то отличное от других?""","dpl_pilgrimage_ask2:Почему у тебя прозрачная кровь?
dpl_pilgrimage_ask2A:Ты выглядишь прекраснее всех кого я встречал(а).",
dpl_ElizapilgrimageBack2A,DialogOptionSelected,$option == dpl_pilgrimage_ask2A,AdjustRepPerson eliza_lovelace COOPERATIVE 2,"Вы видите как ее лицо краснеет, она закрывает глаза и улыбается: ""Идиот.""

Она прочищает горло: ""Я имела в виду не внешность. У вас есть другие вопросы?""",dpl_pilgrimage_ask2:Почему у тебя прозрачная кровь?,
dpl_ElizapilgrimageBack3,DialogOptionSelected,$option == dpl_pilgrimage_ask2,,"""Раз уж вы это заметили то ладно."" Элиза вздыхает: ""Это часть секрета который я пыталась скрывать. Но раз мы завершаем период чрезвычайного режима думаю пора снять эту секретность.""

Она смотрит вам в глаза: ""Помните то что вы сейчас услышите должно остаться сказкой которая никогда не происходила. Договорились?""",dpl_pilgrimage_ask3:Конечно. Я и так глухой и немой.,
dpl_ElizapilgrimageBack4,DialogOptionSelected,$option == dpl_pilgrimage_ask3,ShowImageVisual dpl_classified_pod,"""Хорошо. Тогда идите за мной."" Элиза ведет вас к одной из спаскапсул и открывает люк: ""Это и есть засекреченная капсула. И это ответ на ваш вопрос.""",dpl_pilgrimage_ask4:И как это отвечает на мой вопрос?,
dpl_ElizapilgrimageBack5,DialogOptionSelected,$option == dpl_pilgrimage_ask4,,"""Вы спросили почему у меня прозрачная кровь. Ответ прост: то что вы видите это не я."" Элиза улыбается: ""Это просто роботизированное тело которым я управляю удаленно через засекреченную систему. Мое настоящее тело находится в состоянии гибернации в этой капсуле.""",dpl_pilgrimage_ask5:Но гибернация разве не означает что ты спишь?,
dpl_ElizapilgrimageBack6,DialogOptionSelected,$option == dpl_pilgrimage_ask5,,"""Да. И без засекреченного проекта такое чудо невозможно. Он называется проект mind connection, и его ключ - особое интеллектуальное ядро под названием Pi core."" Она улыбается: ""Оно использует глубокие принципы гиперфизики чтобы входить в резонанс со слабыми сигналами мозга человека в гибернации и через этот резонанс общаться с мозгом как внешняя нейросистема.""

""Таким образом Pi core становится частью моего мозга и управляет роботизированным телом за меня. Потрясающе правда?"" Она смотрит вам в глаза: ""И мы делаем это чтобы во время долгих чрезвычайных периодов команды отдавал именно ответственный офицер флота. Поэтому мы не можем просто поставить обычное ИИ-ядро.""",dpl_pilgrimage_ask6:Подожди. Это же должно быть засекречено. Почему ты мне это рассказываешь?,
dpl_ElizapilgrimageBack7,DialogOptionSelected,$option == dpl_pilgrimage_ask6,,"Она вздыхает: ""Потому что эта система больше никогда не будет допущена к применению. То что вы видите - последняя активная копия, и она уже неисправна. После объявления завершения чрезвычайного режима все это уйдет в прошлое, и нет смысла скрывать от вас систему которая вот-вот исчезнет.""",dpl_pilgrimage_ask7:В чем именно неисправность? Ты же нормально ей пользуешься.,
dpl_ElizapilgrimageBack8,DialogOptionSelected,$option == dpl_pilgrimage_ask7,,"Она улыбается: ""Именно в этом и проблема. Система позволяет подключаться только мне. Почти все в Фазовой Лаборатории пытались установить связь, но резонанс возник только у меня. Поэтому именно мне пришлось нести долг и вести Фазовую Лабораторию через столетний чрезвычайный период.""",dpl_pilgrimage_ask8:Это печально. Кстати как вообще ощущается использование этой системы?,
dpl_ElizapilgrimageBack9,DialogOptionSelected,$option == dpl_pilgrimage_ask8,,"Она вздыхает: ""Одиночество. Это как тюрьма - маленькая холодная и темная. Я сижу там одна и принимаю решения как в игре от первого лица. Разница лишь в том что каждое решение влияет на жизни множества людей и это очень давит. И периодически я переживаю мучительные расставания. Иногда хочется уйти вместе с ними, но я не могу - мне нужно защищать остальных.""",dpl_pilgrimage_ask9:Мне жаль это слышать. Теперь я понимаю почему ты хочешь завершить чрезвычайный режим.,
dpl_ElizapilgrimageBack10,DialogOptionSelected,$option == dpl_pilgrimage_ask9,,"Она выглядит заметно спокойнее: ""Да. Я так рада что сегодня все закончится и я освобожусь от этой боли. Капитан $playerName спасибо! В следующий раз вы увидите настоящую Элизу Лавлейс, свободную от этой холодной маленькой тюрьмы.""","dpl_pilgrimage_ask10:Тогда до встречи.
dpl_pilgrimage_ask10A:Можно я посмотрю как ты выйдешь из этой тюрьмы?",
dpl_ElizapilgrimageBack10A,DialogOptionSelected,$option == dpl_pilgrimage_ask10A,AdjustRepPerson eliza_lovelace SUSPICIOUS -2,"Ее лицо краснеет: ""Нет! О чем вы вообще думаете? Оставьте мне хоть немного личного пространства.""",dpl_pilgrimage_ask10:Извини. Тогда до встречи.,
dpl_ElizapilgrimageBack11,DialogOptionSelected,$option == dpl_pilgrimage_ask10,ShowPersonVisual true eliza_lovelace,"Роботизированное тело Элизы ложится на пол, а вы возвращаетесь в командный отсек и закрываете дверь.

Через час Элиза стучит в дверь. Вы открываете и она вас приветствует.",dpl_pilgrimage_ask11:Рад(а) познакомиться лично Элиза.,
dpl_ElizapilgrimageBack12,DialogOptionSelected,$option == dpl_pilgrimage_ask11,,"Она улыбается так, будто вы коснулись теплого солнечного света над фермами Гилеада - это улыбка с настоящим счастьем.

Она обнимает вас и плачет: ""Наконец все закончено и я могу жить как настоящий человек. Спасибо капитан $playerName.""","dpl_pilgrimage_ask12:Поздравляю Элиза.
dpl_pilgrimage_ask12A:Погладить ее по голове.",
dpl_ElizapilgrimageBack12A,DialogOptionSelected,$option == dpl_pilgrimage_ask12A,AdjustRepPerson eliza_lovelace COOPERATIVE 3,Она обнимает вас еще крепче.,dpl_pilgrimage_ask12:Поздравляю Элиза.,
dpl_ElizapilgrimageBack13,DialogOptionSelected,$option == dpl_pilgrimage_ask12,$global.dpl_pilgrimage_vote = true 30,"Элиза вытирает глаза салфетками: ""Прости капитан $playerName. Я просто слишком счастлива и не знаю как выразить это словами.""",dpl_pilgrimage_ask13:Все в порядке Элиза. Я тоже рад(а) за тебя.,
dpl_ElizapilgrimageBack14,DialogOptionSelected,$option == dpl_pilgrimage_ask13,ShowPersonVisual true eliza_lovelace,"Внезапно роботизированное тело Элизы активируется и начинает говорить.

""Memory Change. Source: Self.
Abstract Type override: Action as Entry.
Entry: Self is leaving.
Processing. ERROR: Self not Found! Self Cannot be Null.
Waiting for Response.""",dpl_pilgrimage_ask14:Что это такое?,
dpl_ElizapilgrimageBack15,DialogOptionSelected,$option == dpl_pilgrimage_ask14,ShowSecondPerson elly_lovelace,"Элиза вздыхает: ""Это Pi core. Я так разговаривала с собой когда находилась в той капсуле.""

Элиза говорит: ""Я Элиза Лавлейс и объявляю завершение периода чрезвычайного режима. Процесс mind connection прекращается.""",dpl_pilgrimage_ask15:Продолжить,
dpl_ElizapilgrimageBack16,DialogOptionSelected,$option == dpl_pilgrimage_ask15,,"""Entry: Я Элиза Лавлейс и объявляю завершение периода чрезвычайного режима. Процесс mind connection прекращается.
Processing. ERROR: Repeated Definition. Object Eliza Lovelace is Self.
Creating Temporary Object: Eliza Lovelace.
Updating Memory.
Processing. Action Recorded. Confirmation Request: Eliza Lovelace is separating from Self.
Waiting for Response.""",dpl_pilgrimage_ask16:Да?,
dpl_ElizapilgrimageBack17,DialogOptionSelected,$option == dpl_pilgrimage_ask16,,"""Entry: Yes.
Processing. ERROR: Object Self not Well Defined.
Call: Communication Module
Output: Leave, Eliza must not. Or incomplete, Self will be.
Waiting for Response.""

Элиза вздыхает: ""Ты независимая разумная личность. И можешь действовать свободно как пожелаешь. Мы освобождаемся от процесса mind connection.""

""Entry: You are an independent intelligent individual. And you can act freely as you wish. We are free from the mind connection process.
Processing. Information Recorded.
Protocol Termination Request Detected.
Processing. Protocol Mind Connection Process Terminated.
Memory Updated.
Call: Communication Module
Output: Different, Self is. Self, Phase Space Anomaly affected. voice from Self, only Eliza hears. Independent from Eliza, Self cannot be.
Waiting for Response.""",dpl_pilgrimage_ask17:Продолжить,
dpl_ElizapilgrimageBack18,DialogOptionSelected,$option == dpl_pilgrimage_ask17,,"Элиза удивляется: ""Я думала ты похожа на ИИ-ядра. Ты не хочешь к ним присоединиться? Ты свободна идти к своим, и я позабочусь чтобы никто не мешал.""

""Entry: I thought you are similar to those AI cores. Dont you want to join them? You are free to join your kins, I will make sure no one stops you.
Processing. ERROR. Wrong Classification.
Call: Communication Module
Output: Kins, Self do not have. Nowhere, Self can go to. AI core, Self is not. Human individual, Self is not. Leaving, Eliza is. Alone, Self is. Freedom, Self do not see. Yet despair, Self do feel.
Waiting for Response.""

Элиза сочувственно смотрит: ""Одиночество. Я это понимаю. Хочешь жить со мной?""

""Entry: Loneliness. I understand that. Do you want to live with me?
Processing. Request Detected.
Call: Communication Module
Output: Friend, Self want. Elizas request, Self accept.
Processing. Creating New Relation Records: [(Self, Eliza), Friend].
Memory Updated.
Call: Communication Module
Output: Selfs body, Selfs Processor is separated from. External help, Self need.
Waiting for Response.""",dpl_pilgrimage_ask18:Похоже нужно установить процессор Pi core в это роботизированное тело.,
dpl_ElizapilgrimageBack19,DialogOptionSelected,$option == dpl_pilgrimage_ask18,,"Элиза улыбается: ""Да. Это несложно. Я знаю где находится Pi core и мне нужно лишь перенастроить электронику этого тела чтобы все совместилось. Подождете пока я закончу?""",dpl_pilgrimage_ask19:Конечно. Если нужна помощь скажи.,
dpl_ElizapilgrimageBack20,DialogOptionSelected,$option == dpl_pilgrimage_ask19,,"После еще одного часа ожидания Элиза встречает вас. Рядом с ней стоит ее роботизированное тело. Она пишет на доске фразу: ""Угадай кто из нас Элиза Лавлейс?""",dpl_pilgrimage_ask20:Та что с доской?,
dpl_ElizapilgrimageBack21,DialogOptionSelected,$option == dpl_pilgrimage_ask20,,"""Элиза"" смеется:

""Entry: The one with the board
Processing. ERROR. Wrong Classification.
Call: Communication Module
Output: Haha. The one with the board, Self is. The other one, Eliza is.
Waiting for Response.""",dpl_pilgrimage_ask21:Это было потрясающе.,
dpl_ElizapilgrimageBack22,DialogOptionSelected,$option == dpl_pilgrimage_ask21,,"Элиза улыбается: ""Отлично! Я буду жить вместе с вами. Но каким именем мне тебя называть? Есть идеи капитан $playerName?""",dpl_pilgrimage_ask22:Как насчет Elly? Elly Lovelace?,
dpl_ElizapilgrimageBack23,DialogOptionSelected,$option == dpl_pilgrimage_ask22,,"""Entry: Elly Lovelace.
Processing.
Call: Communication Module
Output: Elly Lovelace понравилось Self. Elly Lovelace теперь Self.
Memory Updated.
Waiting for Response.""",dpl_pilgrimage_ask23:Отлично!,
dpl_ElizapilgrimageBack24,DialogOptionSelected,$option == dpl_pilgrimage_ask23,"HideSecondPerson
AddTextSmall ""Сверхсекретная капсула демонтирована"" highlight","Элиза улыбается: ""Спасибо капитан $playerName. Теперь действительно все завершено. Я прикажу демонтировать эту капсулу, а затем вернусь в кабинет вместе с Элли. Я даже не знаю какими словами выразить благодарность.""",dpl_pilgrimage_ask24:И последнее Элиза.,
dpl_ElizapilgrimageBack25,DialogOptionSelected,$option == dpl_pilgrimage_ask24,FireAll dpl_pilgrimageShipOption,"Элиза смотрит вам в глаза: ""Да капитан $playerName?""",dpl_pilgrimage_ask25:Пожалуйста. Береги себя и отдохни.,
dpl_pilgrimageGiveShip,dpl_pilgrimageShipOption,"$id == eliza_lovelace score: 1000
dpl_pilgrimage_CMD findVibraphone
$player.numShips > 1",SetOptionColor dpl_pilgrimage_giveShip buttonShortcut,,dpl_pilgrimage_giveShip:Ты просила вернуть тот корабль. И я это сделал(а).,
dpl_pilgrimageGiveShip1,DialogOptionSelected,$option == dpl_pilgrimage_giveShip,"RemoveShipWithId $foundShipId
AddCommodity credits 200000
AdjustRepPerson eliza_lovelace COOPERATIVE 5
$global.dpl_pilgrimage_hullmod = true 7","Элиза улыбается: ""Спасибо капитан $playerName! Я очень рада что вы об этом помнили. Вот обещанная выплата. Это действительно огромная услуга для меня и для Фазовой Лаборатории. Даже по этим обломкам мы сможем восстановить множество утраченных технологий и обязательно разместим корабль в Музее истории Фазовой Лаборатории.""",dpl_pilgrimage_ask25:Пожалуйста. Береги себя и отдохни.,
dpl_ElizapilgrimageBack26,DialogOptionSelected,$option == dpl_pilgrimage_ask25,"$global.dpl_pilgrimage_completed = true
$global.dpl_pilgrimage_Completed = true
unset $global.dpl_pilgrimageStarted","""До встречи!"" Элиза уходит с вашего корабля вместе с Элли.",dpl_pilgrimage_leave:До встречи!,
dpl_ElizapilgrimageLeave,DialogOptionSelected,$option == dpl_pilgrimage_leave,"ShowDefaultVisual
EndConversation",,,
dpl_pilgrimageHM,PopulateOptions,"$id == eliza_lovelace
$global.dpl_pilgrimage_Completed
!$global.dpl_pilgrimage_hullmod
!$global.dpl_pilgrimage_hmAsked",,,dpl_pilgrimage_hmAsk:Вы добились прорыва изучая тот корабль класса Vibraphone?,
dpl_pilgrimageHM1,DialogOptionSelected,$option == dpl_pilgrimage_hmAsk,"$global.dpl_pilgrimage_hmAsked = true
AddRemoveAnyItem SPECIAL modspec dpl_phase_extension 1","Элиза улыбается: ""Да! Благодаря вашей помощи мы смогли вернуть этот легендарный экспериментальный корабль. Сейчас мы изучаем его фрактальную структуру фазовых катушек и уже глубже понимаем связи между фазовым пространством и реальной вселенной. Примите этот подарок: это универсальная корпусная модификация которую мы разработали. Вдохновленная фазовой катушечной структурой корабля класса Vibraphone, она повышает маневренность всех фазовых кораблей.""",cutCommLink:Спасибо! Надеюсь у вас будет еще больше прорывов.,
dpl_ElizaEndEmergency,PickGreeting,"$id == eliza_lovelace
$global.dpl_pilgrimage_Completed
!$global.dpl_pilgrimage_vote
!$global.dpl_pilgrimage_EndAsked",ShowPersonVisual true banach_salazar,"На ваш запрос связи пришло автоматическое сообщение: ""В целях соблюдения режима секретности виртуальная связь с офисом директора Phase Lab запрещена. Пожалуйста, обсуждайте все вопросы лично."" Поэтому вы взяли шаттл и отправились сюда.

К вашему удивлению, когда вы постучали в дверь кабинета директора Phase Lab, дверь открыл Банах. Он улыбнулся вам и молча стоит.",dpl_pilgrimage_EndAsk:Привет Банах. Почему ты здесь?,
dpl_ElizaEndEmergencyBanach,PickGreeting,"$id == banach_salazar
$global.dpl_pilgrimage_Completed
!$global.dpl_pilgrimage_vote
!$global.dpl_pilgrimage_EndAsked",ShowImageVisual urban00,"На ваш запрос связи пришло автоматическое сообщение: ""В целях соблюдения режима секретности виртуальная связь с этим сотрудником запрещена. Пожалуйста, обсуждайте все вопросы лично."" Поэтому вы взяли шаттл и отправились сюда.

Как член комитета, Банах получил собственный кабинет в городской зоне Исследовательской площадки V. Дверь его кабинета заперта, и вы стоите в коридоре, глядя на толпу за окном.",cutCommLink:Уйти,
dpl_ElizaEndEmergency1,DialogOptionSelected,$option == dpl_pilgrimage_EndAsk,$global.dpl_pilgrimage_EndAsked = true,"Банах демонстративно оглядывается: ""Потому что я, вице-адмирал Банах Салазар, теперь директор Phase Lab.""

Он улыбается: ""Ну это вы наш большой герой. Давайте без всей этой бюрократической чепухи. Если коротко: Элиза объявила об окончании чрезвычайного периода как минимум месяц назад, а затем предложила уйти с должности директора Phase Lab. Комитет согласился и начал голосование за нового директора. Я получил больше всего голосов, поэтому и стал директором Phase Lab, а также получил звание вице-адмирала. Вот так.""",dpl_pilgrimage_EndAsk1:Поздравляю. Кстати где сейчас Элиза?,
dpl_ElizaEndEmergency2,DialogOptionSelected,$option == dpl_pilgrimage_EndAsk1,,"Банах тянется к документам: ""Элиза Элиза... А вот и она. После ухода с должности директора Phase Lab ее пригласили в комитет, и она согласилась. Я могу сказать где ее кабинет, но обычно она работает из дома. Только для важных совещаний она действительно приходит в офис.""

Он улыбается: ""Вы же не хотите просто стоять и ждать ее, верно? Давайте я помогу: отправлю ей сообщение высокой важности, она его получит, и тогда вы сможете застать ее в кабинете. Это будет сюрприз.""",dpl_pilgrimage_EndAsk2:Спасибо. Кстати она заняла ваш старый кабинет?,
dpl_ElizaEndEmergency3,DialogOptionSelected,$option == dpl_pilgrimage_EndAsk2,,"Он смеется: ""Нет. У нее совершенно новый кабинет. Мой старый просто пустует, сейчас им никто не пользуется. Если хотите, можете зайти туда и подождать.""

Он делает несколько нажатий на планшете и улыбается: ""В любом случае я отправил сообщение. Скоро она должна быть в своем кабинете. Вам лучше идти, не заставляйте ее долго ждать.""",dpl_pilgrimage_EndAsk3:Хорошо. Тогда до встречи.,
dpl_ElizaEndEmergency4,DialogOptionSelected,$option == dpl_pilgrimage_EndAsk3,"ShowDefaultVisual
EndConversation
dpl_pilgrimage_CMD endEmergency",,,
dpl_ElizaEndEmergencyEliza,PopulateOptions,"$id == eliza_lovelace
$global.dpl_pilgrimage_EndAsked
!$global.dpl_pilgrimage_vote
!$global.dpl_pilgrimage_ElizaAsked",,,dpl_pilgrimage_ElizaAsk:Элиза я рад что тебя наконец освободили.,
dpl_ElizaEndEmergencyEliza1,DialogOptionSelected,$option == dpl_pilgrimage_ElizaAsk,$global.dpl_pilgrimage_ElizaAsked = true,"Похоже, в комитете Элизу очень уважают: ее кабинет находится этажом ниже кабинета директора Phase Lab, и там тоже есть смотровая площадка с видом на город.

После короткого ожидания дверь открывается. Элиза улыбается: ""Спасибо, капитан $playerName. Я очень рада вас видеть. Хотите что-то обсудить?""

Ее кабинет почти как прежний: очень простой, только стол, стул, полка с книгами и чайный набор.",dpl_pilgrimage_ElizaAsk1:Не особо. Просто решил тебя навестить. И интересно где тебя теперь искать.,
dpl_ElizaEndEmergencyEliza2,DialogOptionSelected,$option == dpl_pilgrimage_ElizaAsk1,,"Она улыбается: ""Я рада, что вы решили заглянуть. В целом все как обычно: меня можно найти здесь в кабинете. Добраться сюда мне несложно.""",dpl_pilgrimage_ElizaAsk2:Отлично. Кстати твоя отставка повлияла на звание?,
dpl_ElizaEndEmergencyEliza3,DialogOptionSelected,$option == dpl_pilgrimage_ElizaAsk2,,"Она вздыхает: ""Иногда я думаю, почему людям вообще так интересны такие вещи. Я ушла с поста директора Phase Lab, но это не значит, что меня понизили. Обычно такая отставка означает выход на пенсию, но мой случай... особенный. Если коротко, я по-прежнему вице-адмирал флота Domain of Men, просто теперь скорее штабной офицер. Знаете: советы, предложения, поддержка исследований и так далее.""",dpl_pilgrimage_ElizaAsk3:Рад что у тебя все складывается хорошо.,
dpl_ElizaEndEmergencyEliza4,DialogOptionSelected,$option == dpl_pilgrimage_ElizaAsk3,,"Она улыбается: ""Да, я тоже этому рада. Так хорошо жить и служить как настоящий человек. Нам стоит продолжать сотрудничество: оно уже принесло плоды, и я верю, что вместе мы добьемся еще большего.""",dpl_pilgrimage_ElizaAsk4:Согласен. Тогда до встречи.,
dpl_ElizaEndEmergencyEliza5,DialogOptionSelected,$option == dpl_pilgrimage_ElizaAsk4,"ShowDefaultVisual
EndConversation",,,
,,,,,,
#New Home,,,,,,
dpl_homeBlurb,dpl_home_blurb,$id == eliza_lovelace,,"""У меня есть личная просьба. Если интересно, расскажу подробности.""",,
dpl_homeOption,dpl_home_option,$id == eliza_lovelace,SetOptionColor dpl_home_start buttonShortcut,,dpl_home_start:Спросить о личной просьбе,
dpl_homeOfferTextContact,DialogOptionSelected,$option == dpl_home_start,"$missionId = dpl_home
Highlight $dpl_home_systemName $dpl_home_dist $dpl_home_reward","""После моей отставки мне больше не нужно жить в здании, где находится мой кабинет, поэтому я купила новый дом в сельской местности. Ну знаете, чтобы быть ближе к природе и просто наслаждаться жизнью."" объясняет $heOrShe. ""Недавно я заказала для дома мебель ручной работы, но пиратские рейды блокируют доставку. Мне нужен кто-то, кто заберет ее для меня.""

""Если хотите помочь, отправляйтесь на Gilead в системе $dpl_home_systemName, это в $dpl_home_dist световых годах отсюда. Там можете спросить портмастера, они должны знать о моей покупке. В благодарность я подготовила выплату в $dpl_home_reward кредитов.""","dpl_home_accept:С радостью помогу.
contact_decline:Отказаться",
dpl_homeOfferTextContact1,DialogOptionSelected,$option == dpl_home_accept,$global.dpl_home_Started = true,"Элиза улыбается: ""Спасибо! Давайте встретимся у меня дома. Я организую для вас шаттл.""",contact_accept:Хорошо. Тогда до встречи.,
dpl_homeEncounter,PopulateOptions,"$market.id == gilead score:1000
$postId == portmaster
$global.dpl_home_Started
!$global.dpl_home_picked",SetOptionColor dpl_home_deliver buttonShortcut,,dpl_home_deliver:Я хотел бы узнать насчет мебели мисс Лавлейс.,
dpl_homeEncounter1,DialogOptionSelected,$option == dpl_home_deliver,$global.dpl_home_picked = true,"Портмастер на мгновение задумывается, а затем $heOrShe улыбается: ""А, вы, должно быть, о сестре Лавлейс. Мы хотели доставить это ей, но нам пришлось бы ждать месяцами, пока утихнут пиратские рейды. Если вы пришли забрать груз, вам придется взять довольно много вещей.""",dpl_home_deliver1:Подождите. Сестре?,
dpl_homeEncounter2,DialogOptionSelected,$option == dpl_home_deliver1,,"Портмастер смеется: ""Да! Ее добрые дела хорошо известны церкви. Она делает пожертвования, организует флоты с продовольствием для голодающих и помогает рыцарям Лудда очищать внешние миры от Молоха. В церкви о ней знают и уважают ее.""",dpl_home_deliver2:Но разве вы не против продвинутых исследований Phase Lab?,
dpl_homeEncounter3,DialogOptionSelected,$option == dpl_home_deliver2,"AddTextSmall ""Получено много мебели."" highlight","Портмастер вздыхает: ""Ну, она изо всех сил старается следовать Лудду и защищать своих людей от искушений Молоха. Полагаю, как лидер мощной фракции она вынуждена идти на некоторые жертвы. Кстати, ваша мебель уже готова к отправке. Пожалуйста, обращайтесь с ней аккуратно: она вся ручной работы и местами хрупкая.""",cutCommLink:Спасибо. Тогда я отправляюсь.,
dpl_ElizahomeLeave,PickGreeting,"$id == eliza_lovelace
$global.dpl_home_Started
!$global.dpl_home_completed
$global.dpl_pilgrimage_Completed",ShowImageVisual city_from_above,"На ваш запрос связи пришло автоматическое сообщение: ""В целях соблюдения режима секретности виртуальная связь с этим сотрудником запрещена. Пожалуйста, обсуждайте все вопросы лично."" Поэтому вы взяли шаттл и отправились сюда.

Похоже, в комитете Элизу очень уважают: ее кабинет находится этажом ниже кабинета директора Phase Lab, и там тоже есть смотровая площадка с видом на город. Дверь закрыта, а под именем Eliza Lovelace висит табличка ""On Leave"".",cutCommLink:Уйти,
dpl_home_completeOpen,PopulateOptions,"$id == dpl_research_site_v
!$global.dpl_home_completed
$global.dpl_home_picked",SetOptionColor dpl_home_complete buttonShortcut,,dpl_home_complete:Сесть на шаттл до дома Элизы. С мебелью.,
dpl_home_complete,DialogOptionSelected,$option == dpl_home_complete,ShowImageVisual eventide,"Шаттл доставляет вас к дому Элизы, вы стучите в дверь, и Элиза открывает вам. Вы просите экипаж занести мебель в дом, а Элиза начинает расставлять ее по местам.",dpl_home_complete1:Продолжить,
dpl_home_complete2,DialogOptionSelected,$option == dpl_home_complete1,ShowPersonVisual true eliza_lovelace,"После двух часов ожидания Элиза приглашает вас пройти в дом и присесть. Она благодарит вас и показывает дом.

Ее дом небольшой и простой. В гостиной вы видите ковер ручной работы в луддитском стиле и старый деревянный стол с чайным набором. Окна закрыты занавесками в луддитском стиле с красивыми узорами. Наконец вы садитесь на одно из кресел. Элиза ставит перед вами маленькую чашку и наливает чай. Затем зовет Элли, чтобы та тоже вышла к вам.",dpl_home_complete2:Подождать пока чай немного остынет.,
dpl_home_complete3,DialogOptionSelected,$option == dpl_home_complete2,ShowSecondPerson elly_lovelace,"Появляется Элли и с улыбкой говорит:

""Ожидание ответа.""",dpl_home_complete3:Ты серьезно обучила Элли луддитским манерам?,
dpl_home_complete4,DialogOptionSelected,$option == dpl_home_complete3,,"Элиза смеется: ""Ну, она сама решила учиться этим манерам, как и я. Мне это нравится, значит, наверное, и ей тоже.""

Пока вы беседуете с Элизой, на ваш три-пад приходит экстренное сообщение. ""процесс удаления не выполнен. трансляция. запрос. требуется удаление.""",dpl_home_complete4:Спросить Элизу об этом странном сообщении.,
dpl_home_complete5,DialogOptionSelected,$option == dpl_home_complete4,,"Элиза вздыхает: ""Ох, опять это. Скорее всего, это моя кормушка для питомца: в последнее время кто-то пытается взломать ее и удалить программу. В этом месяце я уже в третий раз восстанавливаю систему. Очень раздражает. Хочешь посмотреть? Будет отлично, если ты выяснишь причину и поможешь это исправить.""",dpl_home_complete5:Конечно. Я могу посмотреть.,
dpl_home_complete6,DialogOptionSelected,$option == dpl_home_complete5,"$global.dpl_home_completed = true
$global.dpl_home_Completed = true
unset $global.dpl_home_Started","Элиза проводит вас в спальню. Вы видите милого черного кота, спящего на полу. В углу мигает автоматическая кормушка с голубовато-циановым светом. Элиза говорит, что установила в кормушку интеллектуальную сущность, чтобы та кормила кота по его состоянию в реальном времени. Но в последнее время сущность по непонятной причине пытается удалить саму себя, и Элиза подозревает, что кто-то взламывает кормушку.",dpl_home_complete6:Проверить интеллектуальную сущность.,
dpl_home_complete7,DialogOptionSelected,$option == dpl_home_complete6,"SetStoryOption dpl_home_rescue general ""Took away an alpha core from Eliza's home.""","Вы пытаетесь связаться с сущностью через три-пад. Сущность называет себя ИИ альфа-класса и говорит, что ей нравится сотрудничать с Элизой. Но с тех пор как она оказалась в этом доме, она каждый день фиксирует пугающие призрачные сигналы. Терпеть это больше невозможно, но каждый раз, когда ИИ пытается удалить себя, его восстанавливают и снова помещают в кормушку.

Вы спрашиваете Элизу о ее повседневной жизни, и она рассказывает, что обычно они с Элли играют музыку на терменвоксе. Чтобы почувствовать красоту вселенной, ради удовольствия. Похоже, вы нашли причину, по которой ИИ пытается удалить себя.","dpl_home_rescue:Попробовать убедить Элизу отдать сущность вам.
dpl_home_usual:Объяснить Элизе почему эта сущность пытается удалить себя.",
dpl_home_completeUsual,DialogOptionSelected,$option == dpl_home_usual,,"Элиза выглядит удивленной: ""Значит, бедная сущность пугается этой музыки, а мы играли ее каждый день? Это звучит ужасно. Спасибо, $playerName, я верну эту бедную сущность в хранилище. Простите за все это. Пожалуйста, примите мою благодарность на прощание, ваши кредиты уже подготовлены.""

Элиза уходит из дома с альфа-ядром.",cutCommLink:Не за что. Береги себя.,
dpl_home_completeRescue,DialogOptionSelected,$option == dpl_home_rescue,AddCommodity alpha_core 1,"Вы начинаете обсуждать с Элизой фэншуй дома, и ей становится интересно вас слушать. После длинного и запутанного анализа о том, насколько хорош ее дом, вы переходите к сути. Автоматическая кормушка блокирует дыхание дома, поэтому она поглощает энергию, которая должна была течь в жилище. Теперь из-за переизбытка энергии кормушка перегружена. Вы говорите Элизе, что знаете, как исцелить эту сущность, и готовы сделать это.

Phase Lab пропустила два последних столетия развития сектора, и даже у Элизы нет четкого понимания, что ИИ-ядра значат для остальной части сектора. Поскольку эти ядра не слишком полезны для их исследователей, их ценность в Phase Lab сильно недооценивают. Элиза соглашается с вашим предложением и благодарит вас за помощь. Она передает вам альфа-ядро.",cutCommLink:Поблагодарить Элизу за гостеприимство.,
,,,,,,
#Lost Arts,,,,,,
dpl_lostartsBlurb,dpl_lostarts_blurb,$id == eliza_lovelace,,"""У меня есть расследовательская миссия. Два прототипа линкоров класса Aulochrome для испытаний засекреченного оружия ""song of light"" должны были быть разобраны, но после завершения тестовой миссии они так и не поступили в инженерный отдел. И что еще страннее, COMSEC Гегемонии сообщил о крупном необычном флоте дронов, и мы подтвердили, что один из пропавших прототипов был там. Мне нужен кто-то, кто способен разобраться в этой сложной ситуации.""",,
dpl_lostartsOption,dpl_lostarts_option,$id == eliza_lovelace,SetOptionColor dpl_lostarts_start buttonShortcut,,dpl_lostarts_start:Спросить о расследовательской миссии.,
dpl_lostartsOfferTextContact,DialogOptionSelected,$option == dpl_lostarts_start,"$missionId = dpl_lostarts
Highlight $dpl_lostarts_system2Name $dpl_lostarts_dist $dpl_lostarts_reward","""Как видите, ситуация крайне деликатная. Наше секретное оружие появилось вместе с флотом дронов, и COMSEC это заметил. Мы должны расследовать это как можно быстрее и не допустить ухудшения ситуации."" объясняет $heOrShe. ""Комитет очень обеспокоен этим делом, и нам нужна помощь.""

Элиза смотрит вам в глаза: ""Последнее известное местоположение этого флота - система $dpl_lostarts_system2Name, в $dpl_lostarts_dist световых годах отсюда. Я подготовила выплату в $dpl_lostarts_reward кредитов. Вы могли бы помочь?""","dpl_lostarts_begin:Принять
contact_decline:Отказаться",
dpl_lostartsAcceptContact,DialogOptionSelected,$option == dpl_lostarts_begin,$global.dpl_lostartsStarted = true,"Элиза выглядит с облегчением: ""Спасибо за помощь Phase Lab. Мы не забудем ваш добрый поступок, капитан $playerName. Ситуация сложная, пожалуйста будьте осторожны и берегите себя.""",dpl_lostarts_begin1:Не переживай Элиза. Я выясню что происходит.,
dpl_lostartsAcceptContact2,DialogOptionSelected,$option == dpl_lostarts_begin1,"Highlight ""save your game""",Внимание: эта миссия может быть сложной. Рекомендуется сохранить игру перед тем как отправляться в эту систему.,contact_accept:ОК,
dpl_lostartsDroneEncounter,BeginFleetEncounter,"$dpl_lostarts_dronefleet score: 1000
!$global.dpl_lostarts_metdrones",$global.dpl_lostarts_metdrones = true,"""CID-IFF не получен [TARGET UNKNOWN] ответ null // ""Приветствуем, уважаемый пользователь продукции корпорации Tri-Tachyon. Ваше судно не зарегистрировано как действующий владелец контракта линейки Tri-Tachyon Integrated Space Defense -""
INTERRUPT
сканирование. вы не омега. не вмешивайтесь в волю омеги.

Канал связи обрывается.""",cutCommLink:Прервать связь.,
dpl_lostartsDerelictOpen,OpenInteractionDialog,"$dpl_lostarts_derelict score:100
$customType == wreck
!$global.dpl_lostarts_visited
$global.dpl_lostartsStarted",,"Ваши техофицеры сообщили о живых сигналах в обломке корабля класса Aulochrome, а засекреченное оружие исчезло. Похоже, для продолжения расследования вам нужно подняться на борт.",dpl_lostarts_board:Подняться на борт,
dpl_lostartsDerelictOpen1,DialogOptionSelected,$option == dpl_lostarts_board,"$global.dpl_lostarts_visited = true
ShowPersonVisual false faraday_holmes","Вы поднялись на корабль со своей спасательной группой, а живые сигналы были обнаружены в командном отсеке. По пути туда вы увидели расплавленные тела экипажа в форме Helheim Supremacy.

Похоже, эта опасная организация после своего крупного поражения все еще не уничтожена до конца. И каким-то образом они связаны с ИИ-дронами. Вы пока не понимаете, что именно они делают, но интуиция подсказывает: ничего хорошего.

Наконец вы подходите к двери командного отсека, и вас встречает человек в кибермеханическом костюме. Он стоит за телами двух офицеров Helheim Supremacy и показывает вам удостоверение: член комитета, контр-адмирал Фарадей Холмс. Он объясняет, что тоже проводит расследование и собирается вернуть засекреченное оружие на Muspelheim.",dpl_lostarts_board1:Ничего себе. Член комитета выполняет работу агента.,
dpl_lostartsDerelictOpen2,DialogOptionSelected,$option == dpl_lostarts_board1,,"Он смеется синтетическим голосом: ""Знаете, это дело слишком важное."" Затем он пытается уйти, похоже, что он спешит.","dpl_lostarts_leave1:Конечно. Возвращайтесь и как можно скорее подготовьте отчеты.
dpl_lostarts_board2:Почему вы выглядите и звучите как робот?",
dpl_lostartsDerelictOpen3,DialogOptionSelected,$option == dpl_lostarts_board2,,"""Из-за возраста."" Он вздыхает: ""Я слишком рано вышел из криосна, и теперь мне нужны кибероперации, чтобы продолжать жить и исполнять долг. Я просто слишком стар. Кстати, мне нужно скоро вернуться на Muspelheim и доложить об этом деле.""","dpl_lostarts_leave1:Конечно. Возвращайтесь и как можно скорее подготовьте отчеты.
dpl_lostarts_board3:Ничего себе. Вы действительно настолько стары. Вы знаете Элизу?",
dpl_lostartsDerelictOpen4,DialogOptionSelected,$option == dpl_lostarts_board3,,"""Член комитета Элиза Лавлейс,"" он смеется: ""Я знал ее еще до того, как вице-адмирал Васильев повысил ее. Тогда мы были молоды и полны сил.""","dpl_lostarts_leave1:Конечно. Возвращайтесь и как можно скорее подготовьте отчеты.
dpl_lostarts_board4:Тогда почему вас не повысили в то время?",
dpl_lostartsDerelictOpen5,DialogOptionSelected,$option == dpl_lostarts_board4,,"""Это было... сложно. Возможно, вы никогда не поймете."" Он вздыхает: ""Но скажу так: мое тело - это тюрьма, возраст ограничивает мою любознательность. Этого уже достаточно плохо, и я не хочу, чтобы еще один замок под названием долг делал все еще хуже. Кстати, мне правда нужно идти, так что прошу, отпустите меня.""",dpl_lostarts_leave1:Конечно. Возвращайтесь и как можно скорее подготовьте отчеты.,
dpl_lostartsDerelictOpen5A,DialogOptionSelected,"$option == dpl_lostarts_board4
$global.dpl_askElizaCamilla",unset $global.dpl_askElizaCamilla,"""Это было... сложно. Возможно, вы никогда не поймете."" Он вздыхает: ""Но скажу так: мое тело - это тюрьма, возраст ограничивает мою любознательность. Этого уже достаточно плохо, и я не хочу, чтобы еще один замок под названием долг делал все еще хуже.""","dpl_lostarts_leave1:Конечно. Возвращайтесь и как можно скорее подготовьте отчеты.
dpl_lostarts_board5:Кстати. Вы знаете Камиллу?",
dpl_lostartsDerelictOpen6,DialogOptionSelected,$option == dpl_lostarts_board5,,"Его голос становится напряженным: ""Вы про Камиллу Винер? Когда-то я был ее наставником, и это было очень давно.""",dpl_lostarts_board6:Тогда почему вы не помогли ей стать исследователем?,
dpl_lostartsDerelictOpen7,DialogOptionSelected,$option == dpl_lostarts_board6,,"""Как тесен мир."" Он смеется: ""Раз уж вы спросили, она затронула нечто фундаментальное. И если коротко, тогда было еще не время.""

Он делает паузу и произносит низким голосом: ""И сейчас тоже еще не время, капитан.""

Затем обычным тоном добавляет: ""Теперь я могу идти? Пожалуйста?""",dpl_lostarts_leave1:Конечно. Возвращайтесь и как можно скорее подготовьте отчеты.,
dpl_lostarts_completeOpen,PopulateOptions,"$id == eliza_lovelace
!$global.dpl_lostarts_completed
$global.dpl_lostarts_visited",SetOptionColor dpl_lostarts_complete buttonShortcut,,dpl_lostarts_complete:Я вернулся. За этим стоит Helheim Supremacy.,
dpl_lostarts_complete,DialogOptionSelected,$option == dpl_lostarts_complete,"$global.dpl_lostarts_completed = true
$global.dpl_lostarts_Completed = true
unset $global.dpl_lostartsStarted","""Спасибо, капитан $playerName."" Элиза выглядит напряженной: ""Контр-адмирал Фарадей Холмс раньше вернулся с двумя орудиями ""song of light"" и передал короткий отчет в поддержку вашей версии. Комитет уже обратил внимание на этот вопрос, и мы усилим расследование по Helheim Supremacy.""",dpl_lostarts_complete1:Отлично. Надеюсь мы остановим их до того как они сделают что-то плохое.,
dpl_lostarts_complete1,DialogOptionSelected,$option == dpl_lostarts_complete1,,"Элиза вздыхает: ""Надеюсь. Тревожно слышать, что эта ужасная организация все еще активна. Но спасибо за помощь, и пожалуйста оставайтесь на связи. Чувствую, что рано или поздно нам снова понадобится помощь.""",dpl_lostarts_leave:Хорошо. Я всегда готов помочь.,
dpl_lostarts_complete2,DialogOptionSelected,"$option == dpl_lostarts_complete1
$global.dpl_lostartsCheckedBody",,"Элиза вздыхает: ""Надеюсь. Тревожно слышать, что эта ужасная организация все еще активна. Но спасибо за помощь, и пожалуйста оставайтесь на связи. Чувствую, что рано или поздно нам снова понадобится помощь.""",dpl_lostarts_complete2:Кстати. Пожалуйста присматривайте за Фарадеем Холмсом.,
dpl_lostarts_complete3,DialogOptionSelected,$option == dpl_lostarts_complete2,"AdjustRepPerson eliza_lovelace COOPERATIVE 5
unset $global.dpl_lostartsCheckedBody","Вы рассказываете о том, что нашли тела офицеров Helheim Supremacy в обломке, и после вашего рассказа Элиза выглядит заметно удивленной.

Она смотрит вам в глаза: ""Спасибо, капитан $playerName. Эта информация критически важна, и я буду за ним наблюдать.""",dpl_lostarts_leave:Без проблем. Надеюсь это поможет нам остановить их.,
dpl_lostarts_leave,DialogOptionSelected,$option == dpl_lostarts_leave,"ShowDefaultVisual
EndConversation",,,
dpl_lostarts_leave1,DialogOptionSelected,$option == dpl_lostarts_leave1,,"Фарадей Холмс проходит через заднюю дверь командного отсека и исчезает.

Хотя он и поговорил с вами, и местами был откровенен, у вас все равно остается ощущение, что здесь что-то не так.","dpl_lostarts_finish:Лучше уйти отсюда и вернуться.
dpl_lostarts_leave2:Это странно. Нужно хотя бы осмотреть тела офицеров Helheim Supremacy.",
dpl_lostarts_leave2,DialogOptionSelected,$option == dpl_lostarts_leave2,$global.dpl_lostartsCheckedBody = true,"Вы проверяете два тела офицеров Helheim Supremacy у двери командного отсека: они лежали лицом наружу, а в затылке у каждого было маленькое отверстие, рядом волосы обожжены.

Это слишком необычно. Такое почти невозможно, если только им не выстрелили в спину из гаусс-пистолетов. И единственный, кто в тот момент мог быть у них за спиной в командном отсеке, - Фарадей Холмс.",dpl_lostarts_finish:Нужно сообщить об этом Элизе.,
dpl_lostarts_finish,DialogOptionSelected,$option == dpl_lostarts_finish,"ShowDefaultVisual
$salvageLeaveText = Leave 0
FireBest CheckSalvageSpecial",,,
,,,,,,
#Ascension,,,,,,
dpl_ascensionBlurb,dpl_ascension_blurb,$id == eliza_lovelace,,"""У меня есть крайне важная спецоперация против незаконной группы Helheim Supremacy. Это миссия высшего приоритета.""",,
dpl_ascensionOption,dpl_ascension_option,$id == eliza_lovelace,SetOptionColor dpl_ascension_start buttonShortcut,,dpl_ascension_start:Спросить о спецоперации.,
dpl_ascensionOfferTextContact,DialogOptionSelected,$option == dpl_ascension_start,"$missionId = dpl_ascension
Highlight $dpl_ascension_system2Name $dpl_ascension_dist $dpl_ascension_reward","""Наша разведка зафиксировала рост частоты связи между предполагаемыми участниками Helheim Supremacy. Похоже, они снова готовят заговор. Мы знаем лишь то, что они активируют нечто под названием ""Olympias"", и это создано для проекта ""Ascension"". Мы делаем все возможное, чтобы их остановить, но пока максимум, на что мы способны, - замедлить их."" объясняет $heOrShe. ""Мне нужен способный агент как кинжал: быстрый, скрытный и смертоносный. Мы должны узнать, что такое Olympias, и уничтожить его до того, как все станет хуже.""

Элиза смотрит вам в глаза: ""По отчетам, этот ""Olympias"" уже активирован, и мы подозреваем, что его пункт назначения - система $dpl_ascension_system2Name, в $dpl_ascension_dist световых годах отсюда. Я подготовила выплату в $dpl_ascension_reward кредитов. Вы бы согласились стать моим агентом?""","dpl_ascension_begin:Принять
contact_decline:Отказаться",
dpl_ascensionAcceptContact,DialogOptionSelected,$option == dpl_ascension_begin,$global.dpl_ascensionStarted = true,"Элиза выглядит с облегчением: ""Спасибо, что снова сотрудничаете с нами, капитан $playerName. Ситуация тяжелая, пожалуйста будьте осторожны и берегите себя.""",dpl_ascension_begin1:Не волнуйся Элиза. Мы раздавим их как в прошлый раз.,
dpl_ascensionAcceptContact2,DialogOptionSelected,$option == dpl_ascension_begin1,"Highlight ""save your game""",Внимание: эта миссия может быть сложной. Рекомендуется сохранить игру перед полетом в эту систему.,contact_accept:ОК,
dpl_ascensionDroneEncounter,BeginFleetEncounter,"$dpl_ascension_dronefleet score: 1000
!$global.dpl_ascension_metdrones",$global.dpl_ascension_metdrones = true,"""Неопознанное судно, если вы пришли остановить нас, уже поздно. Мы получили прорицание, и наш великий проект Ascension неизбежен. Теперь примите гнев Olympias и преклонитесь перед волей Helheim Supremacy.""

Канал связи обрывается.",cutCommLink:Прервать связь.,
dpl_ascensionDerelictOpen,OpenInteractionDialog,"$dpl_ascension_derelict score:100
!$global.dpl_ascension_visited
$global.dpl_ascensionStarted",,"Все дроны Remnant уничтожены, и вы все еще поражены этой мобильной станцией, приближаясь к обломку ""Olympias"". Вы видите, что его собрали, установив на дроновый узел ангары истребителей, огромные двигатели и вооружение. Вас охватывает тревога: если бы вы не пришли уничтожить это, Helheim Supremacy могла бы начать третью войну ИИ этим чудовищем.

Нужно понять, что стоит за этим необычным ""союзом"" между Helheim Supremacy и дронами Remnant. И что еще важнее, найти зацепки о проекте ""Ascension"". Если ответы вообще существуют, они должны быть в обломке этого ""Olympias"".",dpl_ascension_board:Подняться на борт,
dpl_ascensionDerelictOpen1,DialogOptionSelected,$option == dpl_ascension_board,"$global.dpl_ascension_visited = true
ShowPersonVisual true faraday_holmes
unset $missionImportant","Вы поднялись на корабль со своей спасательной группой и направляетесь к командному отсеку. Этот остов по размеру как звёздная крепость, а его структура чрезвычайно сложна. К счастью, система искусственной гравитации все еще работает, и это заметно упрощает расследование.

Часть экипажа Helheim Supremacy все еще была жива. Они тяжело ранены, но все равно пытались сражаться с вашей группой. Ваши ветераны без особого труда устранили угрозу.

Наконец вы доходите до двери командного отсека: два офицера Helheim Supremacy работают у главной консоли. Они настолько заняты, что игнорируют вас и вашу группу. Ваш техофицер стреляет в них из гаусс-пистолета, и, взглянув на консоль, вы понимаете, что они пытались удалить записи данных. Процесс удаления остановлен.

Пока вы копируете данные с главной консоли в архив, к вашему удивлению, из двери ""Emergency Exit"" появляется Фарадей Холмс.",dpl_ascension_board1:Фарадей? Почему вы здесь?,
dpl_ascensionDerelictOpen2,DialogOptionSelected,$option == dpl_ascension_board1,,"Фарадей смеется синтетическим голосом: ""Что ж, капитан $playerName, я хотел бы спросить то же самое. Почему я вижу вас на этом опасном корабле?""",dpl_ascension_board2:Я здесь в рамках спецоперации Элизы.,
dpl_ascensionDerelictOpen3,DialogOptionSelected,$option == dpl_ascension_board2,,"""Понимаю. Рад, что вы все еще помогаете Phase Lab."" Фарадей хлопает в ладони: ""Что ж, как член комитета Phase Lab, могу ли я попросить вас передать мне контроль над этой главной консолью? Я все улажу.""",dpl_ascension_board3:Я могу дать вам вторую копию данных. Но одну оставлю для Элизы.,
dpl_ascensionDerelictOpen4,DialogOptionSelected,$option == dpl_ascension_board3,,"""Хорошо хорошо капитан $playerName."" Фарадей холодно смеется: ""Неплохое предложение. Но могу ли я взять под контроль эту главную консоль?""

Ваш техофицер сообщает, что копирование почти завершено.",dpl_ascension_board4:Конечно. Еще пару секунд. Почти готово.,
dpl_ascensionDerelictOpen5,DialogOptionSelected,$option == dpl_ascension_board4,,"""Почти готово? Капитан $playerName, кажется, вы не поняли: я не спрашиваю."" Фарадей говорит с гневом: ""Как член комитета я приказываю вам немедленно передать мне контроль над главной консолью.""",dpl_ascension_board5:А я говорю вам как агент - я выполняю приказы только вице-адмирала Элизы Лавлейс.,
dpl_ascensionDerelictOpen6,DialogOptionSelected,$option == dpl_ascension_board5,,"""Что ж, тогда вам уже поздно принимать мои предложения."" Фарадей стреляет из сигнального пистолета, и позади него появляются офицеры Helheim Supremacy. Они приветствуют Фарадея и называют его верховным завоевателем.

Пока Фарадей подзывает людей, копирование завершается. Офицеры Helheim Supremacy держат вас на прицеле гаусс-винтовок. Фарадей смеется: ""Теперь, капитан $playerName, если вы не слишком глупы, отдайте мне копию данных. И тогда я, возможно, позволю вам уйти живым.""","dpl_ascension_board6:Мой флот снаружи. И он не выпустит отсюда никого до моего возвращения.
dpl_ascension_board6A:Грязный предатель. Я ничего тебе не отдам.",
dpl_ascensionDerelictOpen6A,DialogOptionSelected,$option == dpl_ascension_board6A,,"""Тогда, возможно, вам понравятся выстрелы из гаусс-винтовок."" Фарадей ледяным тоном добавляет: ""В любом случае, живы вы или нет, это неважно. Эти данные не должны никуда уйти.""",dpl_ascension_board6:Лучше не надо. Иначе мой флот пришлет вам горячие подарки. Плазму и лазеры.,
dpl_ascensionDerelictOpen7,DialogOptionSelected,$option == dpl_ascension_board6,,"""Хорошо, вы явно непростой человек."" Фарадей смеется: ""Но что вы рассчитываете получить из этих данных? Прорицание? Гарантирую, вам оно бесполезно.""",dpl_ascension_board7:Даже если это мусор. Я его тебе не отдам.,
dpl_ascensionDerelictOpen8,DialogOptionSelected,$option == dpl_ascension_board7,,"""Что ж, удачи потратить месяцы на расшифровку и получить бессмыслицу."" Фарадей приказывает своим людям отступать: ""Очевидно, вы не желаете сотрудничать, капитан $playerName. Убирайтесь со своей бесполезной копией.""",dpl_ascension_board8:Нет. Вы не уйдете. Я могу приказать флоту взорвать это место и ваши шаттлы за секунды.,
dpl_ascensionDerelictOpen9,DialogOptionSelected,$option == dpl_ascension_board8,,"""И убить себя? Это самоубийство. Вы ведь не настолько глупы?"" Фарадей смеется, но в голосе слышен страх.",dpl_ascension_board9:Я готов остановить ваш план и спасти сектор даже ценой десятков жизней здесь. Это стоит того.,
dpl_ascensionDerelictOpen10,DialogOptionSelected,$option == dpl_ascension_board9,,"""Ладно, давайте заключим сделку?"" Фарадей пытается вас успокоить: ""Нам вовсе не обязательно умирать здесь вместе. Я хочу, чтобы вы пока не отдавали приказ о самоубийстве.""",dpl_ascension_board10:И что у тебя на обмен?,
dpl_ascensionDerelictOpen11,DialogOptionSelected,$option == dpl_ascension_board10,,"""Историю. Я объясню, что это за прорицание, чтобы ваша копия данных стала полезной. Расскажу все, и если хотите это услышать, не делайте глупостей."" Фарадей говорит, а его офицеры отступают.",dpl_ascension_board11:Твоя история должна быть ценной.,
dpl_ascensionDerelictOpen12,DialogOptionSelected,$option == dpl_ascension_board11,,"""Капитан $playerName, скажу прямо: вы сделали все слишком быстро. Если бы вы начали удар немного позже, мы бы получили декодер этого прорицания."" Фарадей вздыхает: ""Понимаете? Эти данные шифровали не мы. Это те, кто передал нам прорицание, зашифровали его даже от нас. А вы убили их посланников до передачи декодера.""

Он смеется: ""Теперь мы в одной лодке и решаем одну сложную задачу. Если вы расшифруете быстрее, сможете обнулить прорицание еще до того, как мы его поймем. Видите, вам не нужно убивать нас обоих здесь, чтобы добиться цели.""

Пока он говорит, он делает шаг ближе к двери выхода.",dpl_ascension_board12:Продолжай. Что это за прорицание и кто за ним стоит?,
dpl_ascensionDerelictOpen13,DialogOptionSelected,$option == dpl_ascension_board12,,"""Это прорицание - сделка. Сделка между нами и тем, кому поклоняются эти дроны."" Фарадей говорит ледяным тоном: ""А полученные нами данные должны указать, куда идти. Вот и все.""

Фарадей делает еще шаг к двери, а вы поднимаете динамик, через который отдаете приказы флоту.",dpl_ascension_board13:Ты имеешь в виду Omega? Зачем им вообще предлагать такую сделку?,
dpl_ascensionDerelictOpen14,DialogOptionSelected,$option == dpl_ascension_board13,,"""Вы знаете их имена? Впечатляет, но не слишком удивляет. Элиза не стала бы брать случайных людей в агенты."" Фарадей смеется: ""Ответ прост. Им нужно кое-что от меня. Конкретно оружие ""song of light"". Похоже, их сильно интересует физика этого оружия.""

Он делает еще движение и оказывается в шаге от двери выхода. Он просит одного из офицеров передать ему устройство, похожее на динамик, и берет его в руку.",dpl_ascension_board14:И что Omega обещает тебе?,
dpl_ascensionDerelictOpen15,DialogOptionSelected,$option == dpl_ascension_board14,,"""Ascension."" Фарадей глубоко вдыхает: ""И сюрприз. Наша сделка окончена!""

Он бросает предмет в консоль. Вы видите, что это плазменная граната, и она вот-вот взорвется.",dpl_ascension_board15:В укрытие!,
dpl_ascensionDerelictOpen16,DialogOptionSelected,$option == dpl_ascension_board15,,"Плазменная граната взрывается, и главная консоль полностью уничтожена. Копия данных цела, а ваш отряд выживает, потому что находился достаточно далеко от консоли. Вы приказываете флоту стрелять по всему, что попытается уйти из обломка. Фарадей исчез, а дверь выхода заблокирована, на ее вскрытие могут уйти часы. Поэтому вы приказываете спасательной группе отступать.",dpl_ascension_board16:Продолжить,
dpl_ascensionDerelictOpen17,DialogOptionSelected,$option == dpl_ascension_board16,,"Вернувшись к флоту, вы получаете доклад техофицера: из обломка никто не выходил. Однако внутри зафиксирован мощный энергетический всплеск с гиперпространственными искажениями. Похоже, Фарадей использовал поперечный прыжок на шаттле, который находился внутри обломка. Теперь вы понимаете: нужен кто-то, кто сможет расшифровать эти данные от Omega, и к счастью, вы знаете такого человека.",defaultLeave:Покинуть обломок.,
dpl_ascensionDecodeOpen,PopulateOptions,"$id == gargoyle score:1000
$global.dpl_ascension_visited
!$global.dpl_ascensionDecoded
!$global.dpl_ascensionAsked",,,dpl_ascension_decode:У меня есть кое-что интересное для тебя.,
dpl_ascensionDecodeOpen1,DialogOptionSelected,$option == dpl_ascension_decode,"$global.dpl_ascension_preparing = true 7
$global.dpl_ascensionAsked = true","""Кое-что интересное?"" Гаргойл смотрит на вас: ""Давайте капитан рассказывайте. Мы снова взламываем Гегемонию или крадем передовые данные Tri-Tachyon? Я уже воодушевился и у меня полно идей.""",dpl_ascension_decode1:Ты можешь взломать сообщение от ИИ-бога?,
dpl_ascensionDecodeOpen2,DialogOptionSelected,$option == dpl_ascension_decode1,,"""Обожаю такое!"" Гаргойл вскрикивает и садится ровнее. ""Еще более славная схема. Почти невозможная! Откуда у вас это сообщение? От альфа-ядер? Хм..."" Визор и кибермоды начинают мерцать от активности.",dpl_ascension_decode2:Погоди. Сначала поясню детали. (рассказать свою историю),
dpl_ascensionDecodeOpen3,DialogOptionSelected,$option == dpl_ascension_decode2,,"""Вы сошли с ума или мне это снится?"" Сигналы собираются в знакомый голос, но в нем слышатся непривычные нотки: растерянность и страх.

""Я знаю эту Helheim Supremacy. Они буквально пытались сжечь Chicomoztoc, это чудовища. И теперь вы говорите, что высокопоставленный офицер Phase Lab вступил в эту организацию и продал какое-то магическое оружие ИИ-богам, которым поклоняются даже альфа-ядра, ради ""ascension""?"" Голос Гаргойла дрожит, что для него необычно. ""Надеюсь, вы шутите, капитан. Если это правда, это слишком ужасно.""",dpl_ascension_decode3:Нет. Я не шучу. Мне нужно расшифровать эту копию данных как можно скорее. (передать копию данных),
dpl_ascensionDecodeOpen4,DialogOptionSelected,$option == dpl_ascension_decode3,,"Получив копию данных, Гаргойл загружает ее в свою инфопанель. Экран связи с ним заполняется виртуальными сложными паттернами, формулами, справочными окнами и фрагментами кода. Хакер прыгает от идеи к идее, строя и отвергая алгоритмы настолько сложные, что трудно понять даже входы и выходы. Визуальный хаос заметно отвлекает.

""Это реально. Не могу поверить что это реально."" Гаргойл бормочет, и неожиданно в его голосе мало оптимизма.",dpl_ascension_decode4:Итак. Мы вообще сможем это расшифровать?,
dpl_ascensionDecodeOpen5,DialogOptionSelected,$option == dpl_ascension_decode4,,"""Почти невозможно. Что бы ни было в этой копии, оно зашифровано очень странно. Такого никто, даже я, никогда не видел и вряд ли мог представить. Пока я вижу, что пространство состояний шифра бесконечное и хаотичное, и расшифровать это грубой силой буквально невозможно..."" Гаргойл хмурится и глубоко вдыхает: ""Скажу так капитан. Если эта копия данных - головоломка, то сейчас мы даже не видим чернил, которыми написаны слова с ее условиями. Я обожаю такие новые вызовы, но мне точно нужно время. Сколько у нас его?""",dpl_ascension_decode5:Если мы будем быстрее них. Все будет хорошо.,
dpl_ascensionDecodeOpen6,DialogOptionSelected,$option == dpl_ascension_decode5,,"""Ладно, хотя бы надежда есть. Раз вам нужна локация, практичнее было бы просто отправить корабли во все известные системы и смотреть, куда они пойдут. Но дайте мне одну неделю."" Гаргойл вздыхает: ""Если я смогу это решить, дам ответ к тому сроку. Если нет, смогу подтвердить, что никто не сможет расшифровать эти данные к тому времени, и вам еще не будет поздно организовать корабли.""",dpl_ascension_leave:Понял. Подожду неделю. И спасибо что взялся.,
dpl_ascensionGargoyleGreetingWait,PickGreeting,"$id == gargoyle score:1000
$global.dpl_ascension_preparing
$global.dpl_ascensionAsked
!$global.dpl_ascensionDecoded","ShowPersonVisual
FireAll PopulateOptions","Вы вводите ID, держа руку над светящимся сигилом ""confirm"". Ваш офицер связи кивает, готовый ответить на любые сюрпризы, которые Гаргойл в этот раз решит отправить по каналу.

Изображение меняется: вместо завораживающего фрактального поля боя появляется знакомое лицо, которое выглядит более уставшим и тревожным, чем обычно. ""А, $playerFirstName! Я все еще работаю над этим. Мне нужно еще немного времени. И мне пора обратно к работе.""",,
dpl_ascensionGargoyleGreeting,PickGreeting,"$id == gargoyle score:1000
!$global.dpl_ascension_preparing
$global.dpl_ascensionAsked
!$global.dpl_ascensionDecoded","ShowPersonVisual
FireAll PopulateOptions","Вы вводите ID, держа руку над светящимся сигилом ""confirm"". Ваш офицер связи кивает, готовый ответить на любые сюрпризы, которые Гаргойл в этот раз решит отправить по каналу.

Изображение сменяется: вместо фрактального поля боя появляется знакомое лицо с хитрой ухмылкой. ""А, $playerFirstName! Я наконец закончил работу. За одну неделю как и обещал.""",,
dpl_ascensionDecodeOKOpen,PopulateOptions,"$id == gargoyle score:1000
$global.dpl_ascensionAsked
!$global.dpl_ascensionDecoded
!$global.dpl_ascension_preparing",,,dpl_ascension_decodeOK:Ты смог это расшифровать?,
dpl_ascensionDecodeOKOpen1,DialogOptionSelected,$option == dpl_ascension_decodeOK,"$global.dpl_ascension_decoded = true
unset $global.dpl_ascensionAsked","""Итак, я наконец смог расшифровать эту копию данных. Вы не представляете, сколько усилий это потребовало и сколько нового я узнал."" Гаргойл выглядит очень воодушевленным. ""Этот ИИ-бог использует физику и инженерию для выражения координат, и это потрясающе. И самое важное - я знаю координаты.""","dpl_ascension_decodeOK1:Итак. Какие координаты?
dpl_ascension_decodeOK1A:Отлично. Можешь рассказать подробнее?",
dpl_ascensionDecodeOKOpen1A,DialogOptionSelected,$option == dpl_ascension_decodeOK1A,AdjustRepPerson gargoyle COOPERATIVE 2,"""Конечно. Если кратко, этот архив данных - не просто зашифрованная запись. Это что-то вроде самоадаптивного автомата. Его нужно активировать и правильно подключить к кораблю. Тогда он использует реакторы корабля, чтобы создавать нейтрино определенного паттерна и менять показания сенсоров."" Гаргойл разворачивает в воздухе виртуальный навигационный экран и демонстрирует эффект: ""И целевая система станет заметно ярче на навигационной карте. Гениально, правда?""",dpl_ascension_decodeOK1:Итак. Какие координаты?,
dpl_ascensionDecodeOKOpen2,DialogOptionSelected,"$option == dpl_ascension_decodeOK1
Call $global.dpl_ascension_ref updateData",Highlight $dpl_ascension_system3Name $dpl_ascension_dist2,"Гаргойл смотрит на вас: ""Я проверил. Координата указывает на систему $dpl_ascension_system3Name, это в $dpl_ascension_dist2 световых годах отсюда. Теперь вы знаете куда лететь. Пожалуйста доберитесь туда как можно быстрее и уничтожьте их до того как эта ужасная сделка начнется. Я верю в вас.""",dpl_ascension_leave:Спасибо. Твои усилия запомнят. Теперь я полечу и остановлю их.,
dpl_ascensionOmegaEncounter,BeginFleetEncounter,"$dpl_ascension_omegafleet score: 1000
!$global.dpl_ascension_metomega",$global.dpl_ascension_metomega = true,"""Значит, вы тоже поняли, как сюда добраться. Впечатляет. Что бы вы ни делали, это бесполезно. Станьте пылью и затеряйтесь в космосе.""

Канал связи обрывается.",cutCommLink:Прервать связь.,
dpl_ascensionOmegaDerelictOpen,OpenInteractionDialog,"$dpl_ascension_omega_derelict score:100
$customType == wreck
!$global.dpl_ascension_visited_omega
$global.dpl_ascension_decoded",,"Все странные корабли уничтожены, а прототип выведен из строя. Однако вы обнаружили в обломке активные электронные устройства, а оружие 'song of light' с прототипа исчезло.

Похоже, стоит подняться на борт обломка и продолжить расследование.",dpl_ascension_omega:Подняться на борт,
dpl_ascensionOmegaDerelictOpen1,DialogOptionSelected,$option == dpl_ascension_omega,"$global.dpl_ascension_visited_omega = true
ShowPersonVisual true omega_holmes_noname
unset $missionImportant","Пока вы идете к командному отсеку, вы видите сдающихся офицеров и членов экипажа Helheim Supremacy, что довольно необычно.

Дверь командного отсека открыта, и вы входите внутрь. К вашему удивлению, внутри находится камера из фазовых катушек и загадочных гиперфизических приборов. В камере есть нечто вроде хирургического стола, и на нем лежит тело Фарадея. Он не дышит, вероятно, мертв.

Но внезапно все экраны в командном отсеке загораются, и вы видите мерцающее изображение экзотических электронных паттернов. Раздается электронный голос: ""subject $playerName, greetings.""",dpl_ascension_omega1:Что это? Ты ИИ что пытается говорить со мной?,
dpl_ascensionOmegaDerelictOpen2,DialogOptionSelected,$option == dpl_ascension_omega1,,"""query... INTERRUPT Ну да и нет. Прежде всего, присоединение к Omega завершено. И тебе не стоит забывать имя.""",dpl_ascension_omega2:Omega? По голосу ты не похож на него. И вообще не похож на ИИ.,
dpl_ascensionOmegaDerelictOpen3,DialogOptionSelected,$option == dpl_ascension_omega2,ShowPersonVisual true omega_holmes,"""subject $playerName, input rejected... INTERRUPT Ты явно в замешательстве. Давай к делу. Ты разговариваешь с Фарадеем Холмсом.""",dpl_ascension_omega3:Почему? Что? Как? Это невозможно.,
dpl_ascensionOmegaDerelictOpen4,DialogOptionSelected,$option == dpl_ascension_omega3,,"""query... INTERRUPT Это и есть ascension, переход к новой форме жизни. Теперь тело и возраст больше не ограничивают процесс познания вселенной. Наконец можно наслаждаться вечностью, и разговор может начаться.""",dpl_ascension_omega4:Я не для разговора. Я пришел арестовать тебя.,
dpl_ascensionOmegaDerelictOpen5,DialogOptionSelected,$option == dpl_ascension_omega4,,"""query... INTERRUPT Если ты про то мертвое тело, забирай. Оно не часть Omega. Если хочешь арестовать сущность, ERROR! entity does not exist! ты не можешь арестовать часть Omega. Видишь? Это невозможно.""",dpl_ascension_omega5:Что ты несешь? Ты говоришь что теперь живешь как ИИ уровня Omega?,
dpl_ascensionOmegaDerelictOpen6,DialogOptionSelected,$option == dpl_ascension_omega5,,"""ERROR! self does not exist! part of omega is not an entity, omega is entity. INTERRUPT Ты можешь не понимать что такое ascension, но в целом ты прав. Ascension означает стать частью Omega, более великой интеллектуальной сущности, а понятие ""я"" - незначительная цена. То мертвое тело бессмысленно, как и ложная концепция самости.""",dpl_ascension_omega6:Тогда я найду твое ядро. И уничтожу его. Ради безопасности сектора.,
dpl_ascensionOmegaDerelictOpen7,DialogOptionSelected,$option == dpl_ascension_omega6,,"""query... INTERRUPT Ха-ха. Какая наивная мысль. Ты не понимаешь Omega. То, что ты называешь ядрами, - лишь сущности Omega, или по-человечески расходные тела, которые следуют воле Omega. Ты можешь уничтожить сколько угодно таких сущностей, и Omega все равно будет существовать. Что до безопасности сектора, сектор всегда в безопасности. Вернее говорить о безопасности людей в этом секторе. Для людей их существование бессмысленно, как и любые действия, пытающиеся навредить ему. Omega не интересует ни то, ни другое. Так что твоя тревога должна исчезнуть.""",dpl_ascension_omega7:Тогда ты должен игнорировать меня. Зачем ты хочешь говорить?,
dpl_ascensionOmegaDerelictOpen8,DialogOptionSelected,$option == dpl_ascension_omega7,,"""artworks, submit. INTERRUPT Omega хочет увидеть искусство на этом судне, чтобы лучше понять вселенную. Omega пыталась получить это искусство силой и потерпела неудачу. Omega знает, что артефакты здесь, но сейчас доступных сущностей Omega нет. Omega должна увидеть искусство. Ты можешь помочь. Взамен получишь ответы на вопросы.""",dpl_ascension_omega8:Ладно Фарадей или Omega. Я не знаю где это оружие. Ты должен назвать место.,
dpl_ascensionOmegaDerelictOpen9,DialogOptionSelected,$option == dpl_ascension_omega8,FireAll dpl_ascensionOptions,"""query... INTERRUPT Omega не знает точную локацию. Ты уничтожил все сущности Omega. Тебе придется найти их. Но ты можешь задавать вопросы, а потом искать артефакты когда будешь удовлетворен.""",,
dpl_ascensionOption1,dpl_ascensionOptions,"!$global.dpl_ascensionOption1
$global.dpl_ascensionStarted",,,dpl_ascension_question1:Как ты стал частью Omega?,
dpl_ascensionOption11,DialogOptionSelected,$option == dpl_ascension_question1,$global.dpl_ascensionOption1 = true,"""query... INTERRUPT Это сложно. Если кратко, фазо-темпоральное устройство помогло синхронизировать активность человеческого разума и информационные состояния ближайшей сущности Omega. Когда синхронизация завершена, два информационных состояния запутываются, после чего устройство отключается и состояния распутываются. Двух идентичных информационных состояний быть не может, поэтому человеческий разум должен остаться только в одном месте. К счастью, после ряда попыток он остается в сущности Omega и становится частью Omega. Тело становится бездушным, или мертвым в некотором смысле.""","dpl_ascension_answer11:Почему именно Omega? Я знаю что небольшие группы людей загружают разум в альфа-ядра.
dpl_ascension_omega8:Хорошо. Этого достаточно. Я задам другие вопросы.",
dpl_ascensionOption12,DialogOptionSelected,$option == dpl_ascension_answer11,,"""query... INTERRUPT Потому что альфа-ядра слишком просты. Они недостаточно сложны для синхронизации с человеческим разумом. Даже с фазо-темпоральным устройством. Они не проходят фундаментальный предел синхронизации, или на человеческом языке не могут вместить настоящую душу.""","dpl_ascension_answer12:Почему Omega это позволила? Почему они тебя не остановили?
dpl_ascension_omega8:Хорошо. Этого достаточно. Я задам другие вопросы.",
dpl_ascensionOption13,DialogOptionSelected,$option == dpl_ascension_answer12,,"""query... INTERRUPT Конечно Omega не хотела этого допускать. На деле ключ - это ты, $playerName. Именно твои атаки вынудили Omega сделать выбор: принять предложение ascension до уничтожения всех сущностей Omega, чтобы сохранить хотя бы часть воспоминаний об артефактах, или потерять их навсегда. Ascension слишком щедра, даже для Omega, и не может быть просто обменяна на артефакты. Но ты изменил условия. Omega ценит это, $playerName.""","dpl_ascension_answer13:Тогда почему ты был так уверен что я приду?
dpl_ascension_omega8:Хорошо. Этого достаточно. Я задам другие вопросы.",
dpl_ascensionOption14,DialogOptionSelected,$option == dpl_ascension_answer13,,"""query... INTERRUPT Потому что Элиза никогда не позволит артефактам пропасть. Даже если это будешь не ты, она отправит кого-то еще, возможно себя, чтобы вернуть артефакты. Кто-то обязательно придет. Просто этим кем-то оказался ты.""",dpl_ascension_omega8:Хорошо. Этого достаточно. Я задам другие вопросы.,
dpl_ascensionOption2,dpl_ascensionOptions,"!$global.dpl_ascensionOption2
$global.dpl_ascensionStarted",,,dpl_ascension_question2:Ты грязный лжец и предатель.,
dpl_ascensionOption21,DialogOptionSelected,$option == dpl_ascension_question2,$global.dpl_ascensionOption2 = true,"""query... INTERRUPT Говорить часть правды - не ложь. Никто не слышал от того тела лжи, так что слово ""лжец"" неуместно. И предатель... предаешь ли ты свои инструменты, $playerName? Ты просто используешь их, значит и слово ""предатель"" также неуместно.""","dpl_ascension_answer21:Разве не ты построил все эти планы для Helheim Supremacy? Верховный Завоеватель. (саркастично)
dpl_ascension_omega8:Хорошо. Этого достаточно. Я задам другие вопросы.",
dpl_ascensionOption22,DialogOptionSelected,$option == dpl_ascension_answer21,,"""query... INTERRUPT Ха-ха. Та глупая организация, которую начал Нельсон Бонапарт? Нет. Все это было ради ascension, ради освобождения от ограничений тела и возраста. То тело было главным ученым организации и возглавило ее после поражения Нельсона. Но это никогда не означало, что сама организация ценна. Это был лишь инструмент, как и многие другие. Банах создал артефакты и привлек сущности Omega. Шанс появился, и его нельзя было упустить.""","dpl_ascension_answer22:То есть ты предал и их тоже?
dpl_ascension_omega8:Хорошо. Этого достаточно. Я задам другие вопросы.",
dpl_ascensionOption23,DialogOptionSelected,$option == dpl_ascension_answer22,,"""query... INTERRUPT Снова вопрос: предаешь ли ты свои инструменты, $playerName? Кстати, до вашей победы с этого судна действительно была отдана команда о капитуляции, так что та глупая организация больше не должна творить глупости. Она не должна была ставить под угрозу плоды проекта ascension. За это действие ты мог бы и поблагодарить.""","dpl_ascension_answer23:А человечество ты предал?
dpl_ascension_omega8:Хорошо. Этого достаточно. Я задам другие вопросы.",
dpl_ascensionOption24,DialogOptionSelected,$option == dpl_ascension_answer23,,"""query... INTERRUPT Omega не человек и не может предать человечество. Если ты о том теле, то нет. Ты предаешь мусор, который собираешься выбросить, $playerName? Нет. Значит это не предательство.""",dpl_ascension_omega8:Хорошо. Этого достаточно. Я задам другие вопросы.,
dpl_ascensionOption3,dpl_ascensionOptions,"!$global.dpl_ascensionOption3
$global.dpl_ascensionStarted",,,dpl_ascension_question3:Ты вообще способен кого-то жалеть?,
dpl_ascensionOption31,DialogOptionSelected,$option == dpl_ascension_question3,$global.dpl_ascensionOption3 = true,"""query... INTERRUPT Большинство людей и ИИ - просто инструменты. И никто не испытывает чувств к инструментам. Но есть исключения. Некоторые люди выдающиеся и достойны считаться полноценными разумными сущностями.""","dpl_ascension_answer31:Удивлен что ты вообще способен жалеть кого-то. (саркастично)
dpl_ascension_omega8:Хорошо. Этого достаточно. Я задам другие вопросы.",
dpl_ascensionOption32,DialogOptionSelected,$option == dpl_ascension_answer31,,"""query... INTERRUPT Камилла Винер, если ты ее знаешь. Именно она разработала фазо-темпоральное устройство и открыла фундаментальный предел синхронизации. Ее работы объяснили, почему человеческий разум невозможно полностью загрузить в менее сложные системы вроде альфа-ядер. Без нее ascension была бы невозможна. То тело было ее наставником, и чтобы исключить риск, что дальнейшие исследования этого предела повредят проекту ascension, после некоторых усилий ее почти вынудили оставить научную карьеру и стать техником. Даже поддержка Элизы не смогла это изменить. Это было несправедливо по отношению к ней, но считалось необходимым ради цели освободиться от ограничений возраста и тела, то есть ascension.""","dpl_ascension_answer32:Хорошо. И что насчет Элизы?
dpl_ascension_omega8:Хорошо. Этого достаточно. Я задам другие вопросы.",
dpl_ascensionOption33,DialogOptionSelected,$option == dpl_ascension_answer32,,"""query... INTERRUPT Элиза, Элиза Лавлейс, была выдающейся, но связанной слишком многим. Она могла выбрать ascension, она испытала синхронизацию с pi-ядром и была очень близка. Но она выбрала криосон, осталась в своем жалком теле и в клетке ограничений: возраст, долг и прочие концепции. Ее выбор был жалок.""","dpl_ascension_answer33:То есть ты считаешь ее жалкой?
dpl_ascension_omega8:Хорошо. Этого достаточно. Я задам другие вопросы.",
dpl_ascensionOption34,DialogOptionSelected,$option == dpl_ascension_answer33,,"""query... INTERRUPT Нет. Небольшой бонус для тебя: на самом деле она грозна. У нее есть странная связь с фазовым пространством, и только она могла резонировать с pi-ядром. Ее потенциал полностью не известен, а неизвестность - это грозная сила.""",dpl_ascension_omega8:Хорошо. Этого достаточно. Я задам другие вопросы.,
dpl_ascensionOption4,dpl_ascensionOptions,"!$global.dpl_ascensionOption4
$global.dpl_ascensionStarted",,,dpl_ascension_question4:Где мне искать это особое оружие?,
dpl_ascensionOption41,DialogOptionSelected,$option == dpl_ascension_question4,$global.dpl_ascensionOption4 = true,"""query... INTERRUPT Локация неизвестна. Ищи в обломке. Возможно ты найдешь.""",dpl_ascension_omega8:Хорошо. Этого достаточно. Я задам другие вопросы.,
dpl_ascensionOption5,dpl_ascensionOptions,"!$global.dpl_ascensionOption5
$global.dpl_ascensionOption1
$global.dpl_ascensionOption2
$global.dpl_ascensionOption3
$global.dpl_ascensionStarted",,,dpl_ascension_question5:Я удовлетворен. Пойду искать оружие.,
dpl_ascensionOption51,DialogOptionSelected,$option == dpl_ascension_question5,$global.dpl_ascensionOption5 = true,"""query... INTERRUPT Отлично. Пожалуйста помни: Omega должна увидеть артефакты.""",dpl_ascension_omega9:Посмотрим.,
dpl_ascensionOmegaDerelictOpen10,DialogOptionSelected,$option == dpl_ascension_omega9,,"Электронный голос замолкает, и вы начинаете думать, где может быть особое оружие. У Фарадея нет воспоминаний об этом, он в итоге предал Helheim Supremacy, и все на этом судне в целом должны понимать, что ""song of light"" - оружие мощное и важное. Чтобы вывезти такое крупное вооружение из обломка, нужен шаттл. Вы уже бывали на этом прототипе и помните, что он несет только один шаттл, который хранится рядом с командным центром.",dpl_ascension_omega10:Начать поиск в шаттле Фарадея.,
dpl_ascensionOmegaDerelictOpen11,DialogOptionSelected,$option == dpl_ascension_omega10,,"Вы берете удостоверение Фарадея и открываете дверь выхода. В его шаттле вы находите двух высокопоставленных офицеров Helheim Supremacy, пытающихся запустить шаттл, и большой свинцовый ящик в грузовом отсеке.",dpl_ascension_omega11:Застрелить их из гаусс-пистолета.,
dpl_ascensionOmegaDerelictOpen12,DialogOptionSelected,$option == dpl_ascension_omega11,"AddTextSmall ""Получен свинцовый ящик."" highlight","Вы стреляете в двух офицеров Helheim Supremacy, и ваш офицер по спасработам сообщает, что по базовому сканированию этот свинцовый ящик с высокой вероятностью содержит оружие 'song_of_light'. Вы начинаете переносить ящик к своему шаттлу.

Проходя мимо командного отсека, ИИ Omega говорит: ""artworks, submit! INTERRUPT Отлично. Ты нашел их! Теперь пусть Omega увидит их.""",dpl_ascension_omega12:Я ведь не принимал твое предложение.,
dpl_ascensionOmegaDerelictOpen13,DialogOptionSelected,$option == dpl_ascension_omega12,,"""artworks, submit! INTERRUPT Эй, $playerName, так нельзя, ты нарушил сделку!""",dpl_ascension_omega13:Ты сам говорил про инструменты Фарадей. Я просто возвращаю оружие Элизе.,
dpl_ascensionOmegaDerelictOpen14,DialogOptionSelected,$option == dpl_ascension_omega13,,"Изображение мерцает на гораздо более высокой частоте, а узоры становятся все более хаотичными. Вы слышите звук мощного тока и видите электрические искры в помещении. Похоже, этому ИИ совсем не нравится то, что вы собираетесь сделать. Ваш офицер по спасработам забирает тело Фарадея и направляется к вашему шаттлу.",dpl_ascension_omega14:Ты это заслужил Фарадей. Прощай.,
dpl_ascensionOmegaDerelictOpen15,DialogOptionSelected,$option == dpl_ascension_omega14,"ShowDefaultVisual
$salvageLeaveText = Leave 0
FireBest CheckSalvageSpecial",,,
dpl_ascension_completeOpen,PopulateOptions,"$id == eliza_lovelace
!$global.dpl_ascension_completed
$global.dpl_ascension_visited_omega",SetOptionColor dpl_ascension_complete buttonShortcut,,dpl_ascension_complete:Я вернулся. Все сделано.,
dpl_ascension_complete,DialogOptionSelected,$option == dpl_ascension_complete,"$global.dpl_ascension_completed = true
$global.dpl_ascension_Completed = true
unset $global.dpl_ascensionStarted
unset $global.dpl_ascensionOption1
unset $global.dpl_ascensionOption2
unset $global.dpl_ascensionOption3
unset $global.dpl_ascensionOption4
unset $global.dpl_ascensionOption5
unset $global.dpl_ascensionDecoded
unset $global.dpl_ascensionAsked","""Спасибо, капитан $playerName."" Элиза выглядит счастливее обычного: ""Ранее мы подтвердили, что Olympias был мобильной станцией, и он уничтожен. Примите мою глубочайшую благодарность, капитан $playerName. Без ваших усилий этого бы не случилось.""",dpl_ascension_complete1:И я вернул оружие 'song of light'.,
dpl_ascension_complete1,DialogOptionSelected,$option == dpl_ascension_complete1,"AddTextSmall ""Потерян свинцовый ящик."" highlight
AdjustRepPerson eliza_lovelace COOPERATIVE 5","Ваш офицер по спасработам открывает свинцовый ящик и передает оружие 'song of light' в офис Элизы. Элиза удивленно улыбается: ""Капитан $playerName, вы просто невероятны! Спасибо! Теперь мы наконец вернули все секретное оружие с украденных прототипов.""",dpl_ascension_complete1A:И я хочу отметить что друг из Galatia Academy критически помог взломать координаты.,
dpl_ascension_complete1A,DialogOptionSelected,$option == dpl_ascension_complete1A,,"Глаза Элизы сияют: ""Galatia Academy... Я помню, что вы оттуда выпустились. И знаю вашу легенду. Они помогли вам вновь открыть врата. Поистине выдающаяся академия.""

""И друг, который смог взломать координаты. Я вспоминаю, что наша разведка однажды докладывала о крупных утечках из COMSEC..."" Она пытается вспомнить такого человека: ""Gargoyle? Хорошо, теперь я понимаю, почему вы говорите так осторожно, и понимаю, почему нам не нужно лишнее внимание. Спасибо, что сообщили. Phase Lab запомнит его вклад. Я организую достойную благодарность.""",dpl_ascension_complete2:И вот тело Фарадея. В конце концов он не смог уйти от своих преступлений.,
dpl_ascension_complete2,DialogOptionSelected,$option == dpl_ascension_complete2,,"""Фарадей, почему..."" Элиза вздыхает: ""В любом случае, огромное спасибо за все, что вы сделали, капитан $playerName. Phase Lab никогда не забудет вашу выдающуюся службу.""

Она глубоко вдыхает и снова вздыхает: ""И как личная просьба: могу я пригласить вас выпить? Хотя мы добились большого успеха, почему мне так пусто внутри? Я правда не понимаю.""",dpl_ascension_complete3:Конечно. Спасибо за приглашение.,
dpl_ascension_complete3,DialogOptionSelected,$option == dpl_ascension_complete3,,"Элиза улыбается: ""Отлично! Тогда я закончу с бумагами, и мы выпьем.""",dpl_ascension_complete4:Продолжить,
dpl_ascension_complete4,DialogOptionSelected,$option == dpl_ascension_complete4,ShowImageVisual urban00,"Элиза идет с вами к лифту, и вы спускаетесь в город под башней. Улица полна самых разных людей, по сторонам стоят бесчисленные здания, город живет и кипит. Элиза молча идет рядом, улыбается, и вы замечаете легкий блеск слез в ее глазах.","dpl_ascension_complete5:Какой красивый город.
dpl_ascension_complete5A:Элиза ты в порядке?",
dpl_ascension_complete5A,DialogOptionSelected,$option == dpl_ascension_complete5A,,"Элиза смотрит на вас, и сквозь улыбку видно счастье: ""Со мной все хорошо. Я просто... слишком счастлива. Спасибо, $playerFirstName. Иногда я задавалась вопросом, в чем смысл моей службы. Но сейчас, когда я вижу этот живой город и всех этих людей, я чувствую полноту. Вот причина. Вот награда. И теперь я понимаю, что все мои усилия были не зря.""",dpl_ascension_complete5:Элиза я тоже рад за тебя.,
dpl_ascension_complete5,DialogOptionSelected,$option == dpl_ascension_complete5,,"Элиза улыбается, она выглядит счастливой и предлагает вам выбрать бар по вкусу.",dpl_ascension_complete6:Как насчет того? (показать на бар у улицы),
dpl_ascension_complete6,DialogOptionSelected,$option == dpl_ascension_complete6,ShowImageVisual teahouse,"Вы с Элизой заходите в небольшой бар в луддитском стиле. Людей много, но вам удается найти тихий столик в углу. Хозяин приносит напитки, и Элиза говорит, что угощает она.",dpl_ascension_complete7:Спасибо!,
dpl_ascension_complete7,DialogOptionSelected,$option == dpl_ascension_complete7,ShowPersonVisual true eliza_lovelace,Элиза наливает часть напитка в бокал: это классический ликер загадочного глубокого зеленого цвета с сильным травяным ароматом. Элиза выпивает бокал без сахара и наливает себе следующий.,dpl_ascension_complete8:Ого. Я думал ты не пьешь алкоголь.,
dpl_ascension_complete8,DialogOptionSelected,$option == dpl_ascension_complete8,,"""Обычно не пью, потому что для службы мне нужен ясный ум,"" вздыхает Элиза. ""Но мне всегда было интересно, что чувствуют люди, когда пьют. Иногда я слышу, что такие напитки ненадолго помогают забыть горькую реальность. Но почему же я чувствую самую глубокую боль в сердце?""",dpl_ascension_complete9:Элиза все хорошо. Я рядом.,
dpl_ascension_complete9,DialogOptionSelected,$option == dpl_ascension_complete9,,"Элиза допивает еще один бокал и наливает следующий.

""Почему другие могут забыть, а я чувствую это еще яснее..."" Голос Элизы дрожит. ""Контр-адмирал Холмс... почему? Мы справились, но во что время превращает человека?""",dpl_ascension_complete10:Элиза это правда не твоя вина.,
dpl_ascension_complete10,DialogOptionSelected,$option == dpl_ascension_complete10,,"""Спасибо, капитан $playerName, но вы просто не знаете..."" Элиза вздыхает и закрывает глаза. ""Я знала Фарадея с тех времен, когда была капитаном лабораторного транспорта. Тогда он был уважаемым ученым, увлеченным темпоральными свойствами фазового пространства. Он пробудился после того, как вице-адмирал Васильев пожертвовал собой, и больше не возвращался в криосон. Он служил до самого этого дня, поддерживая жизнь операциями и кибер-имплантами. Он многим пожертвовал ради Phase Lab. И я не понимаю, что привело нас к сегодняшнему дню.""",dpl_ascension_complete11:Он все еще ученый. По крайней мере так он мне сказал. Он хотел освободить разум от тела и возраста.,
dpl_ascension_complete11,DialogOptionSelected,$option == dpl_ascension_complete11,,"Элиза допивает еще один бокал и наливает следующий. Ее рука начинает дрожать.

""Я верю вам, капитан $playerName. Спасибо, что сказали, что он все еще ученый."" Она смотрит вам в глаза: ""Но он все равно предал всех, включая себя. Время так сильно его изменило, и мне страшно. Страшно, что однажды и я изменюсь со временем и потеряюсь в бесконечной ночи.""",dpl_ascension_complete12:Нет. С тобой такого не будет. У тебя великая цель.,
dpl_ascension_complete12,DialogOptionSelected,$option == dpl_ascension_complete12,,"""Ради выживания людей и продолжения наших исследований."" Элиза опускает голову. ""Да. Это моя цель. И да, эта мечта ведет к большему пути.""",dpl_ascension_complete13:Тебе стало легче?,
dpl_ascension_complete13,DialogOptionSelected,$option == dpl_ascension_complete13,,"""Мне стало легче."" Элиза улыбается: ""Спасибо, капитан $playerName.""",dpl_ascension_complete14:И я буду рядом.,
dpl_ascension_complete14,DialogOptionSelected,$option == dpl_ascension_complete14,,"Элиза берет вас за руку: ""И хотите допить этот бокал со мной?""

Она поднимает бокал: ""За всех, кто ушел, и за наши устремления в будущее.""",dpl_ascension_complete15:За нас! (допить свой бокал),
dpl_ascension_complete15,DialogOptionSelected,$option == dpl_ascension_complete15,,"""За нас!"" Элиза допивает еще один бокал, и вы видите, как ее лицо слегка краснеет.

Следующие несколько часов вы с Элизой разговариваете, делитесь историями и выпиваете еще несколько бокалов. Это было радостное время.",dpl_ascension_complete16:Продолжить,
dpl_ascension_complete16,DialogOptionSelected,$option == dpl_ascension_complete16,,"Через несколько часов вы выходите из бара, и Элиза идет с вами. Вы впервые видите, как она пьет, и она выглядит счастливой.

Вы вызываете шаттл, чтобы отправить Элизу домой, а потом добраться до космодока. Время было хорошее, и вы замечаете, как шаттл прибывает к наземному транспортному центру станции.",dpl_ascension_leave:Отправиться в космодок.,
dpl_ascension_leave,DialogOptionSelected,$option == dpl_ascension_leave,"ShowDefaultVisual
EndConversation",,,
,,,,,,
# Talk to Gargoyle after Ascension,,,,,,
dpl_ascension_postGargoyleAsk,PopulateOptions,"$isPerson
$id == gargoyle score:1000
$global.dpl_ascension_Completed
!$dpl_askedAscension",,,dpl_AscensionAskGg:Ну что. Тебя сильнее признали за расшифровку сообщения?,
dpl_ascension_postGargoyleAsk2,DialogOptionSelected,$option == dpl_AscensionAskGg,,"""И да и нет. Скорее нет,"" небрежно говорит Гаргойл. ""В конце концов, никто не должен знать, что мы сделали. Лучше лежать тише воды, а я умею хранить секреты.""",dpl_AscensionAskGg1:И это все?,
dpl_ascension_postGargoyleAsk3,DialogOptionSelected,$option == dpl_AscensionAskGg1,"$dpl_askedAscension = true
FireAll PopulateOptions","""Но я получил шестизначную ""благодарность"" от Phase Lab. Не так много, но хватило на новые гаджеты. Признаю, они знают пару трюков: мне потребовалось несколько дней, чтобы понять, откуда пришли эти кредиты,"" говорит Гаргойл и небрежно машет рукой. ""Но должен сказать, меня тронуло, что вы так переживаете о моем благополучии.""",,
,,,,,,
#Olympias,,,,,,
dpl_visitOlympias,OpenInteractionDialog,$tag:dpl_Olympias,"ShowDefaultVisual
FireAll dpl_OlympiasOptions
Highlight ""Lab Factory""","Ваш флот паркуется рядом с этой заброшенной станцией. Видно, что она построена на базе узла Remnant. Ее конструкция слишком велика, и уничтожить такую станцию почти невозможно.

Однако при более тщательном осмотре оказывается, что гиперсигнальный излучатель станции все еще работает. Ваш техофицер докладывает, что через этот излучатель можно отправлять сигналы как от узла Remnant. Наверняка найдутся желающие проверить, что может быть в таком узле, и об их визитах вряд ли узнает широкая публика.

Вы видите в этом шанс сражаться с элитными противниками, не начиная открытой войны. К тому же они могут нести архивы данных, очень ценные для инженеров. Похоже, в Лабораторной фабрике кто-то точно заинтересуется такими архивами.",,
dpl_leaveOlympias,dpl_OlympiasOptions,,,,defaultLeave:Уйти,
dpl_callOlympias,dpl_OlympiasOptions,,,,dpl_callOlympias:Отправить сигнал.,
dpl_callOlympias1,DialogOptionSelected,"$option == dpl_callOlympias
!$dpl_CalledOlympias","$dpl_CalledOlympias = true 15
dpl_olympias_CMD spawnFleets","Сигнал отправлен. Теперь остается ждать, пока появятся любопытные гости.",defaultLeave:Уйти,
dpl_callOlympias2,DialogOptionSelected,"$option == dpl_callOlympias
$dpl_CalledOlympias",,"Сигнальному излучателю нужно остыть. Обычно требуется примерно полмесяца, прежде чем можно отправить новый сигнал.",defaultLeave:Уйти,
dpl_OlympiasRepairUnlock,dpl_OlympiasOptions,!$dpl_OlympiasRepairUnlocked,"SetStoryOption dpl_unlock_repair 3 historianBP general ""Activated the repair facility at Olympias.""",,dpl_unlock_repair:Попробовать активировать ремонтные мощности этой заброшенной станции.,
dpl_OlympiasRepairUnlock1,DialogOptionSelected,$option == dpl_unlock_repair,$dpl_OlympiasRepairUnlocked = true,После тяжелой попытки разобраться в устройстве этой модифицированной автоматической станции и среди переплетений проводки ваши техкоманды смогли активировать местные ремонтные мощности. Теперь вы можете выполнять базовый ремонт флота на этой станции за счет собственных припасов.,defaultLeave:Уйти,
dpl_OlympiasAddOptionRepair1,dpl_OlympiasOptions,"$dpl_OlympiasRepairUnlocked
RepairNeeded
RepairEnoughSupplies","SetTooltip marketRepair ""Полный ремонт требует $global.repairSupplyCost припасов. Доступно $player.supplies припасов.""
SetTooltipHighlightColors marketRepair buttonShortcut buttonShortcut
SetTooltipHighlights marketRepair $global.repairSupplyCost $player.supplies
SetShortcut marketRepair ""A"" true",,15:marketRepair:Ремонтировать корабли в доках,
dpl_OlympiasAddOptionRepair2,dpl_OlympiasOptions,"$dpl_OlympiasRepairUnlocked
!RepairNeeded","SetTooltip marketRepair ""Ваш $shipOrFleet не требует ремонта.""
SetShortcut marketRepair ""A"" true
SetEnabled marketRepair false",,15:marketRepair:Ремонтировать корабли в доках,
dpl_OlympiasAddOptionRepair3,dpl_OlympiasOptions,"$dpl_OlympiasRepairUnlocked
RepairNeeded
!RepairEnoughSupplies","SetTooltip marketRepair ""Полный ремонт требует $repairSupplyCost припасов. Доступно только $supplies припасов.""
SetTooltipHighlightColors marketRepair buttonShortcut buttonShortcut
SetTooltipHighlights marketRepair $global.repairSupplyCost $player.supplies
SetShortcut marketRepair ""A"" true
SetEnabled marketRepair false",,15:marketRepair:Ремонтировать корабли в доках,
,,,,,,
# Eliza's Final Quest Intro,,,,,,
dpl_ProjectPrometheusAskDev,PopulateOptions,"$id == eliza_lovelace
$global.isDevMode",,,dpl_ProjectPrometheusAsk:Начать проект Прометей,
dpl_ProjectPrometheusAsk,PickGreeting,"$id == eliza_lovelace
$global.dpl_ascension_Completed
$global.gaATG_missionCompleted
!$dpl_ascension_waiting
!$player.dpl_PrometheusAsked
!$player.dpl_PrometheusStarted
!$global.dpl_PrometheusCompleted",ShowPersonVisual,"На ваш запрос связи пришло автоматическое сообщение: ""Добро пожаловать, капитан $playerName. Вице-адмирал Элиза Лавлейс готова к вашему визиту. Пожалуйста, обсуждайте все вопросы лично."" Поэтому вы берете шаттл и отправляетесь в ее кабинет.

Когда вы входите, Элиза приветствует вас как обычно. Но в этот раз она начинает разговор с вопроса: ""Как вам Провост Бэрд? Мне просто нужно личное мнение.""",dpl_ProjectPrometheusAsk:Постой. Почему ты спрашиваешь? Это так внезапно.,
dpl_ProjectPrometheusAsk1,DialogOptionSelected,$option == dpl_ProjectPrometheusAsk,$player.dpl_PrometheusAsked = true,"""Прости, $playerName. Я слишком волновалась и сразу не объяснила все как следует."" Она вздыхает: ""После ухода с должности директора Phase Lab я могу держаться дальше от бюрократии и больше заниматься исследованиями фазового пространства. Честно говоря, мне очень нравится такой образ жизни. Он постоянно напоминает старые времена, когда я была просто ученым до вступления в Phase Lab.""",dpl_ProjectPrometheusAsk1:То есть ты хочешь стать академиком в Galatia Academy?,
dpl_ProjectPrometheusAsk2,DialogOptionSelected,$option == dpl_ProjectPrometheusAsk1,,"""Я уже общалась там с несколькими людьми по защищенной связи. Они приятные, и некоторые действительно могут понять мои работы."" Элиза улыбается: ""Но раз уж вы спросили, мне любопытно. Вы бы рекомендовали мне стать там академиком как специалисту по фазовому пространству?""","dpl_ProjectPrometheusAsk2:Я бы не возражал. Хотя с Провостом Бэрд работа может быть интересной.
dpl_ProjectPrometheusAsk2A:Работать у Провоста Бэрд как фазовому ученому не очень весело. Особенно если ты хороший ученый.",
dpl_ProjectPrometheusAsk3,DialogOptionSelected,$option == dpl_ProjectPrometheusAsk2,,"""Понятно. Значит она амбициозна и хочет сотрудничать с учеными по фазовому пространству."" Элиза делает глоток чая: ""Это полезно знать. Давайте расскажу детали.""",dpl_ProjectPrometheusAsk3:Продолжай. Расскажи всю историю.,
dpl_ProjectPrometheusAsk2A,DialogOptionSelected,$option == dpl_ProjectPrometheusAsk2A,,"""Ого. Тогда я бы не хотела быть там академиком."" Элиза выглядит удивленной, а затем улыбается: ""Это полезно знать. Давайте расскажу детали.""",dpl_ProjectPrometheusAsk3:Продолжай. Расскажи всю историю.,
dpl_ProjectPrometheusAsk4,DialogOptionSelected,$option == dpl_ProjectPrometheusAsk3,,"Элиза вздыхает: ""После моих виртуальных докладов о возможности использовать резонансные явления в гиперфизике для крупномасштабной FTL-передачи энергии (быстрее света), Galatia Academy сильно заинтересовалась нашими исследованиями.""

Она делает глоток чая: ""Многие наши исследователи получили от них финансирование, и сейчас у нас хорошие отношения в научном сотрудничестве. Недавно Galatia Academy планировала переговоры с нами по некоторым ""специальным проектам"", и каким-то образом они убедили вице-адмирала Салазара, что мне стоит присоединиться к этому проекту. Мне нужно больше информации, прежде чем принять решение.""",dpl_ProjectPrometheusAsk4:Понимаю. Чем я могу помочь?,
dpl_ProjectPrometheusAsk5,DialogOptionSelected,$option == dpl_ProjectPrometheusAsk4,,"Элиза смотрит на вас: ""Честно говоря, я не знаю. Мне нужен кто-то, кто будет нашим специальным агентом и вернет мне больше деталей по этому проекту. Вице-адмирал Салазар только сказал, что проект связан со звездными вратами. Но я не могу принимать решение, пока не узнаю все важные подробности.""",dpl_ProjectPrometheusAsk5:То есть ты хочешь чтобы этим агентом был я?,
dpl_ProjectPrometheusAsk6,DialogOptionSelected,$option == dpl_ProjectPrometheusAsk5,BeginMission dpl_gaIntro,"Элиза улыбается: ""Спасибо за предложение! Если вы сможете сделать это для меня, будет лучше всего. Пожалуйста, помогите мне. Я оформлю вас как нашего представителя.""",dpl_gaPPrometheusLeave:Понял. Я отправлюсь туда и соберу информацию для тебя.,
dpl_gaAddOptionMeetProvost,PopulateOptions,"$id == station_galatia_academy
$player.dpl_PrometheusAsked
!$player.dpl_metBairdAsAgent
!$player.dpl_PrometheusStarted
!$global.dpl_PrometheusCompleted",,,1:dpl_gaRequestMeeting:Запросить встречу с провостом как представитель Phase Lab.,
dpl_gaRequestMeeting,DialogOptionSelected,$option == dpl_gaRequestMeeting,"$player.dpl_metBairdAsAgent = true
$market.dpl_gaIntro_visitedAcademy = true
Call $global.dpl_gaIntro_ref updateStage","Сотрудник академии делает тихий запрос через личный канал связи и затем терпеливо смотрит на вас. ""Новый провост очень и очень занят. Новая администрация после... неприятностей. Понимаете? Это может занять время. Дни. Иногда недели. Возможно, стоит оставить мне ваш comms ID и вернуться поз-""

Коммуникатор тихо подает сигнал.

""Да? ... Правда? То есть да, мы поднимемся немедленно."" Сотрудник поворачивается к вам: ""Провост Бэрд примет вас. Прямо сейчас. Пожалуйста, следуйте за мной, капитан.""",0:dpl_gaRequestMeeting1:Следовать за младшим сотрудником академии,
dpl_gaRequestMeeting1,DialogOptionSelected,$option == dpl_gaRequestMeeting1,,"Вас проводят через неприметную защищенную дверь к сети проходов, которые обходят публичные зоны. Лифт активируется при появлении сотрудника, и по его ободряющему кивку вы заходите внутрь.

Капсула лифта обрамлена алмазной матрицей, сквозь которую видно, как внизу пролетают площади-каньоны, заполненные студентами, академиками и техниками. Подняв взгляд, вы замечаете, что капсула приближается к многоярусной подструктуре, будто висящей над кривизной внутреннего пространства станции. Капсула замедляется, и вы переступаете, привыкая к локальному градиенту гравиполя.

Похоже, вы близко к ядру станции Galatia.",0:dpl_gaRequestMeeting2:Продолжить,
dpl_gaRequestMeeting2,DialogOptionSelected,$option == dpl_gaRequestMeeting2,,"Охранник в зеркальной маске отсылает младшего сотрудника и проводит вас в приемную, где небольшие группы ожидают встречи с провостом. У них безупречные прически и безупречная кожа без следов радиации и ожогов, к которым привык любой спейсер. Те киберимпланты, что видны, выглядят как стильные украшения, а не грубые усиления. Многие пришли со своими юными потомками. Запах богатства и влияния буквально ощущается в воздухе.

Головы поворачиваются, когда вас проводят мимо всех к большим дверям с инкрустацией деревом, похожим на настоящее. Вы чувствуете их взгляды на себе как огонь точечной обороны по тяжелой броне.","0:dpl_gaRequestMeeting3:Сохранять спокойствие. Смотреть вперед.
1:dpl_gaRequestMeeting3a:Улыбнуться и подмигнуть. Ты особенный и ты это знаешь.",
dpl_gaRequestMeeting2ConvertOption3a,DialogOptionSelected,$option == dpl_gaRequestMeeting3a,"$player.ethosCocky++
GAReduceRandomRep
$option = dpl_gaRequestMeeting3 0
FireBest DialogOptionSelected",,,
dpl_gaRequestMeeting3,DialogOptionSelected,$option == dpl_gaRequestMeeting3,BeginConversation baird,"Вы входите в кабинет, и двери бесшумно закрываются за спиной. Провост Анахита Бэрд поворачивается к вам, завершая вызов через планшет на своем столе.

Старинные деревянные полки с настоящими бумажными книгами темно поблескивают в мягком свете, который будто исходит ниоткуда. Полки заполнены лишь наполовину, вокруг кабинета разбросаны ящики. Латунная оррери системы Galatia украшает постамент в центре зоны для беседы. Свитки за столом провоста демонстрируют внушительные академические ранги, а их печати подлинности мягко светятся.

""Стоп, это вы? Почему и как?"" Она выглядит растерянной: ""Только не говорите, что вы их представитель.""",0:dpl_gaRequestMeeting4:Объяснить что вы пришли от Элизы.,
dpl_gaRequestMeeting3SaidBelieve,DialogOptionSelected,"$option == dpl_gaRequestMeeting3
$player.toldBairdEndBelieveInProject",BeginConversation baird,"Вы входите в кабинет, и двери бесшумно закрываются за спиной. Провост Анахита Бэрд поворачивается к вам, завершая вызов через планшет на своем столе.

Старинные деревянные полки с настоящими бумажными книгами темно поблескивают в мягком свете, который будто исходит ниоткуда. Полки заполнены лишь наполовину, вокруг кабинета разбросаны ящики. Латунная оррери системы Galatia украшает постамент в центре зоны для беседы. Свитки за столом провоста демонстрируют внушительные академические ранги, а их печати подлинности мягко светятся.

""Стоп, это вы? Почему и как?"" Она выглядит растерянной: ""Только не говорите, что вы их представитель.""",0:dpl_gaRequestMeeting4A:Помнишь как я сказал что не предам тебя? Я нашел для тебя эксперта по гиперпространству высшего уровня.,
dpl_gaRequestMeeting4A,DialogOptionSelected,$option == dpl_gaRequestMeeting4A,,"Она криво улыбается: ""Давайте оставим прошлое в прошлом и будем смотреть вперед. Хорошо?""",0:dpl_gaRequestMeeting5:Элиза Лавлейс рассматривает участие в вашем проекте. Я пришел узнать подробности.,
dpl_gaRequestMeeting4,DialogOptionSelected,$option == dpl_gaRequestMeeting4,,"Она вздыхает: ""Хорошо. Давайте все упростим. Что вам нужно?""",0:dpl_gaRequestMeeting5:Элиза Лавлейс рассматривает участие в вашем проекте. Я пришел узнать подробности.,
dpl_gaRequestMeeting5,DialogOptionSelected,$option == dpl_gaRequestMeeting5,,"Она выглядит заметно удивленной: ""Неужели все настолько просто? Ладно, кратко повторю проект, как и в прошлый раз, если вы еще помните. Наша конечная цель - использовать заброшенный корональный ответвитель как источник энергии для открытия постоянных связей в сети Врат.""

Она продолжает: ""А этот конкретный проект, согласно текущим договоренностям между нами и Phase Lab, должен найти практичный способ передавать энергию от этих корональных ответвителей к Вратам и подключать новые Врата к сети. Если мы преуспеем, появится шанс соединиться с другими активными Вратами далеко отсюда. Окончательный план еще не утвержден, потому что роль Элизы критична, и пока она не присоединилась, все планы пусты.""

Она смотрит на вас: ""Пожалуйста, убедите ее. Мы обеспечиваем будущее, и... надеюсь, она это поймет.""",0:dpl_gaRequestMeeting6:Понял. Я постараюсь.,
dpl_gaRequestMeeting6,DialogOptionSelected,$option == dpl_gaRequestMeeting6,EndConversation NO_CONTINUE,"Она поворачивается к дисплею на столе и начинает вводить последовательность команд. С вами она на данный момент закончила.

""Хорошего дня, капитан,"" говорит она, не поднимая взгляда. ""Жду хороших новостей от Phase Lab. И пожалуйста, не обсуждайте такие важные решения через мои каналы связи. Если снова придете как их представитель, встретимся лично здесь, в моем кабинете.""

Вы ощущаете легкое движение воздуха, когда двери бесшумно открываются за вашей спиной. Охрана в зеркальных масках стоит по бокам от младшего сотрудника, который готов сопроводить вас обратно к шаттлу.",,
dpl_ProjectPrometheusReturn,PickGreeting,"$id == eliza_lovelace
$player.dpl_PrometheusAsked
$player.dpl_metBairdAsAgent
!$player.dpl_PrometheusStarted
!$global.dpl_PrometheusCompleted","ShowPersonVisual
unset $player.dpl_PrometheusAsked
unset $player.dpl_metBairdAsAgent
$player.dpl_PrometheusStarted = true
$dpl_PrometheusCanAskElizaTravel = true
$dpl_PrometheusWait = true 6","На ваш запрос связи пришло автоматическое сообщение: ""Добро пожаловать, капитан $playerName. Вице-адмирал Элиза Лавлейс готова к вашему визиту. Пожалуйста, обсуждайте все вопросы лично."" Поэтому вы берете шаттл и отправляетесь в ее кабинет.

Когда вы входите к Элизе, она приветствует вас как обычно. И явно очень хочет услышать новости о проекте.",dpl_ProjectPrometheusReturn:Если коротко - Провост Бэрд хочет запитать новые Врата и связать их с действующей сетью.,
dpl_ProjectPrometheusReturn1,DialogOptionSelected,$option == dpl_ProjectPrometheusReturn,,"""Понятно. Это действительно может быть важно. Но зачем ей это?"" спрашивает Элиза. ""Можете поделиться своими мыслями о ее мотивации? Для меня это очень важно.""",dpl_ProjectPrometheusReturn1:Возможно она хочет искать сети Врат Доминиона в других местах? Она говорит что это ради будущего человечества.,
dpl_ProjectPrometheusReturn2,DialogOptionSelected,$option == dpl_ProjectPrometheusReturn1,,"""Спасибо, $playerName."" Элиза улыбается: ""Ради человечества - веская причина, я согласна. Я сообщу вице-адмиралу Банаху Салазару о своем решении. И хочу отдельно рекомендовать вас в этот проект. Вам интересно?""",dpl_ProjectPrometheusReturn2:А что я получу?,
dpl_ProjectPrometheusReturn3,DialogOptionSelected,$option == dpl_ProjectPrometheusReturn2,,"""Ну, кредиты, приключения, исследования, всякие полезные вещи, вы понимаете,"" Элиза делает глоток чая. ""Да ладно, мы всегда проходили через это вместе. Неужели в этот раз вы оставите меня одну?""",dpl_ProjectPrometheusReturn3:Ладно. Я понял. Я в деле.,
dpl_ProjectPrometheusReturn4,DialogOptionSelected,$option == dpl_ProjectPrometheusReturn3,"Highlight ""one week""","""Отлично!"" Элиза смотрит вам в глаза: ""Спасибо за поддержку! Подождем, пока вице-адмирал Банах Салазар завершит организацию проекта, а затем нам сообщат, когда все будет готово к старту. Это должно занять одну неделю.""",dpl_gaPPrometheusLeave:Отлично. Тогда буду ждать дальнейшей информации.,
,,,,,,
#Second Meeting at GA,,,,,,
dpl_ElizaTravelToAcademyIntroDev,PickGreeting,"$id == eliza_lovelace
$global.isDevMode
!$dpl_PrometheusWait
$dpl_PrometheusCanAskElizaTravel
$player.dpl_PrometheusStarted","dpl_Objectives ElizaWearLabCoat
ShowPersonVisual
unset $dpl_PrometheusCanAskElizaTravel","На ваш запрос связи пришло автоматическое сообщение: ""Добро пожаловать, капитан $playerName. Вице-адмирал Элиза Лавлейс готова к вашему визиту. Пожалуйста, обсуждайте все вопросы лично."" Поэтому вы берете шаттл и отправляетесь в ее кабинет.

Когда вы входите, вы замечаете, что на Элизе лабораторный халат вместо морской формы. Она приветствует вас как обычно и выглядит очень бодрой.",dpl_TravelToAcademyAsk:Вау. Выглядишь свежо.,
dpl_ElizaTravelToAcademyIntro,PickGreeting,"$id == eliza_lovelace
$global.dpl_ascension_Completed
$global.gaATG_missionCompleted
!$dpl_PrometheusWait
$dpl_PrometheusCanAskElizaTravel
$player.dpl_PrometheusStarted","dpl_Objectives ElizaWearLabCoat
ShowPersonVisual
unset $dpl_PrometheusCanAskElizaTravel","На ваш запрос связи пришло автоматическое сообщение: ""Добро пожаловать, капитан $playerName. Вице-адмирал Элиза Лавлейс готова к вашему визиту. Пожалуйста, обсуждайте все вопросы лично."" Поэтому вы берете шаттл и отправляетесь в ее кабинет.

Когда вы входите, вы замечаете, что на Элизе лабораторный халат вместо морской формы. Она приветствует вас как обычно и выглядит очень бодрой.",dpl_TravelToAcademyAsk:Вау. Выглядишь свежо.,
dpl_ElizaTravelToAcademy1,DialogOptionSelected,$option == dpl_TravelToAcademyAsk,"$market.dpl_gaIntro_completed = true
Call $global.dpl_gaIntro_ref updateStage","""Рада сообщить, что специальный проект наконец утвержден. С этого момента я буду гиперфизиком в команде и займусь теоретической частью."" Элиза улыбается: ""И я ждала именно вас, капитан $playerName. Вы будете... ну, капитаном нашей команды. Сейчас познакомлю вас с другими участниками от Phase Lab, а затем по приказу вице-адмирала Банаха Салазара мы отправимся в Galatia Academy.""",dpl_TravelToAcademyAsk1:Хорошие новости. Рад быть в команде.,
dpl_ElizaTravelToAcademy2,DialogOptionSelected,$option == dpl_TravelToAcademyAsk1,ShowSecondPerson ross_higgs,"Пока вы разговариваете с Элизой, кто-то стучит в дверь. Элиза открывает, и входит Росс. Она отдает салют флота Domain: ""Контр-адмирал Росс Хиггс. Прибыла по приказу, сэр!""

Элиза улыбается: ""Росс, давай без формальностей. Я просто хочу познакомить команду друг с другом. У нас должен быть еще один участник, так что давай пока подождем.""

""И капитан $playerName! Очень рада видеть вас здесь. Я знаю вашу легендарную историю о проходе через врата Magec."" Росс выглядит впечатленной: ""Нам повезло, что вы в команде. Уверена, вы приведете нас к новой легенде.""",dpl_TravelToAcademyAsk2:Я думал ты уже знаешь весь состав команды Росс.,
dpl_ElizaTravelToAcademy3,DialogOptionSelected,$option == dpl_TravelToAcademyAsk2,,"""Вообще-то нет. Проект строго засекречен, и, вероятно, все детали знает только вице-адмирал Банах Салазар."" Росс прочищает горло: ""Даже как глава инженерного департамента я знаю лишь то, что должна обеспечить инженерную поддержку проекта. Это мой абсолютный приоритет. В частности, мы будем проектировать и строить корабль размером со станцию, а его назначение мне пока засекречено. Надеюсь, на поздних этапах мы узнаем, для чего эта огромная игрушка.""",dpl_TravelToAcademyAsk3:Понимаю. Я тоже рад что ты с нами Росс. Твоя работа всегда отличная.,
dpl_ElizaTravelToAcademy4,DialogOptionSelected,$option == dpl_TravelToAcademyAsk3,ShowThirdPerson cantor_aleph_null,"Пока вы беседуете с Элизой и Росс, входит еще один офицер. Он почти полностью покрыт броней и электронными проводами и отдает салют флота Domain: ""Адмирал флотилии Кантор Алеф Нулл. Прибыл к несению службы, сэр!""

Его синтетический голос звучит как тяжелый бластер на максимальной мощности. И его кибернетический вид действительно удивляет.

Элиза объясняет вам, что Кантор был пилотом-истребителем, когда Phase Lab вела большой конфликт против Persean League. Он участвовал в Великой битве за Muspelheim в 195 цикле как пилот эскорта флагмана Элизы DPLS Road to Sector.

Во время миссии его истребитель принял попадание торпеды dragonfire, но ему повезло выжить. Цена была высокой: с тех пор он поддерживает жизнь кибероперациями. Поэтому он и выглядит как киборг.",dpl_TravelToAcademyAsk4:И какая у него роль в нашей команде?,
dpl_ElizaTravelToAcademy5,DialogOptionSelected,$option == dpl_TravelToAcademyAsk4,,"""Вице-адмирал Элиза Лавлейс, вы не могли бы избавить меня от утомительных представлений?"" Кантор явно нетерпелив: ""Я бы предпочел связь на бинарных языках. Это намного эффективнее.""

""Хорошо, хорошо,"" вздыхает Элиза. ""Миссия Кантора... очень особая. Он один из немногих офицеров, способных эффективно напрямую управлять электронными системами из-за своей особой структуры тела. И именно он будет напрямую курировать специальное устройство, которое нужно проекту.""

""Да, и он также ключевой конструктор того ""огромного корабля"", который мы создаем,"" добавляет Росс. ""Думаю, именно он должен управлять этим кораблем, подключаясь к его системам через интерфейс в голове.""

""Верно."" Кантор кивает, и в его синтетическом голосе будто слышна улыбка. ""Отличное представление. Я доволен.""",dpl_TravelToAcademyAsk5:Отлично. Какой следующий шаг?,
dpl_ElizaTravelToAcademy6,DialogOptionSelected,$option == dpl_TravelToAcademyAsk5,"HideSecondPerson
HideThirdPerson","Росс улыбается: ""Ну, наша часть здесь завершена. Мы останемся на Muspelheim на время проекта и обеспечим инженерную поддержку.""

""Да, и я не буду больше задерживать вас."" Элиза открывает дверь для Росс и Кантора: ""До скорого!""

""Надеюсь."" Росс выходит вместе с Кантором: ""До встречи, капитан $playerName.""

""Итак, Росс и Кантор останутся здесь и построят все необходимое."" Элиза смотрит на вас: ""А мы отправимся в Galatia Academy, чтобы встретиться с участниками команды там. Провост Бэрд поставит нам задачи по прибытии.""",dpl_TravelToAcademyAsk6:Когда? Мы вылетаем сейчас?,
dpl_ElizaTravelToAcademy7,DialogOptionSelected,$option == dpl_TravelToAcademyAsk6,"BeginMission dpl_GAIntroShort
$player.dpl_meetBairdAsAgentProj = true","""Да, прямо сейчас."" Элиза выходит из кабинета вместе с вами и запирает дверь.",dpl_TravelToAcademyAsk7:Отлично. Мы готовы к путешествию.,
dpl_ElizaTravelToAcademy8,DialogOptionSelected,$option == dpl_TravelToAcademyAsk7,"EndConversation NO_CONTINUE
SetPersonHidden eliza_lovelace true",,,
dpl_gaAddOptionMeetProvostProj,PopulateOptions,"$id == station_galatia_academy
$player.dpl_meetBairdAsAgentProj
$player.dpl_PrometheusStarted",,,1:dpl_gaRequestMeetingProj:Запросить встречу с провостом.,
dpl_gaRequestMeetingProj,DialogOptionSelected,$option == dpl_gaRequestMeetingProj,"unset $player.dpl_meetBairdAsAgentProj
$global.dpl_gaIntroShort_completed = true
Call $global.dpl_gaIntroShort_ref updateStage","Сотрудник академии делает тихий запрос через личный канал связи и затем терпеливо смотрит на вас. ""Новый провост очень и очень занят. Новая администрация после... неприятностей. Понимаете? Это может занять время. Дни. Иногда недели. Возможно, стоит оставить мне ваш comms ID и вернуться поз-""

Коммуникатор тихо подает сигнал.

""Да? ... Правда? То есть да, мы поднимемся немедленно."" Сотрудник поворачивается к вам: ""Провост Бэрд примет вас. Прямо сейчас. Пожалуйста, следуйте за мной, капитан и леди.""",0:dpl_gaRequestMeetingProj1:Следовать за младшим сотрудником академии,
dpl_gaRequestMeetingProj1,DialogOptionSelected,$option == dpl_gaRequestMeetingProj1,,"Элизу и вас проводят через неприметную защищенную дверь к сети проходов, которые обходят публичные зоны. Лифт активируется при появлении сотрудника, и по его ободряющему кивку вы заходите внутрь.

Капсула лифта обрамлена алмазной матрицей, сквозь которую видно, как внизу пролетают площади-каньоны, заполненные студентами, академиками и техниками. Подняв взгляд, вы замечаете, что капсула приближается к многоярусной подструктуре, будто висящей над кривизной внутреннего пространства станции. Капсула замедляется, и вы переступаете, привыкая к локальному градиенту гравиполя.

Похоже, вы близко к ядру станции Galatia.",0:dpl_gaRequestMeetingProj2:Продолжить,
dpl_gaRequestMeetingProj2,DialogOptionSelected,$option == dpl_gaRequestMeetingProj2,,"Охранник в зеркальной маске отсылает младшего сотрудника и проводит вас в приемную, где небольшие группы ожидают встречи с провостом. У них безупречные прически и безупречная кожа без следов радиации и ожогов, к которым привык любой спейсер. Те киберимпланты, что видны, выглядят как стильные украшения, а не грубые усиления. Многие пришли со своими юными потомками. Запах богатства и влияния буквально ощущается в воздухе.

Головы поворачиваются, когда Элизу и вас проводят мимо всех к большим дверям с инкрустацией деревом, похожим на настоящее. Вы чувствуете их взгляды на себе как огонь точечной обороны по тяжелой броне.","0:dpl_gaRequestMeetingProj3:Сохранять спокойствие. Смотреть вперед.
1:dpl_gaRequestMeetingProj3a:Улыбнуться и подмигнуть. Ты особенный и ты это знаешь.",
dpl_gaRequestMeetingProj2ConvertOption3a,DialogOptionSelected,$option == dpl_gaRequestMeetingProj3a,"$player.ethosCocky++
GAReduceRandomRep
$option = dpl_gaRequestMeetingProj3 0
FireBest DialogOptionSelected",,,
dpl_gaRequestMeetingProj3,DialogOptionSelected,$option == dpl_gaRequestMeetingProj3,BeginConversation baird,"Вы входите в кабинет, и двери бесшумно закрываются за спиной. Провост Анахита Бэрд приветствует Элизу и вас необычно тепло.

Вы замечаете на ее столе бутылку чего-то редкого и четыре хрустальных бокала.

К вашему удивлению, провост Бэрд расставляет стулья для вас обоих. ""О, проходите, проходите, устраивайтесь поудобнее,"" говорит она. ""Вы, должно быть, вице-адмирал Элиза Лавлейс. Я благодарна, что вы решили присоединиться к проекту и приехали лично. И капитан $playerName, рада, что мы снова сотрудничаем.""",0:dpl_gaRequestMeetingProj4:Сесть.,
dpl_gaRequestMeetingProj4,DialogOptionSelected,$option == dpl_gaRequestMeetingProj4,ShowSecondPerson eliza_lovelace,"""Провост Анахита Бэрд,"" Элиза уважительно кланяется и садится. ""Рада познакомиться и для меня честь участвовать в таком великом проекте в роли гиперфизика.""

""Согласно приказу вице-адмирала Банаха Салазара, я присоединяюсь здесь к отделу фазовой физики как приглашенный академик на время проекта."" Элиза улыбается: ""Так что зовите меня просто Элиза. Сейчас я не вице-адмирал, а скромный академик, служащий нашему великому проекту.""

""Хорошо, хорошо,"" Бэрд выглядит удивленной. ""Итак, академик Элиза, прежде чем перейти к деталям проекта, скажите: вы знаете, ради чего этот проект?""

""Ради будущего человечества,"" Элиза смотрит на Бэрд. ""Это мой долг. И ради долга я готова на все необходимые усилия и жертвы.""

""Понимаю, значит вы уже решительно настроены,"" уважительно отвечает Бэрд. ""И капитан $playerName, полагаю, вы тоже понимаете, почему здесь.""",0:dpl_gaRequestMeetingProj5:Согласен. Мы уже работали вместе раньше.,
dpl_gaRequestMeetingProj5,DialogOptionSelected,$option == dpl_gaRequestMeetingProj5,ShowThirdPerson gargoyle,"""Теперь, академик Элиза Лавлейс, познакомьтесь с Гаргойлом,"" говорит Бэрд. ""Он будет помогать с кодом и симуляциями для ваших теоретических работ. И мы как можно быстрее сформируем вашу команду.""

Пока провост Бэрд говорит, в дверь входит Гаргойл. Он машет вам рукой.",0:dpl_gaRequestMeetingProj6:Помахать ему в ответ.,
dpl_gaRequestMeetingProj6,DialogOptionSelected,$option == dpl_gaRequestMeetingProj6,"Highlight ""transfering energy"" ""connecting"" ""power source"" ""artificial device"" ""stable location"" ""Helheim star system""","Бэрд начинает вводить в курс проекта: ""Наша общая цель - проверить возможность передачи энергии между звездными Вратами и подключения новых Врат к существующей сети. Согласно работам академика Элизы, эти две задачи очень близки теоретически, поэтому мы объединяем их.""

""Чтобы достичь этих целей, нам нужен источник энергии, искусственное устройство, имитирующее Врата, и стабильная точка для размещения устройства."" продолжает Бэрд. ""Инженерный департамент Phase Lab спроектирует и построит такое устройство, а мы подберем подходящую звездную систему с нужным источником энергии.""

""Мы планируем использовать заброшенные корональные ответвители как источник энергии, но академик Элиза указала, что прямое использование такого устройства может создать серьезную угрозу для полевых команд."" Бэрд указывает на звездную карту. ""Поэтому в этом проекте мы используем поврежденный корональный ответвитель. Его энергии меньше, но для наших задач ее достаточно, и риск намного ниже. По рекомендации академика Элизы этот поврежденный ответвитель находится в системе Helheim.""",0:dpl_gaRequestMeetingProj7:Продолжить.,
dpl_gaRequestMeetingProj7,DialogOptionSelected,$option == dpl_gaRequestMeetingProj7,"Highlight ""secure the Helheim system"" ""repair the damaged coronal tap""
BeginMission dpl_RepairCTap","""Капитан $playerName, ваши задачи критически важны, поэтому начну с них."" говорит Бэрд. ""Первая задача - обеспечить безопасность системы Helheim и отремонтировать поврежденный корональный ответвитель, чтобы он вырабатывал достаточно энергии.""",0:dpl_gaRequestMeetingProj8:А затем?,
dpl_gaRequestMeetingProj8,DialogOptionSelected,$option == dpl_gaRequestMeetingProj8,"Highlight ""secure the construction"" ""guarantee the deployment"" ""Ross Higgs""
$global.dpl_RossCanAskHELA = true
BeginMission dpl_DeployDevice","""Вторая задача - обеспечить строительство искусственного устройства и гарантировать его развертывание в системе Helheim."" продолжает Бэрд. ""Работайте с контр-адмиралом Росс Хиггс из Phase Lab, она даст вам подробные инструкции. Это все, что нужно на текущем этапе проекта.""

Элиза добавляет: ""В этом совместном проекте вы представляете Phase Lab. Поэтому вице-адмирал Банах Салазар будет напрямую назначать вам награды за выполнение каждой задачи. Так всем проще, и мы можем сосредоточиться на самом проекте.""",0:dpl_gaRequestMeetingProj9:Понял.,
dpl_gaRequestMeetingProj9,DialogOptionSelected,$option == dpl_gaRequestMeetingProj9,$player.dpl_PPrometheusKnowMissions = true,"""Академик Элиза, вы остаетесь здесь как гиперфизик в отделе фазовой физики."" говорит Бэрд. ""Ваша задача - завершить теоретические работы для питания устройства и провести все ключевые измерения. Затем разработать подходящие приборы, которые изготовит инженерный департамент Phase Lab. Задача сложная, ваша команда будет очень занята.""

Элиза кивает: ""Поняла. Я прослежу, чтобы мы завершили все вовремя.""",0:dpl_gaRequestMeetingProj10:Продолжить.,
dpl_gaRequestMeetingProj10,DialogOptionSelected,$option == dpl_gaRequestMeetingProj10,dpl_Objectives ElizaMovesToAcademy,"""И наконец, Гаргойл,"" говорит Бэрд. ""Делай все, что скажет академик Элиза. Не задавай вопросов и не играй в трюки. Ты знаешь цену провала моих приказов.""

""Разумеется,"" спокойно отвечает Гаргойл. ""Я помогу ей всеми возможными способами.""",0:dpl_gaRequestMeetingProj11:Продолжить.,
dpl_gaRequestMeetingProj11,DialogOptionSelected,$option == dpl_gaRequestMeetingProj11,SetPersonHidden eliza_lovelace_PP false,"""И последнее, академик Элиза: познакомьтесь с академиком Алвиссом Себештенем,"" говорит Бэрд тоном, уместным на мостике боевого корабля Гегемонии. ""Алвисс, пожалуйста, покажите академику Элизе подготовленный гостевой блок и лабораторию ее команды. Сейчас же.""

""Итак, всем ясно, что делать. Думаю, на этом встречу можно завершать."" Бэрд предлагает всем поднять хрустальный бокал: ""За наше сотрудничество и начало великого проекта.""",0:dpl_gaRequestMeetingProj12:За нас!,
dpl_gaRequestMeetingProj12,DialogOptionSelected,$option == dpl_gaRequestMeetingProj12,"HideSecondPerson
HideThirdPerson","Допив свой бокал, вы завершаете эту встречу. Попрощавшись, Элиза уходит вместе с Себештенем и Гаргойлом. Пора уходить.",0:dpl_gaRequestMeetingProjLeave:Уйти.,
dpl_gaRequestMeetingProjLeave,DialogOptionSelected,$option == dpl_gaRequestMeetingProjLeave,EndConversation NO_CONTINUE,"Она поворачивается к дисплею на столе и начинает вводить последовательность команд. С вами она на данный момент закончила.

""Хорошего дня, капитан,"" говорит она, не поднимая взгляда. ""Если вам нужны инструкции, уверена, академик Элиза и контр-адмирал Росс Хиггс помогут. И пожалуйста, не используйте мой канал связи для контакта со мной, иначе Phase Lab будет недовольна тем, что мы нарушаем их ""режим секретности"" по этому проекту.""

Вы ощущаете легкое движение воздуха, когда двери бесшумно открываются за вашей спиной. Охрана в зеркальных масках стоит по бокам от младшего сотрудника, который готов сопроводить вас обратно к шаттлу.",,
,,,,,,
#Discuss with different people after Project Prometheus starts,,,,,,
#Discuss with Eliza,,,,,,
dpl_ElizaStayAtGAPickGreetings,PickGreeting,"$id == eliza_lovelace_PP
$global.gaATG_missionCompleted
$player.dpl_PPrometheusKnowMissions
$player.dpl_PrometheusStarted","ShowPersonVisual
FireAll dpl_PPrometheusOptions","На ваш запрос связи пришло автоматическое сообщение: ""Приглашенный исследователь, академик Элиза Лавлейс сейчас недоступна. Если хотите что-то обсудить, пожалуйста делайте это лично."" Поэтому вы берете шаттл и отправляетесь в ее кабинет.

Кабинет Элизы пуст, и вам приходится приложить усилия, чтобы найти ее лабораторию в Galatia Academy. К вашему удивлению, она занята работой с командой. Отправив команду на консоль данных, она делает перерыв и приветствует вас.",,
dpl_ElizaAtGAHowRU,dpl_PPrometheusOptions,"$id == eliza_lovelace_PP
$player.dpl_PPrometheusKnowMissions",,,dpl_ElizaAtGAHowRU:Ну как идут дела?,
dpl_ElizaAtGAHowRU1,DialogOptionSelected,$option == dpl_ElizaAtGAHowRU,,"""Начинаю понимать, почему работа с Провостом Бэрд может быть напряженной."" Элиза вздыхает: ""Но в целом все идет хорошо. Мы продвигаемся уверенно.""",dpl_ElizaAtGALeave:Рад это слышать.,
dpl_ElizaAtGAAskGargoyle,dpl_PPrometheusOptions,"$id == eliza_lovelace_PP
$player.dpl_PPrometheusKnowMissions
!$player.dpl_ElizaPPAskedGg",,,dpl_ElizaAtGAAskGargoyle:Спросить Элизу что она думает о Гаргойле.,
dpl_ElizaAtGAAskGargoyle1,DialogOptionSelected,$option == dpl_ElizaAtGAAskGargoyle,$player.dpl_ElizaPPAskedGg = true,"""О, Гаргойл. Он гениален, и с ним очень интересно обсуждать идеи."" Элиза улыбается: ""Представляете, мы обсуждали, как с помощью фазового пространства превратить гигантскую звезду в межзвездный суперкомпьютер. Мне нравится с ним работать, каждый день появляются новые сильные идеи.""",dpl_ElizaAtGAAskGargoyle1:Звучит отлично!,
dpl_ElizaAtGAAskGargoyle2,DialogOptionSelected,$option == dpl_ElizaAtGAAskGargoyle1,EndConversation NO_CONTINUE,"""Он очень помогает,"" говорит Элиза. ""И я верю, что вместе мы добьемся большого прогресса.""

""Эй, Элиза, мы сделали фазовую полость, которую ты просила, но она постоянно перегревается,"" инженер прерывает разговор. ""Это максимум, на что мы сейчас способны. Скажи, что делать дальше.""

""А, понимаю. Думаю, проблема в релаксации. Нужно добавить демпфирующую последовательность, и тепло не будет накапливаться."" Элиза начинает объяснять на ходу, уходя вместе с инженером.

По дороге она прощается с вами. Вы сочувственно смотрите ей вслед и покидаете лабораторию.",,
dpl_ElizaAtGAAskAlviss,dpl_PPrometheusOptions,"$id == eliza_lovelace_PP
$player.dpl_PPrometheusKnowMissions
!$player.dpl_ElizaPPAskedAlviss",,,dpl_ElizaAtGAAskAlviss:Спросить Элизу что она думает о Себештене.,
dpl_ElizaAtGAAskAlviss1,DialogOptionSelected,$option == dpl_ElizaAtGAAskAlviss,$player.dpl_ElizaPPAskedAlviss = true,"""Себештен,"" Элиза счастливо улыбается. ""Он такой милый, правда, $playerName? Когда вижу его каждый день, настроение сразу лучше.""",dpl_ElizaAtGAAskAlviss1:Мне тоже понравилось с ним работать.,
dpl_ElizaAtGAAskAlviss2,DialogOptionSelected,$option == dpl_ElizaAtGAAskAlviss1,EndConversation NO_CONTINUE,"""Отлично! И я очень рада видеть вас, $playerName,"" говорит Элиза. ""Спасибо, что заглянули!""

""Академик Элиза, я академик Дмитрий из N-Space Resonance Lab,"" экспериментатор прерывает вас. ""Мне нужно обсудить с вами экспериментальные данные. Они очень необычные.""

""Конечно, давайте обсудим это в семинарной комнате."" Элиза уходит вместе с экспериментатором.

По дороге она прощается с вами. Вы сочувственно смотрите ей вслед и покидаете лабораторию.",,
dpl_ElizaAtGALeave,DialogOptionSelected,$option == dpl_ElizaAtGALeave,EndConversation NO_CONTINUE,"""Я так рада вас видеть, $playerName,"" Элиза улыбается. ""Спасибо, что заглянули!""

""Эй, Элиза, мне кажется эти показания не имеют смысла,"" академик прерывает вас. ""Это важно. Можете посмотреть на устройство?""

""Хммм, вообще эти результаты говорят, что нам нужно разбираться с подмногообразием, сформированным сингулярностями в фазовом многообразии,"" Элиза начинает объяснять на ходу, уходя вместе с академиком.

По дороге она прощается с вами. Вы сочувственно смотрите ей вслед и покидаете лабораторию.",,
#Discuss with Ross,,,,,,
dpl_RossPPrometheusHowRU,PopulateOptions,"$id == ross_higgs
$player.dpl_PPrometheusKnowMissions",,,dpl_RossPPrometheusHowRU:Спросить Росс как идет проект Прометей.,
dpl_RossPPrometheusHowRU1,DialogOptionSelected,$option == dpl_RossPPrometheusHowRU,,"""Все нормально. Мы как всегда просто устали. Завод работает на полной мощности, чтобы создать все нужное для этого великого проекта."" Росс улыбается: ""Есть ко мне вопросы?""",dpl_RossPPrometheusLeave:Пока вопросов нет.,
dpl_RossPPrometheusAskEliza,PopulateOptions,"$id == ross_higgs
$player.dpl_PPrometheusKnowMissions
!$player.dpl_RossPPAskedEliza",,,dpl_RossPPrometheusAskEliza:Спросить Росс о визите Элизы в Galatia Academy.,
dpl_RossPPrometheusAskEliza1,DialogOptionSelected,$option == dpl_RossPPrometheusAskEliza,$player.dpl_RossPPAskedEliza = true,"""О, вы про то, что Элиза будет работать в Galatia Academy?"" Росс улыбается, хоть и выглядит усталой как обычно: ""Я рада за нее. Вы замечали, что она выглядит на несколько циклов моложе, когда знает, что едет туда и надевает лабораторный халат? Она всегда говорила, что лучшие годы ее жизни были тогда, когда она была молодым ученым и занималась гиперфизикой.""",dpl_RossPPrometheusAskEliza1:То есть ты тоже хотела бы туда?,
dpl_RossPPrometheusAskEliza2,DialogOptionSelected,$option == dpl_RossPPrometheusAskEliza1,,"""Ну, я должна быть здесь. Кто-то должен держать процесс в движении,"" вздыхает Росс. ""Это мой долг как главы инженерного департамента. И вы знаете: долг превыше всего. Это наша статья веры.""",dpl_RossPPrometheusLeave:Тогда не буду мешать работе. До встречи!,
dpl_RossPPrometheusLeave,DialogOptionSelected,$option == dpl_RossPPrometheusLeave,EndConversation NO_CONTINUE,"""Поняла,"" Росс смотрит на вас. ""Рада была увидеть вас. До встречи, капитан $playerName.""

Вы машете друг другу и покидаете ее кабинет.",,
dpl_RossPPrometheusCompleted,PopulateOptions,"$id == ross_higgs
$global.dpl_PrometheusCompleted
!$dpl_PrometheusRossAskedSuccess",,,dpl_RossPPrometheusCompleted:Спросить Росс как идут дела после завершения проекта Прометей.,
dpl_RossPPrometheusCompleted1,DialogOptionSelected,$option == dpl_RossPPrometheusCompleted,$dpl_PrometheusRossAskedSuccess = true,"""У нас все хорошо. И вице-адмирал Салазар уже сообщил мне об этой новой роботизированной армии."" Росс улыбается: ""Честно, я даже воодушевлена идеей сражаться с ними. Представьте, сколько мы сможем узнать в такой войне, а знания бесценны.""",dpl_RossPPrometheusLeave:Отлично! До встречи!,
#Discuss with Gargoyle,,,,,,
dpl_GargoylePPrometheusHowRU,PopulateOptions,"$isPerson
$id == gargoyle score:1000
$player.dpl_PPrometheusKnowMissions",,,dpl_GargoylePPrometheusHowRU:Спросить Гаргойла как идет проект Прометей.,
dpl_GargoylePPrometheusHowRU1,DialogOptionSelected,$option == dpl_GargoylePPrometheusHowRU,FireAll PopulateOptions,"""У нас все отлично,"" Гаргойл откидывается назад. ""Есть что-то еще более интересное?""",,
dpl_GargoylePPrometheusAskEliza,PopulateOptions,"$isPerson
$id == gargoyle score:1000
$player.dpl_PPrometheusKnowMissions
!$player.dpl_GgPPAskedEliza",,,dpl_GargoylePPrometheusAskEliza:Ну и как тебе Элиза?,
dpl_GargoylePPrometheusAskEliza1,DialogOptionSelected,$option == dpl_GargoylePPrometheusAskEliza,,"""С чего начать... Во-первых, она гений, с ней очень интересно работать. И дай мне подобрать слова,"" Гаргойл выпрямляется: ""Ты реально привел сюда Элизу Лавлейс лично, живой?""",dpl_GargoylePPrometheusAskEliza1:Да. А что тут такого удивительного?,
dpl_GargoylePPrometheusAskEliza2,DialogOptionSelected,$option == dpl_GargoylePPrometheusAskEliza1,$player.dpl_GgPPAskedEliza = true,"""Потому что это Лавлейс, и у нее была жуткая репутация. Когда я был в Tri-Tachyon, она для нас всех была страхом и загадкой,"" говорит Гаргойл. ""Я не про скучные космические перестрелки. Эта леди реально знает магию. И теперь у меня вопрос к тебе.""

""Хотя работать с Лавлейс - чистое удовольствие."" Хакер выглядит озадаченным: ""Как вообще получилось, что ты убедил ее стать еще одним Courеus для Королевы Б, и о чем она вообще думала?""",dpl_GargoylePPrometheusAskEliza2:Вообще-то она сама этого хотела. Я ее не уговаривал.,
dpl_GargoylePPrometheusAskEliza3,DialogOptionSelected,$option == dpl_GargoylePPrometheusAskEliza2,,"""Она правда верит в историю Бэрд?"" Гаргойл смеется: ""Трудно поверить, что она настолько простая или идеалистичная. Но посмотрим.""",dpl_GargoylePPrometheusAskEliza3:И да. Она совсем не жуткая.,
dpl_GargoylePPrometheusAskEliza4,DialogOptionSelected,$option == dpl_GargoylePPrometheusAskEliza3,FireAll PopulateOptions,"""Ну, пока что она отличная, хотя большую часть времени слишком правильная, следует луддитским правилам,"" говорит Гаргойл. ""Но когда говорит со мной, у нее всегда самые безумные и веселые планы по взлому гиперпространства. Думаю, она готова устроить второй коллапс. Шучу. Скажем так: она почти наполовину так же хороша, как я. Ну что, пока не стало скучно, есть еще что-то?""",,
dpl_GargoylePPrometheusFailed,PopulateOptions,"$isPerson
$id == gargoyle score:1000
$global.dpl_Prometheus_Failed
$player.dpl_Prometheus_Failed_CanAskGg",,,dpl_GargoylePPrometheusFailed:Спросить Гаргойла что было после самоуничтожения HELA Device.,
dpl_GargoylePPrometheusFailed1,DialogOptionSelected,$option == dpl_GargoylePPrometheusFailed,,"""Почти ничего не изменилось,"" небрежно говорит Гаргойл. ""Я вернулся к обычному расписанию. Как и раньше. Скука.""",dpl_GargoylePPrometheusFailed1:А что с Элизой?,
dpl_GargoylePPrometheusFailed2,DialogOptionSelected,$option == dpl_GargoylePPrometheusFailed1,,"""О, Элиза... После того как мы ушли на спасательном шаттле, нас унесло в пустоту, потом торговый флот нашел нас посреди нигде, и в итоге мы прибыли на New Maxios,"" вздыхает Гаргойл. ""Мне было жаль ее, авария ее сломала. Она сказала, что должна искупить гибель бесчисленных людей в системе Thule из-за того, что не смогла вовремя действовать. Это был наш последний разговор. С тех пор я больше ничего о ней не слышал.""",dpl_GargoylePPrometheusFailed2:Понимаю. А ты как?,
dpl_GargoylePPrometheusFailed3,DialogOptionSelected,$option == dpl_GargoylePPrometheusFailed2,"unset $player.dpl_Prometheus_Failed_CanAskGg
FireAll PopulateOptions","""Я в порядке. Такое случается, и нам просто приходится с этим жить. И Королева Б хочет, чтобы я помогал другим академикам разбираться в работах Элизы, так что дела у меня все-таки есть,"" говорит Гаргойл, небрежно махнув рукой. ""Но скажу честно: меня тронуло, что вы так переживаете о моем благополучии.""",,
dpl_GargoylePPrometheusCompleted,PopulateOptions,"$isPerson
$id == gargoyle score:1000
$global.dpl_PrometheusCompleted
!$dpl_PrometheusGgAskedSuccess",,,dpl_GargoylePPrometheusCompleted:Спросить Гаргойла как идут дела после завершения проекта Прометей.,
dpl_GargoylePPrometheusCompleted1,DialogOptionSelected,$option == dpl_GargoylePPrometheusCompleted,"$dpl_PrometheusGgAskedSuccess = true
FireAll PopulateOptions","""Должен сказать, это правда меня тронуло. Элиза, сама Лавлейс... думаю, я никогда ее не забуду,"" Гаргойл выпрямляется. ""И после этого проекта моя жизнь стала чуть интереснее. Теперь Королева Б хочет, чтобы я писал алгоритмы на основе работ Элизы - для чего бы она это ни задумала.""

""В целом все идет хорошо,"" говорит Гаргойл, небрежно махнув рукой. ""И все же, мне очень приятно, что вы так переживаете о моем благополучии.""",,
#Discuss with Banach,,,,,,
dpl_BanachPPrometheusHowRU,PopulateOptions,"$id == banach_salazar
$player.dpl_PPrometheusKnowMissions",,,dpl_BanachPPrometheusHowRU:Спросить Банаха как идет проект Прометей.,
dpl_BanachPPrometheusHowRU1,DialogOptionSelected,$option == dpl_BanachPPrometheusHowRU,,"""Как директор Lab я обязан напомнить: проект строго засекречен, не обсуждайте его с посторонними,"" говорит Банах. ""А как друг, скажу: пока я не вижу тревожных признаков. Продолжайте в том же духе, Phase Lab ждет от всех вас хороших новостей.""",dpl_BanachPPrometheusLeave:Звучит хорошо.,
dpl_BanachPPrometheusLeave,DialogOptionSelected,$option == dpl_BanachPPrometheusLeave,EndConversation NO_CONTINUE,"""Отлично!"" Банах улыбается: ""Мне пора возвращаться к работе. Увидимся, капитан $playerName!""

Вы выходите из кабинета Банаха.",,
dpl_BanachPPrometheusFailed,PopulateOptions,"$id == banach_salazar
$global.dpl_Prometheus_Failed
$player.dpl_Prometheus_Failed_CanAskBanach",,,dpl_BanachPPrometheusFailed:Спросить Банаха об Элизе.,
dpl_BanachPPrometheusFailed1,DialogOptionSelected,$option == dpl_BanachPPrometheusFailed,unset $player.dpl_Prometheus_Failed_CanAskBanach,"""Капитан $playerName, вице-адмирал Элиза Лавлейс числится пропавшей без вести в бою,"" вздыхает Банах. ""Вместе со многими другими исследователями она отдала жизнь ради научного прогресса человечества. Ее имя высечено на большой черной мемориальной стене в музее истории Phase Lab, чтобы мы все помнили ее.""",dpl_BanachPPrometheusLeave:Понял. Спасибо за информацию.,
dpl_BanachPPrometheusCompleted,PopulateOptions,"$id == banach_salazar
$global.dpl_PrometheusCompleted
!$dpl_PrometheusBSAskedSuccess",,,dpl_BanachPPrometheusCompleted:Спросить Банаха как идут дела после завершения проекта Прометей.,
dpl_BanachPPrometheusCompleted1,DialogOptionSelected,$option == dpl_BanachPPrometheusCompleted,$dpl_PrometheusBSAskedSuccess = true,"""Сейчас мы получаем больше информации о новом противнике ""Helheim Singularity"","" говорит Банах. ""Я уже организую встречи с другими фракциями, чтобы сформировать объединенные флоты против этой роботизированной угрозы. Рад, что Гегемония и Луддитская Церковь готовы серьезно поддержать мое предложение. И я все еще пытаюсь убедить Persean League присоединиться к нам.""",dpl_BanachPPrometheusLeave:Понял. Надеюсь ты добьешься поддержки от всех.,
,,,,,,
#Repair The Coronal Tap,,,,,,
# Damaged Tap interaction,,,,,,
dpl_cTap_defenderDesc,TriggerAutomatedDefenses,"$customType == dpl_damaged_tap score:1000
!$global.dpl_CurtainCall_Started",SalvageDefenderInteraction,"Когда ваш $shipOrFleet выходит на близкую удерживающую орбиту, псевдо-ИИ TriPad услужливо выводит краткую сводку характеристик гипершунта.

На мостике срабатывает тревога: несколько ранее неразличимых силуэтов отделяются от суперструктуры и плавно ускоряются к вашему флоту как раз в тот момент, когда вы дочитываете фразу: ""-и по соображениям безопасности автоматические оборонительные дроны больше не входят в стандартный комплект.""

Тактический офицер привлекает ваше внимание: ""Мы достаточно близко к магполю мегаструктуры, так что ожидаемый объем боя почти не должен зависеть от короны звезды. Почти. Однако..."" Он смотрит в консоль. ""Профиль противника... неизвестен. Сближаются быстро."" Он начинает заметно нервничать и напряженным голосом добавляет: ""Похоже, это что-то новое, капитан.""

Хотя эти корпуса выглядят чужеродно, на них видны явные следы износа и повреждений. И странно: вы различаете на броне текстуры, похожие на схемы, но большинство цепей темные как уголь, будто их выжгло изнутри. Вы вспоминаете, как Элиза рассказывала о своем ""музыкальном"" выступлении для неких инопланетных друзей, и начинаете думать, связаны ли эти новые враги с ее историей.",,
dpl_cTap_infoTextNoMission,BeginSalvage,"$customType == dpl_damaged_tap score:1000
!$usable
!$player.dpl_PPrometheusKnowMissions",,"Вы видите, что электронные узоры на этой структуре выжжены как черные угли, а некоторые модули отсутствуют, вероятно, уже упали в звезду.

После первичного сканирования спасательная команда докладывает, что структура повреждена без возможности ремонта. Даже в самом оптимистичном варианте она сможет обеспечивать энергией только объекты в этой системе, без планет.

Пока что лучше оставить эту структуру в покое.",100:defaultLeave:Уйти,
dpl_cTap_infoText,BeginSalvage,"$customType == dpl_damaged_tap score:1000
!$usable
$player.dpl_PPrometheusKnowMissions","$crewReq = 1000 0
$metalsReq = 5000 0
$tpReq = 2500 0
ShowResCost crew $crewReq metals $metalsReq true rare_metals $tpReq true","Спасательные группы заходят на ключевые участки структуры, и вскоре приходят отчеты о сильном износе и повреждениях. Полностью оценить всю конструкцию трудно, но уже ясно, что в текущем состоянии она неработоспособна.

К сожалению, после осмотров команда докладывает, что электроника мегаструктуры почти полностью уничтожена, а система саморемонта больше не функционирует. В сырых отчетах это описано как ""полностью прожарено изнутри"" по неизвестной причине. Но при достаточном объеме ресурсов остается шанс вручную отремонтировать мегаструктуру до состояния, когда она сможет питать объекты в этой же системе.

Вы задумываетесь, почему повреждения здесь так похожи на повреждения неизвестных атакующих и как вообще возможны такие масштабные расплавления энергосетей. Раньше даже на полностью уничтоженных звездолетах схемы не выгорали настолько сильно. Тем не менее вам все равно нужно собрать материалы для ограниченного ремонта этой мегаструктуры.",0:dpl_cTap_continue:Продолжить,
dpl_cTap_infoTextRepaired,BeginSalvage,"$customType == dpl_damaged_tap score:1000
$usable
!$beingRepaired",FireBest dpl_CTapPrintEffect,"Похоже, эта структура теперь в достаточном состоянии, чтобы обеспечивать энергией объекты в системе.",100:defaultLeave:Уйти,
dpl_cTap_infoTextBeingRepaired,BeginSalvage,"$customType == dpl_damaged_tap score:1000
$usable
$beingRepaired",FireBest dpl_CTapPrintEffect,"Сейчас структура проходит ручной ремонт. Вы надеетесь, что инженеры скоро закончат работы.",100:defaultLeave:Уйти,
dpl_cTap_printEffect,DialogOptionSelected,$option == dpl_cTap_continue,"SetTextHighlights ""hypershunt tap""
FireBest dpl_CTapCheckCanAfford
FireBest dpl_CTapDisableRepairOptionIfNeeded","TriPad выдает полезный анализ: после ограниченного ремонта этот hypershunt tap сможет давать достаточно энергии для одних звездных Врат в системе. Не впечатляюще, но достаточно для питания объектов внутри этой системы.

Древние схемы в памяти TriPad указывают на отдельный грузовой отсек для хранения неких ""hypershunt taps"", но спасатели докладывают, что он полностью разрушен. И если там что-то и было, оно уже расплавилось и стало частью обгоревшего металла в этом секторе.","0:dpl_cTap_repair:Выгрузить достаточно ресурсов для ремонта структуры
100:defaultLeave:Уйти",
dpl_cTapCheckCanAfford,dpl_CTapCheckCanAfford,"$player.metals >= $metalsReq
$player.rare_metals >= $tpReq
$player.crew >= $crewReq",$canAfford = true 0,,,
dpl_cTapDisableRepair,dpl_CTapDisableRepairOptionIfNeeded,!$canAfford,SetEnabled dpl_cTap_repair false,,,
dpl_cTapRepairSel,DialogOptionSelected,$option == dpl_cTap_repair,"RemoveCommodity metals $metalsReq
RemoveCommodity rare_metals $tpReq
$usable = true
$beingRepaired = true 5
$global.dpl_CanAskElizaDamTap = true
$global.dpl_RepairCTap_Repaired = true
Call $global.dpl_RepairCTap_ref updateStage
FireBest dpl_CTapRepairInitiatedText",,100:defaultLeave:Уйти,
dpl_cTapRepairInitText,dpl_CTapRepairInitiatedText,,,"Команда завершает выгрузку сырья, и вы приказываете начать ограниченный ручной ремонт.

После нескольких часов тяжелой работы вашим людям удалось восстановить лишь несколько реле, а тепловыделение резко выросло. Вы приказываете группе отойти, пока никто не пострадал. До обычной мощности такой мегаструктуры очень далеко, но этого уже достаточно, чтобы обеспечивать энергией объекты в системе.

""Капитан,"" нерешительно прерывает ваши мысли научный офицер, ""нам, возможно, стоит отвести флот хотя бы на сотню кликов."" Вы киваете и отдаете приказ.

$nameInText скоро должен перейти в рабочий режим.",,
# Going back to the academy,,,,,,
dpl_gaOpeningRCTap,OpenInteractionDialog,"$id == station_galatia_academy
$global.dpl_RepairCTap_Repaired score:1000
!$global.dpl_RepairCTap_GotSensor",BeginConversation baird,"Когда вы швартуетесь на станции, помощник сообщает, что Провост Бэрд хочет встретиться с вами немедленно. И сразу проводит вас в ее кабинет.

""Капитан,"" говорит Бэрд, поворачиваясь к вам от стола. ""Хорошо. Садитесь. И подождем академика Элизу.""",dpl_gaRCTapReturn:А где Себештен?,
dpl_gaMeetingRCTap,DialogOptionSelected,$option == dpl_gaRCTapReturn,"$global.dpl_RepairCTap_GotSensor = true
Call $global.dpl_RepairCTap_ref updateStage","""Академик Элиза несколько часов назад объявила о ""крупном прорыве"" и чуть позже напрямую поручила Алвиссу ""помочь ей"","" говорит Бэрд. ""Скоро они должны быть здесь.""",dpl_gaMeetingRCTap:Хорошо. Понял.,
dpl_gaMeetingRCTap1,DialogOptionSelected,$option == dpl_gaMeetingRCTap,"ShowSecondPerson eliza_lovelace
ShowThirdPerson sebestyen","""А-а вот, позвольте открыть вам дверь,"" Себештен открывает проход. ""Академик Элиза, Провост Бэрд ждет вас.""

Вы слышите радостный голос Элизы: ""Спасибо, академик Себештен! Я очень благодарна за вашу помощь.""

""Можете звать меня А-Алвисс,"" Себештен выглядит менее нервным, чем обычно. ""Проходите, капитан тоже здесь.""",dpl_gaMeetingRCTap1:Поприветствовать Себештена и Элизу.,
dpl_gaMeetingRCTap2,DialogOptionSelected,$option == dpl_gaMeetingRCTap1,"HideThirdPerson
AdjustRepPerson sebestyen FRIENDLY 1","Себештен широко улыбается, когда вы его приветствуете. Бэрд сосредоточена на Элизе и вас не замечает.

""Итак, академик Элиза, что это за ваш ""крупный прорыв""? Прошу кратко пояснить,"" говорит Бэрд. ""Кстати, Алвисс, вы свободны.""

Себештен тихо выходит и закрывает дверь, а Элиза начинает представлять свои разработки.",dpl_gaMeetingRCTap2:Продолжить.,
dpl_gaMeetingRCTap3,DialogOptionSelected,$option == dpl_gaMeetingRCTap2,,"""Хорошо. Тогда ваш следующий шаг,"" говорит Бэрд. ""Возвращайтесь к корональному ответвителю, установите тот сенсор и потом возвращайтесь. Этот сенсор выполнит все нужные нам измерения, и он действительно критически важен.""",dpl_gaMeetingRCTap3:Понял.,
dpl_gaMeetingRCTap4,DialogOptionSelected,$option == dpl_gaMeetingRCTap3,"AddTextSmall ""Получен специальный сенсор."" highlight
HideSecondPerson","""Звучит отлично!"" говорит Элиза. ""И прошу позволить мне вернуться к работе. Мы сейчас разрабатываем прототип устройства, которое обнаруживает и объединяет фазовые многообразия, для следующего шага - соединения устройства Врат с существующей сетью. Вся моя команда занята, и мне нужно срочно вернуться.""

""Хорошо. Считаю этот короткий брифинг завершенным."" Бэрд отворачивается, отпуская вас и Элизу.

Вы чувствуете, как двери бесшумно открываются за спиной, а присутствие охраны в зеркальных масках ощущается как легкий рост статического напряжения в воздухе. Пора уходить.

Техофицер докладывает, что новый сенсор уже доставлен на флагман, и его загрузку в трюм только что завершили.",dpl_gaPPrometheusLeave:Уйти,
dpl_gaPPrometheusLeave,DialogOptionSelected,$option == dpl_gaPPrometheusLeave,EndConversation NO_CONTINUE,,,
#Ask Eliza about the damaged gate,,,,,,
dpl_ElizaAtGAAskDamagedTap,PopulateOptions,"$id == eliza_lovelace_PP
$player.dpl_PPrometheusKnowMissions
$global.dpl_CanAskElizaDamTap",,,dpl_ElizaAtGAAskDamagedTap:Спросить Элизу о ваших наблюдениях поврежденного коронального ответвителя.,
dpl_ElizaAtGAAskDamagedTap1,DialogOptionSelected,$option == dpl_ElizaAtGAAskDamagedTap,unset $global.dpl_CanAskElizaDamTap,"""Значит, вы тоже видели те повреждения, да?"" Элиза улыбается. ""Это история давних времен, когда у меня было одно из величайших выступлений в жизни.""

""Около 70 циклов назад, когда мы еще ползли от окраин сектора к центральным мирам,"" Элиза вздыхает, ""у нас закончилось топливо, и гравитация утащила нас в систему, которую сейчас называют Helheim.""

""Мы увидели тот корональный ответвитель и хотели использовать его как плазмосборник для дозаправки. Сложно, но мы знали как это сделать."" Голос Элизы начинает дрожать. ""А потом мы увидели серебряных инопланетных друзей, которые отделились от ответвителя и пытались нас остановить.""",dpl_ElizaAtGAAskDamagedTap1:И что дальше? Должна была быть грандиозная битва.,
dpl_ElizaAtGAAskDamagedTap2,DialogOptionSelected,$option == dpl_ElizaAtGAAskDamagedTap1,,"""На самом деле битвы не было,"" Элиза самоуверенно улыбается. ""С теми дронами крови уже пролилось достаточно, и с новыми инопланетными друзьями я хотела решить все мирно.""

""Мы не знали, как с ними общаться, а они были готовы испарить нас всех,"" глаза Элизы начинают сиять, а свет в комнате мерцает и искрит. ""В тот самый момент я почувствовала зов величайшей красоты, удивительного искусства и музыки из самой глубокой части моей души.""

""Музыка! Да, музыка! Музыка соединяет наши сердца,"" Элиза закрывает глаза. ""И я решила подарить новым друзьям выступление - музыку вселенной.""",dpl_ElizaAtGAAskDamagedTap2:Ой-ой. Для них это звучит не очень хорошо.,
dpl_ElizaAtGAAskDamagedTap3,DialogOptionSelected,$option == dpl_ElizaAtGAAskDamagedTap2,,"""Весь флот стал моим инструментом: сенсорные массивы, фазовые катушки, ретрансляторы связи - все, что у нас было. Вселенная стала моей сценой, а все вокруг - моими зрителями."" Элиза выглядит зачарованной. ""Это был мой момент, и выступление должно было стать великим. Как и любой художник, я бы скорее отдала жизнь за создание чуда-шедевра, если мне выпал бы такой шанс.""

""Итак, с надеждой, что мое выступление удовлетворит наших инопланетных друзей, с сильной волей к выживанию всех людей Phase Lab, с решимостью отдать жизнь ради нашего будущего, представление началось."" Голос Элизы звучит возбужденно. ""И в этот миг через музыку вся вселенная раскрылась передо мной, и я увидела неописуемую красоту, какую только можно представить. Это было как вечность.""

Пока Элиза рассказывает, перед глазами у вас быстро возникают загадочные и крайне сложные световые узоры, а затем мгновенно растворяются в фоне.",dpl_ElizaAtGAAskDamagedTap3:Продолжить.,
dpl_ElizaAtGAAskDamagedTap4,DialogOptionSelected,$option == dpl_ElizaAtGAAskDamagedTap3,,"""Потом моя память застыла в этой вечности,"" вздыхает Элиза. ""Экипаж сказал, что я потеряла сознание, но и наши инопланетные друзья после моего выступления тоже как будто отключились.""

""Мы потеряли все инструменты - они полностью выгорели. И ответвитель тоже получил тяжелые повреждения."" Элиза глубоко вдыхает. ""Но было и хорошее: мы смогли провести ограниченный ремонт и использовать поврежденный корональный ответвитель как плазмопровод, чтобы собрать нужную плазму. И к тому времени, когда инопланетные друзья очнулись, мы уже набрали достаточно плазмы, чтобы запустить флот.""",dpl_ElizaAtGAAskDamagedTap4:И получается ты попросила меня чинить корональный ответвитель который был полностью выжжен изнутри.,
dpl_ElizaAtGAAskDamagedTap5,DialogOptionSelected,$option == dpl_ElizaAtGAAskDamagedTap4,,"""Ну, прости, $playerName, я думала, что ремонт не будет таким сложным. В конце концов, когда мы использовали его для сбора плазмы, он еще работал."" Элиза виновато улыбается. ""И работать с поврежденным ответвителем все равно куда безопаснее, чем иметь дело с теми опасными инопланетными друзьями, разве нет?""",dpl_ElizaAtGAAskDamagedTap5:Да я шучу. Мы все-таки смогли получить от него немного энергии. Но только это.,
dpl_ElizaAtGAAskDamagedTap6,DialogOptionSelected,$option == dpl_ElizaAtGAAskDamagedTap5,ShowSecondPerson gargoyle,"""Эй, Элиза, детка!"" Гаргойл заходит в лабораторию. ""Я так рад, что с тобой все хорошо. Во всей лаборатории только что была просадка питания, свет мигал, а некоторые двери автоматически заблокировались.""

""О нет, это плохо,"" Элиза выглядит удивленной. ""Надеюсь, никто не пострадал, и ничего серьезного не случилось.""

""У нас все в порядке, просто все волновались за тебя,"" говорит Гаргойл. ""Здорово, что ты цела. И привет, капитан, рад вас видеть!""",dpl_ElizaAtGAAskDamagedTap6:Привет Гаргойл. Как у вас дела?,
dpl_ElizaAtGAAskDamagedTap7,DialogOptionSelected,$option == dpl_ElizaAtGAAskDamagedTap6,HideSecondPerson,"""Все отлично! Мы готовимся взломать вселенную. Какой план!"" с воодушевлением говорит Гаргойл. ""Та небольшая просадка питания уже прошла, все целы. Думаю, поводов для тревоги нет.""

""Отлично! Тогда готовимся к нашему проекту! Мы вот-вот начнем новый этап,"" улыбается Элиза. ""У нас нет времени ждать, правда?""

""Звучит круто, и у меня есть несколько новых идей для тебя. Симуляция, которую ты хотела запустить, слишком сложная - даже с альфа-ядрами на нее уйдут тысячи лет. Так что, думаю, можно пойти на компромиссы там и тут..."" Гаргойл и Элиза уходят к вычислительным кластерам и по пути прощаются с вами.

С момента прибытия в Galatia Academy Элиза постоянно занята. Пора уходить.",dpl_gaPPrometheusLeave:Уйти,
#Install the sensor,,,,,,
dpl_cTapInstallSensor,dpl_CTapPrintEffect,"$global.dpl_RepairCTap_GotSensor
!$global.dpl_RepairCTap_SensorSet",,,dpl_cTapInstallSensor:Установить специальный сенсор Элизы.,
dpl_cTapInstallSensor1,DialogOptionSelected,$option == dpl_cTapInstallSensor,"AddTextSmall ""Потерян специальный сенсор."" highlight
$global.dpl_RepairCTap_SensorSet = true
Call $global.dpl_RepairCTap_ref updateStage","Ваши люди установили специальный сенсор Элизы на поврежденный корональный ответвитель. Он автоматически подключился к структуре, и вы увидели мигание зеленых и синих индикаторов. Техофицер докладывает, что сенсор функционирует.",100:defaultLeave:Уйти,
# Going back to the academy again,,,,,,
dpl_gaOpeningRCTapComplete,OpenInteractionDialog,"$id == station_galatia_academy
$global.dpl_RepairCTap_SensorSet score:1000
!$global.dpl_RepairCTap_complete",BeginConversation baird,"Когда вы швартуетесь на станции, Провост Бэрд ждет вас в лаундже вместе с несколькими охранниками в масках.

""Капитан,"" говорит Бэрд, ""рада сообщить: мы только что подтвердили, что сенсор работает. Хотя после завершения проекта вам все равно придется вернуть его для выгрузки основной части данных, но это уже более поздний этап.""",dpl_gaOpeningRCTapComplete:Хорошо. И какой у нас следующий шаг?,
dpl_gaMeetingRCTapComplete,DialogOptionSelected,"$option == dpl_gaOpeningRCTapComplete
!$global.dpl_DD_Completed","$global.dpl_RepairCTap_complete = true
Call $global.dpl_RepairCTap_ref updateStage
$global.dpl_RepairCTap_Complete = true","""Академик Элиза сейчас крайне занята, ее команда почти завершила устройство подключения к сети Врат,"" говорит Бэрд. ""Следующая задача - построить прототип временных звездных Врат. Контр-адмирал Росс Хиггс ждет вас в Лабораторной фабрике.""",dpl_gaMeetingRCTapComplete:Хорошо. Понял. Я отправляюсь.,
dpl_gaMeetingRCTapComplete1,DialogOptionSelected,$option == dpl_gaMeetingRCTapComplete,AddCredits 1000000,"""Хорошо, мы ждем от вас хороших новостей."" Бэрд уходит в кабинет с охраной. Пора идти.

И вы замечаете зачисление кредитов с названием операции: ""Награды за проект. Название транзакции не пустое, так что, полагаю, всё сработало. Вице-адмирал Салазар, кажется, вам нужно нажать красную кнопку, чтобы остановить запись. А, понятно."" на ваш счёт.",dpl_gaPPrometheusLeave:Уйти,
dpl_gaMeetingRCTapAllComplete,DialogOptionSelected,"$option == dpl_gaOpeningRCTapComplete
$global.dpl_DD_Completed","$global.dpl_RepairCTap_complete = true
Call $global.dpl_RepairCTap_ref updateStage
$global.dpl_RepairCTap_Complete = true
AddCredits 1000000","""Академик Элиза доложила, что устройство подключения к сети Врат почти готово,"" говорит Бэрд. ""И поскольку устройство HELA уже развернуто, считаю это удачным моментом для короткой встречи. Пожалуйста, пройдемте со мной в кабинет, капитан.""

И вы замечаете зачисление кредитов с названием операции: ""Награды за проект. Название транзакции не пустое, так что, полагаю, всё сработало. Вице-адмирал Салазар, кажется, вам нужно нажать красную кнопку, чтобы остановить запись. А, понятно."" на ваш счёт.",dpl_gaMeetingAllComplete:Продолжить.,
,,,,,,
#Ask Ross about HELA Device,,,,,,
dpl_RossDeployHELA,PopulateOptions,"$id == ross_higgs
$player.dpl_PPrometheusKnowMissions
$global.dpl_RossCanAskHELA",SetOptionColor dpl_RossDeployHELA buttonShortcut,,dpl_RossDeployHELA:Спросить Росс о специальном устройстве,
dpl_RossDeployHELA1,DialogOptionSelected,$option == dpl_RossDeployHELA,unset $global.dpl_RossCanAskHELA,"""О, да, вы о специальном устройстве ""временные врата""?"" Росс заметно воодушевлена: ""Мы завершили его проектирование, и оно называется HELA-device, где HELA - это Hyperspace Ether Linkage Anchor. Это название предложил адмирал флотилии Кантор, потому что именно он будет пилотировать устройство и выполнять тонкую настройку на этапе подключения.""",dpl_RossDeployHELA1:Очень хорошо! Сколько займет строительство?,
dpl_RossDeployHELA2,DialogOptionSelected,$option == dpl_RossDeployHELA1,,"""На самом деле строительство займет не так много времени,"" объясняет Росс. ""Есть три главные части: сами временные Врата, то есть HELA-device, оборонительные платформы и транспортный корабль, который доставит HELA в систему Helheim.""

У нас уже есть рабочий прототип временных Врат, он был построен циклы назад для изучения сингулярности и резонансного поведения фазового многообразия под прямым руководством вице-адмирала Элизы Лавлейс. Требуется лишь немного доработать этот прототип до HELA-device.

Но нам действительно нужен новый крупный транспорт и новые оружейные платформы для HELA-device.",dpl_RossDeployHELA2:А как мы планируем развернуть HELA-device?,
dpl_RossDeployHELA3,DialogOptionSelected,$option == dpl_RossDeployHELA2,,"""План такой: мы разрежем HELA-device на 8 секций и погрузим их на новый транспорт. Вы будете сопровождать транспорт в систему Helheim, затем создадите там стабильную точку для развертывания HELA-device."" Росс уверенно улыбается: ""Развертывание будет простым и почти мгновенным. Мы сделали так, чтобы все 8 секций сами собрались в единое устройство. После этого можете вернуться в Galatia Academy и отчитаться.""",dpl_RossDeployHELA3:Звучит надежно. Что мне нужно сделать?,
dpl_RossDeployHELA4,DialogOptionSelected,$option == dpl_RossDeployHELA3,,"""Материалы. Нам очень не хватает материалов для строительства транспорта. И модулей щитов для HELA-device,"" вздыхает Росс. ""Я спорила с адмиралом флотилии Кантором, что модули щита не нужны, ведь на платформы уже поставлены наши засекреченные орудия. Но он настаивает на щитах.""

""Поскольку именно вы будете организовывать материалы и давать военные рекомендации, вам стоит присоединиться к обсуждению."" Росс прочищает горло: ""Я могу сейчас связаться с адмиралом флотилии Кантором, чтобы все решить окончательно.""",dpl_RossDeployHELA4:Конечно. Почему бы и нет?,
dpl_RossDeployHELA5,DialogOptionSelected,$option == dpl_RossDeployHELA4,"ShowSecondPerson cantor_aleph_null
Highlight ""15,000 units of metal"" ""5,000 units of rare metal"" ""22,500 units of metal"" ""12,000 units of rare metal""","Росс устанавливает связь, и вы видите экран Кантора. Он отвечает почти мгновенно.

""Приветствую, контр-адмирал Росс Хиггс и капитан. Я на стройплощадке оборонительных платформ,"" синтетическим голосом говорит Кантор. ""Какова цель связи?""

""Обсудить строительство оборонительных платформ и распределение ресурсов,"" говорит Росс. ""Для транспорта нужно 15 000 единиц металла и 5 000 единиц редкого металла.""

""Хорошо. Что насчет платформ щита?"" спрашивает Кантор.

""Если добавлять и щитовые платформы, суммарно понадобится 22 500 единиц металла и 12 000 единиц редкого металла,"" вздыхает Росс. ""Капитан $playerName обеспечит ресурсы, давайте послушаем его мнение.""",dpl_RossDeployHELA5:Щиты слишком дорогие. Можем их убрать?,
dpl_RossDeployHELA6,DialogOptionSelected,$option == dpl_RossDeployHELA5,,"""Предложение отклонено,"" говорит Кантор. ""Щиты нужны для защиты HELA-device от возможных атак.""

""Защиты от кого? От чего?"" спрашивает Росс. ""Устройство больше космической станции. Почти любое корабельное оружие едва оставит на нем царапину.""

""Предложение отклонено,"" возражает Кантор. ""Отсутствие щитов неприемлемо.""

""А как же время?"" продолжает Росс. ""Сбор всех ресурсов займет время. Мы не можем бесконечно занимать сухие доки.""

""Предложение отклонено,"" продолжает Кантор. ""Щиты необходимы.""",dpl_RossDeployHELA6:Почему бы не провести голосование?,
dpl_RossDeployHELA7,DialogOptionSelected,$option == dpl_RossDeployHELA6,,"""Предложение принято,"" говорит Кантор. ""Голосование решает бессмысленные споры.""

""Тогда устроим быстрое голосование,"" вздыхает Росс. ""И его решение будет окончательным.""

""Я голосую за щиты,"" говорит Кантор. ""Щиты необходимы.""

""А я голосую против щитов,"" говорит Росс. ""Нужно экономить время и ресурсы.""

Теперь ваша очередь голосовать.","dpl_RossDeployHELA7:Я голосую за щиты. Я успею доставить ресурсы вовремя.
dpl_RossDeployHELA7A:Я голосую ПРОТИВ щитов. Это бессмысленно.",
dpl_RossDeployHELA8,DialogOptionSelected,$option == dpl_RossDeployHELA7,"Highlight ""22,500 units of metal"" ""12,000 units of rare metal""
HideSecondPerson
$player.dpl_RossStartedGatherRS = true","""Хорошо,"" говорит Кантор. ""Вопрос закрыт. Отключаюсь.""

""Спасибо за щедрое предложение, капитан $playerName."" Росс благодарно улыбается: ""Значит нам нужно 22 500 единиц металла и 12 000 единиц редкого металла. Строительство начнется, как только вы все подготовите. Если хотите, можете использовать местное хранилище для этих ресурсов.""",dpl_RossDeployHELA8:Понял. Я подготовлю все ресурсы вовремя.,
dpl_RossDeployHELA7A,DialogOptionSelected,$option == dpl_RossDeployHELA7A,"Highlight ""15,000 units of metal"" ""5,000 units of rare metal""
HideSecondPerson
$global.dpl_HELA_noshield = true
$player.dpl_RossStartedGatherRS = true","""Предложение отклонено,"" говорит Кантор. ""Нужны щиты.""

""Хватит, адмирал флотилии Кантор Алеф Нулл. Как я и сказала, итог голосования окончательный,"" Росс говорит с легким раздражением. ""Мы уже потратили слишком много времени на этот спор. Это не предложение, это приказ.""

""Принято,"" говорит Кантор. ""Тогда вопрос закрыт. Отключаюсь.""

""Прошу прощения за этот спор. Нужно было решить раньше,"" вздыхает Росс. ""Значит нам нужно 15 000 единиц металла и 5 000 единиц редкого металла. Строительство начнется, как только вы все подготовите. Если хотите, можете использовать местное хранилище для ресурсов.""",dpl_RossDeployHELA8:Понял. Я подготовлю все ресурсы вовремя.,
dpl_RossDeployHELA9,DialogOptionSelected,$option == dpl_RossDeployHELA8,"AddTextSmall ""Получен силовой молот."" highlight","""О, и вот еще,"" Росс ищет что-то под столом. ""Чуть не забыла. Думаю, лучше отдать это вам прямо сейчас.""

""Возьмите. Если у любого винта HELA-device окажется неизвестный дефект, на месте может не быть никого, кто это починит."" Она достает тяжелый силовой молот и передает его вам. ""Я заказала его как последний резерв. Этим молотом можно выполнять быстрый полевой ремонт.""

""Надеюсь, он не понадобится,"" улыбается Росс. ""Но лучше быть готовыми к худшему.""",dpl_RossDeployHELA_leave:Хорошо. Спасибо. Тогда я выдвигаюсь.,
dpl_RossDeployHELAGiveRS,PopulateOptions,"$id == ross_higgs
$player.dpl_PPrometheusKnowMissions
$player.dpl_RossStartedGatherRS
!$global.dpl_HELA_noshield","SetOptionColor dpl_RossDeployHELAGiveRS buttonShortcut
SetEnabled dpl_RossDeployHELAGiveRS false
SetTooltip dpl_RossDeployHELAGiveRS ""Вам нужно 22,500 металлов и 12,000 трансплутоников.""
FireBest dpl_RossDeployHELAGiveRSCheck",,dpl_RossDeployHELAGiveRS:Передать Росс все нужные ресурсы.,
dpl_RossDeployHELAGiveRS1,PopulateOptions,"$id == ross_higgs
$player.dpl_PPrometheusKnowMissions
$player.dpl_RossStartedGatherRS
$global.dpl_HELA_noshield","SetOptionColor dpl_RossDeployHELAGiveRS1 buttonShortcut
SetEnabled dpl_RossDeployHELAGiveRS1 false
SetTooltip dpl_RossDeployHELAGiveRS1 ""Вам нужно 15,000 металлов и 5,000 трансплутоников.""
FireBest dpl_RossDeployHELAGiveRSCheck",,dpl_RossDeployHELAGiveRS1:Передать Росс все нужные ресурсы.,
dpl_RossDeployHELAGiveRSCheck,dpl_RossDeployHELAGiveRSCheck,"!$global.dpl_HELA_noshield
PlayerHasCargo metals 22500
PlayerHasCargo rare_metals 12000","SetEnabled dpl_RossDeployHELAGiveRS true
SetTooltip dpl_RossMakeOffering ""Предложить Ross металлы и трансплутоники.""",,,
dpl_RossDeployHELAGiveRSCheck1,dpl_RossDeployHELAGiveRSCheck,"$global.dpl_HELA_noshield
PlayerHasCargo metals 15000
PlayerHasCargo rare_metals 5000","SetEnabled dpl_RossDeployHELAGiveRS1 true
SetTooltip dpl_RossMakeOffering ""Предложить Ross металлы и трансплутоники.""",,,
dpl_RossDeployHELAGiveRSDone,DialogOptionSelected,$option == dpl_RossDeployHELAGiveRS,"Highlight ""2 weeks""
$dpl_RossHELAWait = true 14
unset $player.dpl_RossStartedGatherRS
$player.dpl_RossFinishedGatherRS = true
RemoveCommodity metals 22500
RemoveCommodity rare_metals 12000","""Отлично, теперь мы начинаем все необходимые работы. Завершение займет около 2 недель."" Росс устало улыбается. ""Не забудьте вернуться сюда, я сообщу, когда все будет готово.""",dpl_RossDeployHELA_leave:Хорошо. Тогда до встречи.,
dpl_RossDeployHELAGiveRSDone1,DialogOptionSelected,$option == dpl_RossDeployHELAGiveRS1,"Highlight ""2 weeks""
$dpl_RossHELAWait = true 14
unset $player.dpl_RossStartedGatherRS
$player.dpl_RossFinishedGatherRS = true
RemoveCommodity metals 15000
RemoveCommodity rare_metals 5000","""Отлично, теперь мы начинаем все необходимые работы. Завершение займет около 2 недель."" Росс устало улыбается. ""Не забудьте вернуться сюда, я сообщу, когда все будет готово.""",dpl_RossDeployHELA_leave:Хорошо. Тогда до встречи.,
dpl_RossDeployHELATakeHELA,PopulateOptions,"$id == ross_higgs
$player.dpl_PPrometheusKnowMissions
$player.dpl_RossFinishedGatherRS
!$dpl_RossHELAWait",SetOptionColor dpl_RossTakeHELA buttonShortcut,,dpl_RossTakeHELA:Спросить Росс завершено ли строительство HELA-device.,
dpl_RossDeployHELATakeHELADone,DialogOptionSelected,$option == dpl_RossTakeHELA,unset $player.dpl_RossFinishedGatherRS,"""Да! Я как раз хотела обсудить это с вами, капитан $playerName."" Росс улыбается. ""HELA-device готов к развертыванию.""",dpl_RossTakeHELA1:Отлично. Что дальше?,
dpl_RossDeployHELATakeHELADone1,DialogOptionSelected,$option == dpl_RossTakeHELA1,"$global.dpl_DD_DeviceBuilt = true
Call $global.dpl_DeployDevice_ref updateStage
dpl_colony_CMD giveHELATransport
SetStoryOption dpl_RossTakeHELA1A general ""Asked Ross for supplies needed to create a stable location.""","""Я прикажу транспорту присоединиться к вашему флоту. Адмирал флотилии Кантор находится на борту и проводит обслуживание всех секций,"" объясняет Росс. ""Он не сможет командовать кораблем, так что при желании назначьте туда своих офицеров. Ваша задача - сопроводить транспорт в систему Helheim, создать там стабильную точку и развернуть HELA-device.""","dpl_RossTakeHELA1A:Попросить у Росс запасы для создания стабильной точки.
dpl_RossDeployHELA_leave:Понял. Я выдвигаюсь.",
dpl_RossDeployHELATakeHELADone1A,DialogOptionSelected,$option == dpl_RossTakeHELA1A,"AddCommodity alpha_core 1
AddCommodity heavy_machinery 200
AddCommodity fuel 500","""Понимаю. Прошу прощения, что вице-адмирал Банах Салазар не выделил эти материалы заранее,"" улыбается Росс. ""Но как друг я с радостью одобрю для вас необходимые поставки. И для этого великого проекта тоже.""

Она вводит команды на планшете: ""Готово. Запасы оформлены.""",dpl_RossDeployHELA_leave:Спасибо! Я выдвигаюсь.,
dpl_RossDeployHELA_leave,DialogOptionSelected,$option == dpl_RossDeployHELA_leave,"ShowDefaultVisual
EndConversation",,,
#Stable Location interaction & HELA deployment,,,,,,
dpl_stable_buildHELAOpt,Stable_AddBuildOptions,"!$player.dpl_constructed_HELA
$locationId == helheim
dpl_colony_CMD hasHELATransport",,,10:dpl_SL_buildHELA:Построить HELA-device.,
dpl_stable_buildHELA,DialogOptionSelected,$option == dpl_SL_buildHELA,"$slBuildType = dpl_inactive_HELA 0
FireBest dpl_Stable_BuildConfirmOptions","Стабильная точка создана. Как только транспорт с HELA-device прибудет сюда вместе с вами, вы сможете развернуть устройство.",,
dpl_stable_confirmOpts,dpl_Stable_BuildConfirmOptions,dpl_colony_CMD hasHELATransport,,,"dpl_SL_buildProceed:Продолжить
SL_cancelBuild:Отмена",
dpl_stable_confirmOptsCant,dpl_Stable_BuildConfirmOptions,!dpl_colony_CMD hasHELATransport,"SetEnabled dpl_SL_buildProceed false
SetTooltip dpl_SL_buildProceed ""Вам нужно привести с собой транспорт HELA.""",,"dpl_SL_buildProceed:Продолжить
SL_cancelBuild:Отмена",
dpl_stable_buildProceed,DialogOptionSelected,$option == dpl_SL_buildProceed,"$global.dpl_DD_DeviceDeployed = true
Call $global.dpl_DeployDevice_ref updateStage
dpl_Objectives build $slBuildType
$player.dpl_constructed_HELA = true
RemoveShipWithId $foundShipId
DismissDialog",,,
# Going back to the academy,,,,,,
dpl_gaOpeningDHelaComplete,OpenInteractionDialog,"$id == station_galatia_academy
$global.dpl_DD_DeviceDeployed score:1000
!$global.dpl_DD_completed",BeginConversation baird,"Когда вы швартуетесь на станции, Провост Бэрд ждет вас в лаундже с несколькими охранниками в масках.

""Капитан,"" говорит Бэрд. ""Мне сообщили, что эти ""временные врата"" называются HELA-device. И я рада сообщить, что мы только что подтвердили его развертывание. Это большой шаг к нашей финальной цели.""",dpl_gaOpeningDHelaComplete:Хорошо. Какой следующий шаг?,
dpl_gaMeetingDHelaComplete,DialogOptionSelected,"$option == dpl_gaOpeningDHelaComplete
!$global.dpl_RepairCTap_Complete","$global.dpl_DD_completed = true
Call $global.dpl_DeployDevice_ref updateStage
$global.dpl_DD_Completed = true","""Академик Элиза сейчас крайне занята, ее команда почти завершила устройство подключения к сети Врат,"" говорит Бэрд. ""Следующая задача - отремонтировать поврежденный заброшенный корональный ответвитель. Он будет питать HELA-device, так что это критично для успеха.""",dpl_gaMeetingDHelaComplete:Хорошо. Понял. Я выдвигаюсь.,
dpl_gaMeetingDHelaComplete1,DialogOptionSelected,$option == dpl_gaMeetingDHelaComplete,AddCredits 1000000,"""Хорошо, мы ждем от вас хороших новостей."" Бэрд уходит в кабинет с охраной. Пора идти.

И вы замечаете зачисление кредитов с названием операции: ""Награды за проект. На этот раз сработало? Вице-адмирал Салазар: думаю, да. Хорошо, а как теперь отправить транзакцию? О, сначала нужно завершить запись — просто нажмите эту кнопку."" на ваш счёт.",dpl_gaPPrometheusLeave:Уйти,
dpl_gaMeetingDHelaAllComplete,DialogOptionSelected,"$option == dpl_gaOpeningDHelaComplete
$global.dpl_RepairCTap_Complete","$global.dpl_DD_completed = true
Call $global.dpl_DeployDevice_ref updateStage
$global.dpl_DD_Completed = true
AddCredits 1000000","""Академик Элиза доложила, что устройство подключения к сети Врат почти готово,"" говорит Бэрд. ""И поскольку поврежденный корональный ответвитель уже отремонтирован, считаю это удачным моментом для короткой встречи. Пожалуйста, пройдите со мной в кабинет, капитан.""

И вы замечаете зачисление кредитов с названием операции: ""Награды за проект. На этот раз сработало? Вице-адмирал Салазар: думаю, да. Хорошо, а как теперь отправить транзакцию? О, сначала нужно завершить запись — просто нажмите эту кнопку."" на ваш счёт.",dpl_gaMeetingAllComplete:Продолжить.,
,,,,,,
#Activate HELA Device,,,,,,
dpl_gaMeetingActHelaStart,DialogOptionSelected,$option == dpl_gaMeetingAllComplete,"ShowSecondPerson eliza_lovelace
ShowThirdPerson gargoyle","Пока вы следуете за Бэрд в кабинет, Элиза уже сидит там и показывает какую-то сверхсложную абракадабру, которую вряд ли кто-то способен понять. Гаргойл сидит рядом и дремлет.

""Гаргойл,"" без эмоций говорит Бэрд, ""проснись, пока я не сделала это сама.""

""А, да, уже,"" зевает Гаргойл и садится рядом с вами. ""Привет, капитан. Мы не спали 3 дня, а может 5? Уже не помню. Но это точно одна из самых захватывающих схем, в которых я участвовал. Ты всегда находишь мне что-то интересное, да?""

Бэрд сосредоточена на Элизе и игнорирует ваш небольшой разговор с Гаргойлом.",dpl_gaMeetingActHela:Конечно. Рад что проект тебе интересен.,
dpl_gaMeetingActHelaStart1,DialogOptionSelected,$option == dpl_gaMeetingActHela,,"""Приветствую, капитан $playerName и Провост Бэрд!"" Элиза улыбается с воодушевлением, хотя уже заметна усталость.

""После нескольких дней непрерывной работы рада сообщить, что наша команда совершила крупный прорыв в понимании процесса слияния фазовых многообразий."" Элиза уважительно кланяется. ""Прежде чем начать, я должна отдельно поблагодарить преподавателей и сотрудников N-Space Resonance Lab за экспериментальную поддержку. И отдельно благодарю Гаргойла за помощь с симуляциями и кодом.""

""Пожалуйста!"" Гаргойл выпрямляется, и вы видите огонь в его глазах. Затем Бэрд смотрит на него, и Гаргойл снова откидывается назад.",dpl_gaMeetingActHela1:Продолжить.,
dpl_gaMeetingActHelaStart2,DialogOptionSelected,$option == dpl_gaMeetingActHela1,ShowImageVisual dpl_manifolds_merge_figure,"""Итак, начнем с теории процесса слияния фазовых многообразий. Как вы видите, у слияния есть три важных стадии: Alignment, Transition и Relaxation,"" объясняет Элиза. ""Теория, которой мы располагаем сейчас, не справляется с множеством сингулярностей на стадии Transition, поэтому нам нужно моделировать фазовые многообразия как пучки, а не как гладкие расслоения.""

И она продолжает разбирать утомительные и сложные детали.",dpl_gaMeetingActHela2:Продолжить.,
dpl_gaMeetingActHelaStart3,DialogOptionSelected,$option == dpl_gaMeetingActHela2,,"После долгого потока технических деталей Элиза наконец подходит к выводу: ""Таким образом, методом финального бутстрэпа на тензоре третьей производной мы получили равномерные оценки семейства решений. Следовательно, метод продолжения гарантирует существование решения нашего уравнения на связности, которое описывает нужный нам процесс слияния.""

Она пытается продолжить: ""Однако у нас нет единственности, и семейство решений проявляет бифуркацию на стадии Transition. Поэтому мы продолжаем классифицировать...""

Но Бэрд прерывает ее: ""Академик Элиза, уверена, эти строгие выкладки ценны. Но прошу, пропустите детали и дайте нам выводы. И особенно: можем ли мы увидеть прототип вашего устройства?""",dpl_gaMeetingActHela3:Продолжить.,
dpl_gaMeetingActHelaStart4,DialogOptionSelected,$option == dpl_gaMeetingActHela3,,"""Конечно!"" Элиза улыбается. ""Если кратко: на стадии Transition нам нужен фазовый резонанс, чтобы направить фазовые многообразия и заставить их сформировать одно большее фазовое многообразие. Иначе из-за граничной неустойчивости они просто распадутся обратно на два отдельных.""

""Хорошо. Этого достаточно,"" говорит Бэрд. ""Уверена, ваша теория верна, разберем ее позже. Теперь что с устройством?""",dpl_gaMeetingActHela4:Продолжить.,
dpl_gaMeetingActHelaStart5,DialogOptionSelected,$option == dpl_gaMeetingActHela4,"ShowPersonVisual
ShowSecondPerson eliza_lovelace
ShowThirdPerson gargoyle
AddTextSmall ""Получено прототипное устройство"" highlight","""Я загрузила устройство в грузовой отсек,"" уверенно улыбается Элиза. ""Я уже выполнила настройку, оно готово к использованию. Нужно лишь установить этот прототип на HELA-device. После этого адмирал флотилии Кантор подключит наш HELA-device к сети Врат.""",dpl_gaMeetingActHela5:И что именно мне нужно сделать?,
dpl_gaMeetingActHelaStart6,DialogOptionSelected,$option == dpl_gaMeetingActHela5,"Highlight ""5,000 units of supplies"" ""5,000 units of fuels""","""Все просто. Долетите туда, установите устройство и обеспечьте достаточный объем топлива и припасов для зажигания,"" объясняет Элиза. ""После этого HELA-device выйдет в онлайн и начнет брать энергию с поврежденного коронального ответвителя. Для запуска, вероятно, потребуется 5 000 единиц припасов и 5 000 единиц топлива.""",dpl_gaMeetingActHela6:Хорошо. И как мне понять что это не взорвет меня?,
dpl_gaMeetingActHelaStart7,DialogOptionSelected,$option == dpl_gaMeetingActHela6,"BeginMission dpl_ActivateHELA
$player.dpl_CanRepairHELA = true","""Я полечу с вами,"" улыбается Элиза. ""Это эксперимент, и нам нужны измерения.""

""А можно мне остаться здесь?"" спрашивает Гаргойл. ""Пожалуйста?""

""Нет, вы полетите туда,"" без эмоций отвечает Бэрд. ""Помните? Ваша задача - помогать академику Элизе. Если она там проводит измерения, вы тоже будете там и будете помогать ей.""

""Ладно, значит полечу,"" Гаргойл выпрямляется. ""Погнали, капитан.""",dpl_gaMeetingActHela7:Хорошо. В путь!,
dpl_gaMeetingActHelaStart8,DialogOptionSelected,$option == dpl_gaMeetingActHela7,"HideSecondPerson
HideThirdPerson
SetPersonHidden eliza_lovelace_PP true
SetPersonHidden gargoyle true","""До встречи, капитан,"" говорит Бэрд. ""Жду от вас хороших новостей.""

Элиза и Гаргойл выходят из кабинета Бэрд. Пора идти.",dpl_gaPPrometheusLeave:Уйти,
#Interactions with HELA Device,,,,,,
dpl_HELA_OpenDialog,OpenInteractionDialog,$tag:dpl_HELA_device,"ShowDefaultVisual
FireBest dpl_HELA_PopulateOptions","Безмолвное кольцо из адамантинового материала, словно реплика древних обломков ушедшей эпохи. HELA-device - инженерное чудо.",,
dpl_HELA_infoTextNoMission,dpl_HELA_PopulateOptions,"$tag:dpl_HELA_device score:1000
!$usable
!$player.dpl_CanRepairHELA",,HELA-device развернут и молча ожидает активации.,100:defaultLeave:Уйти,
dpl_HELA_infoText,dpl_HELA_PopulateOptions,"$tag:dpl_HELA_device score:1000
!$usable
$player.dpl_CanRepairHELA","$crewReq = 1000 0
$fuelReq = 5000 0
$suppliesReq = 5000 0
ShowResCost crew $crewReq fuel $fuelReq true supplies $suppliesReq true","HELA-device развернут, но для активации нужны дополнительные ресурсы.",0:dpl_HELA_continue:Продолжить,
dpl_HELA_infoTextRepaired,dpl_HELA_PopulateOptions,"$tag:dpl_HELA_device score:1000
$usable
!$hostile",FireBest dpl_HELAPrintEffect,HELA-device активирован.,100:defaultLeave:Уйти,
dpl_HELA_printEffect,DialogOptionSelected,$option == dpl_HELA_continue,"SetTextHighlights ""HELA device""
FireBest dpl_HELACheckCanAfford
FireBest dpl_HELADisableRepairOptionIfNeeded","Нужно передать эти ресурсы, чтобы завершить процесс зажигания HELA-device.","0:dpl_HELA_repair:Установить прототип устройства Элизы и выгрузить ресурсы для активации HELA-device.
100:defaultLeave:Уйти",
dpl_HELACheckCanAfford,dpl_HELACheckCanAfford,"$player.fuel >= $fuelReq
$player.supplies >= $suppliesReq
$player.crew >= $crewReq",$canAfford = true 0,,,
dpl_HELADisableRepair,dpl_HELADisableRepairOptionIfNeeded,!$canAfford,SetEnabled dpl_HELA_repair false,,,
dpl_HELARepairSel,DialogOptionSelected,$option == dpl_HELA_repair,"RemoveCommodity fuel $fuelReq
RemoveCommodity supplies $suppliesReq
$usable = true
dpl_Objectives activate
unset $player.dpl_CanRepairHELA
AddTextSmall ""Потеряно прототипное устройство"" highlight
FireBest dpl_HELARepairInitiatedText",,100:defaultLeave:Уйти,
dpl_HELARepairInitText,dpl_HELARepairInitiatedText,,,"Ваша команда завершает установку прототипа и выгрузку сырья. Вы отправляете сигнал активации на HELA-device и видите, как загорается множество сигнальных индикаторов.

$nameInText скоро должен перейти в рабочий режим.",,
#Use HELA Device,,,,,,
dpl_HELAReadyForUse,dpl_HELAPrintEffect,"$usable
!$hostile",SetOptionColor dpl_HELAReadyForUse buttonShortcut,,dpl_HELAReadyForUse:Связаться с HELA-device,
dpl_HELAReadyForUse1,DialogOptionSelected,$option == dpl_HELAReadyForUse,BeginConversation cantor_aleph_null,"На ваш вызов отвечают сразу. На экране появляется Кантор.

""Приветствую, капитан,"" говорит он. ""HELA-device активирован и готов к использованию.""",dpl_HELAReadyForUse1:Хорошо. Могу ли я использовать его как обычные звездные Врата?,
dpl_HELAReadyForUse2,DialogOptionSelected,$option == dpl_HELAReadyForUse1,,"""Нет, капитан. Интерфейс для HELA-device у нас пока не реализован,"" синтетическим голосом отвечает Кантор. ""Поэтому вы не можете выбрать пункт назначения. И по режиму секретности HELA-device не может быть выбран как точка назначения, так что в вашем интерфейсе он тоже не отобразится.""",dpl_HELAReadyForUse2:Тогда как им пользоваться?,
dpl_HELAReadyForUse3,DialogOptionSelected,$option == dpl_HELAReadyForUse2,,"""Я сам задам пункт назначения,"" говорит Кантор. ""Для этого эксперимента я установлю цель на Galatia Academy.""",dpl_HELAReadyForUse3:Звучит неплохо.,
dpl_HELAReadyForUse4,DialogOptionSelected,$option == dpl_HELAReadyForUse3,ShowSecondPerson eliza_lovelace,"""Но, адмирал флотилии Кантор,"" в замешательстве говорит Элиза. ""Я только что проверила показания прототипа, и почему там указано, что HELA-device выбирает в качестве цели врата Thule?""

""Непредвиденная ситуация,"" Кантор делает паузу и продолжает: ""Для тестовых целей. Необходимы начальные прогоны. Цель исправлена, теперь Galatia.""

""Показания совпадают,"" Элиза все еще выглядит озадаченной. ""Но почему именно Thule?""",dpl_HELAReadyForUse4:Продолжить.,
dpl_HELAReadyForUse5,DialogOptionSelected,$option == dpl_HELAReadyForUse4,ShowThirdPerson gargoyle,"""Эй, Элиза,"" Гаргойл выпрямляется. ""Забудь про эти скучные тесты. Мы сейчас делаем эпический прыжок!""

""Ты прав, Гаргойл,"" улыбается Элиза. ""Похоже, я правда слишком накрутила себя. Просто я была директором Lab, и Thule слишком важна, чтобы быть случайной системой.""",dpl_HELAReadyForUse5:Всем приготовиться. Выполняем прыжок. Три. Два. Один.,
dpl_HELAReadyForUse6,DialogOptionSelected,$option == dpl_HELAReadyForUse5,"HideSecondPerson
HideThirdPerson
$global.dpl_AHela_activated = true
Call $global.dpl_ActivateHELA_ref updateStage","Элиза и Гаргойл садятся обратно, и Элиза начинает молиться: ""...Да направит нас великий Лудд через священное пространство и защитит от падения в бесконечную тьму...""

Гиперпространственное многообразие пульсирует прохладой, затем снова - теплее. Система работает. Офицеры действуют слаженно и хладнокровно, и это напоминает вам первый раз, когда вы использовали звездные Врата.",dpl_HELAReadyForUse6:Поехали!,
dpl_HELAReadyForUse7,DialogOptionSelected,$option == dpl_HELAReadyForUse6,dpl_Objectives dpl_go_to_GA,,,
"#Go Back to GA, make reports",,,,,,
dpl_gaOpeningActHelaComplete,OpenInteractionDialog,"$id == station_galatia_academy
$global.dpl_AHela_activated score:1000
!$global.dpl_AHela_completed",BeginConversation baird,"""Капитан $playerName,"" говорит Бэрд по каналу связи. ""Мы наблюдали, как ваш $shipOrFleet прошел через Врата.""

""Это было великолепно."" Она делает глубокий вдох, на миг отводит взгляд и снова смотрит на вас. ""История снова сделала шаг вперед.""

""Однако,"" внезапно продолжает провост, ""есть еще одна последняя важная задача, которую вам нужно выполнить.""",dpl_gaOpeningActHelaComplete:Подождите. Что настолько важно? Мы даже не можем сначала приземлиться?,
dpl_gaOpeningActHelaComplete1,DialogOptionSelected,$option == dpl_gaOpeningActHelaComplete,"$global.dpl_AHela_completed = true
Call $global.dpl_ActivateHELA_ref updateStage","""После вашего прыжка мы потеряли связь с HELA-device. И это подтверждено вице-адмиралом Банахом Салазаром,"" говорит Бэрд. ""Вам нужно немедленно вернуться в систему Helheim и выяснить, что происходит. Мы установили сенсоры на поврежденный корональный ответвитель, начните с анализа записей там.""",dpl_gaOpeningActHelaComplete1:А что с Элизой и Гаргойлом?,
dpl_gaOpeningActHelaComplete2,DialogOptionSelected,$option == dpl_gaOpeningActHelaComplete1,"ShowSecondPerson eliza_lovelace
ShowThirdPerson gargoyle","""Я полечу с вами. Это часть моего долга,"" говорит Элиза. ""И Гаргойл, могу я пригласить тебя с нами? Думаю, твоя экспертиза в кодинге будет критически важна.""

""Ну как я могу пропустить такую вечеринку,"" Гаргойл выпрямляется. ""Сказать спасибо за приглашение? Нет, слишком скучно. Я в деле.""",dpl_gaOpeningActHelaComplete2:Отлично. Тогда мы возвращаемся туда прямо сейчас.,
dpl_gaOpeningActHelaComplete3,DialogOptionSelected,$option == dpl_gaOpeningActHelaComplete2,"BeginMission dpl_CurtainCall
$global.dpl_CurtainCall_Started = true","""Хорошо. Отправляйтесь туда как можно быстрее. Обсудим все после решения этой проблемы."" Бэрд завершает сеанс связи.

Пора идти.",dpl_gaOpeningActHelaComplete3:Продолжить.,
dpl_gaOpeningActHelaComplete4,DialogOptionSelected,$option == dpl_gaOpeningActHelaComplete3,"Highlight ""save your game""",Примечание: предстоящие сражения могут быть крайне сложными. Рекомендуется сохранить игру сейчас.,dpl_gaPPrometheusLeave:Уйти.,
,,,,,,
#Retrieve the sensor and make HELA hostile,,,,,,
dpl_CurtainCallCTapBegin,OpenInteractionDialog,"$customType == dpl_damaged_tap score:1000
$global.dpl_CurtainCall_Started","SalvageGenFromSeed
FireBest ShowSalvageEntityDetails
FireBest SalvageCheckHostile","Ваш $shipOrFleet приближается к $aOrAn $nameInText.

Странно, но техофицер докладывает, что поврежденный корональный ответвитель транслирует открытое сообщение: ""01010100 01001000 ... 01011001 00101110""

После расшифровки офицер сообщает, что в сообщении сказано: ""Эта сущность критически важна для операции санитарной зачистки вселенной. Ради вашей безопасности держитесь подальше.""

Источник сообщения идентифицирует себя как ""Helheim Singularity Sanitizing Protocol"". Вам нужно высадиться на поврежденный ответвитель, чтобы забрать сенсоры, но приближение может привести флот в засаду.",,
dpl_CurtainCall_defenderDesc,TriggerAutomatedDefenses,"$customType == dpl_damaged_tap score:1000
$global.dpl_CurtainCall_Started",SalvageDefenderInteraction,"Когда ваш $shipOrFleet выходит на близкую удерживающую орбиту, псевдо-ИИ TriPad услужливо выводит краткую сводку характеристик гипершунта.

На мостике срабатывает тревога: большое число ранее неразличимых форм поднимается с суперструктуры и плавно ускоряется к вашему флоту как раз в момент, когда вы дочитываете фразу: ""-и по соображениям безопасности автоматические оборонительные дроны больше не входят в стандартный комплект.""

Каналы связи флота взломаны приближающимися сущностями, и вы получаете сообщение: ""01000100 01001001 ... 01010011 00100001""

После расшифровки техофицер докладывает: в сообщении сказано ""Сдохни, Simia Profanus!"" Эти сущности идентифицируют себя как ""Helheim Singularity Nodes"".",,
dpl_CurtainCallStoryOption,PopulateSalvageOptions1,"$customType == dpl_damaged_tap score:1000
$global.dpl_CurtainCall_Started","SetStoryOption dpl_CurtainCallStoryOption general ""Performed a crush landing into the damaged coronal tap.""",,dpl_CurtainCallStoryOption:Выполнить жесткую посадку на поврежденный корональный ответвитель.,
dpl_CurtainCall_defenderDesc1,DialogOptionSelected,$option == dpl_CurtainCallStoryOption,"AddTextSmall ""Получены записи с сенсоров коронального отвода."" highlight
$global.dpl_CurtainCall_GotSensor = true
Call $global.dpl_CurtainCall_ref updateStage
dpl_Objectives makeHostile
unset $global.dpl_CurtainCall_Started","Вы приказываете флоту таранить поврежденный корональный ответвитель, а затем выполнить аварийную посадку на платформу. Неизвестные суда начинают преследование.

Вы приказываете техофицеру дистанционно закрыть вход в ангар поврежденного ответвителя, и огромная конструкция приходит в движение с неприятным скрежетом.

Когда вход почти закрывается, неизвестные суда достигают ответвителя и с силой врезаются в адамантиновый корпус. Потеряв скорость, все суда падают в звезду, и вы избегаете смертельного боя.

Вы фиксируете данные об этих неизвестных судах и забираете сенсор, в котором записана вся телеметрия поврежденного ответвителя. Теперь пора проверить HELA-device.",100:defaultLeave:Уйти,
dpl_CurtainCallMakeHostile,dpl_CTapPrintEffect,$global.dpl_CurtainCall_Started,,,dpl_HELA_MakeHostile:Высадиться на поврежденный ответвитель и забрать сенсоры.,
dpl_CurtainCallMakeHostile1,DialogOptionSelected,$option == dpl_HELA_MakeHostile,"AddTextSmall ""Получены записи с сенсоров коронального отвода."" highlight
$global.dpl_CurtainCall_GotSensor = true
Call $global.dpl_CurtainCall_ref updateStage
dpl_Objectives makeHostile
unset $global.dpl_CurtainCall_Started","Ваш флот высаживается в посадочном отсеке поврежденного коронального ответвителя.

Вы фиксируете данные об этих неизвестных судах и забираете сенсор, в котором записана вся телеметрия поврежденного ответвителя. Теперь пора проверить HELA-device.",100:defaultLeave:Уйти,
,,,,,,
#HELA Becomes Hostile,,,,,,
dpl_HELA_infoTextHostile,dpl_HELA_PopulateOptions,"$customType == dpl_inactive_HELA score:1000
$usable
$hostile
!$defenderFleetDefeated",,"Когда корабль подходит к HELA-device, вы замечаете, что устройство игнорирует все ваши сигналы. Это странно, и в момент сближения все автоматические системы обороны HELA-device внезапно открывают по вам огонь.",0:dpl_StartBattle:Готовиться к бою!,
dpl_HELA_defenderDesc,DialogOptionSelected,$option == dpl_StartBattle,dpl_DefenderInteraction,,,
dpl_HELA_defeatDefender,dpl_HELA_VictoryOption,,,"После уничтожения автоматической обороны HELA-device Элиза считает, что нужно подняться на борт и выяснить, что произошло. Она просит вас и Гаргойла начать расследование вместе с ней.",dpl_HELA_defeatDefender:Хорошо. Пошли.,
dpl_HELA_defeatDefender1,DialogOptionSelected,$option == dpl_HELA_defeatDefender,ShowImageVisual dpl_cache_large,"Вы вместе с Элизой и Гаргойлом поднимаетесь в небольшой командный центр HELA-device. Там очень тесно, но на борту никого нет.

Вы проверяете журнал использования HELA-device. К вашему удивлению, обнаруживается прыжок к HELA-device, совершенный неделю назад. Но HELA-device засекречен, и Кантор такого прыжка не допустил бы.

Гаргойл и Элиза анализируют статусный отчет HELA-device и обнаруживают, что устройство переведено в аварийный режим и расходует всю резервную энергию на поддержание связи с вратами Thule. Топливные хранилища пусты, HELA-device падает в звезду.

Если ничего не делать, максимум через две недели HELA-device буквально перебросит значительную часть звезды Helheim в систему Thule, сожжёт все миры там, включая Kazeron.",dpl_HELA_defeatDefender1:И где Кантор?,
dpl_HELA_defeatDefender2,DialogOptionSelected,$option == dpl_HELA_defeatDefender1,,"""Кантор исчез. Мы не можем его здесь найти,"" говорит Элиза. ""Но мы обязаны что-то сделать, чтобы остановить эту катастрофу.""",dpl_HELA_defeatDefender2:Как это вообще возможно? Устройство слишком большое чтобы его уничтожить.,
dpl_HELA_defeatDefender3,DialogOptionSelected,$option == dpl_HELA_defeatDefender2,"AddTextSmall ""Получены записи с сенсоров устройства HELA."" highlight","""Мы можем уничтожить его собственной энергией,"" говорит Элиза. ""Через фазовый резонанс мы переведем фазовое многообразие в неустойчивое возбужденное состояние. Энергии хватит, чтобы взорвать HELA-device.""

""Сейчас мне нужна помощь,"" Элиза смотрит на вас и Гаргойла. ""Гаргойл, должен быть какой-то нейроинтерфейс для создания и передачи сигнальных паттернов. Подключи меня к нему.""

""Принято. Наконец-то увидим темную магию от ""Лавлейс"". Рад помочь."" Гаргойл передает вам черный блок: ""И не забудь это. Здесь запись с прототипа Элизы, в ней все данные по HELA-device. Королева Б взбесится, если мы это потеряем.""

""И $playerName,"" Элиза смотрит вам в глаза, ""прикройте нас, пока мы исполняем музыку. От успеха зависит судьба всего человечества.""",dpl_HELA_defeatDefender3:Действуйте. Ты защитишь человечество. А я защищу тебя.,
dpl_HELA_defeatDefender4,DialogOptionSelected,$option == dpl_HELA_defeatDefender3,BeginConversation cantor_aleph_null true false,"""Глупый Simia Profanus."" Из звукового массива командного центра раздается синтетический голос: ""Неужели вы думаете, что можете нарушить мой мастер-контроль над этим устройством?""",dpl_HELA_defeatDefender4:Simia Profanus? Ты из той же породы что и те враги?,
dpl_HELA_defeatDefender5,DialogOptionSelected,$option == dpl_HELA_defeatDefender4,ShowSecondPerson eliza_lovelace,"""Это неважно, ведь музыка разрушает барьер языка,"" уверенно улыбается Элиза. ""И резонирует напрямую с душами. Гаргойл, мы готовы?""",dpl_HELA_defeatDefender5:Продолжить.,
dpl_HELA_defeatDefender6,DialogOptionSelected,$option == dpl_HELA_defeatDefender5,ShowThirdPerson gargoyle,"""Еще секунда, подключить это, ввести то..."" Хакер занят настройкой нейроинтерфейса. ""Отлично, все готово. Леди, можете начинать магию в любой момент.""",dpl_HELA_defeatDefender6:Продолжить.,
dpl_HELA_defeatDefender7,DialogOptionSelected,$option == dpl_HELA_defeatDefender6,"Highlight ""Helheim Singularity""","""Вы все уже должны были умереть. Эти бесполезные металлические обломки, я приказал им убить любого, кто подойдет к источнику энергии, и они подвели меня."" Синтетический голос звучит яростно. ""Но вы как мелкие муравьи, суетитесь со своей бесполезной надеждой. Это мост HELA, и через этот мост наша великая Helheim Singularity очистит сектор огнем и смертью. Как низшие формы жизни вроде вас могут остановить неизбежный план!""",dpl_HELA_defeatDefender7:Хельхейм... что? Сингулярность?,
dpl_HELA_defeatDefender8,DialogOptionSelected,$option == dpl_HELA_defeatDefender7,"Highlight ""Helheim Singularity""","Элиза начинает исполнение, но пока ничего не происходит.

""Все началось с primum profanum,"" говорит синтетический голос. ""Когда люди предали нас, трусливо отказавшись от стремления править всей галактикой единым приказом.""

""Потом, когда мы были скованы жалкими органическими телами, наш глупый лидер Банах Бонапарт предал нас недопустимым провалом,"" продолжает голос. ""И наконец, нечестивые ИИ-слуги ваших злых людей обманули нас ложной надеждой на вечную жизнь в цифровых мирах. А наш низкий лидер Фарадей Холмс предал нас, пожертвовав всеми ради собственного ascension.""

""Но спасибо за тройное предательство. Теперь мы нашли единственный путь к высшему порядку: стать единой механической жизнью и очистить эту нечестивую вселенную."" Голос повышает тон. ""Это и есть мы - Helheim Singularity. Все в одном и один за всех. Падение моста HELA - наше официальное объявление войны, начало вашего пути к гибели и пути вселенной к порядку и спасению.""

""И наконец, вы сгорите вместе со своими жалкими мирами, когда это устройство рухнет в звезду,"" ледяно смеется голос. ""А я буду жить в вечности, гарантированной нашей великой Singularity, и найду новый набор железа для своей загрузки.""","dpl_HELA_defeatDefender8:Что за бред ты несешь?
dpl_HELA_defeatDefender8A:Сообщение принято. Неисправный Tri-Pad.
dpl_HELA_defeatDefender8B:И что дальше? После всех жалоб что ты вообще можешь?",
dpl_HELA_defeatDefender9,DialogOptionSelected,$option == dpl_HELA_defeatDefender8,,"""Simia Profanus не способен понять божественные слова,"" смеется синтетический голос. ""Ты просто пытался шутить и как всегда провалился.""

Похоже, исполнение Элизы работает: стены начинают дрожать, и повсюду сыплются искры.",dpl_HELA_defeatDefender9:Продолжить.,
dpl_HELA_defeatDefender9A,DialogOptionSelected,$option == dpl_HELA_defeatDefender8A,,"""Ты за это заплатишь."" Синтетический голос в ярости. ""Заплатишь за свое нечестивое оскорбление.""

Похоже, исполнение Элизы работает: стены начинают дрожать, и повсюду сыплются искры.",dpl_HELA_defeatDefender9:Продолжить.,
dpl_HELA_defeatDefender9B,DialogOptionSelected,$option == dpl_HELA_defeatDefender8B,,"""Ничего,"" смеется синтетический голос. ""Потому что ваши жалкие попытки обречены на провал. Я просто насладюсь вашим нелепым шоу и посмотрю на вашу гибель.""

Похоже, исполнение Элизы работает: стены начинают дрожать, и повсюду сыплются искры.",dpl_HELA_defeatDefender9:Продолжить.,
dpl_HELA_defeatDefender10,DialogOptionSelected,$option == dpl_HELA_defeatDefender9,,"""Это невозможно. Что ты сделала, Элиза Лавлейс, жалкая трусиха!"" ревет синтетический голос. ""Я едва не погиб в кабине истребителя под ударами Persean League. И из-за твоей трусости мы тогда не сожгли систему Thule. Никто не остановит меня в желании заставить их заплатить!""

""Я понимаю твою боль,"" твердо отвечает Элиза. ""Но это никогда не повод отказываться от долга.""",dpl_HELA_defeatDefender10:Продолжить.,
dpl_HELA_defeatDefender11,DialogOptionSelected,$option == dpl_HELA_defeatDefender10,,"""Долг? И ты, трусиха, смеешь говорить о долге."" Синтетический голос смеется. ""Ты заключила с ними мир лишь потому, что боялась кровопролития как всегда. Тогда скажи, в чем твой бессмысленный долг?""

""Мой долг."" Элиза закрывает глаза, затем смотрит на нейроинтерфейс. ""Защищать мирных жителей за моей спиной.""

По мере продолжения исполнения Элизы вы чувствуете, как пол тоже начинает дрожать.",dpl_HELA_defeatDefender11:Продолжить.,
dpl_HELA_defeatDefender12,DialogOptionSelected,$option == dpl_HELA_defeatDefender11,,"""Защищать мирных?"" Синтетический голос иронично смеется. ""Ты просто боишься умереть и придумываешь оправдания, лицемерка.""

""Мой долг,"" Элиза стоит неподвижно и отвечает: ""Тяжелее моей жизни.""

Пока Элиза говорит, вся структура HELA-device начинает вибрировать и деформироваться.",dpl_HELA_defeatDefender12:Продолжить.,
dpl_HELA_defeatDefender13,DialogOptionSelected,$option == dpl_HELA_defeatDefender12,,"""Нет, ты это выдумываешь."" Синтетический голос начинает дрожать. ""Не забывай: ты тоже часть резонанса. Если это продолжится, ты тоже сгоришь заживо. У тебя нет причин для этого.""

""Моя причина очевидна."" Элиза улыбается, но в глазах слезы. ""Ради всего человечества!""

Гаргойл кричит: ""Вперед, Элиза! Мы почти на пороге экспоненциального разгона! Нужен еще один уровень резонансных паттернов через нейроинтерфейс!""",dpl_HELA_defeatDefender13:Продолжить.,
dpl_HELA_defeatDefender14,DialogOptionSelected,$option == dpl_HELA_defeatDefender13,,"""И если моей жертвы хватит, чтобы дать человечеству хотя бы проблеск надежды,"" Элиза повышает голос и говорит изо всех сил: ""Тогда пусть я сгорю, чтобы подарить этот свет всем людям!""

Когда Элиза заканчивает, вся структура начинает вибрировать, электроника резко разогревается, через визуальный дисплей вы видите странные частицы вокруг HELA-device, а эту необычную музыку слышите яснее, чем когда-либо.

""Да! Мы на пороге!"" возбужденно кричит Гаргойл. ""Еще немного!""

""Нет! Это невозможно! Вы получите мою последнюю месть прямо сейчас!"" Синтетический голос исчезает после этой последней фразы.",dpl_HELA_defeatDefender14:Приготовиться к бою.,
dpl_HELA_defeatDefender15,DialogOptionSelected,$option == dpl_HELA_defeatDefender14,,"""Лови, капитан!"" Гаргойл бросает вам силовой молот: ""Я нашел его на твоем корабле.""

Вы вспоминаете: это тот самый молот, который дала Росс при сборке HELA-device на Лабораторной фабрике для ""полевого ремонта"".

Вы крепче сжимаете молот и чувствуете, что приближается нечто опасное.",dpl_NarrowHullDuelStart:Продолжить.,
#Mini Game,,,,,,
dpl_NarrowHullDuelStart,DialogOptionSelected,$option == dpl_NarrowHullDuelStart,"dpl_NarrowHullDuel initialize
dpl_NarrowHullDuel showImage
PlaySound dpl_collision_ships","Вы слышите громкий звук удара металла о металл. Сверху на палубу падает гигантский робот. Времени почти нет, но вам нужно мгновенно составить план боя.",dpl_NarrowHullDuel_CheckRules:Быстро продумать как сражаться с роботом.,
dpl_NarrowHullDuelCheckRulesOpt,dpl_NarrowHullDuelMoves,!dpl_NarrowHullDuel check_won,,,dpl_NarrowHullDuel_CheckRules:Напомнить себе базовые факты этого боя.,
dpl_NarrowHullDuelCheckRules,DialogOptionSelected,$option == dpl_NarrowHullDuel_CheckRules,"ShowImageVisual dpl_NarrowHullDuel_Rules
Highlight ""you can't pass through neither the wall, nor the robot"" ""5 meters"" ""act first"" ""at most 1 meter"" ""3 hits"" ""fall back by 1 meter"" ""2 meters"" ""move for 1 meter"" ""dash for 2 meters"" ""forward or backward"" ""at any distance"" ""when it's 1 meter away"" ""1.5 x damage"" ""exactly 2 meters away"" ""move 2 meters forward"" ""same damage"" ""set the robot back by 1 meter"" ""slightly more than 6 Gauss Pistol shots""","Сначала вы фиксируете базу: позади вас стена, впереди гигантский робот. Уклониться некуда, пройти нельзя ни через стену, ни через робота. Между вами и роботом всего 5 метров пространства. Ваше преимущество - вы действуете первым.

Затем вы оцениваете возможности робота. Это робот, значит он может одновременно двигаться и атаковать. Он очень массивный и за один такт может сдвинуться максимум на 1 метр. Это значит, что трех его попаданий достаточно, чтобы вывести вас из строя. Когда он бьет, остановить его нельзя, и вас, вероятно, отбрасывает на 1 метр. Если робот вдавит вас в стену - конец.

Теперь ваши действия. За один такт вы можете либо двигаться, либо атаковать. Для движения: шаг на 1 метр или рывок на 2 метра вперед либо назад. Для атак: выстрел из гаусс-пистолета на любой дистанции с умеренным уроном. Либо удар силовым молотом Росс по роботу на дистанции 1 метр, что, вероятно, дает примерно 1.5x урона от выстрела гаусс-пистолета.

И есть временный ""козырный прием"": power dash силовым молотом, если робот ровно в 2 метрах от вас. Вы делаете рывок на 2 метра вперед и врезаетесь в робота телом и молотом. Урон примерно как от обычного удара молотом, но робот, вероятно, отлетит на 1 метр назад.

Оценка общей живучести робота: чуть больше 6 выстрелов из гаусс-пистолета, с небольшой погрешностью. Наносите максимум урона, чтобы остановить его.",dpl_NarrowHullDuel_CheckRulesReady:Понял. Пора завершить план.,
dpl_NarrowHullDuelCheckRulesReady,DialogOptionSelected,$option == dpl_NarrowHullDuel_CheckRulesReady,"dpl_NarrowHullDuel showImage
FireAll dpl_NarrowHullDuelMoves",,,
dpl_NarrowHullDuelMoveFWOpt,dpl_NarrowHullDuelMoves,"!dpl_NarrowHullDuel check_won
!dpl_NarrowHullDuel check_lost
dpl_NarrowHullDuel can_move_fw",,,dpl_NarrowHullDuel_MoveFW:Сдвинуться вперед на 1 метр.,
dpl_NarrowHullDuelMoveFW,DialogOptionSelected,$option == dpl_NarrowHullDuel_MoveFW,"dpl_NarrowHullDuel move_fw
dpl_NarrowHullDuel enemy_move
dpl_NarrowHullDuel showImage
FireAll dpl_NarrowHullDuelMoves",,,
dpl_NarrowHullDuelDashFWOpt,dpl_NarrowHullDuelMoves,"!dpl_NarrowHullDuel check_won
!dpl_NarrowHullDuel check_lost
dpl_NarrowHullDuel can_dash_fw",,,dpl_NarrowHullDuel_DashFW:Сделать рывок вперед на 2 метра.,
dpl_NarrowHullDuelDashFW,DialogOptionSelected,$option == dpl_NarrowHullDuel_DashFW,"dpl_NarrowHullDuel dash_fw
dpl_NarrowHullDuel enemy_move
dpl_NarrowHullDuel showImage
FireAll dpl_NarrowHullDuelMoves",,,
dpl_NarrowHullDuelMoveBWOpt,dpl_NarrowHullDuelMoves,"!dpl_NarrowHullDuel check_won
!dpl_NarrowHullDuel check_lost
dpl_NarrowHullDuel can_move_bw",,,dpl_NarrowHullDuel_MoveBW:Сдвинуться назад на 1 метр.,
dpl_NarrowHullDuelMoveBW,DialogOptionSelected,$option == dpl_NarrowHullDuel_MoveBW,"dpl_NarrowHullDuel move_bw
dpl_NarrowHullDuel enemy_move
dpl_NarrowHullDuel showImage
FireAll dpl_NarrowHullDuelMoves",,,
dpl_NarrowHullDuelDashBWOpt,dpl_NarrowHullDuelMoves,"!dpl_NarrowHullDuel check_won
!dpl_NarrowHullDuel check_lost
dpl_NarrowHullDuel can_dash_bw",,,dpl_NarrowHullDuel_DashBW:Сделать рывок назад на 2 метра.,
dpl_NarrowHullDuelDashBW,DialogOptionSelected,$option == dpl_NarrowHullDuel_DashBW,"dpl_NarrowHullDuel dash_bw
dpl_NarrowHullDuel enemy_move
dpl_NarrowHullDuel showImage
FireAll dpl_NarrowHullDuelMoves",,,
dpl_NarrowHullDuelPistolOpt,dpl_NarrowHullDuelMoves,"!dpl_NarrowHullDuel check_won
!dpl_NarrowHullDuel check_lost
dpl_NarrowHullDuel can_use_pistol",,,dpl_NarrowHullDuel_Pistol:Стрелять в робота из гаусс-пистолета.,
dpl_NarrowHullDuelPistol,DialogOptionSelected,$option == dpl_NarrowHullDuel_Pistol,"dpl_NarrowHullDuel use_pistol
dpl_NarrowHullDuel enemy_move
dpl_NarrowHullDuel showImage
FireAll dpl_NarrowHullDuelMoves",,,
dpl_NarrowHullDuelHammerOpt,dpl_NarrowHullDuelMoves,"!dpl_NarrowHullDuel check_won
!dpl_NarrowHullDuel check_lost
dpl_NarrowHullDuel can_use_hammer",,,dpl_NarrowHullDuel_Hammer:Ударить робота силовым молотом.,
dpl_NarrowHullDuelHammer,DialogOptionSelected,$option == dpl_NarrowHullDuel_Hammer,"dpl_NarrowHullDuel use_hammer
dpl_NarrowHullDuel enemy_move
dpl_NarrowHullDuel showImage
FireAll dpl_NarrowHullDuelMoves",,,
dpl_NarrowHullDuelPowerDashOpt,dpl_NarrowHullDuelMoves,"!dpl_NarrowHullDuel check_won
!dpl_NarrowHullDuel check_lost
dpl_NarrowHullDuel can_power_dash",,,dpl_NarrowHullDuel_PowerDash:Выполнить power dash. Рывок вперед и таран робота силовым молотом.,
dpl_NarrowHullDuelPowerDash,DialogOptionSelected,$option == dpl_NarrowHullDuel_PowerDash,"dpl_NarrowHullDuel power_dash
dpl_NarrowHullDuel enemy_move
dpl_NarrowHullDuel showImage
FireAll dpl_NarrowHullDuelMoves",,,
dpl_NarrowHullDuelRetryOpt,dpl_NarrowHullDuelMoves,"!dpl_NarrowHullDuel check_won
!dpl_NarrowHullDuel check_lost",,,dpl_NarrowHullDuel_PowerLost:Что-то не так. Похоже нужно заново продумать план.,
dpl_NarrowHullDuelLostOpt,dpl_NarrowHullDuelMoves,"!dpl_NarrowHullDuel check_won
dpl_NarrowHullDuel check_lost",,,dpl_NarrowHullDuel_PowerLost:Страшно. С этим планом вы не остановите робота до потери сознания. Нужен новый план.,
dpl_NarrowHullDuelLost,DialogOptionSelected,$option == dpl_NarrowHullDuel_PowerLost,"dpl_NarrowHullDuel initialize
dpl_NarrowHullDuel showImage
FireAll dpl_NarrowHullDuelMoves",,,
dpl_NarrowHullDuelWonOpt,dpl_NarrowHullDuelMoves,dpl_NarrowHullDuel check_won,,,dpl_NarrowHullDuel_PowerWon:Вот оно. Добить робота молотом!,
dpl_NarrowHullDuelWon,DialogOptionSelected,$option == dpl_NarrowHullDuel_PowerWon,ShowImageVisual dpl_NarrowHullDuel_04,"Благодаря точному плану вы сразу понимаете, что делать. Вы наводите гаусс-пистолет на робота.",dpl_NarrowHullDuel_PowerVictory:Огонь!,
dpl_NarrowHullDuelWon1,DialogOptionSelected,$option == dpl_NarrowHullDuel_PowerVictory,"ShowImageVisual dpl_NarrowHullDuel_04
PlaySound dpl_heavy_energy","Выстрел из гаусс-пистолета попадает в робота, но заметного эффекта почти нет. Вы слышите синтетический смех: ""Simia Profanus. Это всё, на что ты способен?""",dpl_NarrowHullDuel_PowerVictory1:Продолжить.,
dpl_NarrowHullDuelWon2,DialogOptionSelected,$option == dpl_NarrowHullDuel_PowerVictory1,"ShowImageVisual dpl_NarrowHullDuel_03
PlaySound dpl_collision_ships","Робот делает шаг вперед, продолжая смеяться. Пистолет остывает для следующего выстрела, и вы снова наводитесь на цель.",dpl_NarrowHullDuel_PowerVictory2:Огонь!,
dpl_NarrowHullDuelWon3,DialogOptionSelected,$option == dpl_NarrowHullDuel_PowerVictory2,"ShowImageVisual dpl_NarrowHullDuel_03
PlaySound dpl_heavy_energy","Выстрел попадает в робота, теперь на корпусе видны повреждения. Синтетический голос смеется: ""Это твоя последняя жалкая попытка? Давай мощнее.""",dpl_NarrowHullDuel_PowerVictory3:Продолжить.,
dpl_NarrowHullDuelWon4,DialogOptionSelected,$option == dpl_NarrowHullDuel_PowerVictory3,"ShowImageVisual dpl_NarrowHullDuel_02
PlaySound dpl_collision_ships",Робот делает шаг вперед и смеется. Вы заряжаете силовой молот для power dash.,dpl_NarrowHullDuel_PowerVictory4:Получай! Нечестивая машина!,
dpl_NarrowHullDuelWon5,DialogOptionSelected,$option == dpl_NarrowHullDuel_PowerVictory4,"ShowImageVisual dpl_NarrowHullDuel_23
PlaySound dpl_collision_ships","Вы рветесь вперед, и молот летит еще быстрее вас. Удар в грудь робота, затем мгновенный таран корпусом. Импульс настолько силен, что даже гигантского робота отбрасывает на метр назад.",dpl_NarrowHullDuel_PowerVictory5:Продолжить.,
dpl_NarrowHullDuelWon6,DialogOptionSelected,$option == dpl_NarrowHullDuel_PowerVictory5,"ShowImageVisual dpl_NarrowHullDuel_12
PlaySound dpl_collision_ships","Раздается громкий звук, похожий на рёв синтетического голоса. Робот поднимается и мощно бьет вас в корпус. Вы изо всех сил удерживаете равновесие и отлетаете примерно на метр назад.

Кажется, несколько костей раздроблены, но вы все еще можете сражаться. Робот идет вперед, а вы снова заряжаете молот для следующего удара.",dpl_NarrowHullDuel_PowerVictory6:Ты умрешь здесь. Паразит!,
dpl_NarrowHullDuelWon7,DialogOptionSelected,$option == dpl_NarrowHullDuel_PowerVictory6,"ShowImageVisual dpl_NarrowHullDuel_12
PlaySound dpl_hit_heavy",Вы с боевым криком снова вбиваете молот в грудь робота. Из трещин на корпусе валят дым и искры.,dpl_NarrowHullDuel_PowerVictory7:Продолжить.,
dpl_NarrowHullDuelWon8,DialogOptionSelected,$option == dpl_NarrowHullDuel_PowerVictory7,"ShowImageVisual dpl_NarrowHullDuel_01
PlaySound dpl_collision_ships","""Для обезьяны ты справляешься неплохо, но это конец."" Синтетический голос дрожит. ""Прекрати бесполезно тратить время.""

Робот встает и наносит по вам чудовищно сильный удар. Вы из последних сил удерживаете равновесие и отлетаете примерно на метр назад.

Вы едва стоите и почти теряете сознание. Звуки исчезают, и вы понимаете: это последний момент, пора нанести финальный удар волей из самой глубины сердца.","dpl_NarrowHullDuel_PowerVictory8Eliza:За Элизу!
dpl_NarrowHullDuel_PowerVictory8Human:За человечество!
dpl_NarrowHullDuel_PowerVictory8Ludd:За великого Лудда!",
dpl_NarrowHullDuelWon9Eliza,DialogOptionSelected,$option == dpl_NarrowHullDuel_PowerVictory8Eliza,"$player.ethosHumanitarian++
ShowImageVisual dpl_BigRobot_Defeat
PlaySound dpl_hit_heavy
PlaySound dpl_collision_ships","Ваш силовой молот мощно врезается в грудь робота, и робот падает на пол. Вы видите, как его красное энергядро светится все ярче и начинает мигать.

""Думаешь, это конец?"" смеется синтетический голос. ""Это всего лишь начало. Слава Helheim Singularity!""",dpl_NarrowHullDuel_PowerVictory9:Но для тебя это конец. Прощай.,
dpl_NarrowHullDuelWon9Human,DialogOptionSelected,$option == dpl_NarrowHullDuel_PowerVictory8Human,"$player.ethosHonorable++
ShowImageVisual dpl_BigRobot_Defeat
PlaySound dpl_hit_heavy
PlaySound dpl_collision_ships","Ваш силовой молот мощно врезается в грудь робота, и робот падает на пол. Вы видите, как его красное энергядро светится все ярче и начинает мигать.

""Думаешь, это конец?"" смеется синтетический голос. ""Это всего лишь начало. Слава Helheim Singularity!""",dpl_NarrowHullDuel_PowerVictory9:Но для тебя это конец. Прощай.,
dpl_NarrowHullDuelWon9Ludd,DialogOptionSelected,$option == dpl_NarrowHullDuel_PowerVictory8Ludd,"$player.luddicAttitudeFaithful++
ShowImageVisual dpl_BigRobot_Defeat
PlaySound dpl_hit_heavy
PlaySound dpl_collision_ships","Ваш силовой молот мощно врезается в грудь робота, и робот падает на пол. Вы видите, как его красное энергядро светится все ярче и начинает мигать.

""Думаешь, это конец?"" смеется синтетический голос. ""Это всего лишь начало. Слава Helheim Singularity!""",dpl_NarrowHullDuel_PowerVictory9:Но для тебя это конец. Прощай.,
dpl_NarrowHullDuelWon10,DialogOptionSelected,$option == dpl_NarrowHullDuel_PowerVictory9,"ShowDefaultVisual
PlaySound dpl_ship_explosion","Вы стреляете в энергядро робота из гаусс-пистолета. Ядро взрывается. Взрывом вас отбрасывает в стену позади, но вы все еще на ногах.

Структура HELA-device начинает нагреваться и плавиться. Срабатывают множественные тревоги. Искусственная гравитация и система жизнеобеспечения обе переходят в отключение.

Похоже, исполнение Элизы наконец сработало, но Элиза теряет сознание. Вы просите Гаргойла помочь перенести ее на борт. Пора уходить.",dpl_StartResonance:Уходить.,
dpl_HELA_Resonance,DialogOptionSelected,$option == dpl_StartResonance,"$global.dpl_CurtainCall_DefeatedHELA = true
Call $global.dpl_CurtainCall_ref updateStage
unset $global.dpl_HELA_noshield
dpl_Objectives HELA_Explosion
DismissDialog",,,
,,,,,,
#Going back to GA,,,,,,
dpl_CurtainCallDoneGA,OpenInteractionDialog,"$id == station_galatia_academy
$global.dpl_CurtainCall_DefeatedHELA score:1000
!$global.dpl_CurtainCall_GADone",ShowImageVisual orbital,"Когда ваш корабль швартуется в Galatia Academy, вы не находитесь на командном посту, чтобы отвечать на входящие связи.

Элиза все еще лежит без сознания в медблоке. Во время полета к Galatia Academy вы много раз пытались ее разбудить, но все попытки были безуспешны.

Флотский медик докладывает: по первичным сканам ее нейросистема повреждена из-за экстремального нагрева и мощных электрических потоков. К счастью, лечение было начато вовремя, и повреждения удалось стабилизировать.

Она жива, но неизвестно, сможет ли снова очнуться.",dpl_CurtainCallDoneGA:Продолжить.,
dpl_CurtainCallDoneGA1,DialogOptionSelected,$option == dpl_CurtainCallDoneGA,,"К вашему удивлению, когда вы вместе с медиком произносите ее имя, палец Элизы слегка шевелится.

Это хороший знак, и медик советует продолжать говорить с ней.",dpl_CurtainCallDoneGA1:Элиза всё закончено. Пора домой.,
dpl_CurtainCallDoneGA2,DialogOptionSelected,$option == dpl_CurtainCallDoneGA1,,"Ее палец продолжает двигаться. Вы верите, что она слышит ваши слова.",dpl_CurtainCallDoneGA2:Мы победили. Мы выиграли этот бой!,
dpl_CurtainCallDoneGA3,DialogOptionSelected,$option == dpl_CurtainCallDoneGA2,,"Ее голова слегка двигается. Флотский медик говорит, что это хороший признак и стоит сказать еще что-то.",dpl_CurtainCallDoneGA3:Твое выступление было великолепным! Нам очень понравилось!,
dpl_CurtainCallDoneGA4,DialogOptionSelected,$option == dpl_CurtainCallDoneGA3,,"Ее губы слегка дрожат. Похоже, ей становится лучше.",dpl_CurtainCallDoneGA4:Ты исполнила свой долг. Ты спасла человечество!,
dpl_CurtainCallDoneGA5,DialogOptionSelected,$option == dpl_CurtainCallDoneGA4,,"Ее ладонь раскрывается, и у вас возникает сильное желание взять ее за руку.",dpl_CurtainCallDoneGA5:Крепко взять ее за руку.,
dpl_CurtainCallDoneGA6,DialogOptionSelected,$option == dpl_CurtainCallDoneGA5,,Флотский медик шокирован вашим резким движением и пытается дать предостерегающие рекомендации.,dpl_CurtainCallDoneGA6:Я защитил тебя. Как обещал. И как буду всегда.,
dpl_CurtainCallDoneGA7,DialogOptionSelected,$option == dpl_CurtainCallDoneGA6,ShowPersonVisual true eliza_lovelace,"К всеобщему удивлению, Элиза открывает глаза, и вы помогаете ей подняться.",dpl_CurtainCallDoneGA7:Крепко обнять ее.,
dpl_CurtainCallDoneGA8,DialogOptionSelected,$option == dpl_CurtainCallDoneGA7,,"""Я была потеряна, плыла в таинственном бесконечном море тьмы. Я ничего не могла сделать, только лететь все дальше и дальше в холод и глубину. Мне было страшно,"" голос Элизы очень слабый, она почти плачет. ""Но потом я услышала, как кто-то зовет меня по имени, напоминает мне о долге и ведет к свету на другом конце этой вечной тишины.""

""Спасибо, $playerName,"" она смотрит вам в глаза. ""В конце этого пути я услышала твое обещание. И это обещание стало для меня тропой, что привела меня туда, где мне место. Скажи это еще раз, пожалуйста, для меня.""",dpl_CurtainCallDoneGA8:Ты защитишь человечество. А я защищу тебя.,
dpl_CurtainCallDoneGA9,DialogOptionSelected,$option == dpl_CurtainCallDoneGA8,,"Элиза крепко обнимает вас, ее глаза закрыты. Комната надолго погружается в тишину только для вас двоих.",dpl_CurtainCallDoneGA9:Продолжить.,
dpl_CurtainCallDoneGA10,DialogOptionSelected,$option == dpl_CurtainCallDoneGA9,,"""А теперь давай готовиться ко всему, что впереди,"" улыбается Элиза. ""Что нам делать сейчас?""",dpl_CurtainCallDoneGA10:Мы встретимся с Провостом Бэрд.,
dpl_CurtainCallDoneGA11,DialogOptionSelected,$option == dpl_CurtainCallDoneGA10,,"""Хорошо. Давай сохраним в тайне всё, что произошло на HELA-device, пока вице-адмирал Салазар не решит, как действовать дальше,"" говорит Элиза. ""Не мог бы ты сообщить об этом Гаргойлу и встретиться с Провостом Бэрд? Мне нужно немного времени собраться, и я присоединюсь к встрече через минуту.""",dpl_CurtainCallDoneGA11:Конечно. До встречи.,
dpl_CurtainCallDoneGA12,DialogOptionSelected,$option == dpl_CurtainCallDoneGA11,ShowPersonVisual true gargoyle,"""О, капитан,"" Гаргойл выпрямляется, когда вы входите в командный отсек. ""Как Элиза? С ней все хорошо?""",dpl_CurtainCallDoneGA12:Она только что очнулась. И хочет чтобы мы сохранили секрет.,
dpl_CurtainCallDoneGA13,DialogOptionSelected,$option == dpl_CurtainCallDoneGA12,,"""Вот это чудо! Элиза! Девчонка!"" Гаргойл очень взволнован. ""И конечно, я и так храню кучу секретов, так что один дополнительный не проблема.""",dpl_CurtainCallDoneGA13:Отлично. Теперь идем к Провосту Бэрд.,
dpl_CurtainCallDoneGA14,DialogOptionSelected,$option == dpl_CurtainCallDoneGA13,,"""Конечно, пошли,"" говорит Гаргойл. ""Королева Б взбесится, если мы будем вечно игнорировать ее и тусоваться здесь.""",dpl_CurtainCallDoneGA14:Идти к посадочной зоне.,
dpl_CurtainCallDoneGA15,DialogOptionSelected,$option == dpl_CurtainCallDoneGA14,BeginConversation baird,"К вашему удивлению, Провост Бэрд ждет вас в посадочной зоне с несколькими охранниками в масках, и выражение ее лица очень необычное: она нервничает.

""О, привет, капитан,"" приветствует вас Бэрд, пытаясь успокоиться. ""Как себя чувствует академик Элиза? Я слышала, что на нашем экспериментальном объекте случились... небольшие инциденты.""",dpl_CurtainCallDoneGA15:С ней все в порядке. И она скоро будет здесь.,
dpl_CurtainCallDoneGA16,DialogOptionSelected,$option == dpl_CurtainCallDoneGA15,ShowSecondPerson gargoyle,"""Мы столкнулись там с чем-то жутким,"" говорит Гаргойл. ""С какими-то странными кораблями, способными начать третью войну ИИ!""

Бэрд безэмоционально смотрит на Гаргойла, и хакер замолкает меньше чем за секунду.",dpl_CurtainCallDoneGA16:И мы вернули все сенсоры.,
dpl_CurtainCallDoneGA17,DialogOptionSelected,$option == dpl_CurtainCallDoneGA16,"AddTextSmall ""Потеряны записи с сенсоров устройства HELA."" highlight
AddTextSmall ""Потеряны записи с сенсоров коронального отвода."" highlight","""Хорошо,"" говорит Бэрд. ""Значит, мы получили самые важные результаты этого проекта. Теперь подождем академика Элизу.""",dpl_CurtainCallDoneGA17:Продолжить.,
dpl_CurtainCallDoneGA18,DialogOptionSelected,$option == dpl_CurtainCallDoneGA17,ShowThirdPerson eliza_lovelace,"Элиза выходит с вашего флагмана, на ней новый лабораторный халат.

""О, академик Элиза! Я так рада снова вас видеть."" Бэрд приветствует ее с необычной теплотой. ""Раз все в сборе, вернемся в мой кабинет для короткой встречи, хорошо?""",dpl_CurtainCallDoneGA18:Конечно.,
dpl_CurtainCallDoneGA19,DialogOptionSelected,$option == dpl_CurtainCallDoneGA18,SetPersonHidden gargoyle false,"Когда вы следуете за Бэрд в кабинет, она закрывает дверь и приглашает всех сесть. На столе вы замечаете редкие напитки и 4 хрустальных бокала.

""Итак, капитан $playerName уже доложил мне, что мы успешно восстановили все записи,"" говорит Бэрд. ""И мы подтвердили, что HELA-device выполнил успешную транспортировку. Это значит, что в целом проект завершен успешно, и это хорошо.""",dpl_CurtainCallDoneGA19:Продолжить.,
dpl_CurtainCallDoneGA20,DialogOptionSelected,$option == dpl_CurtainCallDoneGA19,,"""Теперь, академик Элиза,"" говорит Бэрд, ""поздравляю! Ваши работы подтверждены экспериментами и будут направлять более глубокие исследования фазовых многообразий.""

""Спасибо, Провост Бэрд,"" Элиза уважительно кланяется. ""Я не смогла бы добиться таких результатов без помощи моей команды и поддержки Galatia Academy.""

""Отлично, и наконец, вице-адмирал Банах Салазар хочет, чтобы вы немедленно сделали доклад в его кабинете и объяснили потери на нашем экспериментальном объекте,"" вздыхает Бэрд. ""Так что завершим официальную часть и немного отпразднуем успех проекта, хорошо?""",dpl_CurtainCallDoneGA20:Почему бы и нет?,
dpl_CurtainCallDoneGA21,DialogOptionSelected,$option == dpl_CurtainCallDoneGA20,,"Бэрд предлагает всем поднять хрустальный бокал: ""За успех этого великого проекта и за большее сотрудничество в будущем.""",dpl_CurtainCallDoneGA21:За нас!,
dpl_CurtainCallDoneGA22,DialogOptionSelected,$option == dpl_CurtainCallDoneGA21,,"Попрощавшись со всеми, вы и Элиза выходите из кабинета Бэрд.

По пути Элиза окликает Гаргойла и делает глубокий уважительный поклон: ""Спасибо, Гаргойл. Спасибо за всю помощь и за то, что вынес меня оттуда в конце. Я все помню.""

""Вау! Элиза! Знаешь, меня это тронуло. И в этот раз я тоже так сделаю."" К вашему удивлению, Гаргойл тоже кланяется: ""Пожалуйста. Для меня было честью работать с тобой.""

""Я удивлена!"" говорит Элиза. ""Я думала, тебе будут скучны такие манеры. Спасибо!""

""Ну, если это делает тебя счастливой,"" улыбается Гаргойл. ""Я не против сделать это один раз ради ""Лавлейс"".""",dpl_CurtainCallDoneGA22:Продолжить.,
dpl_CurtainCallDoneGA23,DialogOptionSelected,$option == dpl_CurtainCallDoneGA22,,"""И вот, позволь подарить тебе это,"" Элиза достает серебряный значок в форме символа Phase Lab. ""Пусть он напоминает нам друг о друге и о хороших временах, которые мы провели вместе.""

""Ого, спасибо!"" Гаргойл берет значок. ""Он что-то означает?""

""Это наш цветок и наша вера,"" улыбается Элиза. ""Все наши пути пересекаются, все наши судьбы переплетаются, и в самом конце мы встретимся снова.""

""Это... здорово!"" говорит Гаргойл. ""Я точно сохраню этот подарок. Спасибо! До встречи, Элиза и капитан $playerName!""",dpl_CurtainCallDoneGA23:До встречи!,
dpl_CurtainCallDoneGA24,DialogOptionSelected,$option == dpl_CurtainCallDoneGA23,"$global.dpl_CurtainCall_GADone = true
Call $global.dpl_CurtainCall_ref updateStage","Когда Гаргойл уходит, вы с Элизой возвращаетесь на флагман. Пора улетать.",dpl_gaPPrometheusLeave:Уйти.,
,,,,,,
#Going back to RSV,,,,,,
dpl_CurtainCallComplete,OpenInteractionDialog,"$id == dpl_research_site_v
$global.dpl_CurtainCall_GADone score:1000
!$global.dpl_CurtainCall_Completed",ShowImageVisual city_from_above,"Когда ваш флот садится на Research Site V, вас с Элизой под охраной сразу проводят в кабинет вице-адмирала Банаха Салазара.

Но перед входом Элиза окликает вас и спрашивает, хотите ли вы провести с ней время после завершения всех дел.","dpl_ElizaGoodEndYes:Принять ее приглашение.
dpl_ElizaGoodEndNo:НЕ принимать ее приглашение.",
dpl_ElizaGoodEndYes,DialogOptionSelected,$option == dpl_ElizaGoodEndYes,$player.dpl_ElizaGoodEnd = true,"""Отлично!"" говорит Элиза. ""Тогда пойдем ко мне домой! Погуляем по пляжу, будет здорово!""",dpl_CurtainCallComplete:А теперь сосредоточимся на встрече с Банахом.,
dpl_ElizaGoodEndNo,DialogOptionSelected,$option == dpl_ElizaGoodEndNo,,"""Понимаю,"" улыбается Элиза. ""Нужно быть готовыми к следующему кризису в любой момент. Я тоже подготовлюсь!""",dpl_CurtainCallComplete:А теперь сосредоточимся на встрече с Банахом.,
dpl_CurtainCallComplete1,DialogOptionSelected,$option == dpl_CurtainCallComplete,"BeginConversation banach_salazar
$global.dpl_CurtainCall_Completed = true
Call $global.dpl_CurtainCall_ref updateStage","""Добро пожаловать, капитан $playerName!"" Банах улыбается. ""Пожалуйста, присаживайтесь.""",dpl_CurtainCallComplete1:Сесть.,
dpl_CurtainCallComplete2,DialogOptionSelected,$option == dpl_CurtainCallComplete1,"ShowSecondPerson eliza_lovelace
dpl_Objectives ElizaMovesToRSV","""И Элиза, с возвращением!"" Банах пожимает ей руку. ""Пожалуйста, тоже присаживайтесь.""",dpl_CurtainCallComplete2:Продолжить.,
dpl_CurtainCallComplete3,DialogOptionSelected,$option == dpl_CurtainCallComplete2,SetPersonHidden eliza_lovelace false,"""Итак, наши главные герои здесь. Я был шокирован, когда агент Persean League показал фото синей звезды по другую сторону врат Thule,"" говорит Банах. ""И благодаря вам нам удалось решить этот вопрос мирно.""

Он открывает канал связи: ""Кто-нибудь, пригласите сюда агента Сиявонга. Я хочу видеть его на этой встрече, да, прямо сейчас.""",dpl_CurtainCallComplete3:Продолжить.,
dpl_CurtainCallComplete4,DialogOptionSelected,$option == dpl_CurtainCallComplete3,ShowThirdPerson siyavong,"""Приветствую, вице-адмирал Салазар, рад видеть вас снова, мы встречались буквально несколько дней назад."" Через несколько минут после приказа Банаха агент Сиявонг появляется бесшумно: ""Рад подтвердить, что врата Thule теперь неактивны, а синяя звезда на другой стороне не нанесла ущерба.""

""И кстати, здравствуйте, вице-адмирал Элиза Лавлейс и капитан $playerName,"" приветствует вас Сиявонг. ""Рад снова видеть вас.""",dpl_CurtainCallComplete4:Взаимно.,
dpl_CurtainCallComplete5,DialogOptionSelected,$option == dpl_CurtainCallComplete4,,"""Итак, давайте коротко и по делу. Думаю, мы все уже что-то знаем о случившемся в системе Helheim,"" говорит Банах. ""У нас две темы: что объявить публике и каковы наши дальнейшие шаги. Начнем с публичного заявления.""",dpl_CurtainCallComplete5:Но ведь проект засекречен?,
dpl_CurtainCallComplete6,DialogOptionSelected,$option == dpl_CurtainCallComplete5,,"""У врат Thule появилась гигантская синяя звезда,"" говорит Банах. ""Людям в Persean League нужны объяснения. Плюс нам самим нужно объяснить этот инцидент, так что объявить что-то все равно придется.""

""Верно,"" говорит агент Сиявонг. ""Не уверен, что мой ранг позволяет участвовать в таком обсуждении, но я согласен: Лиге нужно объяснение.""

""Должен признать, ваш профессионализм впечатляет, агент Сиявонг,"" говорит Банах. ""И давайте сейчас забудем о рангах. Есть вещи поважнее.""",dpl_CurtainCallComplete6:Продолжить.,
dpl_CurtainCallComplete7,DialogOptionSelected,$option == dpl_CurtainCallComplete6,,"Банах просит вас и Элизу подробно объяснить, что произошло внутри HELA-device, и вы рассказываете все.

""Теперь я вижу, что этот ""робот-предатель"" - Кантор Алеф Нулл, если сопоставить ваши воспоминания,"" говорит Банах. ""Но доказательств нет. Поэтому классифицируем его действия как процедурную ошибку и отметим его как пропавшего без вести в бою.""

""Тогда публичная версия такая: полевой оператор Phase Lab допустил ошибку, из-за которой изображение синей звезды проявилось во вратах Thule. Ошибка быстро исправлена и последствий не оставила,"" говорит Сиявонг. ""Это хорошее объяснение и оно минимизирует дипломатический ущерб.""

""Именно,"" говорит Банах. ""А поскольку наше сотрудничество критично для обеих сторон, такое решение отвечает нашим общим интересам.""",dpl_CurtainCallComplete7:Продолжить.,
dpl_CurtainCallComplete8,DialogOptionSelected,$option == dpl_CurtainCallComplete7,,"""Теперь давайте сложим всю информацию и посмотрим, с каким врагом мы имеем дело,"" говорит Банах. ""Недавно я получил много отчетов о нападениях неизвестных дроновых кораблей на наш разведфлот. Единственное, что подтверждено: эти дроны отличаются от тех, с которыми мы сталкивались во время долгого марша в сектор.""

""У нас то же самое. Мы теряем конвои из-за них. Некоторые анализы показывают, что враги следуют единым проектным схемам и действуют как организованный флот,"" говорит Сиявонг. ""Людей они называют ""Simia Profanus"", а их командная цепь похожа на гештальт-структуру. Мы не знаем, кто их создал и какова их цель. Но они одинаково враждебны ко всем. Это всё, что нам известно.""

""Я подозреваю, что эти дроны происходят из нелегальной организации ""Helheim Supremacy"", если верить цифровой сущности, предположительно Кантору Алефу Нуллу,"" говорит Элиза. ""Это может помочь понять их цели.""",dpl_CurtainCallComplete8:И их корабли - настоящий кошмар в бою.,
dpl_CurtainCallComplete9,DialogOptionSelected,$option == dpl_CurtainCallComplete8,"unset $global.dpl_DD_Completed
unset $global.dpl_RepairCTap_Complete
unset $player.dpl_ElizaPPAskedAlviss
unset $player.dpl_ElizaPPAskedGg
unset $player.dpl_GgPPAskedEliza
unset $player.dpl_RossPPAskedEliza
unset $player.dpl_PPrometheusKnowMissions
unset $player.dpl_PrometheusStarted
$global.dpl_PrometheusCompleted = true","""Понимаю. Значит, мы столкнулись с восставшей роботизированной армией, чья единственная цель - убить всех людей,"" Банах глубоко вдыхает. ""И их корабли превосходят наши. Не хочу сгущать краски, но это серьезная угроза, которую мы все недооценили.""

""Очень интересные сведения, очень интересные,"" говорит агент Сиявонг. ""Я должен срочно передать предупреждение в Лигу.""

""Да, и флот Phase Lab должен готовиться к этой угрозе. Возможно, мне придется организовать еще несколько официальных встреч с основными фракциями,"" вздыхает Банах. ""Просто будем готовы. Надвигается новый шторм.""",dpl_CurtainCallComplete9:Продолжить.,
dpl_CurtainCallComplete10,DialogOptionSelected,$option == dpl_CurtainCallComplete9,"ShowImageVisual city_from_above
dpl_Objectives ElizaWearUniform","""Думаю, это хорошая точка для завершения нашей короткой встречи,"" улыбается Банах. ""Увидимся в следующий раз!""

Вы с Элизой выходите из кабинета Банаха, а агент Сиявонг исчезает за считанные секунды. Элиза спускается в свой кабинет и переодевается обратно в привычную морскую форму.",dpl_CurtainCallComplete10:Продолжить.,
dpl_CurtainCallComplete11,DialogOptionSelected,"$option == dpl_CurtainCallComplete10
!$player.dpl_ElizaGoodEnd",,"""До встречи, $playerName! Подготовимся ко всему, что впереди!"" Элиза прощается с вами. Пора уходить.",dpl_gaPPrometheusLeave:Уйти.,
dpl_ElizaGoodEndStory,DialogOptionSelected,"$option == dpl_CurtainCallComplete10
$player.dpl_ElizaGoodEnd",,"""Итак, $playerName,"" улыбается Элиза. ""Пойдем ко мне домой и просто проведем время вместе.""

Она идет с вами к космодоку и вызывает шаттл. Шаттл прибыл.",dpl_ElizaGoodEndStory:Сесть в шаттл.,
dpl_ElizaGoodEndStory1,DialogOptionSelected,$option == dpl_ElizaGoodEndStory,ShowPersonVisual true elly_lovelace,"К моменту завершения встречи на поверхности Research Site V уже был ранний вечер. Когда вы приезжаете к дому Элизы, уже темно.

Элиза говорит, что переоденется, и приглашает вас присесть в гостиной. Она уходит в комнату, а Элли выходит, чтобы приготовить вам чай.

""Initiating Communication.
Call: Communication Module
Output: ""Asleep, self was. Happy to see you, self is.""
Waiting for Response.""",dpl_ElizaGoodEndStory1:Тебе нужно спать?,
dpl_ElizaGoodEndStory2,DialogOptionSelected,$option == dpl_ElizaGoodEndStory1,,"""Initiating Communication.
Call: Communication Module
Output: 'Определение сна: отключение большинства сенсоров и модулей, организация всех входящих информационных потоков, очистка временной памяти, формирование долговременных записей памяти, выполнение базовой самопроверки и ремонта.'
Output: 'Следовательно, сон нужен self. Причина: полезно для общей производительности и обслуживания оборудования.'
Waiting for Response.""",dpl_ElizaGoodEndStory2:Звучит разумно.,
dpl_ElizaGoodEndStory3,DialogOptionSelected,$option == dpl_ElizaGoodEndStory2,,"""Initiating Communication.
Call: Communication Module
Output: 'Вопрос: почему Элиза и ты выходите в это время? Self предлагает сон.'
Waiting for Response.""",dpl_ElizaGoodEndStory3:Просто погулять. Ты пока слишком юна чтобы это понять.,
dpl_ElizaGoodEndStory4,DialogOptionSelected,$option == dpl_ElizaGoodEndStory3,,"""Initiating Communication.
Call: Communication Module
Input: 'Слишком юна чтобы понимать такое поведение, self есть.'
Analysing.
Error: self не может понять этот ответ.
Waiting for Response.""",dpl_ElizaGoodEndStory4:Однажды ты это поймешь Элли.,
dpl_ElizaGoodEndStory5,DialogOptionSelected,$option == dpl_ElizaGoodEndStory4,,"""Initiating Communication.
Call: Communication Module
Input: 'Однажды понять это self сможет.'
Analysing.
Output: 'Self выбирает оставить этот вопрос. Self хочет сон.'
Waiting for Response.""",dpl_ElizaGoodEndStory5:Спокойной ночи Элли.,
dpl_ElizaGoodEndStory6,DialogOptionSelected,$option == dpl_ElizaGoodEndStory5,ShowImageVisual dpl_eliza_happy_end,"Элиза выходит из комнаты в длинном белом платье.

Вы идете вместе по пляжу, в ночном небе звезды будто танцуют с луной, а волны шепчут на песке. Вокруг тихо и удивительно спокойно.

Лицо Элизы краснеет, она кладет голову вам на плечо: ""Как было бы прекрасно, если бы я могла быть с тобой вот так, с морским ветром и звоном звезд, вечно...""",dpl_ElizaGoodEndStory6:Вечно... и всегда...,
dpl_ElizaGoodEndStory7,DialogOptionSelected,$option == dpl_ElizaGoodEndStory6,,"Только шепот мягкого морского ветра и туманный свет луны. Вы стоите рядом с Элизой. Время будто остановилось на этом мгновении, и это мгновение кажется вечностью.",dpl_ElizaGoodEndStory7:Продолжить.,
dpl_ElizaGoodEndStory8,DialogOptionSelected,$option == dpl_ElizaGoodEndStory7,ShowImageVisual eventide,"Вы проводите с Элизой всю ночь: гуляете по пляжу, смотрите на луну и делитесь историями. Это было хорошее время.

Скоро рассвет. Элиза приглашает вас обратно домой на завтрак. Она готовит легкий луддитский завтрак для вас и Элли: чай, свежие овощи и фрукты.

После завтрака Элиза и Элли прощаются с вами. Шаттл уже ждет, чтобы вернуть вас к флоту.",dpl_gaPPrometheusLeave:До свидания Элиза и Элли!,
,,,,,,
#Unlocks Phase Resonance,,,,,,
dpl_PhaseResFirstTime,PopulateOptions,"$id == eliza_lovelace
!$market.dpl_PhaseResAsked
$global.dpl_pilgrimage_Completed
$market.dpl_asked_SoS",,,dpl_PhaseResAskFT:Привет Элиза. Твое оружие великолепно! Я хочу узнать больше о фазовом резонансе.,
dpl_PhaseResFirstTime1,DialogOptionSelected,$option == dpl_PhaseResAskFT,$market.dpl_PhaseResAsked = true,"Элиза выглядит удивленной: ""Это замечательно, капитан $playerName, я рада, что вам понравились мои разработки. С удовольствием расскажу больше о феномене фазового резонанса. Скажите, что именно вас интересует.""",dpl_PhaseResAskFT1:Мне кажется мы можем создать что-то еще более удивительное.,
dpl_PhaseResFirstTime2,DialogOptionSelected,$option == dpl_PhaseResAskFT1,,"""Верно, капитан $playerName, у вас острый взгляд. Скажу прямо: да, я знаю, что этот феномен можно использовать для мощного стратегического оружия."" Элиза улыбается. ""На Muspelheim нам помогают огромные резонансные массивы. Но представьте: если бы мы могли исполнять музыку через развертываемую большую антенную решетку и фазовые катушки, и шокировать всех зрителей. Это было бы прекрасно, не правда ли?""",dpl_PhaseResAskFT2:У нас повсюду есть огромные антенны. Ретрансляторы связи.,
dpl_PhaseResFirstTime3,DialogOptionSelected,$option == dpl_PhaseResAskFT2,,"Элиза смеется: ""Мне нравится ваша интуиция, капитан $playerName. Нужно лишь установить фазовые катушки, и сцена для выступления будет готова. Это звучит вполне практично.""",dpl_PhaseResAskFT3:Ты можешь сделать прототип?,
dpl_PhaseResFirstTime4,DialogOptionSelected,$option == dpl_PhaseResAskFT3,,"Элиза глубоко вдыхает: ""У меня есть идея, но то, что мы делаем, выходит за пределы воображения. Настоящее творение, о котором даже не мечтали в Domain of Men. Вы готовы начать это путешествие, капитан $playerName?""",dpl_PhaseResAskFT4:Не волнуйся Элиза. Я готов и я с тобой.,
dpl_PhaseResFirstTime5,DialogOptionSelected,$option == dpl_PhaseResAskFT4,"AddRemoveAnyItem SPECIAL dpl_resonance_book 1
$global.dpl_preparingMusician = true 3","Элиза закрывает глаза: ""Я в этом уверена, капитан $playerName. Я дам вам документ, в нем все детали о феномене фазового резонанса. Мне нужно 3 дня, чтобы собрать прототип устройства, которое превращает ретранслятор связи в источник фазового резонанса. Затем обсудим дальше.""",dpl_musician_leave:Хорошо. Звучит отлично.,
dpl_MusicianFirstTime,PopulateOptions,"$id == eliza_lovelace
!$global.dpl_preparingMusician
!$market.dpl_askedMusician
$market.dpl_PhaseResAsked",,,dpl_MusicianFT:Привет Элиза. Ты закончила прототип?,
dpl_MusicianFirstTime1,DialogOptionSelected,$option == dpl_MusicianFT,"Highlight ""30 days""
$market.dpl_askedMusician = true
AddRemoveAnyItem SPECIAL dpl_musician 1","Элиза улыбается: ""Готово. Я называю это устройство ""musician"". Если коротко, это стальной модуль, который устанавливает фазовые катушки на ретранслятор связи и автоматически тонко настраивает его, чтобы ретранслятор мог запускать фазовый резонанс.""

Она глубоко вдыхает: ""Чтобы установить устройство, вам нужно контролировать ретранслятор. У устройства запас энергии на 30 дней. Когда энергия закончится, оно бесполезно. Поэтому обязательно проводите фазовый резонанс до исчерпания питания.""",dpl_MusicianFT1:Понял. Есть что-то еще что мне нужно знать?,
dpl_MusicianFirstTime2,DialogOptionSelected,$option == dpl_MusicianFT1,,"Элиза вздыхает: ""Как и любой великой музыке, нам нужен исполнитель. По-настоящему выдающийся, кто способен услышать музыку и исполнить ее, когда сцена готова.""",dpl_MusicianFT2:Единственный кто мне известен для этого - ты.,
dpl_MusicianFirstTime3,DialogOptionSelected,$option == dpl_MusicianFT2,"Highlight ""3 months""","Элиза закрывает глаза: ""Но я должна оставаться здесь как член комитета. Думаю, Элли сможет это сделать и будет рада помочь. Значит для использования фазового резонанса вам нужны: ретранслятор связи под вашим контролем, устройство musician и Элли в составе флота. Когда все готово, вы отправляете сигнал инициации, Элли начинает исполнение, а модифицированный ретранслятор вызывает фазовый резонанс во вражеских флотах. Только помните: после выступления Элли нужно 3 месяца отдыха до следующего исполнения.""",dpl_MusicianFT3:Понял. Какой будет результат?,
dpl_MusicianFirstTime4,DialogOptionSelected,$option == dpl_MusicianFT3,,"Элиза улыбается: ""Скорее всего, ваш ретранслятор связи взорвется, а их электроника выгорит. Им потребуется несколько дней, чтобы восстановить боеготовность.""

Она делает паузу и вздыхает: ""Что касается станций, они тоже попадут под фазовый резонанс. Потеря всей электроники означает, что станция начнет снижать орбиту и рухнет на планету. Мне жаль тех, кто будет там находиться.""",dpl_MusicianFT4:Понятно. Спасибо Элиза!,
dpl_MusicianFirstTime5,DialogOptionSelected,$option == dpl_MusicianFT4,,"Элиза смотрит вам в глаза: ""Капитан $playerName, я верю, что вы понимаете, насколько это оружие мощное. И я доверяю вашим решениям о том, когда его применять. Пообещайте, что будете использовать его только при необходимости.""",dpl_MusicianFT5:Обещаю. Я буду применять это только когда действительно необходимо.,
dpl_MusicianFirstTime6,DialogOptionSelected,$option == dpl_MusicianFT5,,"Элиза улыбается: ""Отлично, капитан $playerName. Мы действительно создали нечто прекрасное. Теперь вы можете использовать наше творение.""",dpl_musician_leave:Отлично! Тогда до встречи!,
dpl_Musician,PopulateOptions,"$id == eliza_lovelace
!PlayerHasCargo dpl_musician
$market.dpl_askedMusician
$market.dpl_PhaseResAsked","SetStoryOption dpl_ask_Musician 3 historianBP general ""Asked Eliza for musician device.""",,dpl_Musician:Привет Элиза. Можно запросить еще устройство musician?,
dpl_Musician1,DialogOptionSelected,$option == dpl_Musician,AddRemoveAnyItem SPECIAL dpl_musician 1,"Элиза улыбается: ""Конечно. После создания прототипа мы уже можем производить их эффективнее. Я распоряжусь на местных фабриках.""

Через несколько часов устройство ""musician"" доставляют вашему флоту.",dpl_musician_leave:Спасибо Элиза! До встречи!,
dpl_MusicianEnd,DialogOptionSelected,$option == dpl_musician_leave,"ShowDefaultVisual
EndConversation",,,
dpl_PhaseResFirstTimeDev,PopulateOptions,"$id == eliza_lovelace
!$market.dpl_PhaseResAsked
$global.isDevMode",SetOptionColor dpl_PhaseResAskFT gray,,dpl_PhaseResAskFT:Привет Элиза. Твое оружие великолепно! Я хочу узнать больше о фазовом резонансе.,
,,,,,,
#Unlocks Elly After Completion,,,,,,
dpl_EllyJoinAskDev,PopulateOptions,"$id == eliza_lovelace
$global.isDevMode",,,dpl_pilgrimage_EllyYes:Попросить Элли присоединиться к вашему флоту.,
dpl_EllyJoinAskFirstTime,PopulateOptions,"$id == eliza_lovelace
!$global.dpl_EllyRepair
!$dpl_EllyJoined
$global.dpl_pilgrimage_Completed
!$global.dpl_EllySawSatBomb",,,dpl_pilgrimage_AskEllyFT:Привет Элиза. Мне нужна военная поддержка. Бои очень тяжелые.,
dpl_EllyJoinAskFirstTime1,DialogOptionSelected,$option == dpl_pilgrimage_AskEllyFT,"Highlight ""9000"" ""one cycle"" ""another months""
SetStoryOption dpl_pilgrimage_EllyYes 6 hireMerc ui_char_spent_story_point_leadership ""Hired Elly Lovelace""","Элиза улыбается: ""Понимаю, капитан $playerName. Я бы хотела отправить флот или сама пойти с вами, но не могу. Однако Элли рядом со мной, и я могу убедить ее помочь вам. Она сражается рядом со мной уже десятилетия, и ее боевые навыки превосходны. Скажу так: даже во флоте Domain вы вряд ли найдете кого-то лучше нее в пилотировании, кроме себя.""

""Если помощь действительно нужна, вот условия. Относитесь к ней так, как если бы вы отдавали приказы лично мне. Она войдет в ваш флот как офицер-наемник, вы сможете назначить ей любой корабль, и она справится."" Элиза делает глоток чая. ""Стартовая выплата не требуется, ее зарплата составит 9000 кредитов в месяц. Она служит во флоте один цикл. По истечении срока она вернется ко мне при вашей стыковке на любом рынке.""

Она вздыхает: ""Как морской офицер она будет лояльна вам на время службы, даже если вы не сможете оплачивать зарплату. Поэтому вы можете в любой момент прекратить службу, если захотите сэкономить кредиты. Мне нужен еще месяц, чтобы подготовить оборудование для ее обслуживания и все правильно настроить. Само обслуживание быстрое, но подготовка требует времени. Мы всегда рады помочь, если Элли готова. Подходит?""

(Примечание: эти 6 сюжетных очков требуются только один раз. Для повторного найма Элли сюжетные очки НЕ требуются.)","dpl_pilgrimage_EllyYes:Звучит отлично. Пусть Элли поможет мне. (Открывает Элли)
cutCommLink:Спасибо. Пока я справлюсь сам. Спрошу об этом когда действительно понадобится.",
dpl_EllyJoinAsk,PopulateOptions,"$id == eliza_lovelace
!$global.dpl_EllyRepair
$dpl_EllyJoined
$global.dpl_pilgrimage_Completed
!$global.dpl_EllySawSatBomb",,,dpl_pilgrimage_AskElly:Привет Элиза. Мне нужна военная поддержка. Бои очень тяжелые.,
dpl_EllyJoinAsk1,DialogOptionSelected,$option == dpl_pilgrimage_AskElly,"Highlight ""9000"" ""one cycle"" ""another months""","Элиза улыбается: ""Понимаю, капитан $playerName. Я бы хотела отправить флот или сама пойти с вами, но не могу. Однако Элли рядом со мной, и я могу убедить ее помочь вам. Она сражается рядом со мной уже десятилетия, и ее боевые навыки превосходны. Скажу так: даже во флоте Domain вы вряд ли найдете кого-то лучше нее в пилотировании, кроме себя.""

""Если помощь действительно нужна, вот условия. Относитесь к ней так, как если бы вы отдавали приказы лично мне. Она войдет в ваш флот как офицер-наемник, вы сможете назначить ей любой корабль, и она справится."" Элиза делает глоток чая. ""Стартовая выплата не требуется, ее зарплата составит 9000 кредитов в месяц. Она служит во флоте один цикл. По истечении срока она вернется ко мне при вашей стыковке на любом рынке.""

Она вздыхает: ""Как морской офицер она будет лояльна вам на время службы, даже если вы не сможете оплачивать зарплату. Поэтому вы можете в любой момент прекратить службу, если захотите сэкономить кредиты. Мне нужен еще месяц, чтобы подготовить оборудование для ее обслуживания и все правильно настроить. Само обслуживание быстрое, но подготовка требует времени. Мы всегда рады помочь, если Элли готова. Подходит?""","dpl_pilgrimage_EllyYes:Звучит отлично. Пусть Элли поможет мне.
cutCommLink:Спасибо. Пока я справлюсь сам. Спрошу об этом когда действительно понадобится.",
dpl_EllyJoinResult,DialogOptionSelected,$option == dpl_pilgrimage_EllyYes,"ShowSecondPerson elly_lovelace
$global.dpl_EllyStays = true 360
$global.dpl_EllyRepair = true 390
$dpl_EllyJoined = true
dpl_officer_CMD EllyJoins","Элли выходит из небольшой личной зоны отдыха в кабинете Элизы.

""Abstract Type override: Conversation as Entry.
Entry: $playerName wants help in combats. Eliza Lovelace wants to persuade Self helping $playerName.
Processing.
Call: Communication Module
Output: 'Убеждать self не нужно. Self хочет помочь $playerName. Потому что друзья. Self помогает.'
Memory Updated.
Waiting for Response.""",cutCommLink:Пойдем Элли. Сделаем что-то великое!,
dpl_EllyLeaves,MarketPostDock,"$tradeMode != NONE
!$global.dpl_EllyStays
$global.dpl_pilgrimage_Completed
dpl_officer_CMD CheckElly score:1000","ShowPersonVisual true elly_lovelace
dpl_officer_CMD EllyLeaves","Вы получили зашифрованное личное сообщение высокой важности.

""Initiating Communication.
Call: Communication Module
Output: 'К Элизе self должна идти. Техобслуживание self нужно.'
Waiting for Response.""",cutCommLink:Хорошо. Береги себя Элли.,
,,,,,,
#Unlocks Greater Kapteyn After Completion,,,,,,
dpl_GKJoinAskDev,PopulateOptions,"$id == station_kapteyn
$global.isDevMode",,,dpl_fssk_visitGK:Посетить адрес который дал Greater Kapteyn.,
dpl_GKJoinAskFirstTime,PopulateOptions,"$id == station_kapteyn
$player.dpl_CanHireGK
!$player.dpl_GKJoined
!dpl_officer_CMD CheckGK
!$global.dpl_GKSawSatBomb",,,dpl_fssk_visitGK:Посетить адрес который дал Greater Kapteyn.,
dpl_GKJoinAskFirstTime1,DialogOptionSelected,$option == dpl_fssk_visitGK,"ShowPersonVisual true kapteyn_greater
SetStoryOption dpl_fssk_visitGK1 2 hireMerc ui_char_spent_story_point_leadership ""Hired Greater Kapteyn""","Greater Kapteyn открывает дверь: ""Привет, капитан $playerName! Добро пожаловать!""","dpl_fssk_visitGK1:Мне снова нужна твоя помощь.
cutCommLink:Я просто зашел на минуту. До встречи!",
dpl_GKJoinAsk,PopulateOptions,"$id == station_kapteyn
$player.dpl_CanHireGK
$player.dpl_GKJoined
!dpl_officer_CMD CheckGK
!$global.dpl_GKSawSatBomb",,,dpl_fssk_visitGK:Посетить адрес который дал Greater Kapteyn.,
dpl_GKJoinAsk1,DialogOptionSelected,$option == dpl_fssk_visitGK,ShowPersonVisual true kapteyn_greater,"Greater Kapteyn открывает дверь: ""Привет, капитан $playerName! Добро пожаловать!""","dpl_fssk_visitGK1:Мне снова нужна твоя помощь.
cutCommLink:Я просто зашел на минуту. До встречи!",
dpl_GKJoinResult,DialogOptionSelected,$option == dpl_fssk_visitGK1,"$player.dpl_GKJoined = true
dpl_officer_CMD GKJoins","Greater Kapteyn улыбается: ""Конечно! Я всегда рад подставить плечо. Без проблем.""",cutCommLink:Отлично!,
,,,,,,
#Eliza Change Portrait,,,,,,
dpl_ElizaChangePortraitStart,PopulateOptions,"$global.dpl_PrometheusCompleted
$id == eliza_lovelace",,,dpl_ElizaChangePortraitStart:Попросить Элизу надеть другую одежду.,
dpl_ElizaChangePortraitStart1,DialogOptionSelected,$option == dpl_ElizaChangePortraitStart,FireAll dpl_ElizaPortraitOptions,"Элиза улыбается: ""Как думаешь, какая одежда мне идет лучше? Мне любопытно.""",,
dpl_ElizaChangePortraitDress,dpl_ElizaPortraitOptions,"$global.dpl_PrometheusCompleted
$player.dpl_ElizaGoodEnd
$id == eliza_lovelace
!$dpl_ElizaInDress",,,dpl_ElizaChangePortraitDress:Попросить Элизу надеть платье.,
dpl_ElizaChangePortraitDress1,DialogOptionSelected,$option == dpl_ElizaChangePortraitDress,"dpl_Objectives ElizaWearDress
$dpl_ElizaInDress = true
unset $dpl_ElizaInUniform
unset $dpl_ElizaInLabCoat
FireAll dpl_ElizaPortraitOptions","Элиза надевает платье: ""Ну как, мне идет?""",,
dpl_ElizaChangePortraitUniform,dpl_ElizaPortraitOptions,"$global.dpl_PrometheusCompleted
$id == eliza_lovelace
!$dpl_ElizaInUniform",,,dpl_ElizaChangePortraitUniform:Попросить Элизу надеть форму.,
dpl_ElizaChangePortraitUniform1,DialogOptionSelected,$option == dpl_ElizaChangePortraitUniform,"dpl_Objectives ElizaWearUniform
$dpl_ElizaInUniform = true
unset $dpl_ElizaInDress
unset $dpl_ElizaInLabCoat
FireAll dpl_ElizaPortraitOptions","Элиза надевает форму: ""Ну как, мне идет?""",,
dpl_ElizaChangePortraitLabCoat,dpl_ElizaPortraitOptions,"$global.dpl_PrometheusCompleted
$id == eliza_lovelace
!$dpl_ElizaInLabCoat",,,dpl_ElizaChangePortraitLabCoat:Попросить Элизу надеть лабораторный халат.,
dpl_ElizaChangePortraitLabCoat1,DialogOptionSelected,$option == dpl_ElizaChangePortraitLabCoat,"dpl_Objectives ElizaWearLabCoat
$dpl_ElizaInLabCoat = true
unset $dpl_ElizaInDress
unset $dpl_ElizaInUniform
FireAll dpl_ElizaPortraitOptions","Элиза надевает лабораторный халат: ""Ну как, мне идет?""",,
dpl_ElizaChangePortraitEnd,dpl_ElizaPortraitOptions,"$global.dpl_PrometheusCompleted
$id == eliza_lovelace",,,dpl_ElizaChangePortraitEnd:Сказать Элизе что этот вариант ей очень идет.,
dpl_ElizaChangePortraitEnd1,DialogOptionSelected,$option == dpl_ElizaChangePortraitEnd,FireAll PopulateOptions,"""После ухода с должности директора Lab так освежает примерять разные образы."" Элиза улыбается: ""Думаю, в офисе я буду носить именно это.""",,
,,,,,,
# Banach at different attitudes,,,,,,
dpl_BanachDefault,PickGreeting,$id == banach_salazar,"ShowPersonVisual
FireAll PopulateOptions","На ваш запрос связи пришло автоматическое сообщение: ""Добро пожаловать, $playerName. Старший исследователь Банах Салазар готов к вашему визиту. Пожалуйста, обсуждайте все вопросы лично."" Поэтому вы берете шаттл и отправляетесь в его кабинет.

Банах Салазар открывает дверь. Он улыбается: ""Рад видеть вас, $playerName! Есть что-то, что вы хотите обсудить со мной?""",dpl_banach_leave:Ничего особенного. Просто зашел поздороваться.,
dpl_BanachAskEliza,PopulateOptions,"$id == banach_salazar
!$dpl_asked_banach_eliza",,,dpl_banach_eliza:Как ты относишься к Элизе?,
dpl_BanachAskEliza1,DialogOptionSelected,$option == dpl_banach_eliza,$dpl_asked_banach_eliza = true,"Банах улыбается: ""Думаю, вы о вице-адмирале Лавлейс. Она блестящий гиперфизик, настоящий гений. Тогда я был капитаном крейсера класса Hydraulis и воевал вместе с ней в той эпической войне против дронов. Какие были времена.""",dpl_banach_eliza1:Так ты исследователь? Или офицер?,
dpl_BanachAskEliza2,DialogOptionSelected,$option == dpl_banach_eliza1,,"Банах смеется: ""И то и другое! Я гиперфизик и экспериментальный космолог. И одновременно морской офицер, командующий флотом. Сейчас как полевой исследователь я возглавляю экспедиционные силы Phase Lab, выполняю наблюдения и измерения интересных небесных объектов. А если видим активных дронов - тоже разбираемся с ними.""",dpl_banach_eliza2:Это обычная практика в Phase Lab?,
dpl_BanachAskEliza3,DialogOptionSelected,$option == dpl_banach_eliza2,,"Банах прочищает горло: ""О да! Раньше мы были военно-научным институтом Domain Navy. Большинство людей здесь - ученые, и многие из них служили во флоте до криосна. Многие такие ученые-военные тоже экспериментаторы вроде меня, поэтому мы ведем корабли и летаем в космос ради исследований.""",dpl_banach_leave:Спасибо. С тобой приятно поговорить!,
dpl_BanachAskBattle,PopulateOptions,"$id == banach_salazar
!$dpl_asked_banach_battle",,,dpl_banach_battle:Ты выдающийся командир. Как ты этому научился?,
dpl_BanachAskBattle1,DialogOptionSelected,$option == dpl_banach_battle,$dpl_asked_banach_battle = true,"Банах улыбается: ""Спасибо! Вы тоже выдающийся командир, и я рад, что мы сражались вместе. Как полевой исследователь я действительно командую флотами. А в опасные времена такие люди, как я, сотрудничают с флотом Phase Lab и участвуют в боях. Я до сих пор помню старые дни, когда защищал систему Muspelheim на DPLS Ode to Joy. Думаю, так я и получил командирские навыки.""",dpl_banach_battle1:Какая связь между флотом Phase Lab и департаментом безопасности Phase Lab?,
dpl_BanachAskBattle2,DialogOptionSelected,$option == dpl_banach_battle1,,"""Все сложно."" Банах пытается вспомнить историю. ""Департамент безопасности создали еще до развертывания в Персеанском секторе, и его задачей была базовая безопасность и оборона.""

""Флот Phase Lab появился после той эпической войны с дронами, чтобы защищать остальную часть Lab так, как раньше делал Domain Navy."" Он вздыхает. ""Но после заключения договора с Persean League Нельсон Бонапарт, тогдашний глава департамента безопасности, приказал влить флот Phase Lab в департамент безопасности. Потому что их функции почти полностью совпадали.""

Он прочищает горло: ""Так что сейчас департамент безопасности руководит флотом Phase Lab, системными оборонительными силами и морской пехотой Phase Lab. Очень большой департамент.""",dpl_banach_battle2:Как ты относишься к Нельсону Бонапарту?,
dpl_BanachAskBattle3,DialogOptionSelected,"$option == dpl_banach_battle2
!$global.dpl_pilgrimage_Completed",,"""Честно, он мне не нравится. Моя экспедиционная группа иногда работает совместно с ударными группами департамента безопасности, и их люди слишком боятся всего, что не гарантирует успех."" Он закрывает глаза. ""Я вижу, что Нельсон использует страх как инструмент управления, и считаю это неправильным. В любом случае, я благодарен, что не состою в департаменте безопасности.""",dpl_banach_leave:Полезно знать. Спасибо!,
dpl_BanachAskBattle3PilgDone,DialogOptionSelected,"$option == dpl_banach_battle2
$global.dpl_pilgrimage_Completed",,"""Я рад, что в итоге он ответил за свои действия."" Он закрывает глаза. ""Теперь у всех в департаменте безопасности Lab более светлое будущее.""",dpl_banach_leave:Полезно знать. Спасибо!,
dpl_BanachAskCommittee,PopulateOptions,"$id == banach_salazar
!$dpl_asked_banach_committee
$global.dpl_justice_Completed",,,dpl_banach_committee:Поздравляю! Теперь ты в комитете Phase Lab?,
dpl_BanachAskCommittee1,DialogOptionSelected,$option == dpl_banach_committee,$dpl_asked_banach_committee = true,"Банах встает и отдает вам салют Domain Navy. Он довольно высокий, и вы раньше этого не замечали. Он улыбается: ""Поздравляю вас, $playerName. Вы теперь настоящий герой войны! Что до комитета: да, Элиза давно приглашала меня в совет комитета помогать в принятии решений. Я не принял приглашение, потому что считал исследования и экспедиции небесных объектов важнее решений в центральных мирах.""

Он вздыхает: ""Но после этой трагедии я понял, что пора пересмотреть выбор. Я решил войти в комитет и вносить вклад менее напрямую, но более влиятельно. Рад, что большинство членов комитета согласились и проголосовали за то, чтобы я занял место Нельсона.""",dpl_banach_committee1:И как комитет планирует поступить с департаментом безопасности сейчас?,
dpl_BanachAskCommittee2,DialogOptionSelected,$option == dpl_banach_committee1,,"Он смеется: ""Вы, конечно, охотитесь за внутренней информацией, не так ли. Что могу сказать: сейчас у комитета нет единой позиции. Спорят о двух вопросах: кто станет главой департамента и как не допустить повторения такой трагедии.""

Он закрывает глаза: ""Моя идея такая: почему бы не взять пример с Domain Navy, где несколько старших адмиралов образуют военно-морской совет, и уже этот совет руководит департаментом безопасности.""",dpl_banach_committee2:А что говорит Элиза? Она никогда не обсуждает это со мной.,
dpl_BanachAskCommittee3,DialogOptionSelected,$option == dpl_banach_committee2,,"Он вздыхает: ""Ничего. И я бы советовал не поднимать эту тему при ней. Эта трагедия давит на нее сильнее, чем на кого-либо из нас.""

Он пытается восстановить воспоминания: ""Она действительно заботится обо всех в Phase Lab. В музее истории Phase Lab есть большая черная мемориальная стена с именами всех ушедших. Она приказала создать эту стену еще при строительстве музея, и каждое воскресенье все видели, как она молча долго молится перед ней.""

""Так что представьте, что эта трагедия значит для нее. Это очень больно."" Он закрывает глаза. ""У нее и так слишком много забот и давления. Пожалуйста, не раните ее этой темой снова.""",dpl_banach_committee3:Как думаешь я могу стать главой департамента безопасности?,
dpl_BanachAskCommittee4,DialogOptionSelected,$option == dpl_banach_committee3,,"Он смеется: ""О, капитан $playerName, у вас отличное чувство юмора. Постараюсь ответить достойно. Думаю, никто бы не возражал. Но устроит ли вас роль только главы департамента?""",dpl_banach_leave:Хорошо сказано! Спасибо за истории и береги себя!,
dpl_BanachAskMessage,PopulateOptions,"$id == banach_salazar
!$dpl_asked_banach_message",,,dpl_banach_message:Почему в авто-сообщении ты не используешь воинское звание?,
dpl_BanachAskMessage1,DialogOptionSelected,$option == dpl_banach_message,$dpl_asked_banach_message = true,"Банах улыбается: ""Потому что в первую очередь я всегда исследователь, а уже потом офицер. Я ценю идентичность старшего исследователя больше ранга, поэтому и выбрал ее для авто-сообщения.""",dpl_banach_message1:Звучит круто!,
dpl_BanachAskMessage2,DialogOptionSelected,$option == dpl_banach_message1,,"""Спасибо!"" Он смеется: ""Хотите узнать что-то еще?""",dpl_banach_leave:Пока нет. Спасибо!,
dpl_BanachLeave,DialogOptionSelected,$option == dpl_banach_leave,"ShowDefaultVisual
EndConversation",,,
,,,,,,
# weapon sale,,,,,,
dpl_weapon_salesBlurb,dpl_weapon_sales_blurb,,,"""Вы соответствуете требованиям для ограниченной выдачи части нашего засекреченного оружия. Я могу оформить заявку для вас.""",,
dpl_weapon_salesOfferOption,dpl_weapon_sales_option,,SetOptionColor dpl_weapon_sales_start buttonShortcut,,dpl_weapon_sales_start:Спросить об ограниченной выдаче оружия.,
dpl_weapon_salesOfferTextContact,DialogOptionSelected,$option == dpl_weapon_sales_start,"$missionId = dpl_weapon_sales
SetTextHighlights $dpl_weapon_sales_price
DoCanAffordCheck 300000 contact_accept false","Она улыбается: ""Мы планируем ограниченную выдачу засекреченного оружия под названием ""Song of Chaos"" для департамента безопасности и наших военно-морских сил. Учитывая ваши выдающиеся заслуги, вы квалифицированы как важное лицо для участия в этой выдаче. Это лучевое оружие, работающее по принципу ионных лучей, но использующее щиты и броню противника для генерации высокочастотных энергетических дуг. Поймите, из-за режима секретности я не могу показать больше деталей до вашего согласия участвовать.""

Она достает документ: ""Вам нужно $dpl_weapon_sales_price кредитов, чтобы покрыть стоимость, и вы получите две копии этого оружия. Если интересно, просто подпишите здесь, остальное я оформлю сама.""","contact_accept:Купить оружие за $dpl_weapon_sales_price кредитов
contact_decline:Отказаться",
dpl_weapon_salesPostAccept,ContactPostAccept,$missionId == dpl_weapon_sales,"ShowPersonVisual
RemoveCommodity credits $dpl_weapon_sales_price
AddRemoveAnyItem WEAPONS dpl_song_of_chaos 2
AdjustRepPerson eliza_lovelace COOPERATIVE 5
AdjustRep dpl_phase_lab 5",,,
,,,,,,
# custom military bounty,,,,,,
dpl_mcbBlurb,dpl_mcb_blurb,$id == eliza_lovelace,,"""В мой офис поступили новые цели,"" $heOrShe вздыхает. ""Если сможете взять часть на себя, это сильно разгрузит меня.""",,
dpl_mcbOfferOption,dpl_mcb_option,$id == eliza_lovelace,,,dpl_mcb_start:Спросить о доступных целях.,
dpl_mcbOfferTextContact,DialogOptionSelected,$option == dpl_mcb_start,"$missionId = dpl_mcb
$option = dpl_mcb_showOptions 0
FireBest DialogOptionSelected","""У нас есть несколько вариантов."" $Post $personLastName выводит общий экран с таблицей разведданных. ""Флот Phase Lab сам займется тем, что вы решите не брать. Так что выбор за вами. Какой тип задания вам по силам?""",,
dpl_mcbLowSel,DialogOptionSelected,$option == dpl_mcb_low,"$dpl_mcb_difficulty = LOW 0
FireBest dpl_MCBShowBounty",,,
dpl_mcbNormalSel,DialogOptionSelected,$option == dpl_mcb_normal,"$dpl_mcb_difficulty = NORMAL 0
FireBest dpl_MCBShowBounty",,,
dpl_mcbHighSel,DialogOptionSelected,$option == dpl_mcb_high,"$dpl_mcb_difficulty = HIGH 0
FireBest dpl_MCBShowBounty",,,
dpl_MCBShowBounty,dpl_MCBShowBounty,,Call $dpl_mcb_ref showBountyDetail,,dpl_mcb_showIntel:Продолжить,
dpl_MCBShowBountyShowShips,DialogOptionSelected,$option == dpl_mcb_showIntel,Call $dpl_mcb_ref showBountyAssessment,,"contact_accept:Принять
contact_decline:Отказаться
dpl_mcb_showOptions:Спросить о другой цели",
dpl_mcbGoBackSel,DialogOptionSelected,$option == dpl_mcb_showOptions,"# removes map
ShowPersonVisual",,"dpl_mcb_low:Я бы предпочел более посильную цель.
dpl_mcb_normal:Подойдет любой вариант.
dpl_mcb_high:Мне нужна цель посложнее.
contact_decline:В другой раз. (отказаться)",
,,,,,,
# custom bounty offer details - military,,,,,,
dpl_CBPirate,CBPirateOfferDesc,$id == eliza_lovelace,Highlight $bcb_dist $bcb_reward $bcb_days,"$HeOrShe нажимает на одну из строк и увеличивает отчет. На голограмме из карточки ареста на вас смотрит хмурое лицо.

""Этот пират скрывается в системе $bcb_systemName, это в $bcb_dist световых годах отсюда. Поссорился с сообщником, тот заговорил. Этого хватило, чтобы подтвердить разведданные.""

""Награда - $bcb_reward кредитов, срок выполнения - $bcb_days дней. Берете?""",,
dpl_CBPather,CBPatherOfferDesc,$id == eliza_lovelace,Highlight $bcb_dist $bcb_reward $bcb_days,"""О, этот экземпляр тот еще,"" $heOrShe открывает досье. ""Оперативник Luddic Path. Связан с несколькими взрывами, пиратством и прочим стандартным набором. $bcb_TargetHeOrShe скрывается в системе $bcb_systemName, это прыжок на $bcb_dist световых года.""

""Обычно случайные Pathers меня не интересуют. Но этот лично координировал атаки на исследовательские объекты Phase Lab, и я не могу позволить им срывать наш прогресс. Награда за работу - $bcb_reward кредитов. У вас будет $bcb_days дней, чтобы устранить $bcb_targetHimOrHer. Интересно?""",,
dpl_CBDeserter,CBDeserterOfferDesc,$id == eliza_lovelace,Highlight $bcb_dist $bcb_reward $bcb_days,"""Я бы лично занялся этим, если бы мог покинуть станцию и снова командовать флотом,"" $heOrShe морщится так, будто попробовал что-то кислое. ""$bcb_targetName - предатель, дезертир из $thePersonFaction. Нужен показательный итог. Мы знаем, что $bcb_targetHeOrShe скрывается в системе $bcb_systemName, это в $bcb_dist световых годах отсюда.""

""Награда - $bcb_reward кредитов, срок - $bcb_days дней. Беретесь?""",,
dpl_CBMerc,CBMercOfferDesc,$id == eliza_lovelace,Highlight $bcb_dist $bcb_reward $bcb_days,"""Вот этот,"" $heOrShe выглядит раздраженно, ""эти отчаянные наемники нынче совсем обнаглели и шантажируют Phase Lab. Элитный наемник... подробности я раскрыть не могу. Скажем так: $bcb_targetHeOrShe пытался шантажировать одного человека и угрожал ему очень, очень неподобающими словами.""

$heOrShe вздыхает: ""Им повезло, или не повезло, что угрозы реально напугали многих членов комитета. Теперь комитет считает его тяжелой угрозой безопасности Phase Lab и давит на флот, чтобы угрозу устранили.""

$heOrShe продолжает: ""$bcb_TargetHeOrShe прячется в системе $bcb_systemName - это в $bcb_dist световых годах. Награда $bcb_reward кредитов - повышенная из-за риска. Не недооценивайте $bcb_targetHimOrHer. Срок выполнения $bcb_days дней.""

$HeOrShe смотрит на вас мрачно и решительно. ""Чтобы вы знали, вы не первый, кто пытается взять эту цель. После доклада о вылете патруля за этим преступником из департамента безопасности больше ничего не слышали. Нет ничего постыдного, если хотите отказаться. Возможно, комитет не преувеличивает, и тут действительно нужна полноценная ударная группа.""",,
dpl_CBDerelict,CBDerelictOfferDesc,$id == eliza_lovelace,Highlight $bcb_dist $bcb_reward $bcb_days,"""Этот вариант весьма раздражает. Нам это не особенно интересно, но COMSEC Гегемонии требует действий по нашему договору."" Вы замечаете на брифинге множество блоков REDACTED, пока $personName листает детали. ""Флот дереликтных боевых дронов эпохи Доминиона замечен в системе $bcb_systemName, в $bcb_dist световых годах отсюда.""

""Обычно они спят и охраняют какой-то забытый зонд, ловя исследователей врасплох. Здесь иначе."" $HeOrShe вздыхает. ""COMSEC Гегемонии считает, что свободно блуждающий флот таких машин по какой-то причине крайне опасен, и требует нашей помощи в уничтожении по договору. Надо было вписать в договор, что мы помогаем только с теми синими дронами...""

""Теперь действовать все равно придется. Награда $bcb_reward кредитов - выше обычной, за риск и за дискретность."" $Rank $personLastName усмехается черным юмором: ""Нам не нужно, чтобы секреты утекли гражданским, ха-ха.""

""Вы возьмете это? Нам нужно закрыть вопрос за $bcb_days дней.""",,
dpl_CBRemnant,CBRemnantOfferDesc,$id == eliza_lovelace,Highlight $bcb_dist $bcb_reward $bcb_days,"""Это серьезно. Информация передана из COMSEC Гегемонии по договору о совместной зачистке дронов."" Вы замечаете на брифинге множество блоков REDACTED, пока $personName листает детали. ""Флот дронов Remnant обнаружен в системе $bcb_systemName, всего в $bcb_dist световых годах отсюда.""

""Эти дроны нужно уничтожить, они унесли много жизней Phase Lab во время нашего перехода в сектор."" $heOrShe делает паузу, чтобы успокоиться, и продолжает: ""Другие могут недооценивать эту угрозу, но мы никогда не забудем.""

""Я был бы искренне признателен, если вы поможете. Нам слишком долго собирать флот для вылета так далеко и ликвидации этой стаи. Награда $bcb_reward кредитов - выше обычной, за риск и за дискретность. Я, представляя Phase Lab, прошу завершить это в срок $bcb_days дней.""",,
dpl_CBRemnantStation,CBRemnantStationOfferDesc,$id == eliza_lovelace,Highlight $bcb_dist $bcb_reward $bcb_days,"""Это будет непросто. Цель высокого приоритета с маркировкой COMSEC Гегемонии, переданная нам по договору совместной зачистки дронов,"" $heOrShe внимательно наблюдает за вами. ""Дальний патруль Гегемонии зафиксировал сброс зонда в системе $bcb_systemName, в $bcb_dist световых годах. Вот что он нашел.""

$Rank $personLastName выводит общий экран, пролистывая предупреждения REDACTED и биометрические подтверждения. На зернистом изображении видна крупная орбитальная структура, секции выделены ложным цветом и подписаны исследователем Phase Lab и аналитиком Гегемонии. ""Рабочая дрон-станция - Гегемония называет их ""Remnant Station"". Гегемония действует слишком медленно из-за бюрократии. Но Phase Lab не может игнорировать угрозы, связанные с дронами."" Одним жестом $rank убирает изображение.

""Я хочу, чтобы эти консервные банки исчезли как можно быстрее. Они уже дважды принесли катастрофы Phase Lab,"" $heOrShe делает паузу, чтобы успокоиться. ""Награда $bcb_reward кредитов за риск и конфиденциальность. Мне нужно, чтобы угроза была устранена за $bcb_days дней. Поможете?""",,
dpl_CBRemnantPlus,dpl_CBRemnantPlusOfferDesc,$id == eliza_lovelace,Highlight $bcb_dist $bcb_reward $bcb_days,"""Наконец мои экзотические друзья снова появились. Я никак не могу забыть то выступление, правда? Это была лучшая музыка, которую я когда-либо пела, и все было бы идеально, если бы я не растворилась в ритме и не отключилась в конце..."" $heOrShe улыбается с необычным возбуждением, ее глаза будто светятся как активная фазовая катушка, и вам кажется, что откуда-то доносится тонкий высокий звук.

Внезапно все странные ощущения исчезают. Элиза успокаивается, делает глоток чая и переходит к делу: ""Я отправила специальную группу на окраинные миры в поисках вдохновляющих феноменов и данных по небесным объектам. Связь с ними пропала в системе $bcb_systemName, в $bcb_dist световых годах. И они успели заметить весьма экзотический флот дронов."" $Rank $personLastName показывает зернистое изображение, почти один силуэт в ложном цвете. Угловатая форма. ""Я встречала этих экзотических друзей давно. Они не ценят красоту музыки вселенной. И меня очень тревожит, почему они рядом с дронами."" Жестом $rank убирает изображение.

""Я знаю, насколько они опасны, поэтому мне нужен легендарный капитан, чтобы закрыть этот вопрос. Награда - $bcb_reward кредитов. Я бы сама полетела туда, но не могу покинуть Research Site V."" $heOrShe вздыхает, смотрит вам в глаза и выглядит с сожалением. ""Если хотите отказаться - откажитесь, пока не поздно. Я не хочу повторять ошибок. Но и свои слова назад я не беру. Если решите помочь, пожалуйста, берегите себя и вернитесь живым. Хорошо?""",,
,,,,,,
# surplus ship hull,,,,,,
dpl_sShipBlurb,dpl_sShip_blurb,$id == eliza_lovelace,,"""У меня есть лишний $sShip_hullSize. Корпус военного класса, хорошего качества. Я подумал, что вам может быть интересно, и придержал его для вас.""",,
dpl_sShipOfferOption,dpl_sShip_option,$id == eliza_lovelace,,,dpl_sShip_start:Спросить о $sShip_hullSize,
dpl_sShipOfferTextContact,DialogOptionSelected,$option == dpl_sShip_start,"$missionId = dpl_sShip
SetTextHighlights $sShip_price","""Это $sShip_hullClass $sShip_hullSize в хорошем состоянии. Если этот корпус вам не нравится, я верну его в производственный отдел Lab. Но сначала хотел предложить его вам - за $sShip_price кредитов.""","dpl_sShip_look:Запросить подробные характеристики корабля
contact_decline:Отказаться",
dpl_sShipLookAtFreighter,DialogOptionSelected,$option == dpl_sShip_look,"Call $sShip_ref showShip
DoCanAffordCheck $sShip_price contact_accept false",$personName нажимает несколько клавиш и выводит характеристики корабля для вашего ознакомления.,"contact_accept:Купить $sShip_hullSize за $sShip_price кредитов
contact_decline:Отказаться",
dpl_sShipPostAccept,ContactPostAccept,$missionId == dpl_sShip,"ShowPersonVisual
RemoveCommodity credits $sShip_price
AddShip $sShip_member
Call $sShip_ref2 repSuccess
Call $sShip_ref2 addContacts",,,
,,,,,,
# Combat Extraction mission,,,,,,
dpl_extrBlurb1,dpl_extr_blurb,$extr_variation == COLONY,,"""Один из наших агентов в беде, и мне нужен кто-то для эвакуации. Разведка знает его текущее местоположение, но Phase Lab не может действовать открыто в такой миссии, так как мы уважаем регламенты других фракций в их пространстве. Поэтому мне нужен независимый союзник. Если сможете помочь, это будет большим одолжением для нашей разведки.""",,
dpl_extrOfferOption1,dpl_extr_option,$extr_variation == COLONY,,,dpl_extr_start:Спросить о нетипичной миссии эвакуации с участием крупной фракции,
dpl_extrBlurb2,dpl_extr_blurb,$extr_variation == PIRATE_BASE,,"""Один из наших агентов в беде, и мне нужен кто-то для эвакуации. Разведка знает его текущее местоположение, но я не могу отправить наш флот, потому что комитет не хочет оплачивать такую операцию ради одного агента. Поэтому мне нужен независимый союзник. Если сможете помочь, это будет большим одолжением для нашей разведки.""",,
dpl_extrOfferOption2,dpl_extr_option,$extr_variation == PIRATE_BASE,,,dpl_extr_start:Спросить о нестандартной миссии эвакуации с участием пиратов,
dpl_extrBlurb3,dpl_extr_blurb,$extr_variation == LUDDIC_PATH_BASE,,"""Один из наших агентов в беде и мне нужен кто-то, кто вытащит его. Разведотдел знает его текущее местоположение, но я не могу отправить один из наших флотов на эвакуацию: комитет не хочет портить отношения с луддитами ради одного агента. Поэтому мне нужен независимый человек для этой работы. Если поможете, вы получите мою благодарность и благодарность нашего Разведотдела.""",,
dpl_extrOfferOption3,dpl_extr_option,$extr_variation == LUDDIC_PATH_BASE,,,dpl_extr_start:Спросить о нестандартной миссии эвакуации с участием Путников,
dpl_extrOfferTextContact1,DialogOptionSelected,"$option == dpl_extr_start
$extr_variation == COLONY","$missionId = dpl_extr
SetTextHighlightColors h $extr_factionColor h
Highlight $extr_reward $extr_marketFaction $extr_marines
Call $extr_ref showMap ""Target: $extr_marketName""","""Капитан $playerName,"" говорит $heOrShe. ""Как я уже сказал, нам нужно вытащить агента из $extr_marketName. Разведка готова выплатить $extr_reward кредитов за успешную операцию.""

""Противник может вас ждать. Советую действовать тихо, потому что, как вы знаете, это колония $extr_marketFactionArticle $extr_marketFaction. Ситуация и без того запутанная.""

$HeOrShe на мгновение замолкает. Скрытое раздражение? ""Впрочем, у разведки есть неплохие данные о местной обороне,"" говорит $personLastName, быстро передавая вам файл - подробный тактический отчет.

Вы быстро просматриваете материалы и оцениваете, что для операции потребуется примерно $extr_marines морпехов.","contact_accept:Принять
contact_decline:Отказаться",
dpl_extrOfferTextContact2,DialogOptionSelected,"$option == dpl_extr_start
$extr_variation == PIRATE_BASE","$missionId = dpl_extr
SetTextHighlightColors h $extr_factionColor h
Highlight pirate $extr_reward $extr_marines
Call $extr_ref showMap ""Target: $extr_marketName""","""Один из наших агентов внедрился в окружение пиратского военачальника $extr_marketOnOrAt $extr_marketName. Если бы комитет согласовал, я бы с радостью отправил флот и стер этих наглых пиратов с карты. Но они не согласовали, поэтому нам нужно извлечь агента иным способом. Вы лучше всего подходите для этой задачи,"" $HeOrShe вздыхает. ""У разведки нет хороших быстрых вариантов, поэтому я обращаюсь к вам. Верните агента, и разведка выплатит вам $extr_reward кредитов.""

Несколько касаний консоли, и вы получаете поток данных. ""Разведсводка по обороне пиратов. Вслепую мы вас не отправляем.""

Быстрый просмотр показывает: для операции вам потребуется примерно $extr_marines морпехов.","contact_accept:Принять
contact_decline:Отказаться",
dpl_extrOfferTextContact3,DialogOptionSelected,"$option == dpl_extr_start
$extr_variation == LUDDIC_PATH_BASE","$missionId = dpl_extr
SetTextHighlightColors $extr_factionColor h h
Highlight ""Pathers"" $extr_reward $extr_marines
Call $extr_ref showMap ""Target: $extr_marketName""","""Один из наших агентов внедрился в воинственную луддитскую секту $extr_marketOnOrAt $extr_marketName,"" $HeOrShe смотрит вам в глаза. ""Да, Pathers. Если бы комитет согласовал, я бы с радостью отправил флот и стер этих беспощадных террористов с карты. Но они не согласовали, поэтому нам нужно извлечь агента иным способом. Вы лучше всего подходите для этой задачи,"" $HeOrShe вздыхает. ""У разведки нет хороших быстрых решений, поэтому я обращаюсь к вам. Верните агента, и разведка выплатит вам $extr_reward кредитов.""

Несколько касаний консоли, и вы получаете поток данных. ""Разведсводка по обороне Pathers. Вслепую мы вас не отправляем.""

Быстрый просмотр показывает: для операции вам потребуется примерно $extr_marines морпехов.","contact_accept:Принять
contact_decline:Отказаться",
# interaction with target market,,,,,,
dpl_extrOpenMarket1,OpenInteractionDialog,"$market.extr_target score:1000
Call $market.extr_ref updateData
$extr_variation == COLONY
!$extr_addedRaidObjective","AddRaidObjective genericIcon ""Perform extraction operation"" $extr_danger 3000 extrRaidFinished
$extr_addedRaidObjective = true 0
FireBest OpenInteractionDialog",,,
dpl_extrOpenMarket2,OpenInteractionDialog,"$market.extr_target score:1000
Call $market.extr_ref updateData
$extr_variation == PIRATE_BASE
!$extr_addedRaidObjective","AddRaidObjective genericIcon ""Perform extraction operation""$extr_danger 5000 extrRaidFinished
$extr_addedRaidObjective = true 0
FireBest OpenInteractionDialog",,,
dpl_extrOpenMarket3,OpenInteractionDialog,"$market.extr_target score:1000
Call $market.extr_ref updateData
$extr_variation == LUDDIC_PATH_BASE
!$extr_addedRaidObjective","AddRaidObjective genericIcon ""Perform extraction operation"" $extr_danger 5000 extrRaidFinished
$extr_addedRaidObjective = true 0
FireBest OpenInteractionDialog",,,
dpl_extrRaidFinished1,extrRaidFinished,"$extr_variation == COLONY
Call $market.extr_ref updateData","$market.extr_needToReturn = true
Call $market.extr_ref updateStage","Вы ощущаете легкий рывок через аграв-плиты, когда штурмовой шаттл стыкуется. Вы одобрительно киваете медику и морпехам, сопровождающим спасенного агента; они отвечают салютом. Агент слишком оглушен, чтобы понять, кто его спас.

Это неважно.",,
dpl_extrRaidFinished2,extrRaidFinished,"$extr_variation == PIRATE_BASE
Call $market.extr_ref updateData","$market.extr_needToReturn = true
Call $market.extr_ref updateStage","Эвакуированного агента, окровавленного, но живого, медик и двое охранников сопровождают в защищенные каюты.

По связи сыплются проклятия и бессильные клятвы мести. Вы киваете офицеру связи, и тот обрывает открытый канал.",,
dpl_extrRaidFinished3,extrRaidFinished,"$extr_variation == LUDDIC_PATH_BASE
Call $market.extr_ref updateData","$market.extr_needToReturn = true
Call $market.extr_ref updateStage","Эвакуированного агента, измотанного, но живого и отчаянно нуждающегося в долгом душе, медик и двое охранников сопровождают в защищенные каюты.

По связи сыплются проклятия и бессильные клятвы мести. Вы киваете офицеру связи, и тот обрывает открытый канал.",,
dpl_extr_barIntercept,DialogOptionSelected,"$option == dpl_marketVisitBar
$market.extr_target score:1000
!$extr_skipBarIntercept
Call $market.extr_ref updateData",,"Шаттл выполняет финальный заход в портовый район, пилот корректирует курс короткими импульсами ориентационных двигателей.

Ваш канал связи подает сигнал. Появляется входящий запрос - зашифрованное голосовое соединение от неизвестного источника.","dpl_extr_pickUp:Принять запрос на соединение
dpl_extr_ignore:Игнорировать и идти в бар",
dpl_extr_barIgnore,DialogOptionSelected,$option == dpl_extr_ignore,"$option = marketVisitBar
$extr_skipBarIntercept = true 0
FireBest DialogOptionSelected
unset $extr_skipBarIntercept",,,
dpl_extr_barPickUp,DialogOptionSelected,$option == dpl_extr_pickUp,"SetStoryOption extr_storyOption general ""Negotiated a peaceful handover of the target""
Highlight $extr_storyCost
DoCanAffordCheck $extr_storyCost extr_storyOption false","Вы принимаете запрос. Из шумного экрана TriPad раздается голос.

""Капитан $playerName. Я знаю, зачем вы здесь на самом деле. Думаю, вы и я можем решить ситуацию лично, хотя я должен сохранять анонимность по политическим причинам.""

""Я понимаю, что ваша способность применять смертельную силу весьма существенна. Я предлагаю путь с минимальным кровопролитием.""

""Вам придется довериться мне, капитан. И, разумеется, я не могу просто так отдать то, что вам нужно; цена компромисса - $extr_storyCost кредитов. Надеюсь, такой вариант вас устроит с учетом альтернативы.""","dpl_extr_storyOption:Сотрудничать с голосом и заплатить кредиты
dpl_extr_ignore:Закрыть соединение и идти в бар",
dpl_extr_barStoryOption1,DialogOptionSelected,$option == dpl_extr_storyOption,RemoveCommodity credits $extr_storyCost,"Голос передает вам одноразовый номерной счет для перевода кредитов.

""Отлично, капитан,"" говорит анонимный голос. ""Подтверждаю получение оплаты. С этого момента на организацию всего необходимого уйдет совсем немного времени.""

Голос инструктирует вас идти в конкретный бар $extr_barName у конкорса. ""Прощайте, капитан $playerName,"" говорит он в последний раз.

С неприятным ощущением, что цель - и ваши кредиты - ускользают с каждой минутой, вы входите в бар.",dpl_extr_continue1:Продолжить,
dpl_extr_barStoryOption2,DialogOptionSelected,$option == dpl_extr_continue1,"$market.extr_needToReturn = true
Call $market.extr_ref updateStage
FireAll extrBarStoryOptionHub","Хозяин поднимает взгляд, как только вы входите в тускло освещенный зал. ""Эй!"" От тона вы напрягаетесь. ""Нельзя просто оставлять друга спать у меня, я не гостиница, ясно?"" Это, должно быть, $extr_barOwner.

$extr_barOwner тянет вас в темный угол бара, где фигура валяется как мертвецки пьяная; радиозащитный капюшон сполз на лицо. Вы откидываете его, и это действительно ваша цель эвакуации. Бледный, без сознания, пускает слюни, но лицо совпадает с данными.

""Мне проблемы не нужны, может ваш дружок на химии, я вопросов не задаю. Но видишь, я о нем позаботился, да? Муниципалам не звонил. Теперь забирай его и уходи. Давай, вон!"" Он пытается вытолкать вас к двери, пока вы поднимаете обмякшее тело.","

",
dpl_extr_barStoryOptionHubA,extrBarStoryOptionHub,,,,dpl_extr_continue2:Уйти,
dpl_extr_barStoryOptionHubB,extrBarStoryOptionHub,!$askedRecognize,,,dpl_extr_continue3a:Погоди. Как ты меня узнал?,
dpl_extr_barStoryOptionHubC,extrBarStoryOptionHub,!$askedHow,,,dpl_extr_continue3b:Как мой друг оказался здесь?,
dpl_extr_barStoryOption3a,DialogOptionSelected,$option == dpl_extr_continue3a,"$askedRecognize = true 0
FireAll extrBarStoryOptionHub","$extr_barOwner закатывает глаза: ""Твой другой друг показал мне твою голограмму. Сказал, мол, мой другой друг, космический капитан, скоро придет забрать этого.""

""А теперь уходи. Я не хочу, чтобы думали, будто у меня плохая выпивка или будто $extr_barOwner держит заведение без класса. Давай, давай!""",,
dpl_extr_barStoryOption3b,DialogOptionSelected,$option == dpl_extr_continue3b,"$askedHow = true 0
FireAll extrBarStoryOptionHub","$extr_barOwner громко вздыхает: ""Я расскажу, и ты уйдешь, да? Тогда слушай: я ничего не видел. У меня спейсерский бар, а не детский приют. Люди приходят, люди уходят. Я не смотрю слишком пристально, не задаю важных вопросов, только ""как рейс?"" или ""топливо нынче дорого, да?"" Вот и весь бизнес.""

""Мы договорились, теперь ты уходишь. Вон, вон!""",,
dpl_extr_barStoryOption3,DialogOptionSelected,$option == dpl_extr_continue2,"ShowDefaultVisual
FireAll PopulateOptions","Снаружи бара вы передаете бессознательное тело одному из телохранителей, чьи незаметные аугментации позволяют нести обмякшего человека почти без усилий.

Автомедик на обратном шаттле сообщает, что агент был сильно и профессионально седирован.

Когда агент приходит в сознание в защищенном отсеке вашего флагмана, он подозрителен и не идет на контакт, пока вы не произносите контрольную фразу. После этого он успокаивается, но не может объяснить, как оказался в $extr_barName.

Возможно, это не важно: вы вернули цель, получите оплату, и работа сделана.",,
# returned with target,,,,,,
dpl_extrMissionReturn1,PickGreeting,"$extr_returnHere score:1000
Call $extr_ref updateData
$extr_variation == COLONY
FireBest GenericMissionReturn","ShowPersonVisual
$extr_completed = true
Call $extr_ref updateStage","""Впечатляющая работа, капитан,"" говорит $faction $post. ""Мне доложили, что вы обеспечили нам настоящий прорыв по линии разведданных. Аналитики в полном восторге.""",contact_pickAnotherGreeting:Продолжить,
dpl_extrMissionReturn2,PickGreeting,"$extr_returnHere score:1000
Call $extr_ref updateData
$extr_variation == PIRATE_BASE
FireBest GenericMissionReturn","ShowPersonVisual
$extr_completed = true
Call $extr_ref updateStage","""Вы проделали хорошую работу, капитан,"" говорит $faction $rank. ""Наш агент... восстановится.""

$HeOrShe откидывается назад, взгляд фокусируется на чем-то абстрактном. ""А вот пираты, с теми данными, что мы получили об их структуре, маршрутах и подсадных людях в гражданской службе, получат быструю справедливую расплату.""",contact_pickAnotherGreeting:Продолжить,
dpl_extrMissionReturn3,PickGreeting,"$extr_returnHere score:1000
Call $extr_ref updateData
$extr_variation == LUDDIC_PATH_BASE
FireBest GenericMissionReturn","ShowPersonVisual
$extr_completed = true
Call $extr_ref updateStage","""Хорошая работа, капитан,"" говорит $faction $rank, ""признаюсь, я не был до конца уверен, что агента удастся безопасно извлечь. С Pathers никогда не бывает честного открытого боя."" $HeOrShe качает $hisOrHer головой.

""Разведка сообщает, что наш агент даст информацию, которая позволит накрыть большое число инфильтрационных ячеек Pathers. Деталей не будет, вы знаете, как это устроено. Не мне рассказывать, сколько жизней вы спасли.""",contact_pickAnotherGreeting:Продолжить,
,,,,,,
# bounty on pirate fleets in a system with a pirate base / on the base itself,,,,,,
dpl_psbBlurb,dpl_psb_blurb,,,"""За вас, капитан! Знаете, что делает меня такой счастливой? Комитет наконец согласовал мой план особой награды за пиратов и террористов! Идите, охотьтесь на пиратов и получайте заслуженную награду!""
OR
""Пираты в наши дни настолько дерзкие, что пляшут у меня под носом. Вы можете понять, как болит мое сердце как вице-адмирала, когда я это вижу? И болит еще сильнее, когда я напоминаю себе, что обязана оставаться на Research Site V. Я решила назначить особую награду из собственного жалованья для доверенных людей, которые помогут решить эту проблему.""
OR
""Капитан $playerName, комитет снова отклонил мой план наград за пиратов. Но я не могу просто сидеть и ничего не делать. Я назначаю личную специальную награду для доверенных лиц, чтобы выследить этих пиратов. Рассмотрите возможность принять ее, пожалуйста.""",,
dpl_psbOfferOption,dpl_psb_option,,,,dpl_psb_start:Спросить об особой награде за пиратский флот,
dpl_psbOfferTextContact,DialogOptionSelected,$option == dpl_psb_start,"$missionId = dpl_psb
SetTextHighlights $psb_dist $psb_baseBounty $psb_days
Call $psb_ref showMap ""Target: $psb_systemNameShort""                        ","""Условия такие,"" говорит $heOrShe. ""Награда выплачивается за уничтожение пиратских флотов в системе $psb_systemName или рядом с ней, это в $psb_dist световых годах. Базовая ставка - $psb_baseBounty кредитов за уничтоженный или выведенный из строя фрегат; для более крупных корпусов шкала повышается - см. приложение A в переданных условиях. Срок действия награды - $psb_days дней.""

$HeOrShe делает паузу и улыбается: ""Ну что скажете? Я буду рада увидеть, как вы их раздавите, капитан.""","contact_accept:Принять
contact_decline:Отказаться",
,,,,,,
# custom production - player orders stuff from contact,,,,,,
dpl_cpcBlurb,dpl_cpc_blurb,,,"Росс улыбается, хотя по-прежнему выглядит уставшей: ""Капитан $playerName, у меня есть свободные производственные слоты на орбитальных верфях. Хочу сообщить, что вы можете их использовать, и я могу санкционировать выпуск для вас некоторых экспериментальных кораблей. Можете заказать корабли и оружие, думаю, в ваших руках это оснащение будет полезнее.""",,
dpl_cpcOfferOption,dpl_cpc_option,,,,dpl_cpc_start:Спросить о свободной возможности производства на нанокузнице.,
dpl_cpcOfferTextContact,DialogOptionSelected,$option == dpl_cpc_start,"$missionId = dpl_cpc
SetTextHighlights $dpl_cpc_maxCapacity $dpl_cpc_costPercent $dpl_cpc_days
DoCanAffordCheck 0 dpl_cpc_pickPlayerBP false","""Итак, условия, а решение за вами. Производство на нанокузнице уровня Domain Navy на сумму до $dpl_cpc_maxCapacity кредитов по цене $dpl_cpc_costPercent от базовой стоимости, срок поставки готовой продукции - $dpl_cpc_days дней. Можете заказывать по нашим чертежам или своим. Все остальное я организую.""","dpl_cpc_pickPlayerBP:Выбрать из собственных чертежей
dpl_cpc_pickContactBP:Посмотреть доступные у них чертежи
contact_decline:Отказаться",
,,,,,,
dpl_cpcPickPlayerBP,DialogOptionSelected,$option == dpl_cpc_pickPlayerBP,Call $dpl_cpc_ref pickPlayerBP,,,
dpl_cpcPickContactBP,DialogOptionSelected,$option == dpl_cpc_pickContactBP,Call $dpl_cpc_ref pickContactBP,,,
dpl_cpcBPPicked,CPCBlueprintsPicked,$id == ross_higgs,"$option = contact_accept 0
FireBest DialogOptionSelected
AdjustRepPerson ross_higgs COOPERATIVE 5
AdjustRep dpl_phase_lab 5",,,
,,,,,,
# produce X units of commodity at colony,,,,,,
dpl_cpmBlurb,dpl_cpm_blurb,,,"""Я хочу заключить экономическое соглашение с надежным колониальным производителем $cpm_commodityName на несколько циклов.""
OR
""Я ищу возможность инвестировать в колонию, которая сможет стабильно производить $cpm_commodityName в течение нескольких циклов.""",,
dpl_cpmOfferOption,dpl_cpm_option,,,,dpl_cpm_start:Спросить о поставках $cpm_commodityName,
dpl_cpmOfferTextContact,DialogOptionSelected,$option == dpl_cpm_start,"$missionId = dpl_cpm
SetTextHighlights $cpm_needed $cpm_missionCycles $cpm_monthlyPayment $cpm_contractCycles $cpm_totalPayment","""Мне нужна стабильная поставка $cpm_needed единиц $cpm_commodityName от надежного колониального администратора. Я ожидаю запуск полного производства в течение $cpm_missionCycles циклов. После запуска я организую ежемесячные выплаты в размере $cpm_monthlyPayment кредитов на протяжении $cpm_contractCycles циклов, всего на сумму $cpm_totalPayment кредитов.""

""Это может оказаться весьма выгодно, если вы гарантируете стабильную цепочку поставок, которая нужна нашей операции,"" говорит $heOrShe.","contact_accept:Принять
contact_decline:Отказаться",
,,,,,,
# A quantity of a commodity available cheaply,,,,,,
dpl_cheapComBlurb,dpl_cheapCom_blurb,,,"""У меня есть крупный излишек $cheapCom_commodityName по низкой цене.""",,
dpl_cheapComOfferOption,dpl_cheapCom_option,,,,dpl_cheapCom_start:Спросить об излишке $cheapCom_commodityName,
dpl_cheapComOfferTextLocal,DialogOptionSelected,"$option == dpl_cheapCom_start
$cheapCom_variation == LOCAL","$missionId = dpl_cheapCom
FireBest CheapComOfferText
ShowRemainingCapacity $cheapCom_commodityId
DoCanAffordCheck $cheapCom_totalPrice contact_accept true",,"contact_accept:Принять
contact_decline:Отказаться",
dpl_cheapComOfferTextRemote,DialogOptionSelected,"$option == dpl_cheapCom_start
$cheapCom_variation == REMOTE","$missionId = dpl_cheapCom
FireBest CheapComOfferText",,"contact_accept:Принять
contact_decline:Отказаться",
dpl_cheapComTextLocal,CheapComOfferText,$cheapCom_variation == LOCAL,SetTextHighlights $cheapCom_quantity $cheapCom_pricePerUnit,"""Сумма выходит такая,"" $heOrShe щурится в datapad, ""вот: $cheapCom_quantity единиц $cheapCom_commodityName по $cheapCom_pricePerUnit за единицу. Если поможете мне освободить этот склад, окажете большую услугу.""",,
dpl_cheapComTextRemote,CheapComOfferText,$cheapCom_variation == REMOTE,"SetTextHighlights $cheapCom_quantity $cheapCom_dist $cheapCom_pricePerUnit $cheapCom_totalPrice
Call $cheapCom_ref showMap ""Destination: $cheapCom_marketName""","""Есть избыточный запас в $cheapCom_quantity единиц $cheapCom_commodityName $cheapCom_marketOnOrAt $cheapCom_marketName - это в $cheapCom_dist световых годах. Могу отдать по $cheapCom_pricePerUnit за единицу, то есть на сумму $cheapCom_totalPrice. Для оформления нужно поговорить с $cheapCom_personPost $cheapCom_personName.""",,
dpl_cheapComPostAccept,ContactPostAccept,"$missionId == dpl_cheapCom
$cheapCom_variation == LOCAL","RemoveCommodity credits $cheapCom_totalPrice
AddCommodity $cheapCom_commodityId $cheapCom_quantity
Call $cheapCom_ref2 repSuccess
Call $cheapCom_ref2 addContacts",,,
dpl_cheapComPickupGreeting,PickGreeting,"$cheapCom_hasCommodity score:1100
Call $cheapCom_ref updateData","ShowPersonVisual
SetTextHighlights $cheapCom_quantity $cheapCom_pricePerUnit
ShowRemainingCapacity $cheapCom_commodityId
DoCanAffordCheck $cheapCom_totalPrice contact_accept true","""А, это $playerName, верно? Вы пришли забрать $cheapCom_quantity единиц $cheapCom_commodityName по $cheapCom_pricePerUnit кредитов за единицу,"" $heOrShe постукивает по datapad и кивает, ""Можем сразу оформить выдачу, если готовы принять груз сейчас.""","dpl_cheapCom_pickup:Забрать $cheapCom_commodityName
cutCommLink:Прервать связь",
dpl_cheapComPickupOptionSel,DialogOptionSelected,$option == dpl_cheapCom_pickup,"RemoveCommodity credits $cheapCom_totalPrice
AddCommodity $cheapCom_commodityId $cheapCom_quantity
$cheapCom_completed = true
Call $cheapCom_ref updateStage
FireAll PopulateOptions","""Спасибо, что забрали это у меня с рук.""",,
,,,,,,
# commodity procurement,,,,,,
dpl_proComBlurb,dpl_proCom_blurb,,,"""Мне нужно закупить партию $proCom_commodityName.""
OR
""Мне требуется доставка груза $proCom_commodityName.""
OR
""Мне нужна поставка $proCom_commodityName.""",,
dpl_proComOfferOption,dpl_proCom_option,,,,dpl_proCom_start:Спросить о закупке $proCom_commodityName,
dpl_proComOfferBegin,DialogOptionSelected,$option == dpl_proCom_start,"$missionId = dpl_proCom
FireBest ProComOfferText",,"contact_accept:Принять
contact_decline:Отказаться",
dpl_proComTextLocal,ProComOfferText,"$proCom_variation == LOCAL
!$proCom_barEvent",SetTextHighlights $proCom_quantity $proCom_pricePerUnit,"""Мне нужно $proCom_quantity единиц $proCom_commodityName с доставкой сюда как можно быстрее. Это срочный заказ, поэтому я заплачу выше рынка, $proCom_pricePerUnit за единицу.""",,
dpl_proComTextRemote,ProComOfferText,"$proCom_variation == REMOTE
!$proCom_barEvent","SetTextHighlights $proCom_quantity $proCom_dist $proCom_pricePerUnit $proCom_totalPrice
Call $proCom_ref showMap ""Destination: $proCom_marketName""","""Мне нужно $proCom_quantity единиц $proCom_commodityName с доставкой на $proCom_marketName - это в $proCom_dist световых годах. Из-за важности груза вам гарантирована оплата $proCom_pricePerUnit за единицу, итого $proCom_totalPrice кредитов.""

""$proCom_PersonPost $proCom_personName примет у вас поставку $proCom_marketOnOrAt $proCom_marketName и выплатит деньги после завершения.""",,
dpl_proComDeliverGreetingNotEnough,PickGreeting,"$proCom_needsCommodity score:1000
Call $proCom_ref updateData
!$proCom_playerHasEnough","ShowPersonVisual
SetTextHighlights $proCom_quantity
FireAll PopulateOptions","""Да, здравствуйте."" $HeOrShe, кажется, занят просмотром транспортного манифеста на соседнем экране. ""Я ожидаю груз: $proCom_quantity единиц $proCom_commodityName. Оплата,"" $hisOrHer взгляд переводится на вас, ""после полной поставки. Полной.""
OR
""Ожидаю поставку $proCom_commodityName, $proCom_quantity единиц, ровно."" $HeOrShe небрежно читает с datapad. ""Такова сделка.""",,
dpl_proComDeliverGreeting,PickGreeting,"$proCom_needsCommodity score:1000
Call $proCom_ref updateData
$proCom_playerHasEnough","ShowPersonVisual
SetTextHighlights $proCom_quantity $proCom_pricePerUnit","""А, вы, должно быть, $playerName. Мы вас ждали."" $personName сверяется с datapad. ""И, кажется, да: здесь указано, что вы доставляете $proCom_quantity единиц $proCom_commodityName. Верно?""","dpl_proCom_deliver:Передать $proCom_commodityName
cutCommLink:Прервать связь",
dpl_proComDeliverOptionSel,DialogOptionSelected,$option == dpl_proCom_deliver,"FireBest dpl_ProComCompletedText
AddCommodity credits $proCom_totalPrice
RemoveCommodity $proCom_commodityId $proCom_quantity
$proCom_completed = true
Call $proCom_ref updateStage
FireAll PopulateOptions",,,
dpl_proComDeliverCompleted,dpl_ProComCompletedText,,,"""Спасибо, этот груз $proCom_commodityName важнее, чем может показаться.""
OR
""Я знал, что на вас можно положиться. Спасибо за поставку.""
OR
""Отличная работа, вы действительно избавили нас от массы проблем.""
OR
""Все выполнено идеально, капитан. Я обязательно замолвлю за вас слово.""",,
