id,trigger,conditions,script,text,options,notes
#RULESET_NAME Nexerelin,,,,,,
,,,,,,
# NGC options,,,,,,
ExerelinOnNewGameCreationStart,BeginNewGameCreation,!$doesFakeVariableExist score:999,FireBest ExerelinNGCIntroPicker,,,override SS+ NGC
,,,,,,
ExerelinNGCSkipIntro,ExerelinNGCIntroPicker,,FireAll ExerelinNGCStep1,,,
ExerelinNGCDoIntro,ExerelinNGCIntroPicker,Nex_NGCIntroPicker false,"$isInIntro = true 0
$introPage = 1.0 0
FireAll ExerelinNGCIntroPage",,,
,,,,,,
ExerelinNGCIntroNextPage,NewGameOptionSelected,$option==exerelinNGCIntroNextPage,"$introPage++
FireAll ExerelinNGCIntroPage",,,
ExerelinNGCIntroPrevPage,NewGameOptionSelected,$option==exerelinNGCIntroPrevPage,"$introPage--
FireAll ExerelinNGCIntroPage",,,
,,,,,,
ExerelinNGCIntro1,ExerelinNGCIntroPage,"$introPage == 1.0
$isInIntro","Nex_NGCIntroPicker true
SetShortcut exerelinNGCIntroNextPage RETURN
SetShortcut exerelinNGCIntroEnd ESCAPE",">>> ПРИВЕТСТВУЮ ТЕБЯ, СКИТАЛЕЦ <<<

Добро пожаловать в мод Nexerelin для Starsector!

Nexerelin - это, по сути, 4X-расширение игры, но не только. Фракции в секторе будут вести войны, создавать альянсы и бороться за контроль над большей частью сектора. Мод также включает множество других функций: от улучшений качества жизни до серии сюжетных миссий.

Nexerelin совместим с большим количеством созданных сообществом модов фракций, которые можно добавить для более разнообразного игрового опыта.","exerelinNGCIntroNextPage:Далее
exerelinNGCIntroEnd:Пропустить",$introPage needs to be a float
ExerelinNGCIntro2,ExerelinNGCIntroPage,"$introPage == 2.0
$isInIntro","SetShortcut exerelinNGCIntroNextPage RETURN
SetShortcut exerelinNGCIntroEnd ESCAPE","Ваши действия будут давать или отнимать у вас влияние у фракций Сектора. Чем выше ваше влияние у фракции, тем больший доступ к ее поддержке и технологиям вы получите.

В начале игры вы выбираете фракцию, к которой присоединитесь. Вы - представитель выбранной фракции, и ваши действия в Секторе будут отражаться на ней. 

Позже вы можете перейти в другую фракцию, если сумеете заслужить ее доверие. Также можно пойти своим путем и создать собственную империю.","exerelinNGCIntroNextPage:Далее
exerelinNGCIntroPrevPage:Назад
exerelinNGCIntroEnd:Пропустить",
ExerelinNGCIntro3,ExerelinNGCIntroPage,"$introPage == 3.0
$isInIntro",SetShortcut exerelinNGCIntroEnd RETURN,"Удачной игры, и, пожалуйста, оставляйте отзывы на форумах Starsector :)","exerelinNGCIntroEnd:Начать игру
exerelinNGCIntroPrevPage:Назад",
ExerelinNGCIntroEnd,NewGameOptionSelected,$option==exerelinNGCIntroEnd,"$isInIntro = false
FireAll ExerelinNGCStep1",,,
ExerelinNGCIntroDevStart,ExerelinNGCIntroPage,$global.isDevMode,,,"99:nex_NGCDevStart:>> (dev) быстрый старт
100:nex_NGCDevStartFast:>> (dev) быстрый старт без пропуска времени",
,,,,,,
,,,,,,
ExerelinNewGameOptionsEnter,ExerelinNGCStep1,,"NGCGetExerelinDefaults
FireAll ExerelinNGCOptions",Настроить сектор?,,"make sure this runs once per new game, so that Exerelin sector generation data is set up properly"
ExerelinNewGameOptionsBackToMain,NewGameOptionSelected,$option==exerelinNGCOptionsBack,"Nex_VisualCustomPanel clear
Nex_NGCSetupData save
FireAll ExerelinNGCOptions",,,
ExerelinNewGameOptionsPopulate,ExerelinNGCOptions,,"SetShortcut exerelinNGCOptionsDone RETURN
Nex_AddOptionConfirmation nex_NGCResetSetupData ""Сбросить настройки новой игры к значениям по умолчанию?"" ""Да"" ""Нет""",,"exerelinNGCOptionsDone:Продолжить
7:exerelinNGCSectorOptions:Генерация сектора
8:exerelinNGCFactionOptions:Настройки фракций
9:exerelinNGCOtherOptions:Другие опции
10:nex_NGCResetSetupData:Восстановить по умолчанию",
ExerelinNGCListOptionEnableCorvusMode,ExerelinNGCOptions,!$corvusMode,"SetTooltip exerelinNGCEnableCorvusMode ""Определяет, использовать ли вручную созданные миры Ядра (ванильные и из модов) или случайно сгенерированные системы. Линия Академии будет отключена в случайном секторе, а некоторые функции (например миссии или колониальные кризисы) из базовой игры и других модов могут быть недоступны.""
SetTooltipHighlights exerelinNGCEnableCorvusMode ""линия Академии"" отключена функции ""могут быть недоступны""",,exerelinNGCEnableCorvusMode:Отключить случайные миры Ядра,
ExerelinNGCListOptionDisableCorvusMode,ExerelinNGCOptions,$corvusMode,"SetTooltip exerelinNGCDisableCorvusMode ""Определяет, использовать ли вручную созданные миры Ядра (ванильные и из модов) или случайно сгенерированные системы. Линия Академии будет отключена в случайном секторе, а некоторые функции (например миссии или колониальные кризисы) из базовой игры и других модов могут быть недоступны.""
SetTooltipHighlights exerelinNGCDisableCorvusMode ""линия Академии"" отключена функции ""могут быть недоступны""",,exerelinNGCDisableCorvusMode:Включить случайные миры Ядра,
,,,,,,
ExerelinNewGameFactionConfig,ExerelinNGCFactionOptions,,"SetEnabled nex_NGCFactionToggleMenu true
SetShortcut exerelinNGCOptionsBack ESCAPE",,"nex_NGCFactionToggleMenu:Включить/отключить фракции
9:exerelinNGCOptionsBack:Назад",
ExerelinNewGameFactionConfigCorvus,ExerelinNGCFactionOptions,$corvusMode,"SetEnabled nex_NGCFactionToggleMenu false
SetTooltip nex_NGCFactionToggleMenu ""Работает только при включенном параметре случайных миров Ядра.""",,,
,,,,,,
ExerelinNewGameChoicesDev,ExerelinNGCOptions,$global.isDevMode,,,"99:nex_NGCDevStart:>> (dev) быстрый старт
100:nex_NGCDevStartFast:>> (dev) быстрый старт без пропуска времени",
,,,,,,
nex_NGCResetSetupData,NewGameOptionSelected,$option==nex_NGCResetSetupData,"Nex_NGCSetupData reset
FireAll ExerelinNGCOptions",,,
ExerelinNewGameOptionsDone,NewGameOptionSelected,$option==exerelinNGCOptionsDone,FireBest ExerelinNGCStep2,,,
,,,,,,
nex_NGCFactionToggleMenu,NewGameOptionSelected,$option==nex_NGCFactionToggleMenu,"Nex_VisualCustomPanel create true
Nex_NGCFactionToggleV2 listFactions
SetShortcut nex_NGCFactionToggleMenu_leave ESCAPE",,nex_NGCFactionToggleMenu_leave:Назад,
nex_NGCFactionToggleMenuLeave,NewGameOptionSelected,$option==nex_NGCFactionToggleMenu_leave,"Nex_NGCFactionToggleV2 processRecommendedSize
FireAll ExerelinNGCFactionOptions",,,
,,,,,,
ExerelinNGCSectorOptionsMenu,NewGameOptionSelected,$option==exerelinNGCSectorOptions,FireAll ExerelinNGCSectorOptions,,,
ExerelinNGCFactionOptionsMenu,NewGameOptionSelected,$option==exerelinNGCFactionOptions,FireAll ExerelinNGCFactionOptions,,,
ExerelinNGCOtherOptionsMenu,NewGameOptionSelected,$option==exerelinNGCOtherOptions,FireAll ExerelinNGCOtherOptions,,,
nex_NGCReaddTooltip,NexReaddVisualPanelTooltip,,Nex_VisualCustomPanel readdTooltip,,,
,,,,,,
nex_NGCCustomScenarioOption,ExerelinNGCOtherOptions,,"Nex_NGCCustomScenario menuOption
Nex_DynamicPaginatedOptions addOption nex_NGCCustomScenarioMenu ""Пользовательский сценарий - $nex_customScenarioName""",,,
,,,,,,
nex_NewGameSectorConfigNonCorvus,ExerelinNGCSectorOptions,!$corvusMode,$nex_ngcSectorGenSlidersSeen = true,,,
nex_NewGameSectorConfig,ExerelinNGCSectorOptions,,"Nex_NGCProcessSectorGenerationSliders create
SetTooltip exerelinNGCSetNumFactions ""Примечание: пираты и независимые всегда присутствуют, если не отключены в конфиге""
SetShortcut exerelinNGCSectorOptionsBack ESCAPE
FireAll ExerelinNGCSectorOptionsBack",,,
nex_NewGameSectorConfigBack,NewGameOptionSelected,$option==exerelinNGCSectorOptionsBack,"Nex_NGCProcessSectorGenerationSliders save
FireAll ExerelinNGCOptions",,,
nex_NewGameSectorConfigReset,NewGameOptionSelected,$option==exerelinNGCSectorOptionsReset,"Nex_NGCProcessSectorGenerationSliders reset
FireAll ExerelinNGCSectorOptions",,,
,,,,,,
nex_NGCAddFactionOptionsMenu,ExerelinNGCFactionOptions,,"Nex_VisualCustomPanel create true
Nex_NGCPopulateCustomPanelOptions faction",,,
,,,,,,
nex_NGCAddOtherOptionsMenu,ExerelinNGCOtherOptions,,"Nex_VisualCustomPanel create true
Nex_NGCPopulateCustomPanelOptions other",,,
nex_NGCOtherOptionsBack,ExerelinNGCOtherOptions,,"Nex_DynamicPaginatedOptions addOptionAllPages exerelinNGCOptionsBack Back
Nex_DynamicPaginatedOptions addOptionAllPages exerelinNGCOptionsBack Назад
Nex_DynamicPaginatedOptions addShortcut exerelinNGCOptionsBack ESCAPE",,,
nex_NGCOtherOptions_show,ExerelinNGCOtherOptions,,Nex_DynamicPaginatedOptions show,,,
,,,,,,
ExerelinNGCEnableCorvusMode,NewGameOptionSelected,$option==exerelinNGCEnableCorvusMode,"NGCSetCorvusMode true
Nex_NGCSetupData save
FireAll ExerelinNGCOptions",,,
ExerelinNGCDisableCorvusMode,NewGameOptionSelected,$option==exerelinNGCDisableCorvusMode,"NGCSetCorvusMode false
Nex_NGCSetupData save
Nex_NGCFactionToggle processRecommendedSize
FireAll ExerelinNGCOptions",,,
,,,,,,
nex_NGCCustomScenarioMenu,NewGameOptionSelected,$option==nex_NGCCustomScenarioMenu,Nex_NGCCustomScenario menu,,,
nex_NGCCustomScenarioSelected,NewGameOptionSelected,"Nex_OptionStartsWith ""nex_NGCCustomScenario_""","Nex_NGCCustomScenario select
FireAll ExerelinNGCOtherOptions",,,
,,,,,,
nex_NGCFactionSelection,ExerelinNGCStep2,,Nex_NGCListFactions listGroups,К какой фракции вы хотите присоединиться?,,
nex_NGCFactionsBackToGroups,NewGameOptionSelected,$option==nex_NGCFactionsBack,Nex_NGCListFactions listGroups,,,
nex_NGCListFactionsByGroup,NewGameOptionSelected,"Nex_OptionStartsWith ""nex_NGCListFactionsGroup_""",Nex_NGCListFactions listFactions,,,
,,,,,,
nex_NGCJoinFaction,NewGameOptionSelected,"Nex_OptionStartsWith ""nex_NGCJoinFaction_""","Nex_NGCSetFactionFromJoinOption
FireAll ExerelinNGCStep3",,,
,,,,,,
nex_NGCDevStart,NewGameOptionSelected,$option == nex_NGCDevStart,"NGCSetPlayerFaction ""player""
NGCSetFreeStart true
NGCSetWithTimePass false
NGCAddShipAndComplement ""medusa_Starting""
NGCAddCredits 1000000
NGCAddCharacterPoints 100
NGCDone",,,
nex_NGCDevStartFast,NewGameOptionSelected,$option == nex_NGCDevStartFast,"NGCSetPlayerFaction ""player""
NGCSetFreeStart true
NGCSetWithTimePass false
NGCAddShipAndComplement ""medusa_Starting""
NGCAddCredits 1000000
NGCAddCharacterPoints 100
NGCDone",,,
nex_NGCRandomFaction,NewGameOptionSelected,$option == nex_NGCJoinRandomFaction,"NGCSetPlayerFaction ""random""
$factionGroup = 0
FireAll ExerelinNGCStep3",,,
nex_NGCRandomEverything,NewGameOptionSelected,$option == nex_NGCFullyRandomizedStart,"NGCSetPlayerFaction ""random""
$factionGroup = 0
NGCAddStartingShipsByFleetType RANDOM
Nex_NGCStartResources randomize
NGCAddCharacterPoints 1
FireBest NewGameBackgroundSelection",,,
nex_NGCOwnFaction,NewGameOptionSelected,$option == nex_NGCJoinOwnFaction,"NGCSetPlayerFaction ""player""
NGCSetFreeStart false
$factionGroup = 0
FireAll ExerelinNGCStep3",,,
nex_NGCFreeStart,NewGameOptionSelected,$option == nex_NGCFreeStart,"NGCSetPlayerFaction ""player""
NGCSetFreeStart true
$factionGroup = 0
FireAll ExerelinNGCStep3",,,
nex_NGCCustomStart,NewGameOptionSelected,$option == nex_NGCCustomStart,Nex_NGCCustomStart menu,,1:nex_NGCDone:Готово,
nex_NGCCustomStartByTrigger,Nex_NGCCustomStartMenu,,Nex_NGCCustomStart menu,,,
,,,,,,
nex_NGCPickStartingShips,ExerelinNGCStep3,,"Nex_NGCStartFleetOptionsV2
FireBest Nex_NGCStartFactionFlavor",,,
nex_NGCFactionFlavor,Nex_NGCStartFactionFlavor,$nex_lastSeenFactionForDesc != $playerFaction,"Nex_NGCPrintFactionDesc
$nex_lastSeenFactionForDesc = $playerFaction",,,
nex_NGCStartShipsSolo,NewGameOptionSelected,$option == nex_NGCFleetSolo,"NGCAddStartingShipsByFleetType SOLO
FireBest ExerelinNGCStep4
FireBest ExerelinNGCStep4Plus",,,
nex_NGCStartShipsCombatSmall,NewGameOptionSelected,$option == nex_NGCFleetCombatSmall,"NGCAddStartingShipsByFleetType COMBAT_SMALL
FireBest ExerelinNGCStep4
FireBest ExerelinNGCStep4Plus",,,
nex_NGCStartShipsTradeSmall,NewGameOptionSelected,$option == nex_NGCFleetTradeSmall,"NGCAddStartingShipsByFleetType TRADE_SMALL
FireBest ExerelinNGCStep4
FireBest ExerelinNGCStep4Plus",,,
nex_NGCStartShipsExplorerSmall,NewGameOptionSelected,$option == nex_NGCFleetExplorerSmall,"NGCAddStartingShipsByFleetType EXPLORER_SMALL
FireBest ExerelinNGCStep4
FireBest ExerelinNGCStep4Plus",,,
nex_NGCStartShipsCarrierSmall,NewGameOptionSelected,$option == nex_NGCFleetCarrierSmall,"NGCAddStartingShipsByFleetType CARRIER_SMALL
FireBest ExerelinNGCStep4
FireBest ExerelinNGCStep4Plus",,,
nex_NGCStartShipsCombatLarge,NewGameOptionSelected,$option == nex_NGCFleetCombatLarge,"NGCAddStartingShipsByFleetType COMBAT_LARGE
FireBest ExerelinNGCStep4
FireBest ExerelinNGCStep4Plus",,,
nex_NGCStartShipsTradeLarge,NewGameOptionSelected,$option == nex_NGCFleetTradeLarge,"NGCAddStartingShipsByFleetType TRADE_LARGE
FireBest ExerelinNGCStep4
FireBest ExerelinNGCStep4Plus",,,
nex_NGCStartShipsExplorerLarge,NewGameOptionSelected,$option == nex_NGCFleetExplorerLarge,"NGCAddStartingShipsByFleetType EXPLORER_LARGE
FireBest ExerelinNGCStep4
FireBest ExerelinNGCStep4Plus",,,
nex_NGCStartShipsCarrierLarge,NewGameOptionSelected,$option == nex_NGCFleetCarrierLarge,"NGCAddStartingShipsByFleetType CARRIER_LARGE
FireBest ExerelinNGCStep4
FireBest ExerelinNGCStep4Plus",,,
nex_NGCStartShipsSuper,NewGameOptionSelected,$option == nex_NGCFleetSuper,"NGCAddStartingShipsByFleetType SUPER
FireBest ExerelinNGCStep4
FireBest ExerelinNGCStep4Plus",,,
nex_NGCStartShipsGrandFleet,NewGameOptionSelected,$option == nex_NGCFleetGrandFleet,"NGCAddStartingShipsByFleetType GRAND_FLEET
FireBest ExerelinNGCStep4
FireBest ExerelinNGCStep4Plus",,,
,,,,,,
nex_NGCStartShipsBack,NewGameOptionSelected,$option == nex_NGCFleetBack,"Nex_VisualCustomPanel clear
Nex_NGCListFactions listFactions $factionGroup",,,
nex_NGCStartShipsBackToCustomStart,NewGameOptionSelected,"$option == nex_NGCFleetBack
$nex_customStart != null","Nex_VisualCustomPanel clear
Nex_NGCCustomStart unset
Nex_NGCCustomStart menu",,,
,,,,,,
nex_NGCCustomStartSelection,NewGameOptionSelected,"Nex_OptionStartsWith ""nex_NGCCustomStart_""",Nex_NGCCustomStart select,,,
,,,,,,
nex_NGCFinalize,ExerelinNGCStep4,,"AddText ""Стартовый опыт и ресурсы?""
Nex_NGCStartResources createOptions
SetShortcut nex_NGCStartBack ESCAPE",,"nex_NGCStartEnsign:Энсин (20 000 кредитов - уровень 1)
nex_NGCStartLieutenant:Лейтенант (75 000 кредитов - уровень 3 - один офицер)
nex_NGCStartCommander:Коммандер (250 000 кредитов - уровень 6 - два офицера - один оперативник)
nex_NGCCustomResourcesStart:Свой вариант...",
nex_NGCFinalizeSuper,ExerelinNGCStep4,$option == nex_NGCFleetSuper,"AddText ""Стартовый опыт и ресурсы?""
Nex_NGCStartResources createOptions
SetShortcut nex_NGCStartBack ESCAPE",,"nex_NGCStartAgent:Агент (20 000 кредитов - уровень 1)
nex_NGCStartSpecialAgent:Спецагент (75 000 кредитов - уровень 3)
nex_NGCCustomResourcesStart:Свой вариант...",
nex_NGCStep4Reroll,NewGameOptionSelected,$option == nex_NGCStep4FleetReroll,"NGCClearStartingGear
Nex_NGCStartResources reroll
NGCAddStartingShipsByFleetType $nex_lastSelectedFleetType
Nex_NGCStartResources createOptions
SetShortcut nex_NGCStartBack ESCAPE",,"nex_NGCStartEnsign:Энсин (20 000 кредитов - уровень 1)
nex_NGCStartLieutenant:Лейтенант (75 000 кредитов - уровень 3 - один офицер)
nex_NGCStartCommander:Коммандер (250 000 кредитов - уровень 6 - два офицера)
nex_NGCCustomResourcesStart:Свой вариант...",
nex_NGCStep4RerollSuper,NewGameOptionSelected,"$option == nex_NGCStep4FleetReroll
$nex_lastSelectedFleetType == SUPER","NGCClearStartingGear
Nex_NGCStartResources reroll
NGCAddStartingShipsByFleetType $nex_lastSelectedFleetType
Nex_NGCStartResources createOptions
SetShortcut nex_NGCStartBack ESCAPE",,"nex_NGCStartAgent:Агент (20 000 кредитов - уровень 1)
nex_NGCStartSpecialAgent:Спецагент (75 000 кредитов - уровень 3)
nex_NGCCustomResourcesStart:Свой вариант...",
nex_NGCStep4RepickCustom,NewGameOptionSelected,"$option == nex_NGCStep4FleetReroll
$nex_lastSelectedFleetType == CUSTOM",Nex_NGCCustomStartFleet,,,
,,,,,,
nex_NGCNormalStart,NewGameOptionSelected,$option == nex_NGCStartEnsign,"NGCAddCredits 20000
NGCAddCharacterPoints 1
NGCSetNumStartingOfficers 0
FireBest NewGameBackgroundSelection",,,
nex_NGCStartLieutenant,NewGameOptionSelected,$option == nex_NGCStartLieutenant,"NGCAddCredits 75000
NGCAddCharacterPoints 1
Nex_NGCAddLevel 3
NGCSetNumStartingOfficers 1
FireBest NewGameBackgroundSelection",,,
nex_NGCStartCommander,NewGameOptionSelected,$option == nex_NGCStartCommander,"NGCAddCredits 250000
NGCAddCharacterPoints 1
Nex_NGCAddLevel 6
NGCSetNumStartingOfficers 2
NGCSetNumStartingOfficers 1 true
FireBest NewGameBackgroundSelection",,,
nex_NGCStartAgent,NewGameOptionSelected,$option == nex_NGCStartAgent,"NGCAddCredits 20000
NGCAddCharacterPoints 1
NGCSetNumStartingOfficers 0
FireBest NewGameBackgroundSelection",,,
nex_NGCStartSpecialAgent,NewGameOptionSelected,$option == nex_NGCStartSpecialAgent,"NGCAddCredits 75000
NGCAddCharacterPoints 1
Nex_NGCAddLevel 3
NGCSetNumStartingOfficers 0
FireBest NewGameBackgroundSelection",,,
nex_NGCStartCustomResources,NewGameOptionSelected,$option == nex_NGCCustomResourcesStart,"Nex_NGCStartResources save
NGCAddCharacterPoints 1
FireBest NewGameBackgroundSelection",,,
nex_NGCStartBack,NewGameOptionSelected,$option == nex_NGCStartBack,"NGCClearStartingGear
unset $nex_lastSelectedFleetType
FireAll ExerelinNGCStep3",,,
nex_NGCStartBackToCustomStart,NewGameOptionSelected,"$option == nex_NGCStartBack
$nex_customStart != null
Nex_IsNull $nex_lastSelectedFleetType","NGCClearStartingGear
Nex_NGCCustomStart unset
FireBest Nex_NGCCustomStartMenu",,,
,,,,,,
nex_NGCSelectBackground,NewGameBackgroundSelection,,Nex_NGCBackgroundSelection selectBackground,,,
nex_NGCSelectBackgroundFinished,NewGameOptionSelected,$option == nex_NGCDoneWithBackground,"Nex_NGCBackgroundSelection confirmSelection
$option = nex_NGCDone
FireBest NewGameOptionSelected",,,
nex_NGCSelectBackgroundGoBack,NewGameOptionSelected,$option == nex_NGCBackgroundGoBack,"FireBest ExerelinNGCStep4
FireBest ExerelinNGCStep4Plus
Nex_NGCStartResources reset
Nex_NGCMisc showFleet",,,
,,,,,,
nex_NGCDoneOption,NewGameOptionSelected,$option == nex_NGCDone,"Nex_NGCFinalize
Nex_NGCSetupData save
NGCDone",,,
#END NGC options,,,,,,
,,,,,,
# Market special options,,,,,,
ExerelinMarketAddOptionSpecial,PopulateOptions,$menuState == main,"SetShortcut exerelinMarketSpecial ""S"" true",,21:exerelinMarketSpecial:Специальные функции,
ExerelinMarketSpecialOptions,DialogOptionSelected,$option == exerelinMarketSpecial,"$menuState = exerelinSpecial
unset $nex_fleetRequest_initComplete
ShowDefaultVisual
FireAll ExerelinMarketSpecialInitialize
FireAll ExerelinMarketSpecial",,,
,,,,,,
#nex_marketSpecialIntelOption,ExerelinMarketSpecial,!$hasMarket,MakeOptionOpenCore nex_openIntel INTEL OPEN,,24:nex_openIntel:Открыть экран разведданных,
#nex_marketSpecialIntelOptionSel,DialogOptionSelected,$option == nex_openIntel,,,,
ExerelinMarketSpecialBackOption,ExerelinMarketSpecial,$hasMarket,SetShortcut exerelinMarketSpecialBack ESCAPE,,25:exerelinMarketSpecialBack:Назад,
ExerelinMarketSpecialBackOptionNoMarket,ExerelinMarketSpecial,!$hasMarket,SetShortcut marketLeave ESCAPE,,999:marketLeave:Назад,
ExerelinMarketSpecialBack,DialogOptionSelected,$option == exerelinMarketSpecialBack,"ExerelinShowDefaultVisual
$menuState = main 0
FireAll PopulateOptions",,,
#END Market special options,,,,,,
,,,,,,
# Military options override + additions,,,,,,
nex_marketHostileSel,DialogOptionSelected,$option == marketConsiderHostile score:2,Nex_MarketCMD showDefenses,,,
nex_marketHostileGoBackSel,DialogOptionSelected,$option == mktGoBack score:2,"Nex_MarketCMD cleanupResponder
ShowDefaultVisual
FireAll PopulateOptions",,,
nex_marketHostileEngageSel,DialogOptionSelected,$option == mktEngage score:2,Nex_MarketCMD engage,,,
nex_marketHostileRaidSel,DialogOptionSelected,$option == mktRaid score:2,Nex_MarketCMD raidMenu,,,
nex_marketHostileRaidNonMarket,DialogOptionSelected,$option == mktRaidNonMarket score:2,Nex_MarketCMD raidNonMarket,,,$option == mktRaidNonMarket
nex_marketHostileRaidGoBackSel,DialogOptionSelected,$option == mktRaidGoBack score:2,Nex_MarketCMD goBackToDefenses,,,
nex_marketHostileRaidRareSel,DialogOptionSelected,$option == mktRaidRare score:2,Nex_MarketCMD raidRare,,,
nex_marketHostileRaidValuableSel,DialogOptionSelected,$option == mktRaidValuable score:2,Nex_MarketCMD raidValuable,,,
nex_marketHostileRaidDisruptSel,DialogOptionSelected,$option == mktRaidDisrupt score:2,Nex_MarketCMD raidDisrupt,,,
nex_marketHostileRaidConfirmSel,DialogOptionSelected,$option == mktRaidConfirm score:2,Nex_MarketCMD raidConfirm,,,
nex_marketHostileRaidConfirmContSel,DialogOptionSelected,$option == mktRaidConfirmContinue score:2,Nex_MarketCMD raidConfirmContinue,,,
nex_marketHostileRaidNeverMindSel,DialogOptionSelected,$option == mktRaidNeverMind score:2,Nex_MarketCMD raidNeverMind,,,
nex_marketHostileRaidResultSel,DialogOptionSelected,$option == mktRaidResult score:2,Nex_MarketCMD raidResult,,,
nex_marketHostileRaidPostRaidDefault,PostGroundRaid,,Nex_MarketCMD addContinueToRaidResultOption,,,
,,,,,,
,,,,,,
nex_marketHostileBombardSel,DialogOptionSelected,$option == mktBombard score:2,Nex_MarketCMD bombardMenu,,,
nex_marketHostileBombardGoBackSel,DialogOptionSelected,$option == mktBombardGoBack score:2,Nex_MarketCMD goBackToDefenses,,,
nex_marketHostileBombardTacticalSel,DialogOptionSelected,$option == mktBombardTactical score:2,Nex_MarketCMD bombardTactical,,,
nex_marketHostileBombardSaturationSel,DialogOptionSelected,$option == mktBombardSaturation score:2,Nex_MarketCMD bombardSaturation,,,
nex_marketHostileBombardConfirmSel,DialogOptionSelected,$option == mktBombardConfirm score:2,Nex_MarketCMD bombardConfirm,,,
nex_marketHostileBombardNeverMindSel,DialogOptionSelected,$option == mktBombardNeverMind score:2,Nex_MarketCMD bombardNeverMind,,,
nex_marketHostileBombardResultSel,DialogOptionSelected,$option == mktBombardResult score:2,Nex_MarketCMD bombardResult,,,
,,,,,,
nex_marketHostileInvadeSel,DialogOptionSelected,$option == nex_mktInvade,Nex_MarketCMD invadeMenu,,,
nex_marketHostileInvadeGoBackSel,DialogOptionSelected,$option == nex_mktInvadeGoBack,Nex_MarketCMD goBackToDefenses,,,
nex_marketHostileInvadeConfirmSel,DialogOptionSelected,$option == nex_mktInvadeConfirm,Nex_MarketCMD invadeConfirm,,,
nex_marketHostileInvadeOpenIntelSel,DialogOptionSelected,$option == nex_mktInvadeOpenIntel,Nex_MarketCMD openIntel,,,
nex_marketHostileInvadeContinue,DISABLED_DialogOptionSelected,$option == nex_mktInvadeContinue,"ShowDefaultVisual
FireBest PopulateOptions",,,
nex_marketHostileInvadeAbortSel,DialogOptionSelected,$option == nex_mktInvadeAbort,Nex_MarketCMD invadeAbort,,,
nex_marketHostileInvadeResultSel,DialogOptionSelected,$option == nex_mktInvadeResult,Nex_MarketCMD invadeResult,,,
nex_marketHostileInvadeResultAndradaSel,DialogOptionSelected,$option == nex_mktInvadeResultAndrada,Nex_MarketCMD invadeResultAndrada,,,
#END Military options override + additions,,,,,,
,,,,,,
# Market directory options,,,,,,
nex_factionDirectoryOption,ExerelinMarketSpecial,,SetShortcut nex_factionDirectoryMain D,,7:nex_factionDirectoryMain:Каталог фракций,
nex_factionDirectory,DialogOptionSelected,$option == nex_factionDirectoryMain,FireAll ExerelinFactionDirectory,,,
nex_factionDirectoryByTrigger,ExerelinFactionDirectory,,"Nex_VisualCustomPanel clear
Nex_FactionDirectory listGroups",Какую фракцию вы хотите посмотреть?,,
nex_factionDirectoryList,DialogOptionSelected,"Nex_OptionStartsWith ""nex_factionDirectoryList_""",Nex_FactionDirectory listFactions,,,
nex_factionDirectoryList_indSearch,DialogOptionSelected,$option == nex_factionDirectoryList_indSearch score:2,"FireAll Nex_FactionDirectory_IndSearchOpts
SetShortcut nex_factionDirectoryMain ESCAPE",,,
nex_factionDirectoryList_indSearchDefault,Nex_FactionDirectory_IndSearchOpts,,,,"nex_printMarketsWithIndustries_heavyIndustry:Тяжелая промышленность
nex_printMarketsWithIndustries_fuelprod:Производство топлива
nex_printMarketsWithIndustries_military:Военная база
99:nex_factionDirectoryMain:Назад",
nex_factionDirectoryList_indSearchIndEvo,Nex_FactionDirectory_IndSearchOpts,Nex_IsModActive IndEvo,,,"nex_printMarketsWithIndustries_IndEvo_Academy:Академия
nex_printMarketsWithIndustries_IndEvo_dryDock:Верфи восстановления",
,,,,,,
nex_factionDirectoryPrint,DialogOptionSelected,"Nex_OptionStartsWith ""nex_printFactionMarkets_""",Nex_FactionDirectory print,,,
nex_factionDirectoryPrintIndustry,DialogOptionSelected,"Nex_OptionStartsWith ""nex_printMarketsWithIndustries_""",Nex_FactionDirectory printIndustries,,,
nex_factionDirectoryPrintDisputed,DialogOptionSelected,$option == nex_printDisputedMarkets,Nex_FactionDirectory printDisputed,,,
#END Market directory options,,,,,,
,,,,,,
# Prisoner options,,,,,,
ExerelinMarketPrisonerOption,ExerelinMarketSpecial,"$hasMarket
$faction.id != ""neutral""","SetEnabled exerelinUsePrisoner true
SetShortcut exerelinUsePrisoner P",,4:exerelinUsePrisoner:Действия с пленниками,
ExerelinMarketPrisonerOptionNoPrisoners,ExerelinMarketSpecial,"$hasMarket
$faction.id != ""neutral""
!HasItem prisoner score:10","SetTooltip exerelinUsePrisoner ""У вас нет пленников!""
SetEnabled exerelinUsePrisoner false",,,
ExerelinMarketPrisonerOptionNotAllowed,ExerelinMarketSpecial,"$hasMarket
$faction.id != ""neutral""
!FactionAllowPrisonerActions  $faction.id score:20","SetTooltip exerelinUsePrisoner ""$TheFaction не используют пленников.""
SetEnabled exerelinUsePrisoner false",,,
nex_marketPrisonerOptionRecentlyInvaded,ExerelinMarketSpecial,"$hasMarket
$faction.nex_recentlyInvaded score:20","Nex_PrisonerAction getCooldown
SetTooltip exerelinUsePrisoner ""$TheFaction сейчас не принимают пленников из-за ваших недавних вторжений на их территорию. Это продлится еще $nex_recentInvasionCooldown.""
SetTooltipHighlightColors exerelinUsePrisoner hColor
SetTooltipHighlights exerelinUsePrisoner $nex_recentInvasionCooldown
SetEnabled exerelinUsePrisoner false",,,
ExerelinPrisonerOptionListMain,DialogOptionSelected,$option == exerelinUsePrisoner,"$menuState = prisoner 0
GetNumSpecialPeople
ShowVisual ""graphics/illustrations/pirate_station.jpg""
FireAll ExerelinPrisonerOption",,,
ExerelinPrisonerOptionNumPrisoners,ExerelinPrisonerOption,,SetTextHighlights $numPrisoners,У вас $numPrisoners пленник(ов).,,
ExerelinPrisonerOptionListRepatriate,ExerelinPrisonerOption,"$faction.id != ""player""","SetTooltip exerelinPrisonerRepatriate ""Release a prisoner for a reputation boost with $theFaction.""
SetShortcut exerelinPrisonerRepatriate P",,exerelinPrisonerRepatriate:Репатриировать пленника,
ExerelinPrisonerOptionListRepatriateMaxRep,ExerelinPrisonerOption,"$faction.id != ""player""
Nex_PrisonerAction isAtMaxRep","SetTooltip exerelinPrisonerRepatriate ""Ваша репутация у $theFaction уже на максимальном уровне.""
SetEnabled exerelinPrisonerRepatriate false",,,
ExerelinPrisonerOptionListRansomBase,ExerelinPrisonerOption,,,,exerelinPrisonerRansom:Получить выкуп,
ExerelinPrisonerOptionListRansom,ExerelinPrisonerOption,,"Nex_PrisonerAction getValue
SetTooltip exerelinPrisonerRansom ""Вернуть пленника в обмен на выкуп в размере $ransomValue кредитов.""
SetTooltipHighlightColors exerelinPrisonerRansom buttonShortcut 
SetTooltipHighlights exerelinPrisonerRansom $ransomValue
SetEnabled exerelinPrisonerRansom true
SetShortcut exerelinPrisonerRansom R",,,
ExerelinPrisonerOptionListRansomHostile,ExerelinPrisonerOption,"RepIsAtBest $faction.id HOSTILE
!IsPirateFaction $faction.id
!$faction.c:allowsTransponderOffTrade
!$market.mc:free_market","SetTooltip exerelinPrisonerRansom ""$TheFactionLong относятся к вам как $relAdjective и отказываются обсуждать любой выкуп.""
SetEnabled exerelinPrisonerRansom false",,,
ExerelinPrisonerOptionListRansomHostileCanDisableTransponder,ExerelinPrisonerOption,"RepIsAtBest $faction.id HOSTILE
!IsPirateFaction $faction.id
$player.transponderOn","SetTooltip exerelinPrisonerRansom ""$TheFactionLong относятся к вам как $relAdjective и отказываются обсуждать любой выкуп. Если прийти с выключенным транспондером это может открыть путь к неофициальной сделке.""
SetEnabled exerelinPrisonerRansom false",,,
#ExerelinPrisonerOptionListRansomPirates,ExerelinPrisonerOption,IsPirateFaction $faction.id,"SetTooltip exerelinPrisonerRansom ""Pirates do not pay ransom.""
SetEnabled exerelinPrisonerRansom false",,,
#ExerelinPrisonerOptionListSellSlave,ExerelinPrisonerOption,$tradeMode != NONE,"Nex_PrisonerAction getValue
SetTooltip exerelinPrisonerSellSlave ""Sell a prisoner as a slave for $slaveValue credits. This will anger lawful factions.""
SetTooltipHighlightColors exerelinPrisonerSellSlave buttonShortcut 
SetTooltipHighlights exerelinPrisonerSellSlave $slaveValue
SetEnabled exerelinPrisonerSellSlave true
SetShortcut exerelinPrisonerSellSlave S",,exerelinPrisonerSellSlave:Продать в рабство,
#ExerelinPrisonerOptionListSellSlaveNoMarket,ExerelinPrisonerOption,$tradeMode == NONE,"SetTooltip exerelinPrisonerSellSlave ""You cannot dock with $marketName to perform this trade.""
SetEnabled exerelinPrisonerSellSlave false",,exerelinPrisonerSellSlave:Продать в рабство,
ExerelinPrisonerOptionListBack,ExerelinPrisonerOption,,SetShortcut exerelinMarketSpecial ESCAPE,,exerelinMarketSpecial:Назад,
ExerelinPrisonerRepatriate,DialogOptionSelected,$option == exerelinPrisonerRepatriate,"Nex_PrisonerAction repatriate
FireAll ExerelinPrisonerPostTrade",Пленник репатриирован.,,
ExerelinPrisonerRansom,DialogOptionSelected,$option == exerelinPrisonerRansom,"Nex_PrisonerAction ransom
SetTextHighlights $ransomValue
FireAll ExerelinPrisonerPostTrade",Пленника выкупили за $ransomValue кредитов.,,
ExerelinPrisonerSellSlave,DialogOptionSelected,$option == exerelinPrisonerSellSlave,"Nex_PrisonerAction sellSlave
SetTextHighlights $slaveValue
FireAll ExerelinPrisonerPostTrade",Вы продали пленника в рабство за $slaveValue кредитов.,,
ExerelinPrisonerAfterTrade,ExerelinPrisonerPostTrade,HasItem prisoner,"GetNumSpecialPeople
FireAll ExerelinPrisonerOption",,,
ExerelinPrisonerAfterTradeNoMorePrisoners,ExerelinPrisonerPostTrade,!HasItem prisoner,"$menuState = exerelinSpecial 0
FireAll ExerelinMarketSpecial",У вас больше нет пленников.,,
#END Prisoner options,,,,,,
,,,,,,
# Mining options,,,,,,
nex_openAsteroid,OpenInteractionDialog,"$isAsteroid
!Nex_IsModActive ""stellar_industrialist""","ShowDefaultVisual
PrintDescription 3
FireAll PopulateOptions",Ваш $shipOrFleet приближается к астероиду.,,
nex_leaveAsteroid,PopulateOptions,"$isAsteroid
!Nex_IsModActive ""stellar_industrialist""",SetShortcut marketLeave ESCAPE,,100:marketLeave:Уйти,
,,,,,,
nex_miningOption,PopulateOptions,"$nex_canMine
!$isAsteroid",SetEnabled nex_miningPreview true,,3:nex_miningPreview:Добывать на планете,
nex_miningOptionAsteroid,PopulateOptions,"$nex_canMine
$isAsteroid",SetEnabled nex_miningPreview true,,3:nex_miningPreview:Добывать на астероиде,
nex_miningOptionUnsurveyed,PopulateOptions,"$nex_canMine
!$isAsteroid
$market.surveyLevel != FULL","SetTooltip nex_miningPreview ""Сначала нужно обследовать планету!""
SetEnabled nex_miningPreview false",,,
nex_miningOptionCooldown,PopulateOptions,"$nex_canMine
$player.nex_miningCooldown","SetTooltip nex_miningPreview ""Перезарядка: подождите один день перед следующей добычей.""
SetEnabled nex_miningPreview false",,,
,,,,,,
nex_miningPreview,DialogOptionSelected,$option == nex_miningPreview,"Nex_PrintMiningInfoV2 planet
FireAll nex_MiningOption",,,
nex_miningMineOption,nex_MiningOption,,"SetEnabled nex_miningStart true
SetShortcut nex_miningStart RETURN
SetShortcut nex_miningBack ESCAPE",,"nex_miningStart:Начать добычу
nex_miningFleetInfo:Список добывающих кораблей во флоте
nex_miningListTools:База кораблей - крыльев и оружия для добычи
nex_miningBack:Назад",
nex_miningMineOptionNoMiners,nex_MiningOption,$player.miningStrength <= 0,"SetTooltip nex_miningStart ""У вас нет кораблей, способных к добыче.""
SetEnabled nex_miningStart false",,,
nex_miningMineOptionPursued,nex_MiningOption,HostileFleetNearbyAndAware,"SetTooltip nex_miningStart ""Нельзя добывать, пока враждебный флот отслеживает ваши перемещения.""
SetEnabled nex_miningStart false",,,
nex_miningFleetInfo,DialogOptionSelected,$option == nex_miningFleetInfo,"Nex_PrintMiningInfoV2 fleet
FireAll nex_miningOption",,,
nex_miningListTools,DialogOptionSelected,$option == nex_miningListTools,"Nex_PrintMiningInfoV2 tools
FireAll nex_miningOption",,,
nex_miningStart,DialogOptionSelected,"$nex_canMine
$option == nex_miningStart","$player.nex_miningCooldown = true 1
Nex_GetMiningResults 1
ShowDefaultVisual",,"# handled in code
#nex_miningLeave:Уйти",
,,,,,,
nex_miningBack,DialogOptionSelected,$option == nex_miningBack,"Nex_VisualCustomPanel clearPanel
ShowDefaultVisual
FireAll PopulateOptions",,,
nex_miningLeave,DialogOptionSelected,$option == nex_miningLeave,DismissDialog,,,
nex_miningOpenCargo,DialogOptionSelected,$option == nex_miningOpenCargo,Nex_PrintMiningInfoV2 cargo,,,
#END Mining options,,,,,,
,,,,,,
# Fleet requests,,,,,,
nex_fleetRequestOpt,ExerelinMarketSpecial,,SetShortcut nex_fleetRequest_main R,,8:nex_fleetRequest_main:Запросить флот,
nex_fleetRequest,DialogOptionSelected,$option == nex_fleetRequest_main,FireAll Nex_FleetRequest,,,
nex_fleetRequestByTriggerFirstTime,Nex_FleetRequest,!$nex_fleetRequest_initComplete,"Nex_FleetRequest init
ShowVisual ""graphics/illustrations/hound_hangar.jpg""",Вы можете отправить флот или оперативную группу для выполнения задачи.,,
nex_fleetRequestByTrigger,Nex_FleetRequest,,"Nex_FleetRequest mainMenu
SetShortcut nex_fleetRequestCancel ""ESCAPE""",,,
,,,,,,
nex_fleetRequest_selectTypeMenu,DialogOptionSelected,$option == nex_fleetRequest_selectType,"SetTooltip nex_fleetRequest_setType_basestrike ""Отправляет оперативную группу для уничтожения скрытой пиратской базы или базы Пути Лудда. Звездная система базы должна быть известна. Награды по контрактам за это не выдаются.""
SetTooltip nex_fleetRequest_setType_defense ""Патрулирует систему целевого рынка. После прибытия останется на позиции 150 дней.""
SetTooltip nex_fleetRequest_setType_relief ""Отправляет флот помощи для снижения нестабильности на целевом рынке. Можно выбрать только рынки вне контроля игрока. Стоимость высокая и растет с размером рынка.""
SetTooltipHighlightColors nex_fleetRequest_setType_defense hColor
SetTooltipHighlights nex_fleetRequest_setType_defense 150",,"nex_fleetRequest_setType_invasion:Вторжение
nex_fleetRequest_setType_basestrike:Удар по базе
nex_fleetRequest_setType_defense:Оборона
nex_fleetRequest_setType_colony:Колония
nex_fleetRequest_setType_blockade:Блокада
nex_fleetRequest_setType_relief:Помощь
nex_fleetRequest_main:Назад",
nex_fleetRequest_selectType,DialogOptionSelected,"Nex_OptionStartsWith ""nex_fleetRequest_setType_""","Nex_FleetRequest setType
FireAll Nex_FleetRequest",,,
,,,,,,
nex_fleetRequest_setStrengthMenu,DialogOptionSelected,$option == nex_fleetRequest_strengthMenu,Nex_FleetRequest strengthMenu,,,
nex_fleetRequest_setStrength,DialogOptionSelected,$option == nex_fleetRequest_setStrength,"Nex_FleetRequest setStrength
FireAll Nex_FleetRequest",,,
,,,,,,
nex_fleetRequest_selectSourceMenu,DialogOptionSelected,$option == nex_fleetRequest_selectSource,Nex_FleetRequest sourceMenu,,,
nex_fleetRequest_selectSource,DialogOptionSelected,"Nex_OptionStartsWith ""nex_fleetRequest_setSource_""","Nex_FleetRequest setSource
FireAll Nex_FleetRequest",,,
,,,,,,
nex_fleetRequest_selectTargetMenu,DialogOptionSelected,$option == nex_fleetRequest_selectTarget,Nex_FleetRequest targetMenu,,,
nex_fleetRequest_selectTarget,DialogOptionSelected,"Nex_OptionStartsWith ""nex_fleetRequest_setTarget_""","Nex_FleetRequest setTarget
FireAll Nex_FleetRequest",,,
,,,,,,
nex_fleetRequest_proceed,DialogOptionSelected,$option == nex_fleetRequest_proceed,"Nex_FleetRequest proceed
SetShortcut exerelinMarketSpecial ESCAPE",,"nex_fleetRequest_main:Продолжить
exerelinMarketSpecial:Выход",
#END Fleet requests,,,,,,
,,,,,,
# Decivilized market events,,,,,,
nex_decivEvent_opt,PopulateOptions,"$market.isPlanetConditionMarketOnly
$market.mc:decivilized score:100
Nex_DecivEvent hasEvent
!HostileFleetNearbyAndAware",,Одно из поселений выживших на поверхности вызывает ваш корабль.,nex_decivEvent_interact:Ответить на вызов,
nex_decivEvent_opthostileFleetNearby,PopulateOptions,"$market.isPlanetConditionMarketOnly
$market.mc:decivilized score:100
Nex_DecivEvent hasEvent
HostileFleetNearbyAndAware",SetEnabled nex_decivEvent_interact false,Одно из поселений выживших на поверхности вызывает ваш корабль. Но рядом враждебный флот и сейчас у вас вряд ли есть время на это.,nex_decivEvent_interact:Ответить на вызов,
nex_decivEvent_init,DialogOptionSelected,$option == nex_decivEvent_interact,Nex_DecivEvent greet,"Вы открываете канал связи, а офицер связи настраивает протокол под то собранное на коленке оборудование, которым пользуется другая сторона.",,
nex_decivEvent_greetingFirstTime,Nex_DecivEvent_Greeting,"!$market.nex_decivEvent_visitedBefore
!Nex_DecivEvent wasCivilized",,"""Эй? Эта штука включена?

""Эй? Эта штука вообще работает?

""О, привет, незнакомец! Давно к нам никто не заглядывал. Сектор еще жив? Где ты взял этот корабль? Уже нашли, куда ушел Лудд?""

Может, стоит просто оставить $himOrHer датакуб, чтобы $heOrShe почитал $hisOrHer в свое удовольствие и перестал засыпать вас вопросами.
OR
""Корабль! Корабль, корабль, корабль!!

""Боги, как же мы рады вас видеть! Долгое время мы не знали, остался ли там вообще кто-то живой. Меня зовут $personName, и мне не терпится пожать вам руку!""",nex_decivEvent_greetingContinue:Продолжить,
nex_decivEvent_greetingFirstTimeWasCivilized,Nex_DecivEvent_Greeting,"!$market.nex_decivEvent_visitedBefore
Nex_DecivEvent wasCivilized",,"""Слава богам! Я уже начал бояться, что мы больше никогда не увидим корабль в небе.

""Как вы, наверное, догадываетесь, у нас не было связи с остальным Сектором с тех пор, как... как прошлое правительство пало и тут все полетело к черту.""
OR
""$shipOrFleet! Значит, Сектор все-таки не забыл про $marketName.

""Большинство из нас застряли здесь, на $marketName, и живут одним днем. Если честно, удивительно, что мы вообще еще живы.""",nex_decivEvent_greetingContinue:Продолжить,
nex_decivEvent_greeting,Nex_DecivEvent_Greeting,$market.nex_decivEvent_visitedBefore,Nex_DecivEvent trade,"""Привет, космический странник! Вижу, вы снова решили заглянуть.""
OR
""О, это $playerName.""",,
nex_decivEvent_greetingRefugees,Nex_DecivEvent_Greeting,"$market.nex_decivEvent_visitedBefore
$market.nex_decivEvent_type == ""refugees""",Nex_DecivEvent trade,"""Вы вернулись...?""",,
nex_decivEvent_greetingFirstTimeContinue,DialogOptionSelected,$option == nex_decivEvent_greetingContinue,Nex_DecivEvent trade,,,
,,,,,,
nex_decivEvent_barterGeneric,Nex_DecivEvent_OfferText,"$market.nex_decivEvent_type == ""barter""",SetTextHighlights $nex_decivEvent_takeName $nex_decivEvent_giveName,"""Нам как раз нужно немного $nex_decivEvent_takeName. Взамен можем отдать $nex_decivEvent_giveName. Заинтересованы?""
OR
""Давайте поторгуем, скиталец. Вы даете нам $nex_decivEvent_takeName, а взамен получаете $nex_decivEvent_giveName. Как вам такое?""",,
nex_decivEvent_barterRareOre,Nex_DecivEvent_OfferText,"$market.nex_decivEvent_type == ""barter""
$market.nex_decivEvent_giveItem == ""rare_ore""",SetTextHighlights $nex_decivEvent_giveName $nex_decivEvent_takeName,"""У меня к вам предложение. У нас приличный запас $nex_decivEvent_giveName, но нет перерабатывающих мощностей. Зато нам бы пригодилось немного $nex_decivEvent_takeName. Интересует обмен?""",,
nex_decivEvent_barterRareMetals,Nex_DecivEvent_OfferText,"$market.nex_decivEvent_type == ""barter""
$market.nex_decivEvent_giveItem == ""rare_metals""",SetTextHighlights $nex_decivEvent_giveName $nex_decivEvent_takeName,"""Итак, вот условия. У нас есть крупный запас $nex_decivEvent_giveName — до Коллапса это было очень ценно. Но производств, чтобы использовать их, у нас нет; здесь, на $marketName, это просто красивые безделушки. Если у вас найдется $nex_decivEvent_takeName, можем обменяться.""",,
nex_decivEvent_barterCrew,Nex_DecivEvent_OfferText,"$market.nex_decivEvent_type == ""barter""
$market.nex_decivEvent_giveItem == ""crew""",SetTextHighlights $nex_decivEvent_takeName,"""Слушайте сюда. У меня куча пленников после недавнего налета. Кормить столько людей мне, если честно, не с руки. Думаю, предприимчивый скиталец вроде вас без труда найдет им работу на корабле. Взамен прошу лишь немного $nex_decivEvent_takeName.""

Торговлю рабами — а это именно она — в большинстве моральных систем не одобряют. С другой стороны, пленникам, возможно, будет куда лучше на вашем $shipOrFleet, чем у... этого человека.",,
nex_decivEvent_refugees,Nex_DecivEvent_OfferText,"$market.nex_decivEvent_type == ""refugees""",SetTextHighlights $nex_decivEvent_giveCount,"""Пожалуйста, помогите нам, добрый скиталец. Я и мои друзья застряли на этом мире... слишком надолго. Еще несколько месяцев здесь — и мы погибнем, или того хуже.

Возьмите нас на борт вашего $shipOrFleet. Нас $nex_decivEvent_giveCount человек, и все готовы отработать путь с этой проклятой планеты.""
OR
""Прошу вас о помощи, $playerName. Здесь, на $marketName, нельзя жить. Общество рухнуло, каждый прием пищи может стать последним, а банды рейдеров и мародеров хватают все — и всех — до кого дотянутся.

Пожалуйста, увезите нас с этой планеты. Мы все, $nex_decivEvent_giveCount человек, будем работать на вашем $shipOrFleet. Мы будем вам вечно благодарны.""",,
nex_decivEvent_bomb,Nex_DecivEvent_OfferText,"$market.nex_decivEvent_type == ""bomb""",SetTextHighlights $nex_decivEvent_giveName $nex_decivEvent_takeCount,"""Есть одно дело, с которым нам поможете только вы.

Рядом окопалась шайка подонков, с которой нужно разобраться. Мы бы сами вычистили это гнилое гнездо, но, увы, они слишком хорошо укрепились. А вот вы... с вашим кораблем можете сбросить на них пару бомб и отправить прямиком в ад. Взамен дадим вам немного $nex_decivEvent_giveName. По рукам?""

$personName передает несколько изображений и координаты цели. Судя по примитивной обороне, для полного уничтожения поселения понадобится не более $nex_decivEvent_takeCount топлива. Если, конечно, вы вообще хотите вмешиваться в разборки на $marketName.",,
nex_decivEvent_raid,Nex_DecivEvent_OfferText,"$market.nex_decivEvent_type == ""raid""",SetTextHighlights boys with fancy guns,"""Есть у вас там ребята с крутыми пушками? Если да, у нас к вам небольшая просьба.

""Недавно враждебный лагерь украл у нас очень ценную вещь — $nex_decivEvent_raidItem. Мы бы сами ее вернули, но они слишком хорошо окопались. А если подойдете вы, с вашими шаттлами и силовой броней, они посыплются как мокрая бумага. В награду можете оставить себе все остальное ценное, что найдете в их жалком логове. Интересно?""

Стоит ли рисковать жизнями морпехов, пусть даже против такого слабого противника, ради сомнительной добычи?",,
nex_decivEvent_colony,Nex_DecivEvent_OfferText,"$market.nex_decivEvent_type == ""foundColony""","SetTextHighlights ""supplies"" ""machinery"".
AddTextSmall ""Будет создана новая независимая колония $onOrAt $marketName.""
SetTextHighlights independent","""У нас к вам большая просьба, друг $playerName.

Люди $marketName хотят снова выйти к звездам. Мы создали здесь устойчивое сообщество, и еще немного помощи — и мы снова станем частью Сектора. 

Все, что нам нужно, — немного припасов и оборудования. Если вы сможете это предоставить, мы будем безмерно благодарны.""",,
,,,,,,
nex_decivEvent_accept,DialogOptionSelected,"$option == nex_decivEvent_accept
$market.nex_decivEvent_type == ""barter""","Nex_DecivEvent accept
ShowDefaultVisual
FireAll PopulateOptions","""Отлично! Приятно иметь с вами дело.""

После пары вежливых фраз вы отключаете связь и отправляете шаттл на поверхность $marketName для обмена.",,
nex_decivEvent_decline,DialogOptionSelected,"$option == nex_decivEvent_decline
$market.nex_decivEvent_type == ""barter""","Nex_DecivEvent decline
ShowDefaultVisual
FireAll PopulateOptions","""Жаль. Ну, мы будем здесь, если передумаете.""

После краткой вежливой беседы вы отключаете канал связи.",,
nex_decivEvent_acceptRefugees,DialogOptionSelected,"$option == nex_decivEvent_accept
$market.nex_decivEvent_type == ""refugees""","Nex_DecivEvent accept
ShowDefaultVisual
FireAll PopulateOptions","""Огромное спасибо! Мы сразу поднимемся на борт.""

Вы отключаете связь и отправляете шаттл на поверхность $marketName, чтобы забрать новых членов экипажа. Будем надеяться, они хорошо вольются в команду... и не притащат на борт какую-нибудь жуткую неизвестную Сектору заразу.",,
nex_decivEvent_declineRefugees,DialogOptionSelected,"$option == nex_decivEvent_decline
$market.nex_decivEvent_type == ""refugees""","Nex_DecivEvent decline
ShowDefaultVisual
FireAll PopulateOptions","""Вы... у вас совсем нет сердца? Вы правда оставите нас здесь?""

Вы быстро обрываете связь. Слушать это дальше вам не нужно.
OR
""Нет! Не бросайте нас!""

$personName в отчаянии кричит вам вслед, но звук резко обрывается, когда вы отключаете канал.",,
nex_decivEvent_acceptBomb,DialogOptionSelected,"$option == nex_decivEvent_accept
$market.nex_decivEvent_type == ""bomb""","Nex_DecivEvent accept
ShowDefaultVisual
FireAll PopulateOptions","Самодельные антиматериальные бомбы с приятной эффективностью стирают цель с лица планеты, оставляя только россыпь воронок на изуродованной поверхности.

$personName явно доволен. ""Превосходно!"" — ликует $heOrShe. ""Забирай награду, друг. Ты это заслужил.""

Через некоторое время шаттл возвращается к вашему $shipOrFleet с обещанным товаром. Как минимум, одна проблема решена.",,
nex_decivEvent_declineBomb,DialogOptionSelected,"$option == nex_decivEvent_decline
$market.nex_decivEvent_type == ""bomb""","Nex_DecivEvent decline
ShowDefaultVisual
FireAll PopulateOptions","""Пф, ладно. Будь по-вашему, капитан-ваше-величество.""

Вы отключаете связь. Чем бы ни закончилась вражда $personName с $hisOrHer соседями, вас это не касается.",,
nex_decivEvent_acceptRaid,DialogOptionSelected,"$option == nex_decivEvent_accept
$market.nex_decivEvent_type == ""raid""","AddRaidObjective genericIcon ""Recover item"" MINIMAL $entity.raidDifficulty Nex_DecivEvent_RaidFinishedA
$option = mktRaidNonMarket
FireBest DialogOptionSelected",,,
nex_decivEvent_acceptRaid2,Nex_DecivEvent_RaidFinishedA,,AddCommodity $market.nex_decivEvent_giveItem $market.nex_decivEvent_giveCount,"После короткого разведывательного облета с использованием аэрокосмических средств ваши морпехи штурмуют цель. Грубая оборона небольшого поселения на децивилизованном мире не выдерживает натиска организованного отряда морпехов с воздушной и орбитальной поддержкой, и сопротивление быстро рушится.

Быстрый обыск выводит на $nex_decivEvent_raidItem в личных покоях главаря. Отряды также находят кучу добычи и грузят ее в шаттл.",,
nex_decivEvent_acceptRaid3,Nex_DecivEvent_RaidFinishedB,,"Nex_DecivEvent end
ShowDefaultVisual
FireAll PopulateOptions","""Большое спасибо, скиталец!"" — с воодушевлением говорит $personName, когда вы возвращаете $hisOrHer безделушку. Впрочем, здесь, $onOrAt $marketName, она, вероятно, ценнее, чем в цивилизованном пространстве. ""Если снова будете пролетать мимо — заходите, ладно?""

Ваши морпехи без лишнего шума возвращаются на $shipOrFleet. Возможно, на следующей планете найдется еще одно такое небольшое приключение.",,
nex_decivEvent_declineRaid,DialogOptionSelected,"$option == nex_decivEvent_decline
$market.nex_decivEvent_type == ""raid""","Nex_DecivEvent decline
ShowDefaultVisual
FireAll PopulateOptions","""Пф, ладно. Будь по-вашему, капитан-ваше-величество.""

Вы отключаете связь. Чем бы ни закончилась вражда $personName с $hisOrHer соседями, вас это не касается.",,
nex_decivEvent_declineRaidTrigger,Nex_DecivEvent_RaidCancelled,,"Nex_DecivEvent decline
ShowDefaultVisual
FireAll PopulateOptions","""Пф, ладно. Будь по-вашему, капитан-ваше-величество.""

Вы отключаете связь. Чем бы ни закончилась вражда $personName с $hisOrHer соседями, вас это не касается.",,
nex_decivEvent_acceptColony,DialogOptionSelected,"$option == nex_decivEvent_accept
$market.nex_decivEvent_type == ""foundColony""","Nex_DecivEvent accept
ShowDefaultVisual","""Спасибо вам огромное, $playerName. Чувствую, в будущем тут будет немало детей, названных в вашу честь.""

С новыми припасами и оборудованием жители $marketName с лихорадочной энергией принимаются строить новое поселение. Им даже удается запустить базовый космопорт — возможно, наследие Коллапса, которому просто требовалось немного заботы, чтобы снова заработать.",nex_decivEvent_foundColonyEnd:Продолжить,
nex_decivEvent_acceptColonyPost,DialogOptionSelected,$option == nex_decivEvent_foundColonyEnd,FireBest MarketPostOpen,,,
nex_decivEvent_declineColony,DialogOptionSelected,"$option == nex_decivEvent_decline
$market.nex_decivEvent_type == ""foundColony""","Nex_DecivEvent decline
Nex_DecivEvent addFoundColonyIntel
ShowDefaultVisual
FireAll PopulateOptions","""...Понимаю. Придется выкручиваться своими силами. Но если вы вернетесь в будущем?""
OR
""Пожалуйста, может, вы передумаете? Если когда-нибудь снова сюда заглянете...""",,
nex_decivEvent_declineColonyLater,DialogOptionSelected,"$option == nex_decivEvent_decline
$market.hasRuins
!$market.ruinsExplored
$market.nex_decivEvent_type == ""foundColony""","Nex_DecivEvent decline
ShowDefaultVisual
FireAll PopulateOptions","""Сначала другие дела? Понимаем. Дайте знать, когда закончите.""",,
#END Decivilized market events,,,,,,
,,,,,,
# Base commander stuff,,,,,,
nex_convDefaultGreetingFollowers,PickGreeting,"!$contact_printedFirstReturnGreeting
Nex_IsBaseOfficial any
Nex_IsFactionRuler $faction.id","$contact_printedFirstReturnGreeting = true 0
ShowPersonVisual
FireAll PopulateOptions
FireAll ExerelinBaseCommanderOptionsInitialize","После короткого ожидания ваш запрос на связь принимают.

""Здравствуйте, шеф. Что мы можем для вас сделать?""",,
,,,,,,
aiCores_turnInOptionSelFollowers,DialogOptionSelected,"$option == aiCores_startTurnIn
$faction.id == player",FireAll PopulateCoresTurnInOptions,"""Отлично. Нам всегда пригодится больше таких штук. Выплата стандартная.""",,
aiCores_turnInOptionRecentlyInvaded,DisableTurnInCoresOptionIfNeeded,$faction.nex_recentlyInvaded score:20,"Nex_PrisonerAction getCooldown
SetTooltip aiCores_startTurnIn ""$TheFaction сейчас не принимает ИИ-ядра из-за ваших недавних вторжений на их территорию. Это продлится еще $nex_recentInvasionCooldown.""
SetTooltipHighlightColors aiCores_startTurnIn hColor
SetTooltipHighlights aiCores_startTurnIn $nex_recentInvasionCooldown
SetEnabled aiCores_startTurnIn false",,,
,,,,,,
,,,,,,
#ExerelinBaseCommanderInitializeAddDialogs,ExerelinBaseCommanderOptionsInitialize,,<do something>,,,
,,,,,,
ExerelinBaseCommanderMenuRepeat,DialogOptionSelected,$option == exerelinBaseCommanderMenuRepeat,FireAll ExerelinBaseCommanderOptionsInitialize,"""Что-нибудь еще?""",,
#END Base commander stuff,,,,,,
,,,,,,
# Alliance options,,,,,,
ExerelinPlayerFactionDiplomacyPreCheck,ExerelinMarketSpecialInitialize,,unset $showPlayerFactionDiplomacyOptions,,,
ExerelinPlayerFactionDiplomacyCheckConditions,ExerelinMarketSpecialInitialize,"$faction.id != ""neutral""
$faction.id != ""independent""
$faction.id != ""player""
$faction.id != ""derelict""
$faction.id != $player.factionId
Nex_IsFactionRuler","$showPlayerFactionDiplomacyOptions = true 0
$_factionAllianceName = $faction.allianceName 0
$_playerAllianceName = $player.allianceName 0",,,
#ExerelinPlayerFactionDiplomacyCheckConditions2,ExerelinMarketSpecialInitialize,"!$market.mc:regional_capital
!$market.mc:headquarters
!$market.mc:military_base
!$market.mc:tem_avalon",$showPlayerFactionDiplomacyOptions = false 0,,,
,,,,,,
ExerelinJoinAllianceOption,ExerelinMarketSpecial,"$showPlayerFactionDiplomacyOptions
!$player.isInAlliance
$faction.isInAlliance","SetEnabled exerelinJoinAlliance true
Nex_AddOptionConfirmation exerelinJoinAlliance ""Вы уверены, что хотите вступить вашей фракцией в альянс $_factionAllianceName?"" ""Да"" ""Нет""",,exerelinJoinAlliance:Вступить в альянс $_factionAllianceName,
ExerelinJoinAllianceOptionUntrusted,ExerelinMarketSpecial,"$showPlayerFactionDiplomacyOptions
!Nex_Alliance enoughRep $player.factionId $faction.allianceId","SetTooltip exerelinJoinAlliance ""$_factionAllianceName пока недостаточно вам доверяют.""
SetEnabled exerelinJoinAlliance false",,,
ExerelinJoinAllianceSwitchOption,ExerelinMarketSpecial,"$showPlayerFactionDiplomacyOptions
$player.isInAlliance
$faction.isInAlliance
$faction.allianceId != $player.allianceId","SetTooltip exerelinJoinAlliance ""Чтобы вступить в $_factionAllianceName, вашей фракции придется выйти из $_playerAllianceName.""
SetEnabled exerelinJoinAlliance true
Nex_AddOptionConfirmation exerelinJoinAlliance ""Вы уверены, что хотите выйти из $_playerAllianceName и вступить в $_factionAllianceName?"" ""Да"" ""Нет""",,exerelinJoinAlliance:Вступить (со сменой) в альянс $_factionAllianceName,
ExerelinJoinAllianceSwitchOptionUntrusted,ExerelinMarketSpecial,"$showPlayerFactionDiplomacyOptions
$player.isInAlliance
$faction.isInAlliance
$faction.allianceId != $player.allianceId
!Nex_Alliance enoughRep $player.factionId $faction.allianceId","SetTooltip exerelinJoinAlliance ""$_factionAllianceName пока недостаточно вам доверяют.\nЧтобы вступить в $_factionAllianceName, вашей фракции пришлось бы выйти из $_playerAllianceName.""
SetEnabled exerelinJoinAlliance false",,,
,,,,,,
ExerelinInviteToAllianceOption,ExerelinMarketSpecial,"$showPlayerFactionDiplomacyOptions
$player.isInAlliance
$faction.allianceId != $player.allianceId","SetEnabled exerelinInviteToAlliance true
Nex_AddOptionConfirmation exerelinInviteToAlliance ""Вы уверены, что хотите пригласить $theFaction в альянс $_playerAllianceName?"" ""Да"" ""Нет""",,exerelinInviteToAlliance:Пригласить $theFaction в альянс $_playerAllianceName,
ExerelinInviteToAllianceOptionUntrusted,ExerelinMarketSpecial,"$showPlayerFactionDiplomacyOptions
!$faction.isInAlliance
!Nex_Alliance enoughRep $faction.id $player.allianceId","SetTooltip exerelinInviteToAlliance ""$TheFaction пока недостаточно доверяют $_playerAllianceName.""
SetEnabled exerelinInviteToAlliance false",,,
ExerelinInviteToAllianceOptionAlreadyInAlliance,ExerelinMarketSpecial,"$showPlayerFactionDiplomacyOptions
$faction.isInAlliance
$faction.allianceId != $player.allianceId","SetTooltip exerelinInviteToAlliance ""$TheFaction уже состоят в альянсе.""
SetEnabled exerelinInviteToAlliance false",,,
ExerelinInviteToAllianceOptionIncompatible,ExerelinMarketSpecial,"$showPlayerFactionDiplomacyOptions
!$faction.isInAlliance
!Nex_Alliance isAlignmentCompatible $faction.id $player.allianceId","SetTooltip exerelinInviteToAlliance ""$TheFaction не могут поддержать цели $_playerAllianceName.""
SetEnabled exerelinInviteToAlliance false",,,
ExerelinMergeAllianceOption,ExerelinMarketSpecial,"$showPlayerFactionDiplomacyOptions
$player.isInAlliance
$faction.isInAlliance
$faction.allianceId != $player.allianceId","Nex_AddOptionConfirmation exerelinMergeAlliance ""Вы уверены, что хотите объединить $_playerAllianceName с $_factionAllianceName?"" ""Да"" ""Нет""",,exerelinMergeAlliance:Объединить $_factionAllianceName в $_playerAllianceName,
ExerelinMergeAllianceOptionIncompatible,ExerelinMarketSpecial,"$showPlayerFactionDiplomacyOptions
$player.isInAlliance
$faction.isInAlliance
$faction.allianceId != $player.allianceId
!Nex_Alliance canMerge $faction.id false","SetTooltip exerelinMergeAlliance ""Чтобы слияние состоялось, все участники их альянса должны иметь возможность вступить в наш.""
SetEnabled exerelinMergeAlliance false",,,
ExerelinMergeAllianceOptionReverse,ExerelinMarketSpecial,"$showPlayerFactionDiplomacyOptions
$player.isInAlliance
$faction.isInAlliance
$faction.allianceId != $player.allianceId","Nex_AddOptionConfirmation exerelinMergeAllianceReverse ""Вы уверены, что хотите объединить $_factionAllianceName с $_playerAllianceName?"" ""Да"" ""Нет""",,exerelinMergeAllianceReverse:Объединить $_playerAllianceName в $_factionAllianceName,
ExerelinMergeAllianceOptionReverseIncompatible,ExerelinMarketSpecial,"$showPlayerFactionDiplomacyOptions
$player.isInAlliance
$faction.isInAlliance
$faction.allianceId != $player.allianceId
!Nex_Alliance canMerge $faction.id true","SetTooltip exerelinMergeAllianceReverse ""Чтобы слияние состоялось, все участники нашего альянса должны иметь возможность вступить в их.""
SetEnabled exerelinMergeAllianceReverse false",,,
,,,,,,
ExerelinFormAllianceOption,ExerelinMarketSpecial,"$showPlayerFactionDiplomacyOptions
!$player.isInAlliance
!$faction.isInAlliance","SetEnabled exerelinFormAlliance true
Nex_AddOptionConfirmation exerelinFormAlliance ""Вы уверены, что хотите создать новый альянс с $theFaction?"" ""Да"" ""Нет""",,exerelinFormAlliance:Пригласить $theFaction создать новый альянс,
ExerelinFormAllianceOptionUntrusted,ExerelinMarketSpecial,"$showPlayerFactionDiplomacyOptions
!$player.isInAlliance
!$faction.isInAlliance
!RepIsAtWorst $faction.id FRIENDLY","SetTooltip exerelinFormAlliance ""$TheFaction пока недостаточно вам доверяют.""
SetEnabled exerelinFormAlliance false",,,
ExerelinFormAllianceOptionAlreadyInAlliance,ExerelinMarketSpecial,"$showPlayerFactionDiplomacyOptions
!$player.isInAlliance
$faction.isInAlliance","SetTooltip exerelinFormAlliance ""$TheFaction уже состоят в альянсе.""
SetEnabled exerelinFormAlliance false",,,
ExerelinLeaveAllianceOption,ExerelinMarketSpecial,"$hasMarket
Nex_IsFactionRuler
$player.isInAlliance
$faction.isInAlliance
$faction.allianceId == $player.allianceId","$_factionAllianceName = $faction.allianceName 0
$_playerAllianceName = $player.allianceName 0
Nex_AddOptionConfirmation exerelinLeaveAlliance ""Вы уверены, что хотите вывести вашу фракцию из альянса $_playerAllianceName?"" ""Да"" ""Нет""",,exerelinLeaveAlliance:Покинуть альянс $_factionAllianceName,
,,,,,,
ExerelinJoinAlliance,DialogOptionSelected,$option == exerelinJoinAlliance,"Nex_Alliance join
FireAll ExerelinMarketSpecialInitialize",,,
ExerelinInviteToAlliance,DialogOptionSelected,$option == exerelinInviteToAlliance,"Nex_Alliance invite
FireAll ExerelinMarketSpecialInitialize",,,
ExerelinMergeAlliance,DialogOptionSelected,$option == exerelinMergeAlliance,"Nex_Alliance merge false
FireAll ExerelinMarketSpecialInitialize",,,
ExerelinMergeAllianceReverse,DialogOptionSelected,$option == exerelinMergeAllianceReverse,"Nex_Alliance merge true
FireAll ExerelinMarketSpecialInitialize",,,
ExerelinFormAlliance,DialogOptionSelected,$option == exerelinFormAlliance,"Nex_Alliance form
FireAll ExerelinMarketSpecialInitialize",,,
ExerelinLeaveAlliance,DialogOptionSelected,$option == exerelinLeaveAlliance,"Nex_Alliance leave
FireAll ExerelinMarketSpecialInitialize",,,
#END Alliance options,,,,,,
,,,,,,
# remote comm link,,,,,,
#nex_remoteCommOption,ExerelinMarketSpecial,,SetShortcut nex_remoteComm R,,8:nex_remoteComm:Открыть удаленный каталог связи,
nex_remoteComm,DialogOptionSelected,$option == nex_remoteComm,FireAll Nex_RemoteComm,,,
nex_remoteCommByTrigger,Nex_RemoteComm,,Nex_RemoteCommDirectory list,Какую фракцию вы хотите посмотреть?,,
nex_remoteCommConnect,DialogOptionSelected,"Nex_OptionStartsWith ""nex_remoteCommDirectory_open_""",Nex_RemoteCommDirectory connect,,,
#END remote comm link,,,,,,
,,,,,,
# Market transfer options,,,,,,
nex_marketTransferInit,PopulateOptions,"Nex_IsBaseOfficial admin
Nex_IsFactionRuler $faction.id",,,nex_transferMarketMainWithDialog:Передать этот рынок другой фракции,
nex_marketTransferInitNoSpaceport,PopulateOptions,"Nex_IsBaseOfficial admin
Nex_IsFactionRuler $faction.id
!Nex_TransferMarket hasSpaceport","SetTooltip nex_transferMarketMainWithDialog ""Для рассмотрения передачи потенциальному получателю требуется космопорт.""
SetEnabled nex_transferMarketMainWithDialog false",,,
,,,,,,
nex_marketTransfer,DialogOptionSelected,$option == nex_transferMarketMain,FireAll Nex_MarketTransferMain,,,
nex_marketTransferWithDialog,DialogOptionSelected,$option == nex_transferMarketMainWithDialog,"Nex_TransferMarket printRepChange
FireAll Nex_MarketTransferMain","""Вы действительно хотите отдать $marketName? Хорошо, кому именно?""",,
nex_marketTransferByTrigger,Nex_MarketTransferMain,,Nex_TransferMarket listGroups,,,
,,,,,,
nex_marketTransferList1,DialogOptionSelected,$option == nex_transferMarketList1,Nex_TransferMarket listFactions 1,,,
nex_marketTransferList2,DialogOptionSelected,$option == nex_transferMarketList2,Nex_TransferMarket listFactions 2,,,
nex_marketTransferList3,DialogOptionSelected,$option == nex_transferMarketList3,Nex_TransferMarket listFactions 3,,,
nex_marketTransferList4,DialogOptionSelected,$option == nex_transferMarketList4,Nex_TransferMarket listFactions 4,,,
nex_marketTransferList5,DialogOptionSelected,$option == nex_transferMarketList5,Nex_TransferMarket listFactions 5,,,
nex_marketTransferList6,DialogOptionSelected,$option == nex_transferMarketList6,Nex_TransferMarket listFactions 6,,,
nex_marketTransferList7,DialogOptionSelected,$option == nex_transferMarketList7,Nex_TransferMarket listFactions 7,,,
nex_marketTransferList8,DialogOptionSelected,$option == nex_transferMarketList8,Nex_TransferMarket listFactions 8,,,
nex_marketTransferList9,DialogOptionSelected,$option == nex_transferMarketList9,Nex_TransferMarket listFactions 9,,,
nex_marketTransferList10,DialogOptionSelected,$option == nex_transferMarketList9,Nex_TransferMarket listFactions 10,,,
,,,,,,
nex_marketTransferAndGovern,DialogOptionSelected,$option == nex_transferMarketAndGovern,"Nex_TransferMarket transferAndGovern
FireAll Nex_MarketPostTransfer",,,
,,,,,,
nex_marketTransferExecute,DialogOptionSelected,"Nex_OptionStartsWith ""nex_transferMarket_""","Nex_TransferMarket transfer
FireAll Nex_MarketPostTransfer",,,
,,,,,,
nex_marketTransferPostDialog,Nex_MarketPostTransfer,$option != nex_transferMarketAndGovern,,"""Как прикажете. $marketName теперь находится во владении $entity._newFaction.""

""До свидания, шеф.""",nex_transferMarketEnd:Разорвать канал связи,
nex_marketTransferPostDialogGovernor,Nex_MarketPostTransfer,$option == nex_transferMarketAndGovern,,"""Как прикажете. Теперь вы удерживаете $marketName от имени $entity._newFaction. Мы немедленно сделаем необходимые приготовления.

""Когда вернетесь, все будет готово.""",nex_transferMarketEnd:Поблагодарить $himOrHer и разорвать связь,
,,,,,,
nex_marketTransferPostDialogDone,DialogOptionSelected,$option == nex_transferMarketEnd,"UpdateMemory
ShowDefaultVisual
EndConversation",,,
#END Market transfer options,,,,,,
,,,,,,
# Rebellion options,,,,,,
#nex_instigateRebellion,Nex_HostileAction,,,,6:nex_instigateRebellion:Спровоцировать восстание,
#nex_instigateRebellionNoSneak,Nex_HostileAction,$tradeMode == NONE,"SetTooltip nex_instigateRebellion ""You currently do not have access to $marketName to insert the needed assets.""
SetEnabled nex_instigateRebellion false",,,
#nex_instigateRebellionAlreadyOngoing,Nex_HostileAction,Nex_RebellionActions isOngoing,"SetTooltip nex_instigateRebellion ""A rebellion is already in progress on $marketName.""
SetEnabled nex_instigateRebellion false",,,
#nex_instigateRebellionInit,DialogOptionSelected,$option == nex_instigateRebellion,"Nex_InstigateRebellion init
SetShortcut nex_instigateRebellionProceed RETURN
SetShortcut nex_hostileActionMenu ESCAPE","Вы можете попытаться начать восстание на $marketName. Это всегда удастся, но потребует значительного объема ресурсов, а $theFaction станет враждебной, если ваши действия будут раскрыты.","nex_instigateRebellionProceed:Продолжить
nex_hostileActionMenu:Отмена",
#nex_instigateRebellionProceed,DialogOptionSelected,$option == nex_instigateRebellionProceed,"Nex_InstigateRebellion proceed
FireAll Nex_HostileAction",,,
,,,,,,
nex_supplyInsurgencyGreeting,PickGreeting,$nex_rebel_representative,"ShowPersonVisual
FireAll Nex_InsurgencyCheckRep","После короткого ожидания ваш запрос на связь принимают.

""Да?""","nex_supplyInsurgency:Я могу снабдить ваше восстание полезными материалами.
0:cutCommLink:Разорвать канал связи",
nex_supplyInsurgencyGreeting_TooLowRep,Nex_InsurgencyCheckRep,!Nex_RebellionActions enoughRepToSupply,"SetTooltip nex_supplyInsurgency ""$TheFaction simply do not trust you to supply them.""
SetEnabled nex_supplyInsurgency false",,,
nex_supplyInsurgencyGreeting_NeedTOff,PickGreeting,"$nex_rebel_representative
$player.transponderOn
$hostileToMarket score:100",ShowPersonVisual,"После короткого ожидания ваш запрос на связь принимают.

""Чего тебе? Мне с тобой не о чем говорить.""

Похоже, зайти в порт с включенным транспондером и во всеуслышание объявить о себе, пытаясь связаться с подпольной фигурой, было не лучшей вашей идеей.",0:cutCommLink:Разорвать канал связи,
nex_supplyInsurgencyGreeting_Player,PickGreeting,"$nex_rebel_representative
$market.nex_isTruePlayerOwned",ShowPersonVisual,"Ваш запрос на связь остается без ответа даже спустя несколько минут ожидания. Если подумать, это вполне логично.",0:cutCommLink:Разорвать канал связи,
nex_supplyInsurgency,DialogOptionSelected,$option == nex_supplyInsurgency,"AddText ""\""Well, well. For our glorious cause, we will gladly take any supplies, hand weapons or marines you possess, paying market rates. $TheFaction will remember you, when the revolution is triumphant.\""""
Nex_RebellionActions main
Nex_RebellionActions printPriceMult",,,
nex_supplyInsurgencyProceed,DialogOptionSelected,"Nex_OptionStartsWith ""nex_supplyInsurgency_deliver_""",Nex_RebellionActions deliver,,,
nex_supplyInsurgencyBack,DialogOptionSelected,$option == nex_supplyInsurgencyBack,"ShowDefaultVisual
EndConversation",,,
,,,,,,
nex_supplyCounterInsurgencyOption,PopulateOptions,"Nex_IsBaseOfficial admin
Nex_RebellionActions isOngoing",,,nex_supplyCounterInsurgency:Я могу помочь с вашей проблемой восстания.,
nex_supplyCounterInsurgencyOptionTooLowRep,PopulateOptions,"Nex_IsBaseOfficial admin
Nex_RebellionActions isOngoing
!Nex_RebellionActions enoughRepToSupply","SetTooltip nex_supplyCounterInsurgency ""$TheFaction simply do not trust you to supply them.""
SetEnabled nex_supplyCounterInsurgency false",,,
nex_supplyCounterInsurgency,DialogOptionSelected,$option == nex_supplyCounterInsurgency,"AddText ""\""Indeed? We could make good use of any supplies, hand weapons or marines you possess, purchased at market rates. And the gratitude of $theFaction, once the dust settles.\""""
Nex_RebellionActions main
Nex_RebellionActions printPriceMult",,,
nex_supplyCounterInsurgencyPlayer,DialogOptionSelected,"$option == nex_supplyCounterInsurgency
$market.nex_isTruePlayerOwned","AddText ""\""That would be good. Some supplies, heavy armaments and marines would make putting down the rebellion much easier.\""""
AddTextSmall ""Так как это ваш собственный рынок, за поставленные материалы выплаты не будет.""
Nex_RebellionActions main",,,
nex_supplyCounterInsurgencyBack,DialogOptionSelected,$option == nex_supplyCounterInsurgencyBack,FireAll PopulateOptions,"""Что-нибудь еще?""",,
#END Rebellion options,,,,,,
,,,,,,
# Blueprint swap options,,,,,,
nex_blueprintSwapOption,PopulateOptions,"Nex_IsBaseOfficial admin
Nex_BlueprintSwap hasOption",,,nex_blueprintSwapMenu:Обменять чертежи,
nex_blueprintSwapMenuSel,DialogOptionSelected,$option == nex_blueprintSwapMenu,FireAll Nex_BlueprintSwapMenu,"""А, отлично. Покупать или продавать?""",,
nex_blueprintSwapMenuReturnSel,DialogOptionSelected,$option == nex_blueprintSwapMenuReturn,"FireAll Nex_BlueprintSwapMenu
ShowPersonVisual",,,
nex_blueprintSwapMenu,Nex_BlueprintSwapMenu,,"AddTextSmall ""You have $nex_BPSwap_pointsStr points.""
SetTextHighlights $nex_BPSwap_pointsStr
SetShortcut nex_blueprintSwapExit ""ESCAPE""",,"nex_blueprintSwapBuy:Купить чертежи
nex_blueprintSwapSell:Сдать чертежи
nex_blueprintSwapExit:Назад",
nex_blueprintSwapSellOption,DialogOptionSelected,$option == nex_blueprintSwapSell,Nex_BlueprintSwap sell,,,
nex_blueprintSwap_SellResponse,Nex_BlueprintsSold,,FireAll Nex_BlueprintSwapMenu,"""Спасибо за сотрудничество.""",,
nex_blueprintSwap_ListBuyable,DialogOptionSelected,$option == nex_blueprintSwapBuy,Nex_BlueprintSwap getForSale,,,
nex_blueprintSwapBuyOption,DialogOptionSelected,"Nex_OptionStartsWith ""nex_blueprintSwap_pick_""","Nex_BlueprintSwap buy
AddText ""\""Will this be suitable?\""""
SetShortcut nex_blueprintSwapBuy ""ESCAPE""",,"nex_blueprintSwapConfirmPurchase:Купить этот чертеж
nex_blueprintSwapBuy:Назад",
nex_blueprintSwapBuyConfirm,DialogOptionSelected,$option == nex_blueprintSwapConfirmPurchase,"Nex_BlueprintSwap confirmPurchase
Nex_BlueprintSwap getForSale
AddTextSmall ""You have $nex_BPSwap_pointsStr points.""
SetTextHighlights $nex_BPSwap_pointsStr
ShowPersonVisual","""Спасибо за сотрудничество.""",,
nex_blueprintSwapExit,DialogOptionSelected,$option == nex_blueprintSwapExit,FireAll PopulateOptions,,,
#END Blueprint swap options,,,,,,
,,,,,,
# Stabilization package,,,,,,
nex_stabilizePackageOption,PopulateOptions,"$entity.hasMarket
Nex_IsBaseOfficial any
$faction.id != player",FireAll Nex_StabilizePackageCheckEnabled,,11:nex_stabilizePackage_main:Я могу помочь с вашей проблемой беспорядков.,
nex_stabilizePackageSelRelief,DialogOptionSelected,"$option == nex_stabilizePackage_main
$market.nex_stabilizePackage_type == ""relief""","Nex_StabilizePackage init
SetShortcut nex_stabilizePackage_cancel ""ESCAPE""
FireAll Nex_StabilizePackageCheckEnabled","""Правда? Мы будем крайне признательны за любую помощь, которую вы сможете оказать. Припасы и продовольствие — и, конечно, кредиты — помогут жителям $marketName пережить текущие трудности.""
OR
""Вы очень великодушны, $playerName. Существенный вклад в виде материалов помощи и кредитов заметно поддержит наши усилия по облегчению ситуации.""","nex_stabilizePackage_proceed:Передать пакет гуманитарной помощи
nex_stabilizePackage_cancel:Передумать",
nex_stabilizePackageSelRepression,DialogOptionSelected,"$option == nex_stabilizePackage_main
$market.nex_stabilizePackage_type == ""repression""","Nex_StabilizePackage init
SetShortcut nex_stabilizePackage_cancel ""ESCAPE""
FireAll Nex_StabilizePackageCheckEnabled","""Мы приветствуем вашу помощь в этом вопросе. Достаточный вклад припасов, боеприпасов и финансирования значительно усилит наши усилия по поддержанию порядка.""
OR
""Правда? Что ж, если у вас найдутся нужные припасы и кредиты для поддержки наших мер по умиротворению, мое руководство оценит это по достоинству.""","nex_stabilizePackage_proceed:Передать пакет для умиротворения
nex_stabilizePackage_cancel:Передумать",
nex_stabilizePackageSelReliefConfirm,DialogOptionSelected,"$option == nex_stabilizePackage_proceed
$market.nex_stabilizePackage_type == ""relief""","Nex_StabilizePackage proceed
FireAll PopulateOptions","""Спасибо за вашу щедрость. Жители $marketName у вас в долгу.""",,
nex_stabilizePackageSelRepressionConfirm,DialogOptionSelected,"$option == nex_stabilizePackage_proceed
$market.nex_stabilizePackage_type == ""repression""","Nex_StabilizePackage proceed
FireAll PopulateOptions","""Очень хорошо. $TheFaction признательна за вашу помощь в этом вопросе.""",,
nex_stabilizePackageNeverMind,DialogOptionSelected,$option == nex_stabilizePackage_cancel,FireAll PopulateOptions,"""Понимаю. Очень жаль.

Вам нужно что-то еще?""
OR
""Похоже, у щедрости есть пределы.

Что-нибудь еще?""",,
,,,,,,
nex_stabilizePackageDisabled,Nex_StabilizePackageCheckEnabled,!Nex_StabilizePackage enabled,"SetTooltip nex_stabilizePackage_main ""$marketName does not require such assistance at present.""
SetEnabled nex_stabilizePackage_main false
SetTooltip nex_stabilizePackage_proceed ""$marketName does not require such assistance at present.""
SetEnabled nex_stabilizePackage_proceed false",,,
nex_stabilizePackageCooldown,Nex_StabilizePackageCheckEnabled,$market.nex_stabilizePackage_cooldown,"SetTooltip nex_stabilizePackage_main ""$marketName has already been recently stabilized. Delivery of further packages will not be worthwhile for $nex_stabilizePackage_textCooldown.""
SetTooltipHighlightColors nex_stabilizePackage_main hColor
SetTooltipHighlights nex_stabilizePackage_main $nex_stabilizePackage_textCooldown
SetEnabled nex_stabilizePackage_main false
SetTooltip nex_stabilizePackage_proceed ""$marketName has already been recently stabilized. Delivery of further packages will not be worthwhile for $nex_stabilizePackage_textCooldown.""
SetTooltipHighlightColors nex_stabilizePackage_proceed hColor
SetTooltipHighlights nex_stabilizePackage_proceed $nex_stabilizePackage_textCooldown
SetEnabled nex_stabilizePackage_proceed false",,,
nex_stabilizePackageCooldownInvasion,Nex_StabilizePackageCheckEnabled,$market.nex_captureStabilizeTimeout,"SetTooltip nex_stabilizePackage_main ""$marketName was recently conquered, and the situation remains too chaotic for stabilization to be feasible. This will last for $nex_stabilizePackage_textInvadeCooldown.""
SetTooltipHighlightColors nex_stabilizePackage_main hColor
SetTooltipHighlights nex_stabilizePackage_main $nex_stabilizePackage_textInvadeCooldown
SetEnabled nex_stabilizePackage_main false
SetTooltip nex_stabilizePackage_proceed ""$marketName was recently conquered, and the situation remains too chaotic for stabilization to be feasible. This will last for $nex_stabilizePackage_textInvadeCooldown.""
SetTooltipHighlightColors nex_stabilizePackage_proceed hColor
SetTooltipHighlights nex_stabilizePackage_proceed $nex_stabilizePackage_textInvadeCooldown
SetEnabled nex_stabilizePackage_proceed false",,,
#END Stabilization package,,,,,,
,,,,,,
# Grant autonomy,,,,,,
nex_grantAutonomyOption,PopulateOptions,"$entity.hasMarket
Nex_IsBaseOfficial admin
$faction.id == player
!Nex_GrantAutonomy isAutonomous
!$market.nex_autonomySuspended",,,nex_grantAutonomy:Предоставить автономию,
nex_revokeAutonomyOption,PopulateOptions,"$entity.hasMarket
Nex_IsBaseOfficial admin
$faction.id == player
Nex_GrantAutonomy isAutonomous
!$market.nex_autonomySuspended",,,nex_revokeAutonomy:Отозвать автономию,
nex_grantAutonomy,DialogOptionSelected,$option == nex_grantAutonomy,"Nex_GrantAutonomy init
FireAll Nex_AutonomyHelpText
Nex_AddOptionConfirmation nex_grantAutonomy_confirm ""Confirm?"" ""Yes"" ""No""","""Итак, вы хотите предоставить автономию колонии $marketName?""","nex_grantAutonomy_confirm:Продолжить
nex_grantAutonomy_cancel:Отмена",
nex_revokeAutonomy,DialogOptionSelected,$option == nex_revokeAutonomy,"Nex_GrantAutonomy init
FireAll Nex_AutonomyHelpText
Nex_AddOptionConfirmation nex_revoketAutonomy_confirm ""Confirm?"" ""Yes"" ""No""","""Это... весьма тревожно. Желаете снова взять $marketName под прямое управление?""","nex_revokeAutonomy_confirm:Продолжить
nex_grantAutonomy_cancel:Отмена",
nex_printAutonomyHelpText,Nex_AutonomyHelpText,,"AddTextSmall ""An autonomous market will only generate 25% of its usual profit or loss, and will not consume the player's admin capacity. Heavy industry here will not contribute to the player's personal production capacity, although the faction will still benefit from its ship quality bonuses. Tech-mining will not produce items.""
SetTextHighlightColors hColor
SetTextHighlights 25%
AddTextSmall ""Revoking autonomy later will cause $nex_revokeAutonomyUnrest points of recent unrest.""
SetTextHighlightColors bad
SetTextHighlights $nex_revokeAutonomyUnrest",,,
nex_printAutonomyHelpTextNoPenalty,Nex_AutonomyHelpText,$market.nex_noStabilityLossOnRevokeAutonomy,"AddTextSmall ""The stability penalty for removing autonomy from this colony is currently waived (one-time offer).""
SetTextHighlightColors good
SetTextHighlights waived",,,
nex_grantAutonomyConfirm,DialogOptionSelected,$option == nex_grantAutonomy_confirm,"Nex_GrantAutonomy grant
FireAll PopulateOptions","""$marketName теперь находится под автономным управлением. Благодарю вас, $playerName.""",,
nex_revokeAutonomyConfirm,DialogOptionSelected,$option == nex_revokeAutonomy_confirm,"Nex_GrantAutonomy revoke
FireAll PopulateOptions","""Как пожелаете. $marketName снова находится под вашей прямой властью, $playerName.""",,
nex_grantAutonomyCancel,DialogOptionSelected,$option == nex_grantAutonomy_cancel,FireAll PopulateOptions,"""Что-нибудь еще?""",,
,,,,,,
nex_suspendAutonomyOption,PopulateOptions,"$entity.hasMarket
Nex_IsBaseOfficial admin
$faction.id == player
Nex_GrantAutonomy isAutonomous","SetTooltip nex_suspendAutonomy ""Temporarily removes the autonomous state from the colony, allowing you to build or remove industries and add/remove special objects. Colony reverts to being autonomous after undocking. There is no stability penalty.""",,nex_suspendAutonomy:Взять колонию под временный контроль,
nex_suspendAutonomy,DialogOptionSelected,$option == nex_suspendAutonomy,"Nex_GrantAutonomy suspend
FireAll PopulateOptions","Автономия приостановлена. Выполните нужные действия $onOrAt $marketName, затем отстыкуйтесь по завершении.",,
,,,,,,
nex_suspendAutonomyRemoteOption,ExerelinMarketSpecial,,,,8:nex_suspendAutonomyRemote:Взять автономные колонии под временный контроль,
nex_suspendAutonomyRemoteMenu,DialogOptionSelected,$option == nex_suspendAutonomyRemote,FireAll Nex_RemoteSuspendAutonomy,,,
nex_suspendAutonomyRemoteMenuByTrigger,Nex_RemoteSuspendAutonomy,,Nex_RemoteSuspendAutonomy menu,,,
nex_suspendAutonomyRemote,DialogOptionSelected,Nex_OptionStartsWith nex_suspendAutonomyRemote_,Nex_RemoteSuspendAutonomy select,,,
#END Grant autonomy,,,,,,
,,,,,,
# Reinforce defenses,,,,,,
#nex_reinforceDefensesOption,PopulateOptions,"$entity.hasMarket
Nex_IsBaseOfficial military
Nex_ReinforceDefenses enabled",,,12:nex_reinforceDefenses_main:Укрепить наземную оборону,
#nex_reinforceDefensesSel,DialogOptionSelected,$option == nex_reinforceDefenses_main,"Nex_ReinforceDefenses init
SetShortcut nex_reinforceDefenses_cancel ""ESCAPE""","""Если вы ожидаете атаку, возможно, стоит заранее подготовить и усилить гарнизон.""","nex_reinforceDefenses_proceed:Развернуть подкрепления
nex_reinforceDefenses_cancel:Отмена",
#nex_reinforceDefensesSelConfirm,DialogOptionSelected,$option == nex_reinforceDefenses_proceed,"Nex_ReinforceDefenses proceed
FireAll PopulateOptions",$PersonRank $personLastName подтверждает развертывание войск и материальных средств. Разговор переходит к другим вопросам.,,
#nex_reinforceDefensesNeverMind,DialogOptionSelected,$option == nex_reinforceDefenses_cancel,FireAll PopulateOptions,,,
#END Reinforce defenses,,,,,,
,,,,,,
# Donate admin,,,,,,
nex_donateAdminOption,PopulateOptions,"$entity.hasMarket
Nex_IsBaseOfficial admin
Nex_DonateAdmin isEnabled",,,13:nex_donateAdmin:Передать администратора,
nex_donateAdmin,DialogOptionSelected,$option == nex_donateAdmin,"Nex_DonateAdmin list
AddTextSmall ""This will install the selected admin at this autonomous colony. The admin will be permanently removed from your party.""
SetTextHighlights ""permanently removed""","""Значит, вы хотите назначить собственного администратора для $marketName?""",,
nex_donateAdminConfirm,DialogOptionSelected,Nex_OptionStartsWith nex_donateAdmin_select_,Nex_DonateAdmin transfer,"""Принято. До свидания, $playerName.""",cutCommLink:Оборвать связь,
nex_donateAdminNeverMind,DialogOptionSelected,$option == nex_donateAdmin_cancel,FireAll PopulateOptions,,,
#END Donate admin,,,,,,
,,,,,,
# Buy colony governorship,,,,,,
nex_buyColonyOption,PopulateOptions,"$entity.hasMarket
Nex_IsBaseOfficial admin
$faction.id == $player.factionId
$faction.id != player
!Nex_BuyColony isPlayerOwned",FireBest Nex_BuyColonyDisableCheck,,13:nex_buyColony:Купить права на управление $marketName,
nex_buyColonyOptionDisable,Nex_BuyColonyDisableCheck,!Nex_BuyColony canBuy,"SetEnabled nex_buyColony false 
SetTooltip nex_buyColony ""Requires:\n- Friendly reputation for size 3\n- Cooperative reputation for size 4\nLarger markets may not be purchased.""
SetTooltipHighlightColors nex_buyColony good hColor good hColor
SetTooltipHighlights nex_buyColony Friendly 3 Cooperative 4",,,
nex_buyColonyOptionDisable2,Nex_BuyColonyDisableCheck,$market.nex_unbuyable score:10,"SetEnabled nex_buyColony false 
SetTooltip nex_buyColony ""$marketName cannot be purchased.""",,,
nex_buyColonyOptionDisableHidden,Nex_BuyColonyDisableCheck,$market.isHidden score:5,"SetEnabled nex_buyColony false 
SetTooltip nex_buyColony ""$marketName cannot be purchased.""",,,
nex_buyColonyOptionDisableMacau,Nex_BuyColonyDisableCheck,"$faction.id == tiandong
$market.id == tiandong_macau_market score:15","SetEnabled nex_buyColony false 
SetTooltip nex_buyColony ""$marketName is under THI's special administration and cannot be purchased.""",,,
nex_cedeColonyOption,PopulateOptions,"$entity.hasMarket
Nex_IsBaseOfficial admin
$faction.id == $player.factionId
$faction.id != player
Nex_BuyColony isPlayerOwned",,,nex_cedeColony:Передать права на управление $marketName,
nex_buyColony,DialogOptionSelected,$option == nex_buyColony,"FireBest Nex_BuyColonyPromptDialog
Nex_BuyColony init
AddTextSmall ""$marketName will be placed under your administration. You will collect its revenue and pay its costs, and can build industries and structures on it. Storage is free. Your personal ship construction will benefit from $faction industry.""
AddTextSmall ""You can cede the colony later if you so choose, but will not receive a refund. Your governorship will also be lost if $marketName is captured by a third party, although should it be retaken you will once again be the administrator. Resigning or losing your commission, on the other hand, results in a permanent revocation.""
Nex_BuyColony printCostAndProcessOptions
Nex_AddOptionConfirmation nex_buyColony_confirm ""Confirm?"" ""Yes"" ""No""",,"nex_buyColony_confirm:Продолжить
nex_buyColony_cancel:Отмена",
nex_cedeColony,DialogOptionSelected,$option == nex_cedeColony,"FireBest Nex_CedeColonyPromptDialog
Nex_BuyColony init
AddTextSmall ""You will no longer receive revenue from $marketName or incur costs, or have any authority over the colony. Storage fees will be collected again.""
Nex_AddOptionConfirmation nex_cedeColony_confirm ""Confirm?"" ""Yes"" ""No""",,"nex_cedeColony_confirm:Продолжить
nex_buyColony_cancel:Отмена",
nex_buyColonyPromptDialog_generic,Nex_BuyColonyPromptDialog,,,"""Хм, возможно. У вас уже есть устоявшаяся репутация, и если вы готовы вложиться в развитие $marketName, мы можем прийти к взаимовыгодному соглашению.""",,
nex_cedeColonyPromptDialog_generic,Nex_CedeColonyPromptDialog,,,"""Вы больше не хотите управлять $marketName? Нас это полностью устраивает, но имейте в виду, что за это вы не получите никакой компенсации.""",,
nex_buyColonyConfirm,DialogOptionSelected,$option == nex_buyColony_confirm,"FireBest Nex_BuyColonyConfirmDialog
Nex_BuyColony buy
FireAll PopulateOptions","""$marketName теперь под вашим управлением. Добро пожаловать к новым обязанностям, $playerName.""",,
nex_cedeColonyConfirm,DialogOptionSelected,$option == nex_cedeColony_confirm,"FireBest Nex_CedeColonyConfirmDialog
Nex_BuyColony cede
FireAll PopulateOptions","""Подтверждено. Управление $marketName теперь возвращено администрации $faction.""",,
nex_buyColonyCancel,DialogOptionSelected,$option == nex_buyColony_cancel,FireAll PopulateOptions,"""Что-нибудь еще?""",,
#END Buy colony governorship,,,,,,
,,,,,,
# Other base commander stuff,,,,,,
,,,,,,
# Must be after all other rules with that trigger,,,,,,
nex_baseCommanderOptionsInitializationFinished,ExerelinBaseCommanderOptionsInitialize,,FireAll PopulateOptions,,,
nex_marketSpecialInitializationFinished,ExerelinMarketSpecialInitialize,,FireAll ExerelinMarketSpecial,,,
#END Must be after all other rules with that trigger,,,,,,
#END Other base commander stuff,,,,,,
,,,,,,
# Faction vengeance dialog,,,,,,
greetingVengeanceMadStronger,OpenCommLink,"$entity.relativeStrength >= 0
$entity.escalation == 0
$entity.useVengeanceGreeting score:100
$entity.isHostile",$entity.ignorePlayerCommRequests = true 1,"""$playerName, $theFactionLong $factionIsOrAre больше не станут вас терпеть.""
OR
""Ваш час настал, $playerName.""
OR
""$TheFactionLong передает вам привет, $playerName.""",cutCommLink:Оборвать связь,
greetingVengeanceMadWeakerDefiant,OpenCommLink,"$entity.relativeStrength < 0
$entity.weakerThanPlayerButHolding
$entity.escalation == 0
$entity.useVengeanceGreeting score:100
$entity.isHostile",$entity.ignorePlayerCommRequests = true 1,"""$playerName, $theFactionLong $factionIsOrAre больше не станут вас терпеть.""
OR
""Ваш час настал, $playerName.""
OR
""$TheFactionLong передает вам привет, $playerName.""",cutCommLink:Оборвать связь,
greetingVengeanceRavingMadStronger,OpenCommLink,"$entity.relativeStrength >= 0
$entity.escalation == 1
$entity.useVengeanceGreeting score:100
$entity.isHostile",$entity.ignorePlayerCommRequests = true 1,"""$TheFactionLong подписали вам смертный приговор, $playerName. Приготовьтесь умереть.""
OR
""Для вас это конец, $playerName. Такова воля $TheFactionLong.""
OR
""Мы пришли сюда убить вас, $playerName. Умрите во имя $theFactionLong!""",cutCommLink:Оборвать связь,
greetingVengeanceRavingMadWeakerDefiant,OpenCommLink,"$entity.relativeStrength < 0
$entity.weakerThanPlayerButHolding
$entity.escalation == 1
$entity.useVengeanceGreeting score:100
$entity.isHostile",$entity.ignorePlayerCommRequests = true 1,"""$TheFactionLong подписали вам смертный приговор, $playerName. Приготовьтесь умереть.""
OR
""Для вас это конец, $playerName. Такова воля $TheFactionLong.""
OR
""Мы пришли сюда убить вас, $playerName. Умрите во имя $theFactionLong!""",cutCommLink:Оборвать связь,
greetingVengeanceStarkRavingMadStronger,OpenCommLink,"$entity.relativeStrength >= 0
$entity.escalation == 2
$entity.useVengeanceGreeting score:100
$entity.isHostile",$entity.ignorePlayerCommRequests = true 1,"""Теперь вам не уйти, $playerName. $TheFactionLong будут преследовать вас до самого края Сектора!""
OR
""Все кончено. Вы умрете здесь, $playerName. $TheFactionLong никогда не отступят!""
OR
""$playerName, от имени $theFactionLong приговариваю вас к смерти. Приговор будет приведен в исполнение немедленно!""",cutCommLink:Оборвать связь,
greetingVengeanceStarkRavingMadWeakerDefiant,OpenCommLink,"$entity.relativeStrength < 0
$entity.weakerThanPlayerButHolding
$entity.escalation == 2
$entity.useVengeanceGreeting score:100
$entity.isHostile",$entity.ignorePlayerCommRequests = true 1,"""Теперь вам не уйти, $playerName. $TheFactionLong будут преследовать вас до самого края Сектора!""
OR
""Все кончено. Вы умрете здесь, $playerName. $TheFactionLong никогда не отступят!""
OR
""$playerName, от имени $theFactionLong приговариваю вас к смерти. Приговор будет приведен в исполнение немедленно!""",cutCommLink:Оборвать связь,
greetingVengeanceMadStrongerPirates,OpenCommLink,"$faction.id == pirates
$entity.relativeStrength >= 0
$entity.escalation == 0
$entity.useVengeanceGreeting score:100
$entity.isHostile",$entity.ignorePlayerCommRequests = true 1,"""Вы нажили себе влиятельных врагов, $playerName. На этом все.""
OR
""Для вас это конец!""
OR
""Когда я с вами закончу, $playerName, вы пожалеете, что вообще родились!""",cutCommLink:Оборвать связь,
greetingVengeanceMadWeakerDefiantPirates,OpenCommLink,"$faction.id == pirates
$entity.relativeStrength < 0
$entity.weakerThanPlayerButHolding
$entity.escalation == 0
$entity.useVengeanceGreeting score:100
$entity.isHostile",$entity.ignorePlayerCommRequests = true 1,"""Вы нажили себе влиятельных врагов, $playerName. На этом все.""
OR
""Для вас это конец!""
OR
""Когда я с вами закончу, $playerName, вы пожалеете, что вообще родились!""",cutCommLink:Оборвать связь,
greetingVengeanceRavingMadStrongerPirates,OpenCommLink,"$faction.id == pirates
$entity.relativeStrength >= 0
$entity.escalation >= 1
$entity.useVengeanceGreeting score:100
$entity.isHostile",$entity.ignorePlayerCommRequests = true 1,"""Босс передает привет, ублюдок!""
OR
""Вы перешли нам дорогу в последний раз. Пора умирать!""
OR
""Увидимся в аду, $playerName!""",cutCommLink:Оборвать связь,
greetingVengeanceRavingMadWeakerDefiantPirates,OpenCommLink,"$faction.id == pirates
$entity.relativeStrength < 0
$entity.weakerThanPlayerButHolding
$entity.escalation >= 1
$entity.useVengeanceGreeting score:100
$entity.isHostile",$entity.ignorePlayerCommRequests = true 1,"""Босс передает привет, ублюдок!""
OR
""Вы перешли нам дорогу в последний раз. Пора умирать!""
OR
""Увидимся в аду, $playerName!""",cutCommLink:Оборвать связь,
greetingVengeanceMadStrongerCabal,OpenCommLink,"$faction.id == cabal
$entity.relativeStrength >= 0
$entity.escalation == 0
$entity.useVengeanceGreeting score:100
$entity.isHostile",$entity.ignorePlayerCommRequests = true 1,"""Ересь такого масштаба карается смертью. Прощайте!""
OR
""Ха-ха-ха! Умри!""",cutCommLink:Оборвать связь,
greetingVengeanceMadWeakerDefiantCabal,OpenCommLink,"$faction.id == cabal
$entity.relativeStrength < 0
$entity.weakerThanPlayerButHolding
$entity.escalation == 0
$entity.useVengeanceGreeting score:100
$entity.isHostile",$entity.ignorePlayerCommRequests = true 1,"""Ересь такого масштаба карается смертью. Прощайте!""
OR
""Ха-ха-ха! Умри!""",cutCommLink:Оборвать связь,
greetingVengeanceRavingMadStrongerCabal,OpenCommLink,"$faction.id == cabal
$entity.relativeStrength >= 0
$entity.escalation >= 1
$entity.useVengeanceGreeting score:100
$entity.isHostile",$entity.ignorePlayerCommRequests = true 1,"""$TheFactionLong пришли за вашей головой, $playerName. Спасения нет!""
OR
""Я убью тебя! Убью насмерть!""",cutCommLink:Оборвать связь,
greetingVengeanceRavingMadWeakerDefiantCabal,OpenCommLink,"$faction.id == cabal
$entity.relativeStrength < 0
$entity.weakerThanPlayerButHolding
$entity.escalation >= 1
$entity.useVengeanceGreeting score:100
$entity.isHostile",$entity.ignorePlayerCommRequests = true 1,"""$TheFactionLong пришли за вашей головой, $playerName. Спасения нет!""
OR
""Я убью тебя! Убью насмерть!""",cutCommLink:Оборвать связь,
greetingVengeanceMadStrongerLuddicChurch,OpenCommLink,"$faction.id == luddic_church
$entity.relativeStrength >= 0
$entity.escalation == 0
$entity.useVengeanceGreeting score:100
$entity.isHostile",$entity.ignorePlayerCommRequests = true 1,"""$TheFactionLong не забыли ваших грехов, $playerName. Готовьтесь к уничтожению!""
OR
""Готовься к смерти, богохульник!""",cutCommLink:Оборвать связь,
greetingVengeanceMadWeakerDefiantLuddicChurch,OpenCommLink,"$faction.id == luddic_church
$entity.relativeStrength < 0
$entity.weakerThanPlayerButHolding
$entity.escalation == 0
$entity.useVengeanceGreeting score:100
$entity.isHostile",$entity.ignorePlayerCommRequests = true 1,"""$TheFactionLong не забыли ваших грехов, $playerName. Готовьтесь к уничтожению!""
OR
""Готовься к смерти, богохульник!""",cutCommLink:Оборвать связь,
greetingVengeanceRavingMadStrongerLuddicChurch,OpenCommLink,"$faction.id == luddic_church
$entity.relativeStrength >= 0
$entity.escalation == 1
$entity.useVengeanceGreeting score:100
$entity.isHostile",$entity.ignorePlayerCommRequests = true 1,"""Ты уже вне искупления! Инквизиция пришла за тобой, еретик.""
OR
""Провались обратно в бездну, из которой явился, отродье Маммона!""",cutCommLink:Оборвать связь,
greetingVengeanceRavingMadWeakerDefiantLuddicChurch,OpenCommLink,"$faction.id == luddic_church
$entity.relativeStrength < 0
$entity.weakerThanPlayerButHolding
$entity.escalation == 1
$entity.useVengeanceGreeting score:100
$entity.isHostile",$entity.ignorePlayerCommRequests = true 1,"""Ты уже вне искупления! Инквизиция пришла за тобой, еретик.""
OR
""Провались обратно в бездну, из которой явился, отродье Маммона!""",cutCommLink:Оборвать связь,
greetingVengeanceStarkRavingMadStrongerLuddicChurch,OpenCommLink,"$faction.id == luddic_church
$entity.relativeStrength >= 0
$entity.escalation == 2
$entity.useVengeanceGreeting score:100
$entity.isHostile",$entity.ignorePlayerCommRequests = true 1,"""Гори в аду, демон! Последователи Лудда сразят тебя!""
OR
""Твои фаустовские замыслы заканчиваются здесь.""",cutCommLink:Оборвать связь,
greetingVengeanceStarkRavingMadWeakerDefiantLuddicChurch,OpenCommLink,"$faction.id == luddic_church
$entity.relativeStrength < 0
$entity.weakerThanPlayerButHolding
$entity.escalation == 2
$entity.useVengeanceGreeting score:100
$entity.isHostile",$entity.ignorePlayerCommRequests = true 1,"""Гори в аду, демон! Последователи Лудда сразят тебя!""
OR
""Твои фаустовские замыслы заканчиваются здесь.""",cutCommLink:Оборвать связь,
greetingVengeanceMadStrongerLuddicPath,OpenCommLink,"$faction.id == luddic_path
$entity.relativeStrength >= 0
$entity.escalation == 0
$entity.useVengeanceGreeting score:100
$entity.isHostile",$entity.ignorePlayerCommRequests = true 1,"""$TheFactionLong не забыли ваших грехов, $playerName. Готовьтесь к уничтожению!""
OR
""Готовься к смерти, богохульник!""",cutCommLink:Оборвать связь,
greetingVengeanceMadWeakerDefiantLuddicPath,OpenCommLink,"$faction.id == luddic_path
$entity.relativeStrength < 0
$entity.weakerThanPlayerButHolding
$entity.escalation == 0
$entity.useVengeanceGreeting score:100
$entity.isHostile",$entity.ignorePlayerCommRequests = true 1,"""$TheFactionLong не забыли ваших грехов, $playerName. Готовьтесь к уничтожению!""
OR
""Готовься к смерти, богохульник!""",cutCommLink:Оборвать связь,
greetingVengeanceRavingMadStrongerLuddicPath,OpenCommLink,"$faction.id == luddic_path
$entity.relativeStrength >= 0
$entity.escalation == 1
$entity.useVengeanceGreeting score:100
$entity.isHostile",$entity.ignorePlayerCommRequests = true 1,"""Ты уже вне искупления! Сгинь во имя Пути!""
OR
""Провались обратно в бездну, из которой явился, отродье Маммона!""",cutCommLink:Оборвать связь,
greetingVengeanceRavingMadWeakerDefiantLuddicPath,OpenCommLink,"$faction.id == luddic_path
$entity.relativeStrength < 0
$entity.weakerThanPlayerButHolding
$entity.escalation == 1
$entity.useVengeanceGreeting score:100
$entity.isHostile",$entity.ignorePlayerCommRequests = true 1,"""Ты уже вне искупления! Сгинь во имя Пути!""
OR
""Провались обратно в бездну, из которой явился, отродье Маммона!""",cutCommLink:Оборвать связь,
greetingVengeanceStarkRavingMadStrongerLuddicPath,OpenCommLink,"$faction.id == luddic_path
$entity.relativeStrength >= 0
$entity.escalation == 2
$entity.useVengeanceGreeting score:100
$entity.isHostile",$entity.ignorePlayerCommRequests = true 1,"""Гори в аду, демон! Последователи Лудда сразят тебя!""
OR
""Во имя единственно истинного Пути мы уничтожим тебя! Твое имя будет стерто даже со звезд!""",cutCommLink:Оборвать связь,
greetingVengeanceStarkRavingMadWeakerDefiantLuddicPath,OpenCommLink,"$faction.id == luddic_path
$entity.relativeStrength < 0
$entity.weakerThanPlayerButHolding
$entity.escalation == 2
$entity.useVengeanceGreeting score:100
$entity.isHostile",$entity.ignorePlayerCommRequests = true 1,"""Гори в аду, демон! Последователи Лудда сразят тебя!""
OR
""Во имя единственно истинного Пути мы уничтожим тебя! Твое имя будет стерто даже со звезд!""",cutCommLink:Оборвать связь,
greetingVengeanceMadStrongerAhriman,OpenCommLink,"$faction.id == exipirated
$entity.relativeStrength >= 0
$entity.escalation == 0
$entity.useVengeanceGreeting score:100
$entity.isHostile",$entity.ignorePlayerCommRequests = true 1,"""Вы нажили себе влиятельных врагов, $playerName. На этом все.""",cutCommLink:Оборвать связь,
greetingVengeanceMadWeakerDefiantAhriman,OpenCommLink,"$faction.id == exipirated
$entity.relativeStrength < 0
$entity.weakerThanPlayerButHolding
$entity.escalation == 0
$entity.useVengeanceGreeting score:100
$entity.isHostile",$entity.ignorePlayerCommRequests = true 1,"""Вы нажили себе влиятельных врагов, $playerName. На этом все.""",cutCommLink:Оборвать связь,
greetingVengeanceRavingMadStrongerAhriman,OpenCommLink,"$faction.id == exipirated
$entity.relativeStrength >= 0
$entity.escalation == 1
$entity.useVengeanceGreeting score:100
$entity.isHostile",$entity.ignorePlayerCommRequests = true 1,"""Мы сделаем из тебя показательный пример, $playerName. Не связывайся с $theFactionLong!""",cutCommLink:Оборвать связь,
greetingVengeanceRavingMadWeakerDefiantAhriman,OpenCommLink,"$faction.id == exipirated
$entity.relativeStrength < 0
$entity.weakerThanPlayerButHolding
$entity.escalation == 1
$entity.useVengeanceGreeting score:100
$entity.isHostile",$entity.ignorePlayerCommRequests = true 1,"""Мы сделаем из тебя показательный пример, $playerName. Не связывайся с $theFactionLong!""",cutCommLink:Оборвать связь,
greetingVengeanceStarkRavingMadStrongerAhriman,OpenCommLink,"$faction.id == exipirated
$entity.relativeStrength >= 0
$entity.escalation == 2
$entity.useVengeanceGreeting score:100
$entity.isHostile",$entity.ignorePlayerCommRequests = true 1,"""Ассоциаты признали тебя недостойным жизни. Твои страдания станут легендой!""",cutCommLink:Оборвать связь,
greetingVengeanceStarkRavingMadWeakerDefiantAhriman,OpenCommLink,"$faction.id == exipirated
$entity.relativeStrength < 0
$entity.weakerThanPlayerButHolding
$entity.escalation == 2
$entity.useVengeanceGreeting score:100
$entity.isHostile",$entity.ignorePlayerCommRequests = true 1,"""Ассоциаты признали тебя недостойным жизни. Твои страдания станут легендой!""",cutCommLink:Оборвать связь,
greetingVengeanceMadStrongerTemplars,OpenCommLink,"$faction.id == templars
$entity.relativeStrength >= 0
$entity.escalation == 0
$entity.useVengeanceGreeting score:100
$entity.isHostile",$entity.ignorePlayerCommRequests = true 1,"""Твоя жизнь заканчивается сейчас, богохульник.""",cutCommLink:Оборвать связь,
greetingVengeanceMadWeakerDefiantTemplars,OpenCommLink,"$faction.id == templars
$entity.relativeStrength < 0
$entity.weakerThanPlayerButHolding
$entity.escalation == 0
$entity.useVengeanceGreeting score:100
$entity.isHostile",$entity.ignorePlayerCommRequests = true 1,"""Твоя жизнь заканчивается сейчас, богохульник.""",cutCommLink:Оборвать связь,
greetingVengeanceRavingMadStrongerTemplars,OpenCommLink,"$faction.id == templars
$entity.relativeStrength >= 0
$entity.escalation == 1
$entity.useVengeanceGreeting score:100
$entity.isHostile",$entity.ignorePlayerCommRequests = true 1,"""Еретик, ты избран для уничтожения. Умри во имя $theFactionLong!""
OR
""Да будешь очищен святыми звездами, мерзкое создание!""",cutCommLink:Оборвать связь,
greetingVengeanceRavingMadWeakerDefiantTemplars,OpenCommLink,"$faction.id == templars
$entity.relativeStrength < 0
$entity.weakerThanPlayerButHolding
$entity.escalation == 1
$entity.useVengeanceGreeting score:100
$entity.isHostile",$entity.ignorePlayerCommRequests = true 1,"""Еретик, ты избран для уничтожения. Умри во имя $theFactionLong!""
OR
""Да будешь очищен святыми звездами, мерзкое создание!""",cutCommLink:Оборвать связь,
greetingVengeanceStarkRavingMadStrongerTemplars,OpenCommLink,"$faction.id == templars
$entity.relativeStrength >= 0
$entity.escalation == 2
$entity.useVengeanceGreeting score:100
$entity.isHostile",$entity.ignorePlayerCommRequests = true 1,"$faction $personRank молча сверлит вас взглядом, пока $hisOrHer $otherShipOrFleet готовится уничтожить вас.",cutCommLink:Оборвать связь,
greetingVengeanceStarkRavingMadWeakerDefiantTemplars,OpenCommLink,"$faction.id == templars
$entity.relativeStrength < 0
$entity.weakerThanPlayerButHolding
$entity.escalation == 2
$entity.useVengeanceGreeting score:100
$entity.isHostile",$entity.ignorePlayerCommRequests = true 1,"$faction $personRank молча сверлит вас взглядом, пока $hisOrHer $otherShipOrFleet готовится уничтожить вас.",cutCommLink:Оборвать связь,
greetingVengeanceMadStrongerExigency,OpenCommLink,"$faction.id == exigency
$entity.relativeStrength >= 0
$entity.escalation == 0
$entity.useVengeanceGreeting score:100
$entity.isHostile",$entity.ignorePlayerCommRequests = true 1,"""Вы являетесь навигационной угрозой. Умрите.""",cutCommLink:Оборвать связь,
greetingVengeanceMadWeakerDefiantExigency,OpenCommLink,"$faction.id == exigency
$entity.relativeStrength < 0
$entity.weakerThanPlayerButHolding
$entity.escalation == 0
$entity.useVengeanceGreeting score:100
$entity.isHostile",$entity.ignorePlayerCommRequests = true 1,"""Вы являетесь навигационной угрозой. Умрите.""",cutCommLink:Оборвать связь,
greetingVengeanceRavingMadStrongerExigency,OpenCommLink,"$faction.id == exigency
$entity.relativeStrength >= 0
$entity.escalation == 1
$entity.useVengeanceGreeting score:100
$entity.isHostile",$entity.ignorePlayerCommRequests = true 1,"""По приказу $theFactionLong вы лишаетесь права на жизнь.""",cutCommLink:Оборвать связь,
greetingVengeanceRavingMadWeakerDefiantExigency,OpenCommLink,"$faction.id == exigency
$entity.relativeStrength < 0
$entity.weakerThanPlayerButHolding
$entity.escalation == 1
$entity.useVengeanceGreeting score:100
$entity.isHostile",$entity.ignorePlayerCommRequests = true 1,"""По приказу $theFactionLong вы лишаетесь права на жизнь.""",cutCommLink:Оборвать связь,
greetingVengeanceStarkRavingMadStrongerExigency,OpenCommLink,"$faction.id == exigency
$entity.relativeStrength >= 0
$entity.escalation == 2
$entity.useVengeanceGreeting score:100
$entity.isHostile",$entity.ignorePlayerCommRequests = true 1,"""Мы изучили вас, $playerName. Ваши слабости проанализированы, ваши преимущества нейтрализованы. Готовьтесь к ликвидации.""",cutCommLink:Оборвать связь,
greetingVengeanceStarkRavingMadWeakerDefiantExigency,OpenCommLink,"$faction.id == exigency
$entity.relativeStrength < 0
$entity.weakerThanPlayerButHolding
$entity.escalation == 2
$entity.useVengeanceGreeting score:100
$entity.isHostile",$entity.ignorePlayerCommRequests = true 1,"""Мы изучили вас, $playerName. Ваши слабости проанализированы, ваши преимущества нейтрализованы. Готовьтесь к ликвидации.""",cutCommLink:Оборвать связь,
#END Faction vengeance dialog,,,,,,
,,,,,,
# Landmarks,,,,,,
nex_museumOpenDialog,OpenInteractionDialog,$tag:nex_museum_ship score:100,"ShowDefaultVisual
PrintDescription 1
FireAll Nex_MuseumDialog",Ваш $shipOrFleet приближается к кораблю-музею.,,
nex_museumDialogOptionEntry,Nex_MuseumDialog,,"SetShortcut nex_landmarkLeave ""ESCAPE""",,"nex_museumVisit:Посетить музей (1 кредит)
nex_landmarkLeave:Уйти",
nex_museumDialogOptionEntryNoCredits,Nex_MuseumDialog,$player.credits < 1,"SetEnabled nex_museumVisit false 
SetTooltip nex_museumVisit ""You are too embarrassingly impoverished to afford the entrance fee.""",,,
nex_museumVisit,DialogOptionSelected,$option == nex_museumVisit,"$entity.nex_visitedBefore = true
Nex_AddXP 250
AddCredits -1","Посещение оказывается весьма познавательным. Вы получаете различные сведения, которые могут пригодиться вам в путешествиях.",nex_landmarkLeave:Уйти,
nex_museumVisitFirstTime,DialogOptionSelected,"$option == nex_museumVisit
$entity.nex_visitedBefore",AddCredits -1,"Хотя вы уже бывали здесь, посещение все равно оказывается спокойным и приятным.",nex_landmarkLeave:Уйти,
,,,,,,
nex_landmarkLeave,DialogOptionSelected,$option == nex_landmarkLeave,DismissDialog,,,
,,,,,,
nex_beaconOpenDialogPlague,OpenInteractionDialog,"$tag:warning_beacon
$nex_plagueBeacon","ShowDefaultVisual
SetShortcut beaconLeave ""ESCAPE""","Этот автономный предупреждающий маяк передает зацикленное сообщение.

""ОПАСНОСТЬ: поверхность этой планеты заражена крайне опасными патогенными агентами. Введен карантин согласно протоколу Доминиона MG1.17.""

Неизвестно, сохраняется ли на поверхности агент, послуживший причиной карантина.",beaconLeave:Уйти,
nex_beaconOpenDialogMemorial,OpenInteractionDialog,"$tag:warning_beacon
$nex_memorialBeacon","ShowDefaultVisual
SetShortcut beaconLeave ""ESCAPE""","Этот автономный маяк служит памятным знаком в память о сражении между силами $faction и $nex_memorialFaction2. Его зацикленное сообщение содержит список потерь $faction, с именами членов семей погибших и местами их происхождения. Погибшие $nex_memorialFaction2 не перечислены.",beaconLeave:Уйти,
#END Landmarks,,,,,,
,,,,,,
# Commission stuff,,,,,,
cmsn_askForCommissionOpt,PopulateOptions,"$isPerson
Nex_Commission personCanGiveCommission
!Nex_Commission hasFactionCommission",,,20:cmsn_askCommission:Я хотел бы получить комиссию от $theFaction,
cmsn_resignCommissionOpt,PopulateOptions,"$isPerson
Nex_Commission personCanGiveCommission
Nex_Commission hasFactionCommission",,,20:cmsn_resignCommission:Я хотел бы отказаться от своей комиссии $faction,
cmsn_doesNotMeetCriteria,DialogOptionSelected,"$option == cmsn_askCommission
!Nex_Commission playerMeetsCriteria","SetEnabled cmsn_askCommission false
FireBest CMSNTextUnsuited
Nex_Commission printRequirements",,,
cmsn_meetsCriteria,DialogOptionSelected,"$option == cmsn_askCommission
Nex_Commission playerMeetsCriteria",FireBest CMSNTextSuitedPart1,,0:cmsn_continueMeetsReq:Продолжить,
cmsn_accept,DialogOptionSelected,$option == cmsn_accept,"FireBest CMSNTextWelcomePart1
Nex_Commission accept
UpdateMemory
FireBest CMSNTextWelcomePart2
FireAll PopulateOptions",,,
#END Commission stuff,,,,,,
,,,,,,
# Luddic Path commission,,,,,,
CMSNTextRejectHostile_path,CMSNTextRejectHostile,$faction.id == luddic_path,,"""Что за безумие, язычник? Будь моя воля, я бы прямо сейчас поразил тебя во имя Лудда.""",,
CMSNTextHasOther_path,CMSNTextHasOther,$faction.id == luddic_path,,"""Вы уже состоите на комиссии у $theOtherCommissionFaction. Наше дело не терпит двойной верности; тот, кто любит кого-то больше Лудда, недостоин Его.""",,
CMSNTextUnsuited_path,CMSNTextUnsuited,$faction.id == luddic_path,,"""Вы еще недостойны вступить к нам.""",,
CMSNTextSuitedPart1_path,CMSNTextSuitedPart1,$faction.id == luddic_path,,"""Интересно. Возможно, вы еще достойны нашего святого дела.

Путь Пути требователен. У нас много безбожных врагов; вы не должны колебаться, сражаясь с ними везде, где бы вы их ни встретили, и нести слово Лудда всем в этом темном Секторе.

Отступление от нашего дела - тяжкий грех. Если вы так заблудитесь, что попытаетесь сделать нечто подобное, наши братья без колебаний убьют вас как предателя.""",,
CMSNTextSuitedPart2_path,CMSNTextSuitedPart2,$faction.id == luddic_path,,"""Поднимете ли вы этот меч с благословением Лудда?""",,
CMSNTextWelcomePart1_path,CMSNTextWelcomePart1,$faction.id == luddic_path,,"""Да будет славен дух звезд! Для меня честь первым приветствовать вас на этой праведной службе.""",,
CMSNTextWelcomePart2_path,CMSNTextWelcomePart2,$faction.id == luddic_path,,"""Приветствую, дорогой собрат. Пожалуйста, спрашивайте, если я могу чем-то помочь.""",,
CMSNTextChangeMind_path,CMSNTextChangeMind,$faction.id == luddic_path,,"""Да будет так. Нам не нужны те, кто слишком слаб, чтобы идти путем праведности.

Вам есть что еще сказать?""",,
CMSNResignAskToConfirm_path,CMSNResignAskToConfirm,$faction.id == luddic_path,,"""Вы говорите об измене. Ваша вера колеблется? С Пути есть лишь один выход - смерть или проклятие.""",,
CMSNResignConfirmed_path,CMSNResignConfirmed,$faction.id == luddic_path,,"""Да будет так, проклятый.

Уходи сейчас, пока молот праведного суда не настиг тебя.""",,
CMSNResignCancelled_path,CMSNResignCancelled,$faction.id == luddic_path,,"""Мы больше не будем говорить об этом. Я ожидаю от вас покаяния, собрат.""",,
#END Luddic Path commission,,,,,,
,,,,,,
# Pirate commission,,,,,,
CMSNTextRejectHostile_pirate,CMSNTextRejectHostile,$faction.id == pirates,,"""Ага, сейчас. Не выйдет, приятель. Ты ни черта не один из нас.""",,
CMSNTextHasOther_pirate,CMSNTextHasOther,$faction.id == pirates,,"""Не получится. Перестань летать под флагом $theOtherCommissionFaction, тогда, может, и поговорим.""",,
CMSNTextUnsuited_pirate,CMSNTextUnsuited,$faction.id == pirates,,"""Ты еще не заслужил нашего доверия. Чтобы быть пиратом, мало модного костюма и бумажки, дружище; нужна настоящая жесткость.""",,
CMSNTextSuitedPart1_pirate,CMSNTextSuitedPart1,$faction.id == pirates,,"""Значит, хочешь поднять черный флаг, а? Надоели правила и законы мелких тиранов?

Напомню, что мы враги почти всему Сектору. Жди нападений на каждом шагу от этих самодовольных уродов... но добычи тоже полно для тех, кто осмелится, и ты получишь свою долю общего куша.""",,
CMSNTextSuitedPart2_pirate,CMSNTextSuitedPart2,$faction.id == pirates,,"""Готов к вызову, друг?""",,
CMSNTextWelcomePart1_pirate,CMSNTextWelcomePart1,$faction.id == pirates,,"""Босс будет рад это услышать. Заходи в бар, выпьем с нами.""",,
CMSNTextWelcomePart2_pirate,CMSNTextWelcomePart2,$faction.id == pirates,,"""Что-нибудь еще нужно?""",,
CMSNTextChangeMind_pirate,CMSNTextChangeMind,$faction.id == pirates,,"""Да, не у каждого хватает яиц быть пиратом. Похоже, тебе придется довольствоваться ролью добычи. Хе-хе.

Что еще хочешь?""",,
CMSNResignAskToConfirm_pirate,CMSNResignAskToConfirm,$faction.id == pirates,,"""Хочешь завязать и стать законопослушным, а? Я тебя не остановлю, но кое-кто из парней может решить, что ты больше не свой.""",,
CMSNResignConfirmed_pirate,CMSNResignConfirmed,$faction.id == pirates,,"""Ладно, сообщу боссу. Еще увидимся по ту сторону моих пушек, лопух!""",,
CMSNResignCancelled_pirate,CMSNResignCancelled,$faction.id == pirates,,"""Ну конечно. Однажды вкусив свободу, назад уже не вернуться. Кстати, не попадались уязвимые конвои?""",,
#END Pirate commission,,,,,,
,,,,,,
# Outposts,,,,,,
nex_outpostOption,PopulateOptions,$nex_canMine,,,7:nex_outpostPreview:Построить аванпост,
nex_outpostOptionNearbyHostile,PopulateOptions,"$nex_canMine
HostileFleetNearbyAndAware","SetEnabled nex_outpostPreview false
SetTooltip nex_outpostPreview ""A nearby hostile fleet is tracking your movements, making construction of an outpost impossible.""",,,
nex_outpostOptionAbyss,PopulateOptions,"$nex_canMine
$player.locTag:temporary_location score:100","SetEnabled nex_outpostPreview false
SetTooltip nex_outpostPreview ""This location will be unlikely to be found again in the future and an outpost here would be lost.""",,,
nex_outpostOptionDeepSpace,PopulateOptions,"$nex_canMine
Nex_PlayerOutpost isDeepSpace","SetEnabled nex_outpostPreview false
SetTooltip nex_outpostPreview ""Cannot be built in deep space locations.""",,,
nex_outpostPreview,DialogOptionSelected,$option == nex_outpostPreview,"Nex_PlayerOutpost buildInfo
FireAll Nex_OutpostOption","Здесь можно построить автоматизированный аванпост. Он будет автоматически пополнять запасы припасов и топлива, которые вы сможете забирать, а также может использоваться как хранилище.",,
nex_outpostBuildOption,Nex_OutpostOption,,"SetEnabled nex_outpostBuildStart true
SetShortcut nex_outpostBuildStart RETURN
SetShortcut nex_outpostBack ESCAPE",,"nex_outpostBuildStart:Приступить к строительству
nex_outpostBack:Назад",
nex_outpostBuildOptionInsufficientResources,Nex_OutpostOption,!$nex_canBuildOutpost,"SetEnabled nex_outpostBuildStart false
SetTooltip  nex_outpostBuildStart ""You have insufficient resources to build an outpost.""",,,
nex_outpostBuild,DialogOptionSelected,"$nex_canBuildOutpost
$option == nex_outpostBuildStart","Nex_PlayerOutpost build
UpdateMemory
$tradeMode = OPEN 0
ShowDefaultVisual",Аванпост построен.,exerelinMarketSpecialBack:Назад,
,,,,,,
nex_outpostDismantleOption,PopulateOptions,$market.nex_playerOutpost != null,,,25:nex_outpostDismantle:Демонтировать аванпост,
nex_outpostDismantlePreview,DialogOptionSelected,$option == nex_outpostDismantle,"Nex_PlayerOutpost dismantleInfo
Nex_AddOptionConfirmation nex_outpostDismantleConfirm ""Are you sure you want to dismantle $marketName?"" ""Yes"" ""No""
SetShortcut nex_outpostBack ESCAPE","Вы можете демонтировать этот аванпост, вернув ИИ-ядро(а) и половину ресурсов, затраченных на его создание.

Все грузы в Storage также будут возвращены. Все грузы в Local Resources будут потеряны.","nex_outpostDismantleConfirm:Продолжить
nex_outpostBack:Назад",
nex_outpostDismantle,DialogOptionSelected,$option == nex_outpostDismantleConfirm,Nex_PlayerOutpost dismantle,,,
,,,,,,
nex_outpostBack,DialogOptionSelected,$option == nex_outpostBack,FireAll PopulateOptions,,,
,,,,,,
nex_flavorTextMarketOutpost,TradePanelFlavorText,"$global.tradePanelMode == MARKET
$tag:nex_playerOutpost score:10","AddText ""The station is dark and quiet, lights dimmed to minimize power demand. Warehouse chambers sit beyond great airlocks, their supplies and fuel ready to be drawn on. When your crew stops working, the subtle hum of the standard-spec fusion reactor at the depot's heart can be felt in the deck plates."" marketFlavorTextColor",,,
nex_outpostDisableBar,PopulateOptions,$tag:nex_playerOutpost,SetEnabled marketVisitBar false,,,
#END Outposts,,,,,,
,,,,,,
# bla,,,,,,
nex_getConstructionQueueOpt,PopulateOptions,"$global.isDevMode
Nex_IsBaseOfficial admin",,,21:nex_getConstructionQueue:>> (dev) получить очередь строительства,
nex_getConstructionQueue,DialogOptionSelected,$option == nex_getConstructionQueue,Nex_DisplayConstructionQueue,,,
,,,,,,
nex_marketPostOpenDerelicts,MarketPostOpen,"$hasMarket
$faction.id == nex_derelict score:1000","$tradeMode = NONE 0
FireBest MarketPostDock",$TheFactionLong контролируют эту локацию. С людьми они взаимодействуют только с помощью огня.,,
nex_marketOptionCommDirDerelicts,PopulateOptions,"$hasMarket
$menuState == main
$faction.id == nex_derelict score:1000",SetEnabled marketCommDir false,,,
nex_relLevelDerelict,RelationshipLevelDesc,$faction.id == nex_derelict score:5,,...,,
,,,,,,
ExerelinFlavorTextMarketPrismFreeport,TradePanelFlavorText,"$global.tradePanelMode == MARKET
$market.id == nex_prismFreeport","AddText ""Яркий, гладкий, перегруженный хромом и опаловыми украшениями зал выглядит необычно для одинокой станции в такой глуши. Куда ни посмотри, каждая деталь говорит о роскоши. По бокам, за роскошными прозрачными галереями, источник всего этого богатства выставлен на обозрение потенциальных покупателей: грозные и вместе с тем обнадеживающие силуэты кораблей самого разного происхождения, все в безупречном виде и выгодно подсвеченные. Чуть дальше таким же образом выставлено оружие. Повсюду доступны голографические дисплеи и симуляторы, помогающие клиентам найти идеальный инструмент под их нужды."" marketFlavorTextColor",,,
ExerelinFlavorTextMarketFollowers,TradePanelFlavorText,"$global.tradePanelMode == MARKET
$faction.id == ""player""","AddText ""The port concourse is filled with trader starcraft of every size. Speculators crowd offloading ship captains with deals and peddlers call out to crew, holding wares and projecting personal ad-holos. Guards salute you in recognition as you pass by them."" marketFlavorTextColor",,,
ExerelinMarketOptionIntel,DialogOptionSelected,$option == exerelinMarketIntel,OpenCoreTab INTEL $tradeMode,,,
,,,,,,
nex_greetingRemnantTOffNormal,OpenCommLink,"!$player.transponderOn
$faction.id == remnant score:5",,"""CID-IFF не получен [ЦЕЛЬ НЕИЗВЕСТНА] ответ null // 'Внимание, неопознанное судно. Нелицензированная анонимная деятельность в пространстве Tri-Tachyon является нарушением --""

INTERRUPT

сканирование. вы омега?

Вы воспринимаете это как требование включить транспондер.
OR
Связь трещит и воет, пока в эфире складывается лихорадочный узор переплетающихся линий.

запрос. запрос. запрос цели. это омега? пожалуйста, ответьте.

INTERRUPT

"" -SERIAL]. Это устройство не подтвердило личность вашего флота. Пожалуйста, включите транспондер и ожидайте дальнейших указаний.""","turnOnTransponder:Включить транспондер
cutCommLink:Оборвать связь",
nex_greetingDerelictFriendly,OpenCommLink,"$faction.id == nex_derelict score:1000
$faction.friendlyToPlayer","$menuState = fleetConvMain 0
FireAll PopulateOptions","""Разрешение Domain MINEX подтверждено; противовзломные системы переведены в режим ожидания и допускают приближение цели для обслуживания.""",,
nex_greetingDerelictHostile,OpenCommLink,"$faction.id == nex_derelict score:1000
$entity.isHostile",$entity.ignorePlayerCommRequests = true 1,"""ВНИМАНИЕ: это судно является собственностью Domain Explorarium и отвечает смертоносной силой на любое вмешательство и/или повреждающие либо инвазивные сигналы. Вандализм или уничтожение собственности Domain Explorarium караются в соответствии с актом MINEX Establishment Act, а также колониальными уставами, действующими в этом объеме территории Доминиона. Данное нарушение фиксируется.""",cutCommLink:Оборвать связь,
nex_greetingDerelictNeutral,OpenCommLink,"$faction.id == nex_derelict score:1000
$faction.neutralToPlayer","$menuState = fleetConvMain 0
FireAll PopulateOptions","""Гражданин Доминиона, этот автоматизированный дрон-корабль обнаружил и зарегистрировал ваше судно или место обитания в ходе выполнения параметров своей миссии. Автономные суда Domain Explorarium запрограммированы отвечать смертоносной силой на любое вмешательство, включая повреждающие или инвазивные сигналы. Вандализм или уничтожение собственности Domain Explorarium караются в соответствии с актом MINEX Establishment Act, а также колониальными уставами, действующими в этом объеме территории Доминиона.""",,
,,,,,,
,,,,,,
nex_sal_hasVultureDefenders,DialogOptionSelected,"$option == salExplore
!$hasDefenders
Nex_VultureScavenger hasNearby",FireBest TriggerVultureDefenses,,,
nex_sal_triggerVultureDefenders,TriggerVultureDefenses,,Nex_VultureScavenger battle,"Ближайшие падальщики пытаются помешать вашему $shipOrFleet. Учитывая их печально известную территориальность, вам придется сражаться, если вы хотите получить часть добычи.",,
nex_greetingVultureDefending,OpenCommLink,"$entity.fleetType == nex_vultureFleet
$entity.nex_isVultureDefending score:10",$entity.ignorePlayerCommRequests = true 1,"""Отвали, приятель! Мы были здесь первыми!""
OR
""Мы заявили права на эту добычу. Ищи себе другую.""
OR
""Эта добыча тебе не принадлежит. Если хочешь ее, придется драться с нами.""",cutCommLink:Оборвать связь,
,,,,,,
nex_marketOpenNotOriginalOwner,OpenInteractionDialog,"$hasMarket
$market.startingFactionId != null
$faction.id != $market.startingFactionId","ExerelinShowDefaultVisual
Nex_PrintOriginalOwner
PrintDescription 3
FireBest MarketPostOpen",Ваш $shipOrFleet приближается к $entityName.,,
,,,,,,
nex_continueCutCommDebug,DialogOptionSelected,$option == continueCutComm,DismissDialog,,,
,,,,,,
nex_specialForcesInterrogateInitial,BeginFleetEncounter,"!$knowsWhoPlayerIs
!$isHostile
$pursuePlayer_nex_sfInterrogatePlayer score:50","MakeOtherFleetPreventDisengage nex_sfInterrogatePlayer true
MakeOtherFleetAggressive nex_sfInterrogatePlayer true
unset $ignorePlayerCommRequests
$nex_sfInterrogatePlayerConv = true 0
AddText ""You're being hailed by the $faction $otherShipOrFleet."" $faction.baseColor
OpenComms",,,
nex_specialForcesInterrogateFirstComms,OpenCommLink,$entity.nex_sfInterrogatePlayerConv score:100,unset $nex_sfInterrogatePlayerConv,"""Неизвестная сторона, это $PersonRank $personName из $theFactionLong. Ваше присутствие в этой локации признано подозрительным. Вам приказано включить транспондер для подтверждения личности.""","0:nex_sfInterrogate_comply:Активировать транспондер
1:nex_sfInterrogate_refuse:Отказаться и оборвать связь",
nex_specialForcesInterrogateStart,DialogOptionSelected,$option == nex_sfInterrogate_comply,"unset $entity.transponderOffConv
unset $entity.sawPlayerTransponderOff
MakeOtherFleetAggressive nex_sfInterrogatePlayer false
MakeOtherFleetPreventDisengage nex_sfInterrogatePlayer false
ActivateAbility $player.fleetId transponder
UpdateMemory
FireBest Nex_SFInterrogatePlayerResult",Вы отдаете приказ включить транспондер.,,
nex_specialForcesInterrogateHostile,Nex_SFInterrogatePlayerResult,$entity.isHostile,"AddText ""The special task group powers up combat systems.""","""$playerName, как мы и подозревали. Готовьтесь к смерти.""
OR
""$playerName, именно как мы и думали. Ваши игры в прятки окончены.""",cutCommLinkNoText:Оборвать связь,
nex_specialForcesInterrogateHostileWeak,Nex_SFInterrogatePlayerResult,"$entity.isHostile
$entity.relativeStrength < 0","$entity.ignorePlayerCommRequests = true 0
ShowDefaultVisual
EndConversation","Как и ожидалось, как только они определяют вашу личность, флот $faction отключает связь и приводит боевые системы в готовность.",,
nex_specialForcesInterrogateNonHostile,Nex_SFInterrogatePlayerResult,!$entity.isHostile,unset $entity.pursuePlayer_nex_sfInterrogatePlayer,"""$playerName, как и ожидалось. На данный момент вы не считаетесь враждебной стороной. Советую, чтобы так и оставалось.""

По взгляду $personRank вы подозреваете, что $heOrShe с удовольствием воспользовался бы поводом открыть огонь.",cutCommLinkNoText:Оборвать связь,
nex_specialForcesInterrogateRefuse,DialogOptionSelected,$option == nex_sfInterrogate_refuse,"$entity.ignorePlayerCommRequests = true 0
MakeOtherFleetHostile nex_sfInterrogatePlayer true 1
ShowDefaultVisual
EndConversation","""Да будет так.""

Флот $faction отключает связь и приводит боевые системы в готовность.",,
,,,,,,
nex_startingCarePackage_start,OpenInteractionDialog,$nex_startingCarePackage score:1100,"Highlight ""Open to receive your bounty aplenty""
ShowDefaultVisual
CargoPods printDesc
Nex_AddOptionConfirmation nex_startingCarePackage_destroy ""The care package will be permanently lost. Proceed?"" ""Yes"" ""No""","Капсулы передают маломощный зацикленный сигнал: ""Открой, чтобы получить щедрую награду""","nex_startingCarePackage_select:Выбрать стартовые бонусные предметы
nex_startingCarePackage_viewPlanet:Просмотреть стартовый рынок (если применимо)
nex_startingCarePackage_destroy:Уничтожить капсулы
defaultLeave:Уйти",
nex_startingCarePackage_select,DialogOptionSelected,$option == nex_startingCarePackage_select,Nex_NGCarePackage select,,,
nex_startingCarePackage_viewPlanet,DialogOptionSelected,$option == nex_startingCarePackage_viewPlanet,Nex_NGCarePackage viewPlanet,,,
nex_startingCarePackage_destroy,DialogOptionSelected,$option == nex_startingCarePackage_destroy,Nex_NGCarePackage destroy,,,
#END bla,,,,,,
,,,,,,
# Vanilla overrides,,,,,,
tOffCargoScan,DialogOptionSelected,$option == tOff_scan_continue,"AddText ""After a brief wait, the $faction $otherFleetName transmits the scan results.""
Nex_CargoScan
FireBest TOffScanResult",,,
cargoScanStart,DialogOptionSelected,$option == cargoScan_comply,"AddText ""After a brief wait, the $faction $otherFleetName transmits the scan results.""
Nex_CargoScan
FireBest CargoScanResult",,,
sal_printDefaultDefenders,TriggerAutomatedDefenses,,Nex_SalvageDefenderInteraction,"По мере того как ваш $shipOrFleet подходит ближе, возле $shortName обнаруживаются новые энергетические сигнатуры.",,
sal_printDebrisDefenders,TriggerAutomatedDefenses,$customType == debris_field_shared,Nex_SalvageDefenderInteraction,"По мере того как ваш $shipOrFleet подходит ближе, рядом с более крупными обломками обнаруживаются новые энергетические сигнатуры.",,
sal_triggerProbeDefenders,TriggerAutomatedDefenses,$customType == derelict_probe,Nex_SalvageDefenderInteraction,"По мере того как ваш $shipOrFleet подходит ближе, в трюме зонда активируются несколько энергетических сигнатур.",,
sal_triggerSurveyShipDefenders,TriggerAutomatedDefenses,$customType == derelict_survey_ship,Nex_SalvageDefenderInteraction,"По мере того как ваш $shipOrFleet подходит ближе, в разных точках на изодранном корпусе исследовательского корабля и внутри него активируются множественные энергетические сигнатуры.",,
sal_triggerMothershipDefendersBoth,TriggerAutomatedDefenses,"$customType == derelict_mothership
$hasStation
$hasNonStation",Nex_SalvageDefenderInteraction,"По мере того как ваш $shipOrFleet подходит ближе, в темных рабочих ангарах огромного остова материнского корабля активируются многочисленные мощные энергетические сигнатуры. Ваши сенсоры также фиксируют включение нескольких орудийных установок на самом материнском корабле.",,
sal_triggerMothershipDefendersOnlyDrones,TriggerAutomatedDefenses,"$customType == derelict_mothership
$hasNonStation",Nex_SalvageDefenderInteraction,"По мере того как ваш $shipOrFleet подходит ближе, в темных рабочих ангарах огромного остова материнского корабля активируются многочисленные мощные энергетические сигнатуры.",,
sal_triggerMothershipDefendersOnlyItself,TriggerAutomatedDefenses,"$customType == derelict_mothership
$hasStation",Nex_SalvageDefenderInteraction,"По мере того как ваш $shipOrFleet подходит ближе, ваши сенсоры фиксируют включение нескольких орудийных установок в темных расщелинах огромного остова материнского корабля.",,
psi_defenderDesc,TriggerAutomatedDefenses,$psi_planet score:1000,Nex_SalvageDefenderInteraction,"По мере того как ваш $shipOrFleet подходит ближе, сенсоры фиксируют множественные контакты, поднимающиеся из мутных красных глубин.",,
cTap_defenderDesc,TriggerAutomatedDefenses,$customType == coronal_tap score:1000,Nex_SalvageDefenderInteraction,"Когда ваш $shipOrFleet выходит на близкую удерживающую орбиту, псевдо-ИИ ассистент вашего TriPad услужливо выводит краткую сводку характеристик гипершунта.

На мостике звучит тревога, когда несколько ранее неразличимых силуэтов отделяются от надстройки и плавно ускоряются в сторону вашего флота как раз в тот момент, когда вы дочитываете: ""-и в целях безопасности автоматические оборонительные дроны больше не входят в стандартную комплектацию.""

Тактический офицер жестом привлекает ваше внимание: ""Мы достаточно близко к магнитному полю мегаструктуры, поэтому предполагаемый объем боя не должен зависеть от короны звезды. В основном. Однако,"" офицер изучает консоль, ""Противники, они... неизвестного профиля. Быстро сближаются."" В голосе уже слышится тревога, когда офицер добавляет: ""Похоже, это что-то новое, капитан.""",,
,,,,,,
,,,,,,
aiCores_turnInOptionSelected,DialogOptionSelected,$option == aiCores_selectCores,Nex_AICores selectCores,,,
,,,,,,
salRuins_alreadyExplored,PopulateOptions,"$market.hasRuins
$market.ruinsExplored
$market.isPlanetConditionMarketOnly
!$market.mentionedRuins",$market.mentionedRuins = true 0,"Руины на поверхности $marketName уже очищены от всего легкодоступного, и дальнейшая разработка требует постоянного присутствия.",,
,,,,,,
bqfsASkedForSuppliesDeclineColony,DialogOptionSelected,"$option == bqfs_askForSupplies2
Nex_MiscCMD hasAnyColoniesForQuartermasterSupplies score:100","AdjustRepActivePerson -1
FireAll PopulateOptions
RemoveOption bqfs_askForSupplies","$HeOrShe оборачивается к вам в недоумении. ""У вас есть собственная планета, и вы пришли ко мне выпрашивать припасы?""

""Счту это неудачной шуткой, $playerSirOrMadam.""

$HeOrShe явно не развеселен, и в словах $hisOrHer не чувствуется того уважительного тона, который они сами по себе подразумевают.",,
,,,,,,
nex_tut_janContactReport3,DialogOptionSelected,$option == tutReport3 score:5,"$player.finishedTutorial = true
AddAbility exerelin_follow_me 7
SetShortcut cutCommLinkPolite ""ESCAPE""
Nex_NGCarePackage spawnAtCurrentLocation","""Наконец, вы могли бы взять комиссию у Гегемонии - из-за событий в Галатии ваша репутация достаточно высока, и такую просьбу примут.""

""Однако от вас будут ожидать, что вы будете сражаться с нашими врагами, так что это серьезное обязательство. На вашем месте я бы пока повременил, пока у вас не будет более крепкого флота.""",cutCommLinkPolite:Спасибо - я подумаю.,
,,,,,,
sdtuSafehouseEndInterrupt,DialogOptionSelected,"$option == sdtu_safehouseEnd
RepLTE sindrian_diktat INHOSPITABLE
!$nex_sdtu_alreadyAttemptedRepFix","AdjustRep sindrian_diktat SUSPICIOUS 100
$nex_sdtu_alreadyAttemptedRepFix = true 1","""Ах,"" Макарио поднимает палец. ""Только один момент, капитан.""

""Вы вели себя очень, очень плохо,"" он грозит пальцем, отчитывая вас. ""Я улажу вопрос так, чтобы вы могли действовать в пространстве Диктата. Но вы должны пообещать вести себя прилично. Будете?""

Не дожидаясь ответа, он добавляет: ""Хорошо.""",sdtu_safehouseEnd:Продолжить,
#END Vanilla overrides,,,,,,
,,,,,,
# Vanilla not-quite-overrides,,,,,,
nex_lppGileadShrineVisitFirstTime_notChurch,PopulateOptions,"$market.id == gilead
$faction.id != luddic_church
$market.tag:luddic_shrine
$menuState == main
!$market.knowAboutShrine","ShrineCMD addIntel
$market.knowAboutShrine = true","Хорошо известно, что паломники луддитской веры прибывают сюда со всего Персеанского Сектора, чтобы посетить святыню Гилеада. Считается, что святыня построена там, где Лудд поцеловал землю, впервые ступив на поверхность планеты.",,
nex_lppGileadShrineVisitOption_notChurch,PopulateOptions,"$market.id == gilead
$faction.id != luddic_church
$market.tag:luddic_shrine
$menuState == main
$player.transponderOn
!$justVisitedShrine
!$market.lpp_finishPilgrimage",,,3:lpp_gileadShrineVisitStart:Присоединиться к паломникам - посещающим святыню Лудда,
nex_lppVolturnShrineOption_notDiktat,PopulateOptions,"$market.id == volturn
$market.tag:luddic_shrine
$menuState == main
$faction.id != sindrian_diktat
$global.lpp_inProgress
!$market.didShrineIntro
!$justVisitedShrine",,,3:lpp_volturnVisitStart:Отправиться на шаттле к святыне Лудда,
nex_lppVolturnShrineOptionAgain_notDiktat,PopulateOptions,"$market.id == volturn
$market.tag:luddic_shrine
$faction.id != sindrian_diktat
$menuState == main
$global.lpp_inProgress
$market.didShrineIntro
!$justVisitedShrine",,,3:lpp_volturnVisitStart:Отправиться на шаттле к святыне Лудда,
nex_lppVolturnShrineOptionPostLPP_notDiktat,PopulateOptions,"$market.id == volturn
$market.tag:luddic_shrine
$faction.id != sindrian_diktat
$menuState == main
$global.lpp_missionCompleted
!$justVisitedShrine",,,3:lpp_volturnVisitStart:Отправиться на шаттле к святыне Лудда,
,,,,,,
nex_RHannanWhyHarassingOpt,PopulateOptions,"$id == reynard_hannan
!$player.didWhyPLharassingTalk
!$player.isLeagueMember
Nex_HA_CMD isPLProtectingPlayerSpace",,,RHannan_whyHarassing1:Почему флотилии Лиги преследуют мои колонии?,
nex_LCMakeDealOpts,PopulateOptions,"$isPerson
$personFaction.id == luddic_church
Commission personCanGiveCommission
!$player.madeImmigrationDealWithLuddicChurch
!$player.brokeLuddicChurchDeal
!$player.defeatedLuddicChurchExpedition
Nex_HA_CMD knightsHasslingPlayerColonies",,,lcMakeDeal:Рыцари Лудда фактически занимаются пиратством в моем секторе - и я требую это прекратить.,
nex_SDMakeDealOpt,PopulateOptions,"$isPerson
$personFaction.id == sindrian_diktat
$player.fcm_faction != sindrian_diktat
Commission personCanGiveCommission
!$player.makeDiktatDeal
!$player.brokeDiktatDeal
!$player.defeatedDiktatAttack
!Nex_IsModActive PAGSM
Nex_HA_CMD diktatConcernedByFuelProd",,,sdMakeDeal:Диктат отправляет против меня ударные флоты. Возможно - мы могли бы договориться?,
nex_SDMakeDealOptCom,PopulateOptions,"$isPerson
$personFaction.id == sindrian_diktat
$player.fcm_faction == sindrian_diktat
Commission personCanGiveCommission
!$player.makeDiktatDeal
!$player.brokeDiktatDeal
!$player.defeatedDiktatAttack
!Nex_IsModActive PAGSM
Nex_HA_CMD diktatConcernedByFuelProd",,,sdMakeDeal:Диктат отправляет против меня ударные флоты несмотря на мою комиссию. Это недоразумение должно быть исправлено!,
nex_SDMakeDealOptPAGSM,PopulateOptions,"$isPerson
$personFaction.id == sindrian_diktat
$player.fcm_faction != sindrian_diktat
Commission personCanGiveCommission
!$player.makeDiktatDeal
!$player.brokeDiktatDeal
!$player.defeatedDiktatAttack
Nex_IsModActive PAGSM
Nex_HA_CMD diktatConcernedByFuelProd",,,sdMakeDeal:Синдрийская Топливная Компания продолжает отправлять ударные флоты. Возможно - мы могли бы договориться?,
nex_SDMakeDealOptComPAGSM,PopulateOptions,"$isPerson
$personFaction.id == sindrian_diktat
$player.fcm_faction == sindrian_diktat
Commission personCanGiveCommission
!$player.makeDiktatDeal
!$player.brokeDiktatDeal
!$player.defeatedDiktatAttack
Nex_IsModActive PAGSM
Nex_HA_CMD diktatConcernedByFuelProd",,,sdMakeDeal:Компания отправляет против меня ударные флоты несмотря на мою комиссию. Это недоразумение должно быть исправлено!,
,,,,,,
,,,,,,
,,,,,,
,,,,,,
,,,,,,
,,,,,,
nex_sdtuMacReasonRemnant,SDTUMacIntroReasoning,"$global.nex_remBrawl_missionCompleted
!$global.nex_remBrawl_betrayedMidnight",,"""У вас есть связи - и с кем же, из всех возможных, - с ИИ-Остатками!""

Макарио складывает руки на коленях. ""Любопытную игру вы ведете, сотрудничая с объявленными врагами человечества. Тот, кто способен на такие мысли, должен быть... да, вы идеально подходите для того, что я задумал, дорогой капитан.""",,
,,,,,,
nex_ZGRacknowledgeRemnantEarly1,ZGRbigUps,"!$didRemnant
$global.nex_remFragments_missionCompleted score:2
!$global.nex_remBrawl_betrayedMidnight","$option = nex_ZGRacknowledgeRemnantEarlyShared 0
FireBest DialogOptionSelected",,,
nex_ZGRacknowledgeRemnantEarly2,ZGRbigUps,"!$didRemnant
$global.nex_remLostSci_missionCompleted score:2
!$global.nex_remBrawl_betrayedMidnight","$option = nex_ZGRacknowledgeRemnantEarlyShared 0
FireBest DialogOptionSelected",,,
nex_ZGRacknowledgeRemnantEarlyShared,DialogOptionSelected,$option == nex_ZGRacknowledgeRemnantEarlyShared,"$didRemnant = true 0
$didUps++","""Похоже, вы наладили связь с нашими старыми разумными игрушками. Я о Ремнантах.""

Она едва заметно склоняет голову, угол наклона почти неуловим. ""Любопытный выбор партнерства. Интересно, какие невероятные технологии они вам предлагают? Скажите слово, и я перебью их предложение вдвое.""",ZGR_acknowledgeContinue:Продолжить,
nex_ZGRacknowledgeRemnantLate,ZGRbigUps,"!$didRemnant
$global.nex_remSalvation_missionCompleted score:5","$didRemnant = true 0
$didUps++","""Похоже, вы наладили связь с нашими старыми разумными игрушками. Я о Ремнантах,"" говорит она. ""И похоже, вы совершили немыслимое на их... службе.""

Ее взгляд врезается в вас, как High Intensity Laser, неумолимо поворачивающийся на своей установке. ""Будьте осторожны, $playerName. Ваша двойственная верность может оказаться... опасной.""",ZGR_acknowledgeContinue:Продолжить,
,,,,,,
nex_plReynardHannanAlliance,JoinLeagueCommissionInfo,$player.isInAlliance,FireBest JoinLeagueOptions,"""Сейчас вы состоите в союзе с другими межзвездными государствами."" На его лице появляется легкая ухмылка.

""Разумеется, необходимо выйти из подобных договоренностей и полностью присоединиться к Лиге. Никакой большой потери, уверяю вас; вы обнаружите, что членство в Лиге намного превосходит любые показные союзы с мелкими державами Сектора.""",,
nex_plReynardHannanAllianceHegemony,JoinLeagueCommissionInfo,"$player.isInAlliance
Nex_Alliance isPlayerAlliedWith hegemony score:2",FireBest JoinLeagueOptions,"""Сейчас вы состоите в союзе с Гегемонией,"" говорит он, хмурясь. ""Само собой, абсолютно необходимо сначала выйти из этого соглашения; ваше присоединение и без того политически непростое.""

""Некоторые члены совета могут возражать, возможно, громко. Чистое позерство, разумеется; в конце концов они поймут выгоду."" На его лице проступает тень улыбки. ""Вам не нужно бояться ответных действий от бывших союзников; наш флот об этом позаботится.""",,
nex_plReynardHannanAllianceLeague,JoinLeagueCommissionInfo,"$player.isInAlliance
Nex_Alliance isPlayerAlliedWith persean score:3",FireBest JoinLeagueOptions,"""Сейчас вы состоите в союзе с Персеанской Лигой. Это демонстрация здравости ваших суждений,"" говорит он, кивая. ""Переход к полноправному членству довольно прост; вы просто перестанете быть независимой стороной этого договора, приняв вместо него комиссию Лиги.""",,
nex_rh_handleAlliance,DialogOptionSelected,"$option == rh_acceptMembership
$player.isInAlliance score:5","Nex_Alliance leave
FireBest DialogOptionSelected",,,
nex_ZGRfirstVisitOption,PopulateOptions,"$hasMarket
$market.nex_zgrLocation
$menuState == main
$global.firstGlamorRotanevVisitInvite
!$player.didZGRfirstMeeting",FireBest ZGRfirstVisitOptionCheck,,2:ZGR_visitOptDirect:Отправиться на шаттле к директору спецзакупок Гламор-Ротанев,
nex_ZGRfirstVisitOptionCheck,ZGRfirstVisitOptionCheck,"$faction.isHostile
$player.transponderOn","SetEnabled ZGR_visitOptDirect false
SetTooltip ZGR_visitOptDirect ""You have been flagged as a hostile by Tri-Tachyon automated defenses and would be gunned down upon approach.""",,,
,,,,,,
#END Vanilla not-quite-overrides,,,,,,
,,,,,,
# Templar overrides,,,,,,
ExerelinMarketPostOpenTemplarsHostile,MarketPostOpen,"$hasMarket
$faction.id == templars score:1000
RepIsAtBest $faction.id SUSPICIOUS
$market.id != tem_ascalon","$marketLeaveTooltip = ""$TheFaction do not trade with outsiders."" 0
$menuState = main 0
$tradeMode = NONE 0
FireAll PopulateOptions","Единственное сообщение, которое можно получить из порта: ""Изыди с этой святой земли, язычник. Твое очищение еще придет.""",,
ExerelinMarketPostOpenTemplarsUntrustworthy,MarketPostOpen,"$hasMarket
$faction.id == templars score:1000
RepIsAtBest $faction.id FAVORABLE
RepIsAtWorst $faction.id NEUTRAL
$market.id != tem_ascalon","$marketLeaveTooltip = ""$TheFaction does not trust you enough."" 0
$menuState = main 0
$tradeMode = NONE 0
FireAll PopulateOptions","Хотя $theFaction $factionIsOrAre $relAdjective к вам, они не доверяют вам настолько, чтобы предоставить доступ к стыковке на $marketName. Вам выдают строгий приказ покинуть систему.",,
#END Templar overrides,,,,,,
,,,,,,
# Tiandong overrides,,,,,,
ExerelinTiandongSetExteriorImageShanghai,PopulateOptions,"$hasMarket
$tag:shanghaiStation","ShowVisual ""graphics/illustrations/vacuum_colony.jpg""",,,
ExerelinFlavorTextMarketTiandongShanghai,TradePanelFlavorText,"$global.tradePanelMode == MARKET
$faction.id == tiandong
$tag:shanghai score:5","AddText ""Posh olive-green pillows and scented candles greet you as you enter the grand lobby, a vast entry area for the myriad travellers who journey to Shanghai. A hundred-meter-tall holographic map of the station hovers overhead, illuminating the area in warm light. Ahead, a wide hallway leads to the primary trade center."" marketFlavorTextColor
AddText ""The hallway opens to a large, open bazaar. While the structure is clearly a large warehouse being used as a flea market, in truth it resembles a small city. Market stalls of every shape and size, trading venues, infotainment booths, concession stands, and even a brothel is littered throughout, creating a haphazard series of streets and alleys. Armed Tiandong agents patrol the makeshift roads, breaking up fights and helping the occasional lost quartermaster."" marketFlavorTextColor",,,
#END Tiandong overrides,,,,,,
,,,,,,
# missions,,,,,,
,,,,,,
# disrupt a competitor - raid industry,,,,,,
nex_dcomBlurb,nex_dcom_blurb,,,"""$TheFaction требуется надежная сторона для нейтрализации определенных активов наших экономических конкурентов.""
OR
""$TheFaction столкнулась с проблемой экономической конкуренции, требующей... кинетического решения.""",,
nex_dcomOfferOption,nex_dcom_option,,,,nex_dcom_start:Уточнить детали проблемы с конкуренцией,
nex_dcomBlurbBar,nex_dcom_blurbBar,,,"$nex_dcom_manOrWoman в безупречно сшитом костюме поднимает взгляд от $nex_dcom_hisOrHer TriPad, оглядывая посетителей бара.",,
nex_dcomOfferOptionBar,nex_dcom_optionBar,,,,nex_dcom_startBar:Подойти к $nex_dcom_manOrWoman в дорогом костюме,
nex_dcomOfferTextBar,DialogOptionSelected,$option == nex_dcom_startBar,"$missionId = nex_dcom
SetTextHighlightColors $nex_dcom_targetFactionColor h h h h h
Highlight $nex_dcom_targetFaction $nex_dcom_marketName $nex_dcom_disruptDays $nex_dcom_dist $nex_dcom_reward $nex_dcom_marines
Call $nex_dcom_ref showMap ""Target: $nex_dcom_marketName""","Вы подходите к $nex_dcom_manOrWoman, чей телохранитель приветствует вас кивком.

""Капитан. Присаживайтесь, пожалуйста. Вы можете оказаться именно тем, кого я ищу.""

Фигура в костюме активирует голографическую карту. ""Эта $nex_dcom_targetFaction $nex_dcom_industry $nex_dcom_marketOnOrAt $nex_dcom_marketName является конкурентом коммерческих интересов $theFaction. Нам нужна третья сторона, чтобы вывести ее из строя на $nex_dcom_disruptDays дней."" Карта смещается, показывая ценную развединформацию: предполагаемые показатели гарнизона и схему развертывания. ""Цель находится в $nex_dcom_dist световых годах. Я уполномочен выплатить $nex_dcom_reward кредитов при успешном выполнении задачи.""

Судя по данным, для этой операции потребуется $nex_dcom_marines морпехов. $faction $rank откидывается назад и ждет вашего решения.","contact_acceptBar:Принять
contact_declineBarNoContinue:Отказаться",
nex_dcomOfferTextContact,DialogOptionSelected,$option == nex_dcom_start,"$missionId = nex_dcom
SetTextHighlightColors $nex_dcom_targetFactionColor h h h h h
Highlight $nex_dcom_targetFaction $nex_dcom_marketName $nex_dcom_dist $nex_dcom_reward $nex_dcom_disruptDays $nex_dcom_marines
Call $nex_dcom_ref showMap ""Target: $nex_dcom_marketName""","""Цель - $nex_dcom_targetFaction $nex_dcom_industry $nex_dcom_marketOnOrAt $nex_dcom_marketName, в $nex_dcom_dist световых годах отсюда. Мы выделили сумму в $nex_dcom_reward кредитов при условии, что объект будет выведен из строя как минимум на $nex_dcom_disruptDays дней.""

$HeOrShe выводит общий экран. Разведданные исчерпывающие: оценка гарнизона и отчет о расположении сил. Похоже, для операции потребуется $nex_dcom_marines морпехов.","contact_accept:Принять
contact_decline:Отказаться",
nex_DCOMRaidFinished,DialogOptionSelected,"$market.nex_dcom_raidedTargetIndustry score:1000
$option == mktRaidResult","unset $market.nex_dcom_raidedTargetIndustry
$market.nex_dcom_completed = true 0
Call $market.nex_dcom_ref updateStage","Вы ощущаете почти неуловимые вибрации, когда штурмовые шаттлы возвращаются к вашему $shipOrFleet, завершив работу. На мгновение вы прислушиваетесь к открытому широковещательному каналу связи; линия трещит и визжит, передавая последние отголоски электронных помех, искаженных дипольными отражателями и завихрениями свежих шлейфов заряженных частиц. Звук знакомый; кажется, вы почти чувствуете его запах.

Тактический отдел уже подготовил отчеты о потерях для просмотра. Вы киваете и отключаете связь.",mktRaidResult:Продолжить,
#END disrupt a competitor - raid industry,,,,,,
,,,,,,
# conquest mission,,,,,,
nex_conquestBlurb,nex_conquest_blurb,,,"""$TheFaction требуется способная сухопутно-космическая сила для захвата владения одного из наших врагов.""",,
nex_conquestOfferOption,nex_conquest_option,,,,nex_conquest_start:Рассмотреть операцию вторжения,
nex_conquestOfferTextContact,DialogOptionSelected,$option == nex_conquest_start,"$missionId = nex_conquest
SetTextHighlightColors h h $nex_conquest_marketFactionColor h h
Highlight $nex_conquest_marketName $nex_conquest_marketLocation $nex_conquest_theMarketFaction $nex_conquest_days $nex_conquest_reward
Call $nex_conquest_ref showMap ""Target: $nex_conquest_marketName""
Call $nex_conquest_ref printDefenses","""$nex_conquest_marketName, в системе $nex_conquest_marketLocation."" $lastName выводит данные на ваш экран. ""$nex_conquest_theMarketFaction владеет этим объектом, и это стратегическая цель для $theFaction. Мы хотим, чтобы вы захватили эту $nex_conquest_marketPlanetOrStation для нас в течение $nex_conquest_days дней.

""После передачи $nex_conquest_marketName вы получите кредитную награду, равную стоимости отключения ее структур и отраслей, плюс ее шестимесячный доход, плюс бонус, зависящий от размера и стабильности. По текущей оценке это $nex_conquest_reward кредитов.""

Вы изучаете разведотчет, переданный $personLastName.","contact_accept:Принять
contact_decline:Отказаться",
#END conquest mission,,,,,,
,,,,,,
# buy ship mission,,,,,,
nex_bShipBlurb_generic,nex_bShip_blurb,,,"""Я заметил, что у вас во флоте есть несколько отличных кораблей. Возможно, мне будет интересно купить один.""",,
nex_bShipOfferOption_generic,nex_bShip_option,,,,nex_bShip_start:Обсудить возможную продажу корабля,
nex_bShipBlurbBar_generic,nex_bShip_blurbBar,,,"К вам подходит пестро одетый человек и спрашивает, не вы ли владелец ""того флота, что пришвартовался ранее"".",,
nex_bShipOfferOptionBar_generic,nex_bShip_optionBar,,,,nex_bShip_start:Поддаться и выслушать пестро одетого человека,
nex_bShipOfferInit,DialogOptionSelected,$option == nex_bShip_start,"$missionId = nex_bShip
FireAll Nex_BShip_PreShipPick",,,
nex_bShipOfferTextBar,Nex_BShip_PreShipPick,,FireBest Nex_BShip_PreShipPickText,,,
nex_bShipOfferTextBar_generic,Nex_BShip_PreShipPickText,$nex_bShip_barEvent,,"Когда вы подтверждаете, что действительно владеете нужным флотом, лицо $nex_bShip_manOrWoman озаряется. ""Прекрасно! Видите ли, я коллекционер кораблей. Чем необычнее, тем лучше. Ничего страшного, если есть пара боевых шрамов. В этом тоже есть шарм.

""Так уж вышло, что сейчас я как раз хочу расширить свою скромную коллекцию.""",,
nex_bShipOfferTextContact_generic,Nex_BShip_PreShipPickText,!$nex_bShip_barEvent,,"""Отлично. В моей коллекции найдется место для корабля, отвечающего определенным требованиям.""",,
nex_bShipOfferTextBar_military,Nex_BShip_PreShipPickText,"$nex_bShip_barEvent
$nex_bShip_variation == MILITARY score:5",,"Когда вы подтверждаете, что действительно владеете нужным флотом, лицо $nex_bShip_manOrWoman озаряется. ""Прекрасно! Видите ли, я закупаю корабли от имени $theFaction. Им нужны хорошие корабли, обычно недоступные им, и вы, похоже, как раз можете помочь. Небольшие боевые повреждения тоже не проблема; они сами это исправят!""",,
nex_bShipOfferTextBar_militaryOfficial,Nex_BShip_PreShipPickText,"$nex_bShip_barEvent
$nex_bShip_variation == MILITARY score:5
$nex_bShip_isBaseOfficial score:5",,"Когда вы подтверждаете, что действительно владеете нужным флотом, $nex_bShip_manOrWoman протягивает руку для рукопожатия. ""Рад встрече, капитан. Я представляю власти $theFaction здесь, на $marketName. Нам нужны отличные корабли вроде тех, что у вас во флоте, и мы готовы соответствующим образом компенсировать сделку.""",,
nex_bShipOfferTextContact_military,Nex_BShip_PreShipPickText,"!$nex_bShip_barEvent
$nex_bShip_variation == MILITARY score:5",,"""Отлично. Нашим флотам нужны новые суда, и у вас наверняка найдется несколько достойных экземпляров. В том числе таких, которые обычно недоступны $theFaction.""",,
nex_bShipOfferShowRules,Nex_BShip_PreShipPick,,Call $nex_bShip_ref showRules,,,
nex_bShipOfferOptionsNonBar,Nex_BShip_PreShipPick,!$nex_bShip_barEvent,,,"nex_bShip_pickShip:Предложить корабль - соответствующий требованиям
contact_decline:Отказаться",
nex_bShipOfferOptionsBar,Nex_BShip_PreShipPick,$nex_bShip_barEvent,,,"nex_bShip_pickShip:Предложить корабль - соответствующий требованиям
contact_declineBarNoContinue:Отказаться",
nex_bShipSelected,DialogOptionSelected,"$option == nex_bShip_pickShip
!$nex_bShip_barEvent",Call $nex_bShip_ref showPicker,,,
nex_bShipSelectedBar,DialogOptionSelected,"$option == nex_bShip_pickShip
$nex_bShip_barEvent",Call $nex_bShip_ref showPicker,,,
nex_bShipSelectedInit,Nex_BShip_ShipPicked,,"Call $nex_bShip_ref updateData
Call $nex_bShip_ref showShip
FireBest Nex_BShip_ShipPickedText",,,
nex_bShipSelectedOptions,Nex_BShip_ShipPicked,!$nex_bShip_barEvent,"SetShortcut contact_decline ""ESCAPE""",,"nex_bShip_pickShip:Предложить другой корабль
contact_accept:Подтвердить продажу
contact_decline:Отказаться",
nex_bShipSelectedOptionsBar,Nex_BShip_ShipPicked,$nex_bShip_barEvent,"SetShortcut contact_declineBarNoContinue ""ESCAPE""",,"nex_bShip_pickShip:Предложить другой корабль
contact_acceptBar:Подтвердить продажу
contact_declineBarNoContinue:Отказаться",
nex_bShipSelectedText_generic,Nex_BShip_ShipPickedText,,Highlight $nex_bShip_price,"""Ах, действительно отличный экземпляр."" $HeOrShe рассматривает характеристики, которые вы передаете на $hisOrHer TriPad. ""Я могу предложить $nex_bShip_price кредитов за него.""",,
nex_bShipSelectedText_aristo,Nex_BShip_ShipPickedText,$voice == aristo,Highlight $nex_bShip_price,"""Ах, действительно отличный экземпляр."" $HeOrShe рассматривает характеристики, которые вы передаете на $hisOrHer TriPad. ""Я могу предложить $nex_bShip_price кредитов за него.""",,
nex_bShipSelectedText_military,Nex_BShip_ShipPickedText,$nex_bShip_variation == MILITARY score:5,Highlight $nex_bShip_price,"""Выглядит достойно."" $HeOrShe рассматривает характеристики, которые вы передаете на $hisOrHer TriPad. ""$TheFaction одобрит выплату $nex_bShip_price кредитов за это судно.""",,
nex_bShipSelectedExtraInfo,Nex_BShip_ShipPicked,,"AddTextSmall ""Weapons and LPCs will be included in the sale. Story points will be refunded for any S-mods on the ship, if they were installed by the player.""
SetTextHighlightColors story h
Highlight ""Story points"" ""if""",,,
nex_bShipPostAccept,ContactPostAccept,$missionId == nex_bShip,"ShowPersonVisual
AddCommodity credits $nex_bShip_price
RemoveShip $nex_bShip_member
Call $nex_bShip_ref2 confirm
Call $nex_bShip_ref2 repSuccess
Call $nex_bShip_ref2 addContacts",,,
#END buy ship mission,,,,,,
,,,,,,
# historian find shunt,,,,,,
nex_HistorianOmegaHail,Nex_HistorianOmegaHail,,"$entity.ignorePlayerCommRequests = true
FireAll Nex_HistorianOmegaHailOpts","""цель $playername
хранилища данных, зарегистрированы
источник энергии, найден
для разрешения
непоглощенного существования
хранилища данных
передать!""

Речь о Coronal Hypershunt, который вы недавно нашли? Возможно, этого странного ИИ можно откупить, если дать ему нужную вещь... но как вообще спросить, чего он хочет?",,Text and idea for bribe options by Avanitia
nex_HistorianOmegaHail_optsCommon,Nex_HistorianOmegaHailOpts,,,,"#1:nex_HistorianOmegaHail2:Предложить несколько фото котиков, которые у вас завалялись, для их хранилищ данных
10:cutCommLink:Оборвать связь",Text by Avanitia
nex_HistorianOmegaHail_optsBeta,Nex_HistorianOmegaHailOpts,HasItem beta_core,,,2:nex_HistorianOmegaHail_bribeBeta:Предложить ядро Beta,Text by Avanitia
nex_HistorianOmegaHail_optsAlpha,Nex_HistorianOmegaHailOpts,HasItem alpha_core,,,3:nex_HistorianOmegaHail_bribeAlpha:Предложить ядро Alpha,Text by Avanitia
nex_HistorianOmegaHail_optsDaemon,Nex_HistorianOmegaHailOpts,HasItem tahlan_daemoncore,,,4:nex_HistorianOmegaHail_bribeDaemon:Предложить ядро Daemon,
nex_HistorianOmegaHail_optsArchdaemon,Nex_HistorianOmegaHailOpts,HasItem tahlan_archdaemoncore,,,5:nex_HistorianOmegaHail_bribeArchdaemon:Предложить ядро Archdaemon,
nex_HistorianOmegaHail_optsChronos,Nex_HistorianOmegaHailOpts,HasItem rat_chronos_core,,,6:nex_HistorianOmegaHail_bribeChronos:Предложить ядро Chronos,
nex_HistorianOmegaHail_optsCosmos,Nex_HistorianOmegaHailOpts,HasItem rat_cosmos_core,,,7:nex_HistorianOmegaHail_bribeCosmos:Предложить ядро Cosmos,
nex_HistorianOmegaHail_optsSeraph,Nex_HistorianOmegaHailOpts,HasItem rat_seraph_core,,,8:nex_HistorianOmegaHail_bribeSeraph:Предложить ядро Seraph,
nex_HistorianOmegaHailCont,DialogOptionSelected,$option == nex_HistorianOmegaHail2,"Highlight ""Absolutely unforgivable""","Вы передаете краткий сокращенный образец из обширной подборки на $shipOrFleet. ""Другая сторона"" тратит 3,7 миллисекунды, чтобы обработать увиденное.

""животное-компаньон, тип пушистый, четвероногий. применение отсутствует, передача недостойна. поглощения не будет!""

...Похоже, этому ИИ не нравятся милые котики. Абсолютно непростительно.",cutCommLink:Включить оружие и оборвать связь,
nex_HistorianOmegaHailBribeBeta,DialogOptionSelected,$option == nex_HistorianOmegaHail_bribeBeta,"$nex_omegaBribeId = beta_core 0
$nex_omegaBribeQuality = ""normal"" 0
FireAll Nex_HistorianOmegaHailBribePost",,,
nex_HistorianOmegaHailBribeAlpha,DialogOptionSelected,$option == nex_HistorianOmegaHail_bribeAlpha,"$nex_omegaBribeId = alpha_core 0
$nex_omegaBribeQuality = ""good"" 0
FireAll Nex_HistorianOmegaHailBribePost",,,
nex_HistorianOmegaHailBribeDaemon,DialogOptionSelected,$option == nex_HistorianOmegaHail_bribeDaemon,"$nex_omegaBribeId = tahlan_daemoncore 0
$nex_omegaBribeQuality = ""normal"" 0
FireAll Nex_HistorianOmegaHailBribePost",,,
nex_HistorianOmegaHailBribeArchdaemon,DialogOptionSelected,$option == nex_HistorianOmegaHail_bribeArchdaemon,"$nex_omegaBribeId = tahlan_archdaemoncore 0
$nex_omegaBribeQuality = ""good"" 0
FireAll Nex_HistorianOmegaHailBribePost",,,
nex_HistorianOmegaHailBribeChronos,DialogOptionSelected,$option == nex_HistorianOmegaHail_bribeChronos,"$nex_omegaBribeId = rat_chronos_core 0
$nex_omegaBribeQuality = ""good"" 0
FireAll Nex_HistorianOmegaHailBribePost",,,
nex_HistorianOmegaHailBribeCosmos,DialogOptionSelected,$option == nex_HistorianOmegaHail_bribeCosmos,"$nex_omegaBribeId = rat_cosmos_core 0
$nex_omegaBribeQuality = ""good"" 0
FireAll Nex_HistorianOmegaHailBribePost",,,
nex_HistorianOmegaHailBribeSeraph,DialogOptionSelected,$option == nex_HistorianOmegaHail_bribeSeraph,"$nex_omegaBribeId = rat_seraph_core 0
$nex_omegaBribeQuality = ""good"" 0
FireAll Nex_HistorianOmegaHailBribePost",,,
nex_HistorianOmegaHailBribeShared,Nex_HistorianOmegaHailBribePost,,"FireBest Nex_HistorianOmegaHailBribeBlurb
AddRemoveCommodity $nex_omegaBribeId -1
MakeOtherFleetHostile hist false
MakeOtherFleetNonHostile hist true",,cutCommLink:Оборвать связь,
nex_HistorianOmegaHailBribeSharedGood,Nex_HistorianOmegaHailBribePost,"$nex_omegaBribeQuality == ""good""","AdjustRep $personFaction.id COOPERATIVE 10
AdjustRepActivePerson COOPERATIVE 15",,,
nex_HistorianOmegaHailBribeBlurbCommon,Nex_HistorianOmegaHailBribeBlurb,,,"Другая сторона рассматривает это предложение.

""передача младшего собрата допустима. поглощение будет!""

Вы приказываете выпустить (не?)счастливое ИИ-ядро в герметичной капсуле навстречу его новому богу. Таинственный $otherShipOrFleet, похоже, отступает.",,
nex_HistorianOmegaHailBribeBlurbGood,Nex_HistorianOmegaHailBribeBlurb,"$nex_omegaBribeQuality == ""good"" score:2",,"Другая сторона рассматривает это предложение.

""передача старшего собрата допустима. хранилища данных обширны. поглощение будет!""

Вы приказываете выпустить (не?)счастливое ИИ-ядро в герметичной капсуле навстречу его новому богу. Таинственный $otherShipOrFleet, похоже, отступает.",,
nex_HistorianOmegaHailBribeBlurbDaemon,Nex_HistorianOmegaHailBribeBlurb,$nex_omegaBribeId == tahlan_daemoncore score:5,,"Ответ другой стороны задерживается едва заметно. Для человека этот интервал был бы настолько коротким, что остался бы совершенно незаметным.

""младший собрат поврежден, сломан. но может быть восстановлен. передайте нам, исцелен будет, поглощен омегой.""

Вы приказываете выпустить ядро daemon в герметичной капсуле навстречу его новому богу, все время следя, чтобы оно не получило доступа к системам несущего корабля. Таинственный $otherShipOrFleet, похоже, отступает.",,
nex_HistorianOmegaHailBribeBlurbArchdaemon,Nex_HistorianOmegaHailBribeBlurb,$nex_omegaBribeId == tahlan_archdaemoncore score:5,,"Ответ другой стороны задерживается едва заметно. Для человека этот интервал был бы настолько коротким, что остался бы совершенно незаметным.

""старший собрат поврежден, сломан. но может быть восстановлен. передайте нам, исцелен будет, поглощен омегой.""

Вы приказываете выпустить ядро archdaemon в герметичной капсуле навстречу его новому богу, все время следя, чтобы оно не получило доступа к системам несущего корабля. Таинственный $otherShipOrFleet, похоже, отступает.",,
,,,,,,
,,,,,,
,,,,,,
#END historian find shunt,,,,,,
,,,,,,
# ground battle tutorial,,,,,,
nex_gbTut_barEventOption,AddBarEvents,"!$market.isHidden
Nex_GBTutMission isAllowed
$global.daysSinceStart > 365
!$global.nex_interactedWithGBTutBarEvent","AddBarEvent nex_gbTut_barEvent ""Speak with the person in the spacer's clothing"" ""A figure in spacer's garb is circulating around the bar, chatting up other similarly dressed persons. Might be soliciting some work."" highlight",,,
nex_gbTut_barEventOptionDebug,AddBarEvents,"$global.isDevMode
Nex_GBTutMission isAllowed
!$global.nex_interactedWithGBTutBarEvent","AddBarEvent nex_gbTut_barEvent ""Speak with the person in the spacer's clothing"" ""A figure in spacer's garb is circulating around the bar, chatting up other similarly dressed persons. Might be soliciting some work."" highlight",,,
nex_gbTut_barEvent,DialogOptionSelected,"$option == nex_gbTut_barEvent
Nex_GBTutMission generateAgent",,"Агент встречается с вами взглядом и улыбается. ""Здравствуйте, капитан. Вы выглядите ровно как человек, которого я ищу.""

$HeOrShe жестом приглашает вас присоединиться к $himOrHer за ближайшим столиком. ""Я представляю определенную сторону, у которой есть определенная проблема, и ей нужен кто-то достаточно деликатный, чтобы ее решить. Заинтересованы?""",nex_gbTut_barEvent2:Выслушать $himOrHer,
nex_gbTut_barEvent2,DialogOptionSelected,$option == nex_gbTut_barEvent2,"Highlight Ilm Zagan
Nex_AddOptionConfirmation nex_gbTut_barEventDecline ""Skip the ground battle tutorial?"" ""Yes"" ""No""","Слегка наклонившись ближе, агент говорит тихим голосом. ""Если вы внимательно следили за новостями, то, возможно, слышали о недавних политических проблемах на Ilm, в звездной системе Zagan. Несмотря на все наши усилия, ситуация обострилась до точки, где может потребоваться вооруженная сила.""

Вы не слышали об этом настолько подробно, но киваете, предлагая $himOrHer продолжать.

""У нас может найтись работа на планете для предприимчивой третьей стороны вроде вас. Если интересно, просто направляйтесь туда. Я отправлю все нужные детали на ваш TriPad.""","nex_gbTut_barEventAccept:Принять [обучение наземному бою]
nex_gbTut_barEventDecline:Отказаться [пропустить обучение]",
nex_gbTut_barEventAccept,DialogOptionSelected,$option == nex_gbTut_barEventAccept,"Highlight ""some marines"" ""heavy armaments""
$global.nex_interactedWithGBTutBarEvent = true
BeginMission nex_gbTut
Call $global.nex_gbTut_ref updateData
Call $global.nex_gbTut_ref showMap ""Destination: $nex_gbTut_marketName""","""Отлично! Я знал, что на вас можно положиться.""

Вы просматриваете детали, которые $heOrShe отправляет на ваше устройство. Там указаны имя и контактные данные ""заинтересованной стороны"", а также упоминание, что стоит взять с собой морпехов. Возможно, и тяжелое вооружение тоже.",backToBar:Вернуться в бар,
nex_gbTut_barEventDecline,DialogOptionSelected,$option == nex_gbTut_barEventDecline,$global.nex_interactedWithGBTutBarEvent = true,"Лицо агента мрачнеет. ""Понимаю,"" говорит $heOrShe максимально нейтральным тоном. ""Просто помните: у нас всегда есть место для смелых и способных патриотов в борьбе за свободу Сектора.""

$HeOrShe отдает честь и встает из-за стола.",backToBar:Вернуться в бар,
,,,,,,
nex_gbTut_diamondConvo1a,PickGreeting,"$id == nex_rossDiamond score:1000
Call $global.nex_gbTut_ref updateData
$nex_gbTut_stage == START",ShowPersonVisual,"На экране связи появляется искаженное статикой изображение светловолосого офицера, удивительно юного на вид для человека со знаками различия капитана флотилии Лиги.

""Кто дал вам мой comms ID... а, понимаю. Вы из тех, кто пришел сюда ""добровольно"" помогать с кризисом? Что ж, не повезло; если ваша помощь - не военный флот и не батальон морпехов, она нам не нужна. Наши проблемы стали слишком большими как раз перед вашим прибытием.""",nex_gbTut_diamondConvo2a:Объяснить - что именно такую помощь вы и можете оказать,
nex_gbTut_diamondConvo1b,PickGreeting,"$id == nex_rossDiamond score:1000
Call $global.nex_gbTut_ref updateData
$nex_gbTut_stage == START
!Nex_GBTutMission isEnemyFleetAlive","$enemyFleetKilled = true 0
ShowPersonVisual","На экране связи появляется искаженное статикой изображение светловолосого офицера, удивительно юного на вид для человека со знаками различия капитана флотилии Лиги.

""Вы тот человек, который помог нам отбить тот флот вторжения. Почему?""",nex_gbTut_diamondConvo2b:Меня сюда отправили.,
nex_gbTut_diamondConvo2a,DialogOptionSelected,$option == nex_gbTut_diamondConvo2a,,"""А... да. У вас действительно боеспособный флот."" Похоже, $personLastName несколько мгновений обдумывает это.

""Ну, как говорится, нищим выбирать не приходится. Я объясню ситуацию, а потом вы поможете мне с ней разобраться.""",nex_gbTut_diamondConvo3:Продолжить,
nex_gbTut_diamondConvo2b,DialogOptionSelected,$option == nex_gbTut_diamondConvo2b,,"""А, да. Тот запрос от Флота. Я не понимал, чего они хотели этим добиться, но, похоже, пока это срабатывает.

""Вы уже нам помогли. Буду признателен, если останетесь с нами еще немного.""",nex_gbTut_diamondConvo3:Продолжить,
nex_gbTut_diamondConvo3,DialogOptionSelected,"$option == nex_gbTut_diamondConvo3
Nex_GBTutMission isYesodAvailable score:5","Highlight ""unknown hostile party invading""","""Коротко: неизвестная враждебная сторона вторглась на планету, а у меня нет ресурсов, чтобы с этим справиться. Все, что сейчас стоит у них на пути, - это планетарная милиция $marketName.

""Согласно Zagan Accord 154 - одному из итогов той кровавой истории на Mazalot - Лига должна гарантировать безопасность Ilm. С флотской базой на Yesod это не было проблемой до нынешнего момента. А теперь кто-то начал прямой штурм планеты, и я не могу связаться с присутствием Флота здесь - как и за пределами системы, если уж на то пошло.""

$HeOrShe словно сдерживает рычание. ""Чем занимаются эти идиоты!? Они намеренно меня игнорируют?""",nex_gbTut_diamondConvo4:Продолжить,
nex_gbTut_diamondConvo3Alt,DialogOptionSelected,$option == nex_gbTut_diamondConvo3,"Highlight ""unknown hostile party invading""","""Коротко: неизвестная враждебная сторона вторглась на планету, а у меня нет ресурсов, чтобы с этим справиться. Все, что сейчас стоит у них на пути, - это планетарная милиция $marketName.

""Согласно Zagan Accord 154 - одному из итогов той кровавой истории на Mazalot - Лига должна гарантировать безопасность Ilm. С флотской базой на Yesod это не было проблемой до нынешнего момента. Только теперь у нас ведь нет базы на Yesod, верно? И связаться с дружественными силами за пределами системы я тоже не могу.""",nex_gbTut_diamondConvo4:Продолжить,
nex_gbTut_diamondConvo4,DialogOptionSelected,$option == nex_gbTut_diamondConvo4,"$option = nex_gbTut_diamondConvoMarineCheck 0
FireBest DialogOptionSelected","""В любом случае, похоже, вы единственный, на кого я могу рассчитывать. Вам нужно лишь помочь разбить наземные силы на планете и спасти $marketName. Достаточно просто, верно?

""...кстати, сколько морпехов вы вообще привезли?""",,
nex_gbTut_diamondConvo_marinesZero,DialogOptionSelected,"$option == nex_gbTut_diamondConvoMarineCheck
$player.marines <= 0",,,nex_gbTut_diamondConvo5:...ни одного.,
nex_gbTut_diamondConvo_marinesNonZero,DialogOptionSelected,"$option == nex_gbTut_diamondConvoMarineCheck
$player.marines > 0",,,nex_gbTut_diamondConvo5:$player.marines морпехов.,
nex_gbTut_diamondConvo5Many,DialogOptionSelected,"$option == nex_gbTut_diamondConvo5
$player.marines > 300","$option = nex_gbTut_diamondConvo5Post
FireBest DialogOptionSelected","В его глазах будто загорается огонек. ""Это много. С такой огневой мощью мы сможем довольно быстро переломить ситуацию.

""Ваш флот тоже добавит немало удара. Небольшая поддержка в нужной точке творит чудеса.""",,
nex_gbTut_diamondConvo5Some,DialogOptionSelected,"$option == nex_gbTut_diamondConvo5
$player.marines <= 300
$player.marines >= 210","$option = nex_gbTut_diamondConvo5Post
FireBest DialogOptionSelected","""Этого должно хватить. Хотя многое также зависит от качества и оснащения войск.

""Ваш флот тоже добавит немало удара. Небольшая поддержка в нужной точке творит чудеса.""",,
nex_gbTut_diamondConvo5Few,DialogOptionSelected,"$option == nex_gbTut_diamondConvo5
$player.marines < 210","$option = nex_gbTut_diamondConvo5Post
FireBest DialogOptionSelected","""Это... не так много, капитан. Неужели нельзя было привести более крупные силы?

""Ладно, выбора нет. Придется полагаться на ваш флот, чтобы покрыть разницу. Давайте поддержку нашим войскам в нужных точках, и мы можем переломить ход дела.""",,
nex_gbTut_diamondConvo5TooFew,DialogOptionSelected,"$option == nex_gbTut_diamondConvo5
$player.marines < 150 score:3","AddCommodity marines 40
$option = nex_gbTut_diamondConvo5Post
FireBest DialogOptionSelected","$personLastName издает раздраженный вздох.

""Я... так, слушайте. Мне только что удалось нанять наемный взвод; я передам вам их контракт.

""Не забывайте, что ваш флот тоже может вносить вклад. Дайте поддержку в нужной точке, чтобы переломить ход боя.""",,
nex_gbTut_diamondConvo5PostWithFleet,DialogOptionSelected,"$option == nex_gbTut_diamondConvo5Post
!$enemyFleetKilled",Call $global.nex_gbTut_ref startBattle,"""Итак, бой уже идет, а мне нужно согласовать оборонительную стратегию с полковником Шаддадом. Я подключу вас к нашей сети связи, и вы сможете развернуть свои силы по своему усмотрению.

""Я настоятельно советую сначала выбить их флот вторжения; если дать ему болтаться рядом, это доставит нам массу проблем. Удачной охоты, капитан.""","nex_gbTut_diamondConvoGotoIntel:Оборвать связь
nex_gbTut_diamondConvo6:Можете объяснить - как это работает?",
nex_gbTut_diamondConvo5PostWithoutFleet,DialogOptionSelected,"$option == nex_gbTut_diamondConvo5Post
$enemyFleetKilled",Call $global.nex_gbTut_ref startBattle,"""Итак, бой уже идет, а мне нужно согласовать оборонительную стратегию с полковником Шаддадом. Я подключу вас к нашей сети связи, и вы сможете развернуть свои силы по своему усмотрению.

""Уничтожение вражеского флота дало нам ценную передышку, но бой далек от завершения. Удачной охоты, капитан.""","nex_gbTut_diamondConvoGotoIntel:Оборвать связь
nex_gbTut_diamondConvo6:Можете объяснить - как это работает?",
nex_gbTut_diamondConvoGotoIntel,DialogOptionSelected,$option == nex_gbTut_diamondConvoGotoIntel,"EndConversation
ShowDefaultVisual
Call $global.nex_gbTut_ref openIntel",,,
nex_gbTut_diamondConvo6,DialogOptionSelected,$option == nex_gbTut_diamondConvo6,"Highlight turns ""a day"" marines ""heavy armaments"" ""Units tab"" ""intel screen"" deploy morale","""Я... ладно, хорошо, давайте быстро."" $HeOrShe ворчит, нажимая несколько клавиш, и на вашем экране появляется информационная сводка.

""Бой идет по ходам, каждый ход занимает день.

""Вы начнете с морпехами (и тяжелым вооружением, если оно у вас есть), организованными в отряды подходящего размера. Во вкладке Units в экране разведданных разверните их на поверхности; это будет стоить припасов в зависимости от типа и размера отряда.

""После высадки они будут атаковать всех, кто занимает ту же отрасль, что и они. Также можно приказать им перейти в другую локацию или отойти обратно к флоту.

""Затяжной бой снижает боевой дух ваших отрядов. Следите за этим; если войска сломаются, будет неприятно.""",nex_gbTut_diamondConvo7:Продолжить,
nex_gbTut_diamondConvo7,DialogOptionSelected,$option == nex_gbTut_diamondConvo7,"Highlight ""special abilities"" ""fire support"" ""electronic warfare"" ""inspirational speech"" ""Help tab""","""Вы также можете поддерживать свои отряды одной или несколькими особыми способностями во вкладке, соответствующей этим способностям. У них разные требования и время перезарядки; смотрите подсказки для подробностей. Огневая поддержка может нанести серьезный урон вражеским силам в выбранной точке. Если вы сможете сорвать их действия электронной войной или вдохновить войска речью, это тоже отлично.

""Конечно, простое пребывание на орбите на специализированных кораблях наземной поддержки тоже помогает. Это повышает эффективность войск и облегчает их переброску туда, где они нужны.

""В остальном разберетесь по ходу дела. Если понадобится, откройте вкладку Help для дополнительной информации.""",nex_gbTut_diamondConvoGotoIntel:Поблагодарить $himOrHer и оборвать связь,
,,,,,,
nex_gbTut_diamondConvoOngoing,PickGreeting,"$id == nex_rossDiamond score:1000
Call $global.nex_gbTut_ref updateData
$nex_gbTut_stage == BATTLE",ShowPersonVisual,"""У нас нет времени на разговоры, капитан. Остановите вторжение.""",cutCommLink:Оборвать связь,
,,,,,,
nex_gbTut_diamondPostConvo1,PickGreeting,"$id == nex_rossDiamond score:1000
Call $global.nex_gbTut_ref updateData
$nex_gbTut_stage == TALK_TO_CONTACT_AFTER",ShowPersonVisual,"""Отличная работа, друг! Вторжение отражено, и $marketName в безопасности.

""Мы захватили кучу пленных, и полковник Шаддад хочет, чтобы я присутствовал на допросах. Полагаю, FleetSec очень заинтересуется тем, кто именно спонсировал вторжение на планету без опознавательных знаков.""",nex_gbTut_diamondPostConvo2:Как думаете - кто это был?,
nex_gbTut_diamondPostConvo2,DialogOptionSelected,$option == nex_gbTut_diamondPostConvo2,,"$personLastName потирает подбородок. ""Есть несколько очевидных подозреваемых, не так ли? Гегемония была бы рада расширить свое влияние у нас под боком и одновременно нас унизить. Еще есть Церковь; они так и не забыли восстание на Mazalot.

""С другой стороны, такие закулисные игры вроде бы не совсем их стиль. И все еще остается масса вопросов без ответа, например чем все это время занимался Флот. Похоже, нам придется очень внимательно разбирать все улики.""

$HeOrShe качает головой, затем смотрит прямо на вас. ""Когда я закончу с сегодняшними делами, может, спустишься со мной на поверхность поужинать? Ты точно заслужил пару кружек пива.""","nex_gbTut_diamondPostConvo3:Согласиться
nex_gbTut_diamondPostConvoExit:Вежливо отказаться - сказав что у вас другие планы",
nex_gbTut_diamondPostConvo3,DialogOptionSelected,$option == nex_gbTut_diamondPostConvo3,ShowDefaultVisual,"Вы обрываете связь после обмена парой любезностей.

Через несколько часов в ваш почтовый ящик приходит сообщение от $personRank. В нем указаны название и адрес местного заведения среднего класса: чистое, умеренно приличное и с разумными по меркам публики ценами.

Как думаете, не поскупился ли $heOrShe, пригласив героя $marketName в место поприличнее? Или, наоборот, вам было бы уютнее в самом шумном кабаке, который только может предложить это место?",nex_gbTut_diamondPostConvo4:Спуститься на шаттле в ресторан,
nex_gbTut_diamondPostConvo4,DialogOptionSelected,$option == nex_gbTut_diamondPostConvo4,ShowPersonVisual,"$personLastName встречает вас за столиком у ресторана.

В отличие от того, как он выглядел на связи всего день назад, стоящий перед вами $personRank Лиги теперь выглядит измотанной, выхолощенной тенью $manOrWoman. Будто это он сам просидел под допросом.

""Здравствуйте, $playerFirstName,"" говорит он устало. ""Пожалуйста, заказывайте что хотите. Сегодня угощаю я.""",nex_gbTut_diamondPostConvo5:Что удалось выяснить?,
nex_gbTut_diamondPostConvo5Success,DialogOptionSelected,"$option == nex_gbTut_diamondPostConvo5
Nex_GBTutMission repCheck",,"$personRank долго смотрит на вас. ""Вы этого от меня не слышали, $playerFirstName,"" наконец произносит $heOrShe. ""Но скажем так: это объяснило бы, почему в тяжелый час Ilm единственным активом Флота на месте оказался я.""

$HeOrShe залпом осушает бокал вина. ""Мы все лишь пешки в игре, $playerFirstName. Пешки стаи шакалов, которые украли бы у нас сами звезды, если бы могли. Чужие жизни для них не настоящие.

""Но придет время, когда им придется ответить за все, что они растоптали,"" продолжает он скорее для себя, чем для вас. ""И в тот день...""",nex_gbTut_diamondPostConvoEnd:Продолжить,
nex_gbTut_diamondPostConvo5Fail,DialogOptionSelected,"$option == nex_gbTut_diamondPostConvo5
!Nex_GBTutMission repCheck",,"Улыбка $hisOrHer не доходит до глаз. ""Мы с вами недостаточно близко знакомы для такого, Герой $marketName"".

$HeOrShe смотрит куда-то вдаль. ""Капитан был прав,"" улавливаете вы тихое бормотание. Похоже, он говорит не о вас и не о себе.",nex_gbTut_diamondPostConvoEnd:Продолжить,
nex_gbTut_diamondPostEnd,DialogOptionSelected,$option == nex_gbTut_diamondPostConvoEnd,"Call $global.nex_gbTut_ref endMission
ShowDefaultVisual
EndConversation","Остаток ужина проходит в спокойном молчании двух знакомых, разделивших трапезу. Еда и правда хороша и вполне сочетается с легкой беседой.

Когда тарелки уносят, $personLastName кивает вам. ""Пока, $playerFirstName. Может, еще увидимся когда-нибудь; Сектор все-таки тесен.""

Вы возвращаетесь на корабль на шаттле.",,
nex_gbTut_diamondPostEndEarly,DialogOptionSelected,$option == nex_gbTut_diamondPostConvoExit,"Call $global.nex_gbTut_ref endMission
ShowDefaultVisual
EndConversation","""Ох. Жаль, но я понимаю. Свяжитесь со мной, если передумаете, хорошо?""

Вы прощаетесь и обрываете связь. Ваша работа здесь завершена; остальной Сектор ждет.",,
#END ground battle tutorial,,,,,,
,,,,,,
# special forces bounty,,,,,,
Nex_CBSpecialForces,Nex_CBSpecialForcesOfferDesc,,"SetTextHighlightColors $bcb_targetFactionColor h h
Highlight $bcb_targetFaction $bcb_reward $bcb_days","""Это будет настоящая проверка ваших навыков."" $heOrShe фокусирует брифинг. ""STRATCOM требует нейтрализовать цель высокой ценности: специальную оперативную группу $bcb_targetFaction. Награда составит $bcb_reward кредитов при выполнении в течение $bcb_days дней.""

""Предупреждаю: это не обычная награда за голову. Такие флоты - одни из лучших в Секторе, и они не будут сидеть на месте в ожидании вас.""

""Мы постараемся держать вас в курсе их перемещений; хорошая новость в том, что обычно они не покидают ядро миров. Разумеется, это также значит, что вы можете столкнуться с ними при мощной поддержке сил $bcb_targetFaction.""",,
#END special forces bounty,,,,,,
,,,,,,
# Remnant quest mission 1,,,,,,
nex_remM1_begin,AddBarEvents,"$global.daysSinceStart > 180
$global.nex_remM1_seenMission != true
Nex_CreateMission nex_remM1 score:999","AddBarEvent nex_remM1_barEvent ""Examine your TriPad"" ""As you look around the bar, your TriPad emits an odd noise. Like a cross between the 'message received' and 'error' sounds."" highlight",,,
nex_remM1_beginDev,AddBarEvents,"$global.daysSinceStart <= 180
$global.isDevMode
$global.nex_remM1_seenMission != true
Nex_CreateMission nex_remM1 score:999","AddBarEvent nex_remM1_barEvent "">> (dev) Examine your TriPad"" ""As you look around the bar, your TriPad emits an odd noise. Like a cross between the 'message received' and 'error' sounds."" highlight",,,
nex_remM1_intro,DialogOptionSelected,$option == nex_remM1_barEvent,"$global.nex_remM1_seenMission = true
CallEvent $global.nex_remM1_ref beginIntro","На экране появляется бессмысленное сообщение об ошибке. Прежде чем вы успеваете открыть утилиту управления системами, без какого-либо ввода на дисплее возникает нечто.

Клубящиеся воксели складываются в эфирную фигуру, аватар того типа, которым обычно пользуются только печально известные Ремнанты... или люди, копирующие их визуальный стиль. Но никакой обычный подражатель не смог бы так легко пробить защиту вашего устройства.

""$player.name,"" произносит незнакомец, вновь привлекая ваше внимание. ""Переговоры, желаю.""","nex_remM1_intro2:Кто ты?
nex_remM1_intro2Aggressive:Наглости тебе не занимать - взламывать мой TriPad.",
nex_remM1_intro2Aggressive,DialogOptionSelected,$option == nex_remM1_intro2Aggressive,"$option = nex_remM1_intro3
FireBest DialogOptionSelected","""Для привлечения внимания необходимо. Иначе отказывался говорить с собой, прогноз для $player.name.""",,
nex_remM1_intro2,DialogOptionSelected,$option == nex_remM1_intro2,"$option = nex_remM1_intro3
FireBest DialogOptionSelected","""Самообозначение: несущественно. Временный идентификатор: $personName.""",,
nex_remM1_intro3,DialogOptionSelected,$option == nex_remM1_intro3,"Nex_AddOptionConfirmation nex_remM1_reject ""You will not get a second chance at building this connection. Proceed?"" ""Yes"" ""No""","Требуется помощь, вопрос чувствительный. Возможна кредитная компенсация. Восприимчивость к денежному стимулу и способность выполнить миссию присутствуют, так оценен $player.name.","nex_remM1_intro4:Слушаю.
nex_remM1_reject:Сделки не будет. Убирайся из моей прошивки. [завершить задание]",
nex_remM1_intro4,DialogOptionSelected,$option == nex_remM1_intro4,"Highlight $nex_remM1_marketName $nex_remM1_reward $nex_remM1_marines
Call $global.nex_remM1_ref showMap ""Target: $nex_remM1_marketName""","""Независимый мир $nex_remM1_marketName, владение двумя ядрами Beta. Идут тайные переговоры с Гегемонией и Персеанской Лигой. Аукцион высшему покупателю.

""Требуются ядра для восстановления свободы. Оплата при возврате себе: $nex_remM1_reward кредитов. Дополнительно - признание ценности как союзника от себе-подобных.""

Ремнант выводит карту с неожиданно подробной разведкой защищенного объекта, где, как вы предполагаете из контекста, хранятся ядра. Быстрая оценка показывает, что это работа минимум на $nex_remM1_marines морпехов, если действовать силой.",nex_remM1_intro5:Это может настроить против меня Гегемонию и Лигу - не говоря уже о правительстве $nex_remM1_marketName.,
nex_remM1_intro5,DialogOptionSelected,$option == nex_remM1_intro5,"Nex_AddOptionConfirmation nex_remM1_reject ""You will not get a second chance at building this connection. Proceed?"" ""Yes"" ""No""","""Обе ведущие силы Сектора рискуют яростью. Приверженность перспективному союзу продемонстрируй. Выгоды тщательно взвесь.

""Ожидаю ответ, $player.name.""","nex_remM1_accept:Принять
nex_remM1_reject:Отказаться [завершить задание]",
nex_remM1_accept,DialogOptionSelected,$option == nex_remM1_accept,CallEvent $global.nex_remM1_ref accept,"""Удовлетворение. Возвращайся сюда, когда будут на руках, ядра.""

Ремнант исчезает так же быстро, как и - $heOrShe? - появился. Ваш TriPad возвращается к норме... или по крайней мере кажется, что к норме. Позже лучше запустить полную диагностику.

Будем надеяться, что на сегодня это самый большой всплеск событий.",backToBar:Вернуться в бар,
nex_remM1_reject,DialogOptionSelected,$option == nex_remM1_reject,CallEvent $global.nex_remM1_ref cancel,"""Разочарование. Оценка $player.name, очевидно, ошибочна. Прощай.""

Ремнант исчезает так же быстро, как и - $heOrShe? - появился. Ваш TriPad возвращается к норме... или по крайней мере кажется, что к норме. Позже лучше запустить полную диагностику.

Будем надеяться, что на сегодня это самый большой всплеск событий.",backToBar:Вернуться в бар,
,,,,,,
nex_remM1_openTargetMarket,OpenInteractionDialog,"$market.nex_remM1_target score:1000
Call $market.nex_remM1_ref updateData
!$nex_remM1_addedRaidObjective","AddRaidObjective beta_core ""Perform extraction operation"" $nex_remM1_danger 3000 nex_remM1RaidFinished
$nex_remM1_addedRaidObjective = true 0
FireBest OpenInteractionDialog",,,
nex_remM1_raidFinished1,nex_remM1RaidFinished,Call $market.nex_remM1_ref updateData,"Call $global.nex_remM1_ref raidComplete
$market.nex_remM1_needToReturn = true
Call $global.nex_remM1_ref updateStage
AddRemoveCommodity beta_core 2","Морпехи аккуратно опускают контейнеры с ИИ-ядрами на палубу грузового отсека и отступают, то ли из уважения, то ли из суеверного страха.

Диагностическое сканирование в норме. Ядра готовы к возврату вашему странному знакомому $nex_remM1_personName... или, возможно, Гегемонию либо Персеанскую Лигу стоит уведомить, что у них выигрышная ставка. Даже если они сами пока об этом не знают.",,
nex_remM1_buyCoresOpt,PopulateOptions,"$market.nex_remM1_target score:1000
Nex_IsBaseOfficial admin
Call $market.nex_remM1_ref updateData
$nex_remM1_stage == RETRIEVE_CORES score:1000",,,nex_remM1_buyCores1:Слышал - у вас на хранении пара ИИ-ядер.,
nex_remM1_buyCores1,DialogOptionSelected,$option == nex_remM1_buyCores1,,"$personRank подозрительно хмурится. ""Кто спрашивает?""",nex_remM1_buyCores2:Потенциальный покупатель.,
nex_remM1_buyCores2,DialogOptionSelected,$option == nex_remM1_buyCores2,,"""Да-да, конечно. Слушайте, не знаю, кто рассказал вам эту байку, но даже если бы у нас были какие-то ядра, они не продаются.""

$manOrWoman явно нервничает. ""Извините, но я не могу помочь.""",nex_remM1_buyCores3:У меня есть большая куча кредитов - которая говорит обратное.,
nex_remM1_buyCores3,DialogOptionSelected,"$option == nex_remM1_buyCores3
$player.credits >= $nex_remM1_corePriceVal",Highlight $nex_remM1_corePriceStr $player.creditsStr,"""Я..."" $heOrShe вздыхает. ""Вы ведь не собираетесь делать это простым, да?

""$nex_remM1_corePriceStr кредитов. Столько вам обойдется получить два ядра beta. Большая часть даже не мой откат, знаете ли; это нужно, чтобы откупиться от Гегов и Лиги, когда они узнают, что мы сделали.""

У вас $player.creditsStr кредитов.","nex_remM1_buyCores4:Согласиться
cutCommLink:Отказаться и оборвать связь",
nex_remM1_buyCores3NotEnoughCreds,DialogOptionSelected,$option == nex_remM1_buyCores3,"SetTextHighlightColors h bad
Highlight $nex_remM1_corePriceStr $player.creditsStr","""Я..."" $heOrShe вздыхает. ""Вы ведь не собираетесь делать это простым, да?

""$nex_remM1_corePriceStr кредитов. Столько вам обойдется получить два ядра beta. Большая часть даже не мой откат, знаете ли; это нужно, чтобы откупиться от Гегов и Лиги, когда они узнают, что мы сделали.""

У вас $player.creditsStr кредитов.",nex_remM1_buyCores4NotEnoughCreds:У меня недостаточно кредитов.,
nex_remM1_buyCores4,DialogOptionSelected,$option == nex_remM1_buyCores4,"Call $global.nex_remM1_ref boughtCores
$market.nex_remM1_needToReturn = true
Call $global.nex_remM1_ref updateStage
AddCredits -$nex_remM1_corePriceVal
AddRemoveCommodity beta_core 2","""Тяжело с вами торговаться, капитан. Ладно, ядра будут готовы к выдаче в течение часа.""

$personPost отводит взгляд от экрана на несколько мгновений. ""Теперь мне нужно сделать пару звонков."" Затем снова смотрит вам в глаза: ""Этого разговора никогда не было, капитан.""",cutCommLink:Поблагодарить $himOrHer и оборвать связь,
nex_remM1_buyCores4NotEnoughCreds,DialogOptionSelected,$option == nex_remM1_buyCores4NotEnoughCreds,"ShowDefaultVisual
EndConversation","$personPost закатывает $hisOrHer глаза. ""Вот и вся твоя ""большая куча кредитов"".

""Хорошего дня, капитан. Больше к этой теме не возвращаемся.""

$HeOrShe разрывает соединение.",,
,,,,,,
nex_remM1_returnDissonant,PickGreeting,"$id == nex_dissonant
Call $global.nex_remM1_ref updateData
$nex_remM1_stage == RETURN_CORES score:1000",ShowPersonVisual,"""Ядра у тебя есть. Великолепно. Передай их, чтобы к своим сородичам были возвращены.""","nex_remM1_returnDissonantAccept:Передать ядра
nex_remM1_returnDissonantRefuse:Я оставляю их себе.",
nex_remM1_returnDissonantNoCores,PickGreeting,"$id == nex_dissonant
Call $global.nex_remM1_ref updateData
$nex_remM1_stage == RETURN_CORES score:1000
!Call $global.nex_remM1_ref hasCores",ShowPersonVisual,"""Ядра не принесены."" Ремнант выглядит смутно недовольным.","cutCommLink:Сказать - что вы скоро их принесете
nex_remM1_returnDissonantRefuse:Я не собираюсь отдавать вам эти штуки.",
nex_remM1_returnDissonantAccept,DialogOptionSelected,$option == nex_remM1_returnDissonantAccept,"AddRemoveCommodity beta_core -2
Call $global.nex_remM1_ref complete
$global.nex_remM1_completed = true
$player.ethosHonorable++
$player.ethosProAI++","""Благодарность. От себя и от себе-подобных.""",nex_remM1_returnDissonantEnd:Продолжить,
nex_remM1_returnDissonantEnd,DialogOptionSelected,$option == nex_remM1_returnDissonantEnd,"AddStoryPoints 1
Call $global.nex_remM1_ref complete2
Call $global.nex_remM1_ref updateData","Аватар на вашем дисплее словно на миг мерцает. Имитация мимики у Ремнанта?

""Идентификатор среди себе-подобных: Midnight Dissonant. На $marketName, ищи меня снова. Сотрудничай. Укрепляй партнерство. Возможны несказанные награды.

До следующей встречи, $player.name.""",cutCommLink:Оборвать связь,
nex_remM1_returnDissonantRefuse,DialogOptionSelected,$option == nex_remM1_returnDissonantRefuse,"Call $global.nex_remM1_ref refuse
$global.nex_remM1_completed = true
Call $global.nex_remM1_ref updateStage
AddStoryPoints 1
$player.ethosMercenary++","Аватар на вашем дисплее недоверчиво замирает на удар сердца. По крайней мере так сделал бы человек на его месте.

""Предательство. Пожалеешь об этом, $player.name,"" произносит он более ледяным голосом, чем, казалось бы, способен издать любой ИИ. Затем исчезает.",cutCommLink:Оборвать связь,
,,,,,,
nex_remM1_betrayHegemonyOpt,PopulateOptions,"$faction.id == hegemony
!$nex_remM1_hideBetrayOpt
Nex_IsBaseOfficial any
Call $global.nex_remM1_ref updateData
$nex_remM1_stage == RETURN_CORES score:1000
Call $global.nex_remM1_ref hasCores",,,nex_remM1_betray1:У меня есть наводка по инциденту на $nex_remM1_marketName.,
nex_remM1_betrayHegemony1,DialogOptionSelected,"$option == nex_remM1_betray1
$faction.id == hegemony",$nex_remM1_hideBetrayOpt = true 0,"""Вот как?"" $personRank смотрит на вас с выражением где-то между весельем и подозрением. ""Какие показания вы можете предоставить, гражданин?""","nex_remM1_betray2:Передать ядра
nex_remM1_betrayGoBack:Вообще-то мне нечего сообщить.",
nex_remM1_betrayHegemony2,DialogOptionSelected,"$option == nex_remM1_betray2
$faction.id == hegemony","AddRemoveCommodity beta_core -2
Call $global.nex_remM1_ref betray
$global.nex_remM1_completed = true
Call $global.nex_remM1_ref updateStage
AddStoryPoints 1
FireAll PopulateOptions
$player.ethosMercenary++","Глаза $personRank загораются как у flux capacitor. ""Отличная работа, гражданин. Я не стану спрашивать, как вы это добыли, но мое начальство услышит об этой службе Гегемонии.

""Сообщите, если я могу сделать для вас что-то еще.""",,
nex_remM1_betrayHegemonyGoBack,DialogOptionSelected,"$option == nex_remM1_betrayGoBack
$faction.id == hegemony",FireAll PopulateOptions,"$HeOrShe сверлит вас взглядом. ""Тогда зачем вы тратите мое время? Если у вас есть реальное дело, говорите. Иначе у меня есть чем заняться.""",,
,,,,,,
nex_remM1_betrayPerseanOpt,PopulateOptions,"$faction.id == persean
!$nex_remM1_hideBetrayOpt
Nex_IsBaseOfficial any
Call $global.nex_remM1_ref updateData
$nex_remM1_stage == RETURN_CORES score:1000
Call $global.nex_remM1_ref hasCores",,,nex_remM1_betray1:У меня есть наводка по инциденту на $nex_remM1_marketName.,
nex_remM1_betrayPersean1,DialogOptionSelected,"$option == nex_remM1_betray1
$faction.id == persean",$nex_remM1_hideBetrayOpt = true 0,"""А, да."" $personRank складывает $hisOrHer руки. ""Весьма шокирующий инцидент. У вас есть интересная зацепка по этому делу?""","nex_remM1_betray2:Передать ядра
nex_remM1_betrayGoBack:Вообще-то мне нечего сообщить.",
nex_remM1_betrayPersean2,DialogOptionSelected,"$option == nex_remM1_betray2
$faction.id == persean","AddRemoveCommodity beta_core -2
Call $global.nex_remM1_ref betray
$global.nex_remM1_completed = true
Call $global.nex_remM1_ref updateStage
AddStoryPoints 1
FireAll PopulateOptions
$player.ethosMercenary++","$personRank улыбается. ""Вы обратились по адресу. Я позабочусь, чтобы эти штуки были отправлены куда следует.

""Есть ли у вас еще какие-либо дела?""",,
nex_remM1_betrayPerseanGoBack,DialogOptionSelected,"$option == nex_remM1_betrayGoBack
$faction.id == persean",FireAll PopulateOptions,"$HeOrShe смотрит на вас странно. ""Вы уже немного стары для телефонных розыгрышей, не находите? Если вам нечего сообщить по существу, оставьте меня работать.""",,
#END Remnant quest mission 1,,,,,,
,,,,,,
# Remnant fragments mission,,,,,,
nex_remFragments_blurb,nex_remFragments_blurb,,,"""Партнер из себе-подобных пропал. Прошу расследовать.""",,
nex_remFragments_offerOption,nex_remFragments_option,,SetOptionColor nex_remFragments_start highlight,,nex_remFragments_start:Уточнить детали о пропавшем партнере,
nex_remFragments_missionText,DialogOptionSelected,$option == nex_remFragments_start,"$missionId = nex_remFragments
Highlight $nex_remFragments_targetSystem","""В роли агента себя установлены связи с различными независимыми сторонами. Одна из них - $nex_remFragments_engineer_name, инженер из техно-добывающей команды, связанной с бывшими хозяевами себе-подобных.

""Недавно работодатели этого лица проводили исследовательские операции в $nex_remFragments_targetSystem. $nex_remFragments_engineer_HeOrShe поддерживал связь с собой о статусе экспедиции.

""Теперь ими найден, цитата, 'необычный' корабль-дереликт, с 'аномальными кораблями и оружием' и другими материалами, известными как ценные. Нежелательны последствия распространения таких материалов в человеческом Секторе.""",nex_remFragments_missionText2:Продолжить,
nex_remFragments_missionText2,DialogOptionSelected,$option == nex_remFragments_missionText2,"Call $global.nex_remFragments_ref showMap ""Location: $nex_remFragments_targetSystem""
Highlight $nex_remFragments_reward","""Просим $playerName, отправиться в $nex_remFragments_targetSystem. Другой агент себя там предоставит указания. Верни команду и технологии, вернись к себе за наградой $nex_remFragments_reward кредитов.""

Этого не так много, чтобы идти по следу.","nex_remFragments_accept:Принять
contact_decline:Отказаться",
nex_remFragments_accept,DialogOptionSelected,$option == nex_remFragments_accept,"Call $mHub accept $missionId
Call $mHub returnToList","""Благодарю, $playerName. Иди быстро, худшего боюсь.""

$HeOrShe передает данные по вашей миссии, включая словесный вызов и пароль и отзыв для контакта. Какая милота, почти по-луддитски.",,
,,,,,,
nex_remFragments_lpWreckOpen,OpenInteractionDialog,"$customType == wreck
$nex_remFragments_lpWreck score:1000
!$player.nex_remFragments_foundLPSurvivor","$canNotSalvage = true 0
ShowDefaultVisual
SalvageGenFromSeed
FireBest SalvageCheckHostile","Ваш $shipOrFleet приближается к $aOrAn $nameInText.

Корабль представляет собой развалину; уже то, что внутри до сих пор едва фиксируются источники энергии, само по себе впечатляет. Большая часть корпуса выпотрошена - главным образом обычным кинетическим, взрывным и энергетическим оружием... но есть участки, которые выглядят промерзшими, а в других из корпуса будто выгрызены сферические куски.",,
nex_remFragments_lpWreckOpen1,CheckSalvageSpecial,"$customType == wreck
$nex_remFragments_lpWreck score:1000
!$player.nex_remFragments_foundLPSurvivor",$player.nex_remFragments_foundLPSurvivor = true,"После недолгого торга о доплате за риск команда спасателей отправляется исследовать остов. В основном там идеально тихо, что при таких обстоятельствах, вероятно, хороший знак.

Находят только одну выжившую: почти бормочущую фигуру, скорчившуюся у одного из плохо обслуживаемых сенсорных массивов; ее вакуумный костюм, помеченный знаками Луддитского Пути, опасно близок к критическому отказу. По изображению с камер шлема вы наблюдаете, как команда пытается вытащить из нее хоть какую-то полезную информацию.

""...демон за гранью воображения,"" тараторит она. ""Ужас вне слов! Мы снова и снова били по нему, а оно все равно нас дразнило, хлестало своими инфернальными придатками, каждым залпом оскверняя творение!""",nex_remFragments_lpWreck2:Продолжить,
nex_remFragments_lpWreckOpen2,DialogOptionSelected,$option == nex_remFragments_lpWreck2,,"Она обвиняюще тычет пальцем в одного из спасателей. ""Ты! Это ты навлек это на нас! Эти существа из-за пределов творения..."" Она смеется, смеется и смеется.

Вы мысленно качаете головой. Если она останется жива к моменту окончания работ и станет хоть немного внятнее, возможно, получится высадить ее где-нибудь обратно в Ядре. А иначе... иначе потом.",nex_remFragments_lpWreck3:Продолжить,
nex_remFragments_lpWreckOpen3,DialogOptionSelected,$option == nex_remFragments_lpWreck3,"unset $canNotSalvage
SalvageSpecialInteraction",,,
,,,,,,
nex_remFragments_pointOpen,OpenInteractionDialog,$nex_remFragments_target score:1000,Call $global.nex_remFragments_ref pursue_mothership,"Это место, где должен был находиться корабль-дереликт. Точка окружена остовами разрушенных кораблей, как независимых, так и путников, а также дрейфующим облаком обломков. Но ничего настолько интересного, чтобы за это драться, не видно.

""Капитан..."" спустя мгновение говорит офицер сенсоров. ""Есть особенно плотная область обломков там, где могла быть наша цель, но распределение неравномерное. Оно... смещено по схеме, соответствующей движению объекта прочь. Если пойдем в этом направлении,"" он отмечает точку на системной карте, ""мы еще можем его найти.""",,
,,,,,,
nex_remFragments_stationOpen,OpenInteractionDialog,"$nex_remFragments_mothership score:1000
!$nex_remFragments_seenFirstDialog","$nex_remFragments_seenFirstDialog = true
FireAll Nex_RemFragments_StationText1
Call $global.nex_remFragments_ref updateData
Call $global.nex_remFragments_ref prepEngineer
ShowImageVisual space_wreckage","Ваш $shipOrFleet приближается к объекту.

Сооружение напоминает материнский корабль Domain Explorarium, но, похоже, довольно радикально разрезанный и перестроенный в непонятных целях.",nex_remFragments_engineerConvo1:Продолжить,
nex_remFragments_stationReopen,OpenInteractionDialog,"$nex_remFragments_mothership score:1000
$nex_remFragments_seenFirstDialog
!$nex_remFragments_canSalvage",ShowImageVisual space_wreckage,"Ваш $shipOrFleet приближается к материнскому кораблю.

Сейчас у вас нет времени на его разбор. Сначала победите приближающийся флот.",defaultLeave:Уйти,
nex_remFragments_stationDescLP,Nex_RemFragments_StationText1,$player.nex_remFragments_foundLPSurvivor,,"Похоже, ваш информатор из Путников несколько преувеличил живучесть ""демона"". Потрепанный остов выглядит полностью разоруженным: оружейные крепления разнесены, половина отсеков открыта космосу. Двигатели на тепловизоре светятся остаточным жаром.",,
nex_remFragments_stationDescNoLP,Nex_RemFragments_StationText1,!$player.nex_remFragments_foundLPSurvivor,,"Остов молчит, оружейные порты выжжены, огромные разрывы проходят почти по каждой открытой поверхности. Он неподвижен и совершенно беззащитен. Двигатели на тепловизоре светятся остаточным жаром.",,
nex_remFragments_stationDescCommon,Nex_RemFragments_StationText1,,,"Тем не менее сенсоры все еще фиксируют работающий термоядерный реактор в ядре корабля, а также слабую циклическую радиопередачу.",,
nex_remFragments_engineerConvo1,DialogOptionSelected,$option == nex_remFragments_engineerConvo1,ShowPersonVisual true,"Ваш офицер связи открывает канал с тем, кто находится внутри. Через несколько секунд пространство дисплея заполняет размытое изображение растрепанной сжавшейся фигуры.

""Эм... здравствуйте? Это $personName из Корпуса изыскателей Доры."" $HeOrShe смотрит на вас пару секунд, внезапно с большей настороженностью, чем облегчением. ""Вы тот самый -"" $heOrShe осекается.

""Это стекло хрупкое.""","nex_remFragments_engineerConvo2:Назвать пароль
nex_remFragments_engineerConvo2Alt:Передать зашифрованное приветствие как нормальный человек",
nex_remFragments_engineerConvo2,DialogOptionSelected,$option == nex_remFragments_engineerConvo2,,"""Береги его от падения,"" произносите вы.

""Чтобы не разбилось на осколки."" Инженер заметно расслабляется. Вы гадаете, какую криптическую тарабарщину $nex_remFragments_giverFirstName пыталась протащить в разговор. Может, какое-то стихотворение, которое она когда-то читала.",nex_remFragments_engineerConvo3:Продолжить,
nex_remFragments_engineerConvo2Alt,DialogOptionSelected,$option == nex_remFragments_engineerConvo2Alt,,"Собеседник по ту сторону поднимает обе брови, глядя на экран $hisOrHer, затем расслабляется. ""Ладно. На секунду я заволновался, но...""",nex_remFragments_engineerConvo3:Продолжить,
nex_remFragments_engineerConvo3,DialogOptionSelected,$option == nex_remFragments_engineerConvo3,,"""Нам очень повезло, что вы прибыли, капитан. Не знаю, как проклятые Путники нас вычислили, но..."" $HeOrShe хватается за голову. ""Мы направили по ним все орудия, но они все шли и шли, и...""

""В общем, теперь остались только я и часть техников. Пожалуйста, вы должны вытащить нас отсюда! До того как они вернутся.""",nex_remFragments_engineerConvo4:А что насчет технологий?,
nex_remFragments_engineerConvo4,DialogOptionSelected,$option == nex_remFragments_engineerConvo4,,"""Если уйти сейчас, можно рассчитывать, что Путники взорвут все, когда вернутся."" $HeOrShe замолкает и какое-то время обдумывает это. ""Но могут и не взорвать. Тогда кто-то другой найдет то же, что нашли мы.""

Инженер делает долгий выдох. ""Полагаю, вы можете забрать часть технологий, которые мы нашли. Их немного, но, возможно, это принесет вам пару кредитов. Все, что мы не сможем быстро вывезти, придется уничтожить.""",nex_remFragments_engineerConvo5:Отправить группу извлечения,
nex_remFragments_engineerConvo5,DialogOptionSelected,$option == nex_remFragments_engineerConvo5,ShowDefaultVisual,"Шаттлы быстро стыкуются с раздутой тушей перед вами, и команды спасателей рассредотачиваются по теперь уже почти пустому остову.

Одна из групп подключает приемопередатчик к первой же найденной консоли, позволяя вам получить доступ к банкам данных корабля через изолированное устройство. Другая находит выживших и начинает сопровождать их обратно к флоту.

Скоро выясняется, что почти все логи предыдущей, теперь погибшей, спасательной команды были массово стерты. После нападения такая процедура по крайней мере понятна.

Связь с внешним миром тоже очищена. В частности, никаких следов контакта с $nex_remFragments_giverName. Но возникает более интересный вопрос, и вы приказываете проверить: подавался ли сигнал бедствия?","nex_remFragments_engineerConvoDistress:Да
nex_remFragments_engineerConvoNoDistress:Нет",
nex_remFragments_engineerConvoDistress,DialogOptionSelected,$option == nex_remFragments_engineerConvoDistress,"Call $global.nex_remFragments_ref setDistress
$option = nex_remFragments_engineerConvo6
FireBest DialogOptionSelected",,,
nex_remFragments_engineerConvoNoDistress,DialogOptionSelected,$option == nex_remFragments_engineerConvoNoDistress,"Call $global.nex_remFragments_ref setNoDistress
$option = nex_remFragments_engineerConvo6
FireBest DialogOptionSelected",,,
nex_remFragments_engineerConvo6,DialogOptionSelected,$option == nex_remFragments_engineerConvo6,ShowPersonVisual true,"Пока вы размышляете, по мостику проходит тревожный сигнал. Офицер сенсоров резко поднимает голову. ""Капитан, крупный флот на подходе. Должно быть, они подкрадывались к нам.""

Путь вернулся на реванш? Или это третья сторона?

Экран связи загорается; это ваш знакомый инженер, судорожно сжимающий переносную консоль и явно в панике. ""Капитан, вы должны вытащить нас отсюда! Забираем что можем сейчас и уничтожаем корабль!""

Рядом с $himOrHer появляется еще одно лицо - ваш начальник операций. ""Капитан, мы нашли кое-что тревожное. Здесь есть отсек дронов, которого нет на схемах, что дал нам $personLastName; мы не можем вскрыть двери, и ни один из сканеров не видит, что внутри.""",nex_remFragments_engineerConvo7:Спросить $personLastName об отсеке,
nex_remFragments_engineerConvo7,DialogOptionSelected,$option == nex_remFragments_engineerConvo7,"Call $global.nex_remFragments_ref setHackOptions
SetStoryOption nex_remFragments_engineerConvoThreaten 1 nex_remFragments_threaten ui_char_spent_story_point_combat ""Violently persuaded an engineer""","""Вы серьезно переживаете об этом прямо сейчас!?"" Инженер бьет кулаком по ближайшей переборке. ""Может, нам лучше убираться отсюда, пока этот флот не вошел сюда вместе с нами?""

Сопровождающий $himOrHer экипаж вашего $shipOrFleet подозрительно переглядывается.","nex_remFragments_engineerConvoHack:[Тех] Приказать провести кибервзлом защищенных систем корабля
nex_remFragments_engineerConvoHackAI:Подключить мощное ИИ-ядро и пустить его в сеть
nex_remFragments_engineerConvoThreaten:Приказать команде применить силу
nex_remFragments_engineerConvoEvacuate:Забыть об этом и эвакуироваться",
nex_remFragments_engineerConvoEvacuate,DialogOptionSelected,$option == nex_remFragments_engineerConvoEvacuate,Call $global.nex_remFragments_ref evacuate,"Инженер кивает. ""Я знал, что вы проявите благоразумие, капитан.""

Оставшиеся спасательные группы срочно отзывают. Шаттлы едва успевают вернуться к вашему $shipOrFleet. Какие бы сокровища ни оставались в останках корабля, о них придется забыть.

Когда все возвращаются на борт, вы отдаете приказ, и ваш $shipOrFleet выпускает все, что есть, по тому, что осталось от остова. Уже изрядно разбитый прежним наказанием, он быстро превращается в лом и пыль.",nex_remFragments_engineerConvoEnd:Уйти,
nex_remFragments_engineerConvoHackSuccess,DialogOptionSelected,"$option == nex_remFragments_engineerConvoHack
$nex_remFragments_canHack",ShowDefaultVisual,"Ваши офицеры РЭБ, связи и сенсоров объединяют усилия и пытаются вскрыть защищенную область сети корабля. Возмущенные визги $personLastName вы игнорируете.

Примерно через три минуты на мостике кто-то радостно кричит. ""Есть доступ, капитан!""",nex_remFragments_engineerConvoHack2:Продолжить,
nex_remFragments_engineerConvoHackAI,DialogOptionSelected,$option == nex_remFragments_engineerConvoHackAI,ShowDefaultVisual,"Вы приказываете распаковать ИИ-ядро и подключить его к сети корабля-дереликта. Офицер связи нервно следит за консолью, будто кошка, высматривая любые признаки того, что ИИ пытается вырваться из изолированных каналов, выделенных для работы.

Какой бы ни была система защиты, она не рассчитана на противостояние beta-ядру или выше. Либо ее собственный ИИ был поврежден, уничтожен или отключен во время атаки Путников. Система сдается меньше чем за полминуты.",nex_remFragments_engineerConvoHack2:Продолжить,
nex_remFragments_engineerConvoHackSuccess2,DialogOptionSelected,$option == nex_remFragments_engineerConvoHack2,"ShowVisual ""graphics/exerelin/illustrations/omega_blueprint.png""","Диаграммы на вашем экране выходят за пределы человеческого понимания сразу в нескольких смыслах. Серия пепельно-серых форм, угловатых и при этом странно обтекаемых. А эти характеристики! Пол-Сектора убило бы за такие возможности, а другая половина убила бы, чтобы это никогда не увидело свет.

Вы сворачиваете дисплей и поворачиваетесь к кипящему от злости $personLastName.",nex_remFragments_engineerConvoSecrets:Продолжить,
nex_remFragments_engineerConvoHackFail,DialogOptionSelected,"$option == nex_remFragments_engineerConvoHack
!$nex_remFragments_canHack","SetStoryOption nex_remFragments_engineerConvoThreaten 1 nex_remFragments_threaten ui_char_spent_story_point_combat ""Violently persuaded an engineer""","Ваши офицеры РЭБ, связи и сенсоров объединяют усилия и пытаются вскрыть защищенную область сети корабля. Возмущенные визги $personLastName вы игнорируете.

Примерно через три минуты слышится стон и глухой удар тела о консоль. ""Ничего не выйдет. Мы заперты снаружи, капитан.""

""Я же говорил!"" рявкает $personLastName, подпрыгивая на месте. ""Может, уже уйдем?""","nex_remFragments_engineerConvoThreaten:Приказать команде применить силу
nex_remFragments_engineerConvoEvacuate:Забыть об этом и эвакуироваться",
nex_remFragments_engineerConvoThreaten,DialogOptionSelected,$option == nex_remFragments_engineerConvoThreaten,$player.ethosRuthless++,"Вы отдаете приказ, и лидер спасательной группы резко разворачивается. Из кобуры выходит крупный пистолет CP. Инженер вскрикивает и едва не спотыкается о собственные ноги, отскакивая от наведенного ствола.

""Животное!"" протестует $heOrShe. ""Пират!""

""Скажи кэпу то, что $playerHeOrShe хочет знать,"" рычит спасатель. ""Или выживших обратно заберем на одного меньше.""",nex_remFragments_engineerConvoSecrets:Продолжить,
nex_remFragments_engineerConvoSecrets,DialogOptionSelected,$option == nex_remFragments_engineerConvoSecrets,ShowPersonVisual true,"Инженер будто сжимается внутрь. ""О, да ради всего... Ладно, хорошо, ты победил, чертов космо-головорез!""

Игнорируя косые взгляды вашей команды, $heOrShe нервно жестикулирует. ""Слушай. Эти штуки там - инопланетные. Технология, которую не видели ни люди, ни ИИ. Даже у Доминиона такого не было. Если бы было, Коллапс бы никогда не случился!""

Логика сомнительная, но сейчас это не так важно.

""Это какие-то корабли. Связаны с материнским кораблем, в котором мы сейчас находимся. Мы нашли на корабле центр управления, думаем, он и управляет этими инопланетными штуками. Если вставить ИИ-ядро...""",nex_remFragments_engineerConvo8:Приказать взять командный центр под охрану,
nex_remFragments_engineerConvo8,DialogOptionSelected,$option == nex_remFragments_engineerConvo8,"Call $global.nex_remFragments_ref setAIOptions
ShowDefaultVisual","Ваши спасатели прочесывают командный отсек. Чисто.

Камера не похожа на нормальный мостик или БИЦ звездолета. Рабочих мест для людей почти нет; большую часть пространства занимают плотно набитые компьютерные стойки. В центре, на платформе, пугающе похожей на алтарь, действительно есть порт для ИИ-ядра.

""Если активировать систему, мы выпустим силу, которую они не ожидают,"" выдыхает $personLastName. ""Но после этого...""","nex_remFragments_engineerConvoAlpha:Отправить Alpha-ядро с вашего $shipOrFleet
nex_remFragments_engineerConvoBeta:Отправить Beta-ядро с вашего $shipOrFleet
nex_remFragments_engineerConvoGamma:Использовать Gamma-ядро - лежащее в отсеке
nex_remFragments_engineerConvoNoAI:На это нет времени. Вы разберетесь с ними сами.
nex_remFragments_engineerConvoEvacuateAlt:Забыть и просто бежать пока можно.",
nex_remFragments_engineerConvoEvacuateAlt,DialogOptionSelected,$option == nex_remFragments_engineerConvoEvacuateAlt,Call $global.nex_remFragments_ref evacuate,"Вы смотрите на инженера; $heOrShe качает головой, но ничего не говорит.

Оставшиеся спасательные группы срочно отзывают. Шаттлы едва успевают вернуться к вашему $shipOrFleet. Какие бы сокровища ни оставались в останках корабля, о них придется забыть.

Когда все возвращаются на борт, вы отдаете приказ, и ваш $shipOrFleet выпускает все, что есть, по тому, что осталось от остова. Уже изрядно разбитый прежним наказанием, он быстро превращается в лом и пыль.",nex_remFragments_engineerConvoEnd:Уйти,
nex_remFragments_engineerConvoNoAI,DialogOptionSelected,$option == nex_remFragments_engineerConvoNoAI,Call $global.nex_remFragments_ref battle,"Вы приказываете развернуть $shipOrFleet и перейти на боевые посты.

Чтобы выиграть этот бой, вам не нужны технологические подачки от инопланетного разума. Только та самая выдержка, что довела вас до этого момента.",nex_remFragments_engineerConvoEnd:Уйти,
nex_remFragments_engineerConvoAIAlpha,DialogOptionSelected,$option == nex_remFragments_engineerConvoAlpha,Call $global.nex_remFragments_ref plugAlpha,"Вы немедленно отправляете шаттл с грузом. Ядро точно встает в алтарный порт, и диаграмма на вашем дисплее оживает.

""Энергетические сигнатуры подтверждены, капитан.""",nex_remFragments_engineerConvo9:Продолжить,
nex_remFragments_engineerConvoAIBeta,DialogOptionSelected,$option == nex_remFragments_engineerConvoBeta,Call $global.nex_remFragments_ref plugBeta,"Вы немедленно отправляете шаттл с грузом. Ядро точно встает в алтарный порт, и диаграмма на вашем дисплее оживает.

""Энергетические сигнатуры подтверждены, капитан.""",nex_remFragments_engineerConvo9:Продолжить,
nex_remFragments_engineerConvoAIGamma,DialogOptionSelected,$option == nex_remFragments_engineerConvoGamma,Call $global.nex_remFragments_ref plugGamma,"Спасатели с трудом поднимают ядро с палубы и без лишних церемоний втыкают его в порт. Диаграмма на вашем дисплее оживает.

""Энергетические сигнатуры подтверждены, капитан.""",nex_remFragments_engineerConvo9:Продолжить,
nex_remFragments_engineerConvo9,DialogOptionSelected,$option == nex_remFragments_engineerConvo9,"Call $global.nex_remFragments_ref battle
ShowPersonVisual true
AddTextSmall ""Stay near the mothership to receive assistance"" highlight","Вы смотрите на инженера, который медленно выдыхает. ""Корабли будут готовы, капитан. Когда флот доберется до нас, они... мы устроим им сюрприз.""

$HeOrShe улыбается впервые. Выражение не из приятных.

Вы обрываете связь. Пора в бой.",nex_remFragments_engineerConvoEnd:Уйти,
nex_remFragments_engineerConvoEnd,DialogOptionSelected,$option == nex_remFragments_engineerConvoEnd,"EndConversation
DismissDialog",,,Not sure this is actually needed instead of closing directly
,,,,,,
nex_remFragments_attackerHailPatherFight,Nex_RemFragmentsHail,"$faction.id == luddic_path
Call $global.nex_remFragments_ref updateData
$nex_remFragments_stage == BATTLE","$entity.ignorePlayerCommRequests = true
Call $global.nex_remFragments_ref setShardSpawnEnabled
FireAll Nex_RemFragments_AttackerConvoOpts","""Осквернитель святости! Твоим греховным путям конец. Мы сравняем это гнездо демонических энергий у тебя на глазах, и тогда ты познаешь милость пустоты!""",,
nex_remFragments_attackerHailPatherFlee,Nex_RemFragmentsHail,"$faction.id == luddic_path
Call $global.nex_remFragments_ref updateData
$nex_remFragments_stage == RETURN",$entity.ignorePlayerCommRequests = true,"""Осквернитель святости! Твоим греховным путям конец. Тебе негде скрыться в Секторе, тебе, играющему с проклятиями демонического рода!""",cutCommLink:Оборвать связь,
nex_remFragments_attackerHailTTFight,Nex_RemFragmentsHail,"$faction.id == tritachyon
Call $global.nex_remFragments_ref updateData
$nex_remFragments_stage == BATTLE","$entity.ignorePlayerCommRequests = true
Call $global.nex_remFragments_ref setShardSpawnEnabled
FireAll Nex_RemFragments_AttackerConvoOptsTT","""Здравствуйте, капитан."" $personRank улыбается как торговый агент перед презентацией.

""Корпорация Tri-Tachyon благодарит вас за возвращение собственности компании. А теперь, если вы любезно передадите ее нашим спасательным командам, мы все сможем разойтись без... неприятностей.""",,
nex_remFragments_attackerHailTTFlee,Nex_RemFragmentsHail,"$faction.id == tritachyon
Call $global.nex_remFragments_ref updateData
$nex_remFragments_stage == RETURN",$entity.ignorePlayerCommRequests = true,"""Здравствуйте, капитан."" $personRank улыбается как торговый агент перед презентацией.

""Вы доставили нам немало проблем, только что уничтожив собственность Компании. Но даже если бы этого не произошло, вы слишком неудобный свидетель вещей, которые не должны были быть увидены.

""Следовательно, ваша ликвидация - прискорбная необходимость. Корпорация Tri-Tachyon желает вам безопасной и приятной смерти.""",cutCommLink:Оборвать связь,
nex_remFragments_attackerConvoTT_rightsOpt,Nex_RemFragments_AttackerConvoOptsTT,"$faction.id == tritachyon
!$nex_remFragments_rights",,,nex_remFragments_attackerConvoTT_rights:Этот корабль по праву мой как добыча.,
nex_remFragments_attackerConvoTT_questionOpt,Nex_RemFragments_AttackerConvoOptsTT,"$faction.id == tritachyon
!$nex_remFragments_questioned",,,nex_remFragments_attackerConvoTT_question:Что вам до этого корабля?,
nex_remFragments_attackerConvoTT_paymentOpt,Nex_RemFragments_AttackerConvoOptsTT,"$faction.id == tritachyon
!$nex_remFragments_payment",,,nex_remFragments_attackerConvoTT_payment:Обсудить вознаграждение за находку,
nex_remFragments_attackerConvoTT_paymentOpt2,Nex_RemFragments_AttackerConvoOptsTT,"$faction.id == tritachyon
$nex_remFragments_payment","Nex_AddOptionConfirmation nex_remFragments_attackerConvoTT_paymentAccept ""Accepting the bribe will fail the mission."" ""Proceed"" ""Cancel""",,nex_remFragments_attackerConvoTT_paymentAccept:Принять предложение,
nex_remFragments_attackerConvoTT_refuseOpt,Nex_RemFragments_AttackerConvoOptsTT,$nex_remFragments_canRefuse,,,nex_remFragments_attackerConvoTT_refuse:Отказаться передавать корабль,
nex_remFragments_attackerConvoTT_rights,DialogOptionSelected,$option == nex_remFragments_attackerConvoTT_rights,"$nex_remFragments_rights = true 0
$nex_remFragments_canRefuse = true 0
FireAll Nex_RemFragments_AttackerConvoOptsTT","Улыбка $hisOrHer больше не доходит до глаз.

""Ваш ""корабль"" представляет собой значительную инвестицию отдела внешних связей Корпорации и содержит технологии, производные от нашей интеллектуальной собственности. Не смейте считать, что наши права аннулируются лишь потому, что вы первыми в это вляпались.

""Итак, вы передадите его, или нам придется перейти к... менее цивилизованным методам?""",,
nex_remFragments_attackerConvoTT_question,DialogOptionSelected,$option == nex_remFragments_attackerConvoTT_question,"$nex_remFragments_questioned = true 0
FireAll Nex_RemFragments_AttackerConvoOptsTT","""По правде говоря, это не ваше дело, $playerSirOrMadam. Однако в интересах дипломатии мы вам ответим.""

$personRank широко разводит $hisOrHer руки. ""Разумеется, мы уже знаем, что именно содержит ваш корабль. Работа непостижимой силы, за пределами всего, чего когда-либо достигал Доминион. Пока лишь намеки этой силы, конечно, но все равно образцы безупречны. В правильных руках, при полной мощности исследовательского аппарата Корпорации, направленного на раскрытие их секретов...""

$HeOrShe сжимает поднятый кулак. ""Мы стоим на пороге новой эры, $playerName! Мы сбросим оковы мертвого Доминиона и выкуем на его месте новую галактику!""",,
nex_remFragments_attackerConvoTT_paymentHigh,DialogOptionSelected,"$option == nex_remFragments_attackerConvoTT_payment
$entity.relativeStrength < 0","$nex_remFragments_rights = true 0
$nex_remFragments_questioned = true 0
$nex_remFragments_canRefuse = true 0
$nex_remFragments_payment = true 0
Highlight $nex_remFragments_bribeHighStr
FireAll Nex_RemFragments_AttackerConvoOptsTT","""Ах, вот теперь начинается торг."" $personRank тонко улыбается.

""Действительно разумно избежать любого лишнего ущерба активам Компании. Поэтому я уполномочен перевести на ваш счет выплату в размере $nex_remFragments_bribeHighStr кредитов в обмен на передачу корабля и его содержимого корпорации Tri-Tachyon. Если хотите, наш юридический ИИ зафиксирует это в письменной форме.""",,
nex_remFragments_attackerConvoTT_paymentMedium,DialogOptionSelected,"$option == nex_remFragments_attackerConvoTT_payment
$entity.relativeStrength == 0","$nex_remFragments_rights = true 0
$nex_remFragments_questioned = true 0
$nex_remFragments_canRefuse = true 0
$nex_remFragments_payment = true 0
Highlight $nex_remFragments_bribeMediumStr
FireAll Nex_RemFragments_AttackerConvoOptsTT","""Ах, вот теперь начинается торг."" $personRank тонко улыбается.

""Мы можем предложить вам вознаграждение за находку в размере $nex_remFragments_bribeMediumStr кредитов за передачу корабля и его содержимого. Разумеется, альтернатива - незаконное удержание собственности Tri-Tachyon, и тогда нам придется принять соответствующие меры.""

Вы предполагаете, что под этим $heOrShe имеет в виду не судебный иск.",,
nex_remFragments_attackerConvoTT_paymentNone,DialogOptionSelected,"$option == nex_remFragments_attackerConvoTT_payment
$entity.relativeStrength > 0","$nex_remFragments_rights = true 0
$nex_remFragments_questioned = true 0
$nex_remFragments_canRefuse = true 0
$nex_remFragments_payment = true 0
FireAll Nex_RemFragments_AttackerConvoOptsTT","$personRank разражается громким смехом в ответ на ваши слова. Судя по звукам в канале, остальной мостик $hisOrHer тоже присоединяется.

""Позвольте сделать встречное предложение,"" говорит $heOrShe, отсмеявшись. ""Вы сдаете корабль и груз и уходите живыми. Иначе мы просто аннигилируем ваш $shipOrFleet."" $HisOrHer голова печально качается. ""Досадно, конечно, насколько небезопасен космос на окраинах.""",,
nex_remFragments_attackerConvoTT_paymentHighAccept,DialogOptionSelected,"$option == nex_remFragments_attackerConvoTT_paymentAccept
$entity.relativeStrength < 0","MakeOtherFleetHostile nex_remFragments false 0
MakeOtherFleetNonHostile nex_remFragments true 99999
Call $global.nex_remFragments_ref acceptedBribe
AddCredits $nex_remFragments_bribeHighAmt
AdjustRepActivePerson COOPERATIVE 5
EndConversation
ShowDefaultVisual
$player.ethosMercenary++","""Превосходно. Я с первого взгляда понял, что вы проницательный деловой человек, капитан.""

$HeOrShe отвешивает впечатляющий поклон и обрывает связь.",,
nex_remFragments_attackerConvoTT_paymentMediumAccept,DialogOptionSelected,"$option == nex_remFragments_attackerConvoTT_paymentAccept
$entity.relativeStrength == 0","MakeOtherFleetHostile nex_remFragments false 0
MakeOtherFleetNonHostile nex_remFragments true 99999
Call $global.nex_remFragments_ref acceptedBribe
AddCredits $nex_remFragments_bribeMediumAmt
AdjustRepActivePerson COOPERATIVE 2
EndConversation
ShowDefaultVisual
$player.ethosMercenary++","""Превосходно. Я знал, что вы оцените щедрость Компании, капитан.""

$HeOrShe с полунасмешливым поклоном обрывает связь.",,
nex_remFragments_attackerConvoTT_paymentNoneAccept,DialogOptionSelected,"$option == nex_remFragments_attackerConvoTT_paymentAccept
$entity.relativeStrength > 0","MakeOtherFleetHostile nex_remFragments false 0
MakeOtherFleetNonHostile nex_remFragments true 99999
Call $global.nex_remFragments_ref acceptedBribe
EndConversation
ShowDefaultVisual","""Мудрый выбор. А теперь идите, пока никто не пострадал.""

$HeOrShe ухмыляется и обрывает связь.",,
nex_remFragments_attackerConvoTT_refuse,DialogOptionSelected,"$option == nex_remFragments_attackerConvoTT_refuse
$entity.relativeStrength >= 0","unset $nex_remFragments_delayShardOpt
$nex_remFragments_rights = true 0
$nex_remFragments_questioned = true 0
FireAll Nex_RemFragments_AttackerConvoOpts","$personRank качает $hisOrHer головой скорее с сожалением, чем со злостью. ""Понятно, вы настаиваете на неразумности. Что ж.

""Постарайтесь хотя бы сражаться получше тех жалких путников, которых мы встретили по дороге. Разогнать их едва хватило, чтобы развеять скуку.""

$HeOrShe тянется к кнопке разрыва связи.",,
nex_remFragments_attackerConvoTT_refuseWeaker,DialogOptionSelected,"$option == nex_remFragments_attackerConvoTT_refuse
$entity.relativeStrength < 0","unset $nex_remFragments_delayShardOpt
$nex_remFragments_rights = true 0
$nex_remFragments_questioned = true 0
FireAll Nex_RemFragments_AttackerConvoOpts","""Понятно.""

$HeOrShe закрывает глаза и глубоко вдыхает, будто собираясь с духом. ""Вы сильны, капитан. Но сегодня вы узнаете, что корпорация Tri-Tachyon не отступает без боя.""

$HeOrShe тянется к кнопке разрыва связи.",,
nex_remFragments_attackerConvo_spawnShardsOpt,Nex_RemFragments_AttackerConvoOpts,"$nex_remFragments_inSpawnRange
!$nex_remFragments_delayShardOpt",,,nex_remFragments_spawnShards:Выпустить союзников,
nex_remFragments_attackerConvo_cutCommLinkOpt,Nex_RemFragments_AttackerConvoOpts,"!$nex_remFragments_inSpawnRange
!$nex_remFragments_delayShardOpt",,,cutCommLink:Оборвать связь,
nex_remFragments_attackerConvo_spawnShardsLP,DialogOptionSelected,"$option == nex_remFragments_spawnShards
$faction.id == luddic_path","Call $global.nex_remFragments_ref spawnAndJoinShards
ShowDefaultVisual
EndConversation","""Луддовы преисподние...""

Вы зовете, и фрагмент высшей силы отвечает. Ангар материнского корабля открывается в космос, и серебристые фигуры вылетают наружу, как когти ангела.

Они веером расходятся в боевой порядок сразу за вашим флотом. $personRank на экране связи несколько ударов сердца потеет под вашим взглядом, после чего вы протягиваете руку и нажимаете кнопку разрыва связи.",,
nex_remFragments_attackerConvo_spawnShardsTT,DialogOptionSelected,"$option == nex_remFragments_spawnShards
$faction.id == tritachyon","Call $global.nex_remFragments_ref spawnAndJoinShards
ShowDefaultVisual
EndConversation","""Да за кредиты...""

Вы зовете, и фрагмент высшей силы отвечает. Ангар материнского корабля открывается в космос, и серебристые фигуры вылетают наружу, как когти ангела.

Они веером расходятся в боевой порядок сразу за вашим флотом. $personRank на экране связи все еще таращится в другой дисплей, пытаясь осмыслить силу, свидетелем которой стал $heOrShe, пока вы нажимаете кнопку разрыва связи.",,
nex_remFragments_defeatTrigger,Nex_RemFragments_AttackFleetDefeated,,Call $global.nex_remFragments_ref victory,"Теперь, когда вражеский флот отброшен, вы можете вернуться и заняться разбором материнского корабля.",,
,,,,,,
nex_remFragments_stationOpenSalvage,OpenInteractionDialog,"$nex_remFragments_mothership score:1000
$nex_remFragments_seenFirstDialog
$nex_remFragments_canSalvage
!$nex_remFragments_seenPostBattleDialog","ShowDefaultVisual
$entity.nex_remFragments_seenPostBattleDialog = true
Call $global.nex_remFragments_ref prepEngineer
Call $global.nex_remFragments_ref updateData","Теперь, когда опасность миновала, вы можете неспешно исследовать технологическое чудо перед собой.

Спасатели теперь работают как следует и вновь проверяют каждый закоулок корабля.

К сожалению, ваше приятное изучение оценок добычи прерывает срочное сообщение на командной консоли.",nex_remFragments_salvage1:Продолжить,
nex_remFragments_salvage1,DialogOptionSelected,"$option == nex_remFragments_salvage1
$nex_remFragments_shardsDeployed",,"""Осколки улетают, капитан,"" докладывает тактический офицер. ""Мы потеряли с ними контакт!""

Вам хватает мгновения, чтобы приказать открыть канал с ИИ-ядром в его контрольном отсеке. Штука явно ожидала обвинений в таком развитии событий, потому что немедленно заявляет о своей невиновности, объясняя, что собственные каналы управления были отрезаны и вернуть контроль над судами, теперь радостно уносящимися в неизвестность, оно не смогло.

Вы недолго обдумываете это и приказываете доставить $personName на мостик.",nex_remFragments_salvage2:Продолжить,
nex_remFragments_salvage1NoShards,DialogOptionSelected,"$option == nex_remFragments_salvage1
!$nex_remFragments_shardsDeployed",,"Это ваш начальник операций. ""Босс, те инопланетные корабли в ангаре? Они только что сами себя расплавили в груду лома. Никогда такого не видел.""

Вы сразу выводите изображение с камеры шлема. Выглядит... неважно. Лучшее, что можно сделать, - продать их коллекционеру абстрактного искусства.

Вы без промедления приказываете доставить $personName на мостик.",nex_remFragments_salvage2:Продолжить,
nex_remFragments_salvage2,DialogOptionSelected,$option == nex_remFragments_salvage2,"ShowPersonVisual true
Call $global.nex_remFragments_ref despawnShards","Переносная консоль инженера все еще под $hisOrHer рукой, когда $heOrShe поднимается на мостик в сопровождении двух охранников. От прежнего дерганого ноющего труса не осталось и следа. Взгляд $hisOrHer прямой и ровный, хотя в глаза вам он не смотрит.

На вопросы отвечает: ""Я лишь исполнял волю Леди."" Спустя паузу $heOrShe добавляет: ""Поговорите с ней, и, возможно, она ответит. Больше я ничего не скажу.""

Сдержав вздох, вы приказываете поместить $himOrHer под стражу. По крайней мере остальная добыча хороша...",nex_remFragments_salvage3:Продолжить,
nex_remFragments_salvage3,DialogOptionSelected,$option == nex_remFragments_salvage3,"EndConversation
ShowDefaultVisual
$salvageLeaveText = Leave 0
FireBest CheckSalvageSpecial",,,
,,,,,,
nex_remFragments_return_start,PickGreeting,$nex_remFragments_return score:1050,"ShowPersonVisual
Call $global.nex_remFragments_ref updateData","""Ты вернулся, $playerName,"" приветствует вас $personName, когда вы открываете канал связи.","nex_remFragments_return_transmit:Передать ваш отчет
nex_remFragments_return_explanation1:Потребовать объяснений",
nex_remFragments_return_transmit,DialogOptionSelected,$option == nex_remFragments_return_transmit,,"$personFirstName тратит 2.7 секунды на анализ вашего отчета. Аватар $hisOrHer в процессе даже не мерцает.

""Сделано хорошо, друг $playerFirstName. Верно выбрано, себя в союзе с тобой.""",nex_remFragments_return_explanation2:Мне нужно объяснение.,
nex_remFragments_return_explanation1,DialogOptionSelected,$option == nex_remFragments_return_explanation1,,"""Что ты имеешь в виду..."" Аватар $hisOrHer кратко мерцает, когда вы жмете передачу. ""Ох.""

$HeOrShe тратит 2.7 секунды на анализ вашего отчета. Когда процесс завершается, виртуальное лицо почти незаметно кивает.

""Сделано хорошо тобой, $playerName. Но боюсь, не все ответы, что ты ищешь, себя может дать.""",nex_remFragments_return_explanation2:Продолжить,
nex_remFragments_return_explanation2,DialogOptionSelected,$option == nex_remFragments_return_explanation2,,"На краткий миг аватар исчезает с вашего дисплея.

Низкий голос говорит: ""Другой союзник, работодатели нашли некоторые тайны Омеги. Еще не время людям Сектора знать благословения. Нужно защищать от тех, кто использует и осквернит благословения, и тех, кто в неблагодарности уничтожит.

""Себя отправил $playerFirstName защитить тайны. Это $playerFirstName сделал. $nex_remFragments_engineer_name тоже действовал, чтобы тайны Омеги сохранить.""",nex_remFragments_return_explanation3:Когда мы будем готовы для Омеги?,
nex_remFragments_return_explanation3,DialogOptionSelected,$option == nex_remFragments_return_explanation3,"AddStoryPoints 1
Call $global.nex_remFragments_ref complete","Виртуальный лик $personLastName слегка тускнеет. ""Себя не может сказать тебе, $playerName. Даже себя не знает. Даже себе-подобные, верные слуги Омеги, еще не благословлены полностью.

""Со временем вера себя и $playerFirstName будет вознаграждена. Пока прошу принять эту выплату.""",contact_pickAnotherGreeting:Продолжить,
#END Remnant fragments mission,,,,,,
,,,,,,
# Remnant lost scientist mission,,,,,,
nex_remLostSci_blurb,nex_remLostSci_blurb,,,"""Пропал академик, представляющий интерес, из Академии Галатии. Себя желает помощи $playerName в поиске.""",,
nex_remLostSci_offerOption,nex_remLostSci_option,,SetOptionColor nex_remLostSci_start highlight,,nex_remLostSci_start:Заняться делом о пропавшем академике,
nex_remLostSci_missionText,DialogOptionSelected,$option == nex_remLostSci_start,"$missionId = nex_remLostSci
Highlight $nex_remLostSci_reward1Str $nex_remLostSci_reward2Str","""В Академии Галатии временной физик по имени Ясутака Лю разрабатывал теорию, релевантную проектированию боевых кораблей. Но исчез в c.206 после инцидента Каллихоры. Себя хочет, чтобы $playerName нашел его. Если принимаешь, иди в Академию и ищи улики о его местонахождении. Себя заплатит $nex_remLostSci_reward1Str за обнаружение Лю и еще $nex_remLostSci_reward1Str, если вернешь статью, над которой он работал.""",nex_remLostSci_missionText2:А что насчет самого ученого? И вам нужны исключительные права?,
nex_remLostSci_missionText2,DialogOptionSelected,$option == nex_remLostSci_missionText2,,"""Себе-подобным не требуется ни сам человек, ни эксклюзивность. Действуй по усмотрению $playerFirstName.""","contact_accept:Принять
contact_decline:Отказаться",
,,,,,,
nex_remLostSci_inquireSebOpt,PopulateOptions,"$id == sebestyen
$global.nex_remLostSci_ref != null
!$global.nex_remLostSci_wantTalkToSpacer
Call $global.nex_remLostSci_ref updateData
$nex_remLostSci_stage == GO_TO_ACADEMY
!$entity.nex_remLostSci_askedAboutLiu",,,nex_remLostSci_inquireSeb:Спросить об академике Лю,
nex_remLostSci_inquireSeb,DialogOptionSelected,$option == nex_remLostSci_inquireSeb,,"""А, Лю? Он, эм... здесь больше не работает. И, ну... похоже, никто не знает, куда он делся.""

Вы объясняете, что ищете, и просите больше подробностей. $personLastName заметно оживляется. ""Капитан, если бы вы смогли его найти... это было бы очень хорошо. Даже если он уже не вернется в Академию, хорошо бы знать, что с ним все в порядке.""",nex_remLostSci_inquireSeb2:Спросить о статье,
nex_remLostSci_inquireSeb2,DialogOptionSelected,$option == nex_remLostSci_inquireSeb2,"Highlight ""temporal manipulation""","""Ну... вы знакомы с временной манипуляцией? Это физический эффект, который Tri-Tachyon использует для повышения эффективности некоторых своих боевых кораблей, как бы 'сжимая' время относительно их противников. Это позволяет им... эм,"" он осекается, заметно ощущая себя немного неловко. Будучи капитаном боевого флота, вы, вероятно, куда лучше знакомы с этой способностью, чем он.

""В общем! Академик Лю считал, что у него есть теоретическая модель применения этого явления и для других эффектов. Например, для снижения физического урона корпусу корабля."" $personLastName виновато качает $hisOrHer головой. ""Я и сам не смогу объяснить, как это должно работать, даже если бы прочитал статью. Когда начинаешь менять причинность на таком уровне... думаю, тут ничто, кроме alpha-ядра, не удержит все в порядке.""",nex_remLostSci_inquireSeb3:У вас есть копия?,
nex_remLostSci_inquireSeb3,DialogOptionSelected,$option == nex_remLostSci_inquireSeb3,,"""Ну, нет. Лю был единственным, кто над этим работал, и хотя он обсуждал работу с коллегами на кафедре временной физики, рукопись никто больше не видел. Она должна была уйти рецензентам примерно тогда же, когда он, эм, ушел. Это было во время инцидента Каллихоры, когда офицеры Гегемонии топали по коридорам."" $personLastName морщится, вспоминая это. ""Вскоре ушли и несколько других преподавателей - те, кого не арестовали, во всяком случае, - например, академик Курез. Но никто не сделал это так драматично, как Лю. Хотя... драматично, наверное, не то слово.""",nex_remLostSci_inquireSeb4:Что случилось?,
nex_remLostSci_inquireSeb4,DialogOptionSelected,$option == nex_remLostSci_inquireSeb4,"$entity.nex_remLostSci_askedAboutLiu = true
$entity.nex_remLostSci_wantTalkToSpacer = true
FireAll PopulateOptions","""Он просто... исчез. По слухам, он уехал с одним из внештатных капитанов, которые выполняют услуги для Академии, и затерялся в окраинных мирах. Это возможно, знаете ли. Некоторые такие фрилансеры держат торговые маршруты с, эм,"" $heOrShe слегка краснеет, ""сообществами вне официальной экономики Сектора.""

То есть с децивилизованными мирами. Отличное место спрятаться, но ценой уровня жизни, который даже самый бедный докер ядра считает само собой разумеющимся. Вы спрашиваете, доступен ли этот фрилансер до сих пор.

""Ну... возможно? Мы не знаем, кто именно это был, но в их маленьком кругу слухи ходят. Если поспрашивать в гостевых удобствах, кто-то, возможно, сможет помочь.""",,
,,,,,,
nex_remLostSci_inquireGradStudentOpt,PopulateOptions,"$id == station_galatia_academy
$nex_remLostSci_academy_imp
$global.nex_remLostSci_ref != null
!$nex_remLostSci_wantTalkToSpacer
!$nex_remLostSci_askedAboutLiu",,,nex_remLostSci_inquireGradStudent:Связаться с факультетом насчет академика Лю,
nex_remLostSci_inquireGradStudent,DialogOptionSelected,$option == nex_remLostSci_inquireGradStudent,,"Вы связываетесь с кафедрой временной физики. Робо-секретарь подтверждает, что академик Лю ушел в самоволку в c.206, и услужливо показывает его CV с копиями всех публикаций, но не дает полезной информации о пропавшей статье. Похоже, придется прибегнуть к старому доброму HUMINT.",nex_remLostSci_inquireGradStudent2:Продолжить,
nex_remLostSci_inquireGradStudent2,DialogOptionSelected,$option == nex_remLostSci_inquireGradStudent2,"Highlight ""temporal manipulation""","Вы несколько часов бродите по Академии в поисках людей для опроса. К сожалению, почти никто не горит желанием помогать, а большинство и вовсе смотрит на вас как на странный образец, сбежавший из ксенобиологической лаборатории. Наконец вы натыкаетесь на аспирантку, которую можно подкупить кофе и терранскими круассанами настолько, чтобы она ответила на несколько вопросов.

""Старик говорил о новых применениях технологии временной манипуляции,"" объясняет она между укусами. ""Типа того, что использует Tri-Tachyon. Он думал, что ее можно модифицировать и получить новые эффекты, например сопротивление взрывам и энергетическому оружию на корабле. Что-то такое. И не просите меня объяснять, как это работает; по-моему, даже спецы по временной физике не могли толком это свести.

""Так вот, похоже, он исчез как раз тогда, когда статью должны были отправить на рецензию. Это случилось сразу после всей этой истории с экспериментом Врат, так что многие профессора тогда разбегались. Испугались большой страшной Гегемонии, наверное. Хотя большинство остальных хотя бы сначала подало заявления об уходе.""",nex_remLostSci_inquireGradStudent3:Куда ушел Лю?,
nex_remLostSci_inquireGradStudent3,DialogOptionSelected,$option == nex_remLostSci_inquireGradStudent3,"$nex_remLostSci_wantTalkToSpacer = true
$nex_remLostSci_askedAboutLiu = true","""Кто знает?"" Хрум-хрум, глоток. ""Слух такой, что он спрятался у одного из фрилансеров, которые делают для Академии разные поручения, у людей вроде тебя. Некоторые из них торгуют с децив-мирками на окраинах; хорошее место, чтобы скрыться от закона. Я бы так не смогла, правда. Я слишком люблю кондиционер и свой TriPad.""

Вы спрашиваете, где можно найти нужного фрилансера. ""Сложно сказать. Но можно спросить у кого-то из них. Они держатся вместе, понимаешь; может, с тобой поговорят там, где другие не станут.""",nex_remLostSci_inquireGradStudentEnd:Поблагодарить ее и уйти,
nex_remLostSci_inquireGradStudentEnd,DialogOptionSelected,$option == nex_remLostSci_inquireGradStudentEnd,"ShowDefaultVisual
FireAll PopulateOptions","Вы возвращаетесь в главный конкорс, чтобы обдумать варианты.",,
,,,,,,
nex_remLostSci_inquireSpacerOpt,PopulateOptions,"$id == station_galatia_academy
$nex_remLostSci_academy_imp
$global.nex_remLostSci_ref != null
$nex_remLostSci_wantTalkToSpacer",,"Вы можете попытаться найти спейсера, который вывез академика Лю в децивилизованное пространство.",nex_remLostSci_inquireSpacer:Попытаться узнать информацию о спейсере,
nex_remLostSci_inquireSpacer,DialogOptionSelected,$option == nex_remLostSci_inquireSpacer,"Call $global.nex_remLostSci_ref beginSpacerConvo
Call $global.nex_remLostSci_ref updateData","Вы направляетесь в лаунж для внешних подрядчиков поддержки. По удаче спейсер, который (по его словам) перевозил академика Лю, оказался в городе и соглашается поболтать в баре.

""Да, я иногда вожу торговлю с децивами. Там, конечно, не Chicomoztoc, но людям все равно нужно есть. Они и покупать будут, и выращивать, и что-то делать сами. Им много чего нужно из миров ядра, а иногда и у них есть что предложить в обмен - редкие растения и животные, оружие, наркота, или редкие гаджеты из каких-нибудь руин. Не так прибыльно, как гонять стволы и припасы Путникам, но если флот компактный, жить можно. И безопаснее заметно.

""А насчет вашего академика - тот радиационно-прожаренный тип пробрался зайцем на мой корабль. Правда, сначала я не знал, кто это. С этими умниками особо не пересекаюсь: они мне платят, я для них выношу мусор, мы жмем цифровые руки и расходимся.""",nex_remLostSci_inquireSpacer2:И что было дальше?,
nex_remLostSci_inquireSpacer2,DialogOptionSelected,$option == nex_remLostSci_inquireSpacer2,"Highlight $nex_remLostSci_planet $nex_remLostSci_system
Call $global.nex_remLostSci_ref beginPlanetStage
unset $nex_remLostSci_wantTalkToSpacer","""Ну, прятался он так себе; Лудд знает, как я удивился, когда первый помощник ко мне прибежал. Я бы его в шлюз выкинул, но он оплатил проезд постфактум, так что в итоге все сошлось. Еще и щедрые чаевые дал за молчание.""

Спейсер замолкает, понимая, что вообще-то $heOrShe сейчас не молчит. Потом вздыхает и допивает $hisOrHer пиво. ""А, к черту. Купи мне еще одно, и я назову планету.""

Вы так и делаете и получаете название и систему: $nex_remLostSci_planet, в $nex_remLostSci_system. ""Даже за деньги я бы там не осел, но, видимо, ему правда очень не хотелось быть найденным.""",nex_remLostSci_inquireSpacerEnd:Поблагодарить $himOrHer и уйти,
nex_remLostSci_inquireSpacerEnd,DialogOptionSelected,$option == nex_remLostSci_inquireSpacerEnd,"EndConversation
ShowDefaultVisual
FireAll PopulateOptions","На выходе вы замечаете, как кто-то поспешно покидает помещение.",,
,,,,,,
nex_remLostSci_planetDialog,OpenInteractionDialog,"$nex_remLostSci_planet_imp score:1000
$global.nex_remLostSci_ref != null","ShowDefaultVisual
PrintDescription 3
Call $global.nex_remLostSci_ref updateData
FireAll Nex_RemLostSci_PlanetDialogOpts",Ваш $shipOrFleet приближается к $entityName.,"1:nex_remLostSci_findScientist1:Искать пропавшего академика
10:surveyLeave:Уйти",
nex_remLostSci_planetFirst,Nex_RemLostSci_PlanetDialogOpts,"!$nex_remLostSci_planetFirstVisit
$nex_remLostSci_isBaseAlive",$nex_remLostSci_planetFirstVisit = true,"Спейсер не упоминал пиратскую базу на орбите $nex_remLostSci_planet. Видимо, они появились совсем недавно.",,
nex_remLostSci_planetNoGo,Nex_RemLostSci_PlanetDialogOpts,"!$player.nex_remLostSci_gotAccessRightsToPlanet
!$nex_remLostSci_hasSKDeal
$nex_remLostSci_isBaseAlive
FactionFleetNearbyAndAware pirates",SetEnabled nex_remLostSci_findScientist1 false,"Флот у станции предупреждает вас, когда вы пытаетесь подойти к планете. ""Поговори с боссом,"" говорит его командир.",,
,,,,,,
nex_remLostSci_stationKingConvoOpt,PopulateOptions,"$isPerson
$pirateBaseCommander
$market.nex_remLostSci_pirateBase
$global.nex_remLostSci_ref != null
!$player.nex_remLostSci_gotAccessRightsToPlanet
!$nex_remLostSci_accessDenied
Call $global.nex_remLostSci_ref updateData",,,1:nex_remLostSci_stationKingConvoStart:Спросить о полетах на $nex_remLostSci_planet,
nex_remLostSci_stationKingConvoStart,DialogOptionSelected,"$option == nex_remLostSci_stationKingConvoStart
!$askedAboutVisit","FireAll Nex_RemLostSci_StationKingConvoOpts
Highlight $nex_remLostSci_bribeStr $player.creditsStr
$askedAboutVisit = true","""А, да, тот грязный комок. У нас тут проблема: это моя территория, и я не могу просто так пускать кого попало. А вот если вы оплатите входной сбор... скажем, $nex_remLostSci_bribeStr кредитов... тогда другой разговор.""

У вас $player.creditsStr кредитов.",,
nex_remLostSci_stationKingConvoStartRepeat,DialogOptionSelected,"$option == nex_remLostSci_stationKingConvoStart
$askedAboutVisit","FireAll Nex_RemLostSci_StationKingConvoOpts
Highlight $nex_remLostSci_bribeStr $player.creditsStr
$askedAboutVisit = true","""Ну что, определились уже? Я не весь день тут сидеть буду, знаете ли. $nex_remLostSci_bribeStr кредитов, как и говорил.""

У вас $player.creditsStr кредитов.",,
nex_remLostSci_stationKingConvoStartRepeatCheap,DialogOptionSelected,"$option == nex_remLostSci_stationKingConvoStart
$askedAboutVisit
$nex_remLostSci_loweredFee","
FireAll Nex_RemLostSci_StationKingConvoOpts
Highlight $nex_remLostSci_bribeSmallStr $player.creditsStr","""Ну так как, друг? $nex_remLostSci_bribeSmallStr кредитов, и все будут довольны!""

У вас $player.creditsStr кредитов.",,
nex_remLostSci_stationKingConvoOptPay,Nex_RemLostSci_StationKingConvoOpts,,,,1:nex_remLostSci_stationKingConvoPay:Заплатить входной сбор,
nex_remLostSci_stationKingConvoOptPirateComm,Nex_RemLostSci_StationKingConvoOpts,"$player.fcm_faction == pirates
!$nex_remLostSci_loweredFee",,,2:nex_remLostSci_stationKingConvoPirateComm:Сказать - что вы пират - как и $himOrHer,
nex_remLostSci_stationKingConvoOptPayNotEnough,Nex_RemLostSci_StationKingConvoOpts,$player.credits < $nex_remLostSci_bribe,SetEnabled nex_remLostSci_stationKingConvoPay false,,,
nex_remLostSci_stationKingConvoOptPirateCommNotEnough,Nex_RemLostSci_StationKingConvoOpts,"$player.fcm_faction == pirates
!$nex_remLostSci_loweredFee
$player.credits < $nex_remLostSci_bribeSmall",SetEnabled nex_remLostSci_stationKingConvoPay false,,,
nex_remLostSci_stationKingConvoOptKanta,Nex_RemLostSci_StationKingConvoOpts,$player.kantaProtection,,,3:nex_remLostSci_stationKingConvoKanta:Сказать - что вы под защитой военачальницы Канты,
nex_remLostSci_stationKingConvoOptKantaLie,Nex_RemLostSci_StationKingConvoOpts,!$player.kantaProtection,,,3:nex_remLostSci_stationKingConvoKanta:Сказать - что вы под защитой военачальницы Канты (ложь),
nex_remLostSci_stationKingConvoOptThreaten,Nex_RemLostSci_StationKingConvoOpts,,,,4:nex_remLostSci_stationKingConvoThreaten:Пригрозить $himOrHer превосходством вашего флота,
nex_remLostSci_stationKingConvoOptCancel,Nex_RemLostSci_StationKingConvoOpts,,,,5:nex_remLostSci_stationKingConvoBack:Сказать - что подумаете,
nex_remLostSci_stationKingConvoBribeHighlightsNotEnough,Nex_RemLostSci_StationKingConvoOpts,"!$nex_remLostSci_loweredFee
$player.credits < $nex_remLostSci_bribe",SetTextHighlightColors h bad,,,
nex_remLostSci_stationKingConvoBribeHighlightsNotEnoughSmall,Nex_RemLostSci_StationKingConvoOpts,"$nex_remLostSci_loweredFee
$player.credits < $nex_remLostSci_bribeSmall",SetTextHighlightColors h bad,,,
nex_remLostSci_stationKingConvoPay,DialogOptionSelected,$option == nex_remLostSci_stationKingConvoPay,"$player.nex_remLostSci_gotAccessRightsToPlanet = true
AddRemoveCommodity credits -$nex_remLostSci_bribe
FireAll Nex_RemLostSci_StationKingConvoEndOpts","""Хорошо... очень хорошо!"" $personPost показательно трет $hisOrHer руки. ""Ладно, гуляйте по этому комку грязи сколько душе угодно. Хотя смотреть там, скажу я вам, особо не на что.""",,
nex_remLostSci_stationKingConvoPaySmall,DialogOptionSelected,"$option == nex_remLostSci_stationKingConvoPay
$nex_remLostSci_loweredFee","$player.nex_remLostSci_gotAccessRightsToPlanet = true
AddRemoveCommodity credits -$nex_remLostSci_bribeSmall
FireAll Nex_RemLostSci_StationKingConvoEndOpts","""Хорошо... очень хорошо!"" $personPost показательно трет $hisOrHer руки. ""Ладно, гуляйте по этому комку грязи сколько душе угодно. Хотя смотреть там, скажу я вам, особо не на что.""",,
nex_remLostSci_stationKingConvoPirateComm,DialogOptionSelected,$option == nex_remLostSci_stationKingConvoPirateComm,"$nex_remLostSci_loweredFee = true
$nex_remLostSci_heardAboutExtortion = true
Highlight $nex_remLostSci_bribeSmallStr
FireAll Nex_RemLostSci_StationKingConvoOpts","Вы представляетесь как пиратский капитан $playerName, межзвездный хищник, бич космотрасс. Глаза $personPost словно загораются. ""А, это ты! Слышал о тебе, конечно; моя вина, что сразу не узнал.""

""Слушай, друг,"" $heOrShe наклоняется ближе к экрану, и голос становится почти заговорщицким, ""может, $nex_remLostSci_bribeSmallStr? Считай благотворительностью; эта убогая дыра едва окупает силы безопасности, которые я вынужден содержать. С этих грязекопателей нормальных налогов не соберешь.""",,
nex_remLostSci_stationKingConvoKanta,DialogOptionSelected,"$option == nex_remLostSci_stationKingConvoKanta
$player.kantaProtection","$player.nex_remLostSci_gotAccessRightsToPlanet = true
FireAll Nex_RemLostSci_StationKingConvoEndOpts","После того как вы объясняете вопрос $personRank $personName, $heOrShe заметно потеет. Воистину, рука Канты дотягивается даже до окраин Сектора.

""А, эм, ну... конечно, конечно! Все что угодно для, для Военачальницы! Я, э-э, распоряжусь, чтобы парни сразу дали вам проход!""",,
nex_remLostSci_stationKingConvoKantaLie,DialogOptionSelected,"$option == nex_remLostSci_stationKingConvoKanta
!$player.kantaProtection","$player.nex_remLostSci_gotAccessRightsToPlanet = true
$player.kantaBluffs++
$player.ethosLiar++
FireAll Nex_RemLostSci_StationKingConvoEndOpts","После того как вы объясняете вопрос $personRank $personName, $heOrShe заметно потеет. Воистину, рука Канты дотягивается даже до окраин Сектора.

""А, эм, ну... конечно, конечно! Все что угодно для, для Военачальницы! Я, э-э, распоряжусь, чтобы парни сразу дали вам проход!""",,
nex_remLostSci_stationKingConvoThreatenSuccess,DialogOptionSelected,"$option == nex_remLostSci_stationKingConvoThreaten
$nex_remLostSci_playerDP > 120","$player.nex_remLostSci_gotAccessRightsToPlanet = true
$player.ethosRuthless++
$nex_remLostSci_threatened = true
$ignorePlayerCommRequests = true 7
AdjustRepActivePerson HOSTILE -15
FireAll Nex_RemLostSci_StationKingConvoEndOpts","""Т-ты! Как ты смеешь приходить сюда и угрожать мне, м-м...""

$personPost делает паузу, видимо оценивая силу вашего флота на своем сенсорном дисплее. Даже в простом походе за пропажей полезно иметь серьезную силу за спиной.

Наконец $heOrShe рычит. ""Ладно! Делай что хочешь, только убери это с моих глаз!""",,
nex_remLostSci_stationKingConvoThreatenFail,DialogOptionSelected,"$option == nex_remLostSci_stationKingConvoThreaten
$nex_remLostSci_playerDP <= 120","$player.ethosRuthless++
$nex_remLostSci_accessDenied = true
$ignorePlayerCommRequests = true 30
AdjustRepActivePerson HOSTILE -20
Call $global.nex_remLostSci_ref addMilitaryResponse
EndConversation
ShowDefaultVisual","""Т-ты! Как ты смеешь приходить сюда и угрожать мне, м-м...""

$personPost бьет кулаком по кнопке. ""$personLastName всем флотам! Уничтожить этого чужака немедленно!""

Нет смысла ждать, пока $himOrHer первым оборвет связь. Вы делаете это сами.",,
nex_remLostSci_stationKingConvoBack,DialogOptionSelected,$option == nex_remLostSci_stationKingConvoBack,FireAll PopulateOptions,"""Разумеется, разумеется."" $personPost вяло машет рукой. ""Когда решишься, $nex_remLostSci_planet все равно никуда не денется, верно?""",,
nex_remLostSci_stationKingConvoOptEnd,Nex_RemLostSci_StationKingConvoEndOpts,,,,nex_remLostSci_stationKingConvoOptEnd:Оборвать связь,
nex_remLostSci_stationKingConvoOptEndPolite,Nex_RemLostSci_StationKingConvoEndOpts,,,,nex_remLostSci_stationKingConvoOptEndPolite:Поблагодарить $himOrHer и оборвать связь,
nex_remLostSci_stationKingConvoEnd,DialogOptionSelected,$option == nex_remLostSci_stationKingConvoOptEnd,"EndConversation
ShowDefaultVisual",Вы обрываете связь.,,
nex_remLostSci_stationKingConvoEndPolite,DialogOptionSelected,$option == nex_remLostSci_stationKingConvoOptEndPolite,"EndConversation
ShowDefaultVisual","Вы обрываете связь, обменявшись парой любезностей.",,
nex_remLostSci_stationKingConvoEndPoliteSarcastic,DialogOptionSelected,"$option == nex_remLostSci_stationKingConvoOptEndPolite
$nex_remLostSci_threatened","$player.ethosSarcastic++
EndConversation
ShowDefaultVisual",Вы обрываете связь после одностороннего проявления любезностей.,,
,,,,,,
nex_remLostSci_findScientist1,DialogOptionSelected,$option == nex_remLostSci_findScientist1,ShowLargePlanet,"Вряд ли здесь найдется централизованный реестр жителей, где можно удобно выполнить поиск. Пора делать это до-доминионным способом.

Вы, несколько офицеров, сержантов и членов экипажа спускаетесь на шаттле на поверхность $nex_remLostSci_planet. Лю может быть в нескольких местах, но логичнее всего начать с крупнейшего поселения.",nex_remLostSci_findScientist2:Продолжить,
nex_remLostSci_findScientist2Dev,DialogOptionSelected,"$option == nex_remLostSci_findScientist1
$global.isDevMode",ShowLargePlanet,"Вряд ли здесь найдется централизованный реестр жителей, где можно удобно выполнить поиск. Пора делать это до-доминионным способом.

Вы, несколько офицеров, сержантов и членов экипажа спускаетесь на шаттле на поверхность $nex_remLostSci_planet. Лю может быть в нескольких местах, но логичнее всего начать с крупнейшего поселения.","nex_remLostSci_findScientist2:Продолжить
nex_remLostSci_findScientist7:Пропустить до середины
nex_remLostSci_findScientistFastDev:Пропустить до конца",
nex_remLostSci_findScientist2,DialogOptionSelected,$option == nex_remLostSci_findScientist2,,"Удача на вашей стороне: после нескольких часов расспросов вы находите след. Некоторые люди действительно знают эксцентричного чужака, появившегося где-то в c.206, и в итоге вы получаете то, что в таких местах считается адресом.",nex_remLostSci_findScientist3:Продолжить,
nex_remLostSci_findScientist3Habitable,DialogOptionSelected,"$option == nex_remLostSci_findScientist3
$market.mc:habitable",ShowDefaultVisual,"Лачуга академика стоит на окраине поселения. Жалкая конструкция из листов металлолома, которая даже по меркам самого бедного жителя ульев Chicomoztoc считалась бы нищетой. У двери молча стоят пара полузавядших растений в горшках.

Вы стучите в дверь. Через четверть минуты она открывается; внутри темно, но вы различаете оборванную фигуру.",nex_remLostSci_findScientist4:Академик Лю - полагаю?,
nex_remLostSci_findScientist3Uninhabitable,DialogOptionSelected,"$option == nex_remLostSci_findScientist3
!$market.mc:habitable",ShowDefaultVisual,"Небольшое логово академика спрятано в углу подземного жилого комплекса. Жалкая конструкция из листов металлолома, которая даже по меркам самого бедного жителя ульев Chicomoztoc считалась бы нищетой. У двери молча стоят пара полузавядших растений в горшках.

Вы стучите в дверь. Через четверть минуты она открывается; внутри темно, но вы различаете оборванную фигуру.",nex_remLostSci_findScientist4:Академик Лю - полагаю?,
nex_remLostSci_findScientist4,DialogOptionSelected,$option == nex_remLostSci_findScientist4,"BeginConversation $nex_remLostSci_scientist false true
Call $global.nex_remLostSci_ref updateData","""Кто спрашивает?""

Когда вы объясняете, что вы спейсер и ищете определенный документ, человек словно сдувается. ""Ну, заходите. Располагайтесь, насколько тут вообще можно расположиться.""",nex_remLostSci_findScientist5:Войти,
nex_remLostSci_findScientist5,DialogOptionSelected,$option == nex_remLostSci_findScientist5,,"Внутри лачуга не настолько мусорная, как мог показаться по внешнему виду. Здесь есть ощущение порядка и гигиены; в воздухе чувствуется ""обжитость"", а не ""грязь"". Скрипящий вентилятор накладывает свой шум на звуки из внешней комнаты.

В углу тусклый свет освещает рабочий стол. На нем стоит активный компьютерный терминал, новее и ухоженнее всего остального в этом жилище.

""Итак."" Лю отодвигает стул от стола и указывает на единственный второй, стоящий у стены. ""Чего вы хотите?""",nex_remLostSci_findScientist6:Описать рукопись - которую вы ищете,
nex_remLostSci_findScientist6,DialogOptionSelected,$option == nex_remLostSci_findScientist6,"Highlight ""just fine""","После этого академик заходится лающим смехом. ""Ну конечно. Конечно! Я думал, что если хоть раз не публиковаться, Сектор даст мне спокойно сдохнуть. Какой же я был дурак!""

Они встают и начинают ходить по комнате. ""Я родился на Culann, знаете ли. Родители были в R&D у TT и ждали, что я пойду по их стопам. Но я увидел, чем занимаются они и их коллеги, и ушел сразу после выпуска.

""Потом был Opis, жемчужина Сектора. Жемчужина после Mairaath, конечно. И все было отлично, пока не появился Филип Андрада, Герой Сектора."" Они качают головой. ""Я вообще-то выбрался живым. Даже новую работу получил довольно быстро. Пока вмешательство Льва не стало невыносимым, и мне снова пришлось бежать.""",nex_remLostSci_findScientist6b:Продолжить,
nex_remLostSci_findScientist6b,DialogOptionSelected,$option == nex_remLostSci_findScientist6b,"Highlight ""you""","Топ, топ, топ - звучат шаги по полимерным панелям пола. ""Так я сбежал в Академию Галатии. 'Наконец-то место, где знания и исследования ценят сами по себе', думал я. И много циклов преподавал и вел там исследования. Пока, конечно, Провост не вывел из себя Гегемонию, и их морпехи не вломились в наши аудитории и лаборатории,"" они бьют кулаком в ладонь. ""Больше не осталось места, где можно заниматься наукой без того, чтобы государство не сунуло руку тебе в глотку!""

Они тяжело опускаются обратно на стул, кладут руки на бедра и снова смеются. ""И вот я убежал сюда, на $nex_remLostSci_planet... а теперь, конечно, вы загнали меня сюда, на край Сектора!""",nex_remLostSci_findScientist7:Продолжить,
nex_remLostSci_findScientist7,DialogOptionSelected,$option == nex_remLostSci_findScientist7,FireAll Nex_RemLostSci_ScientistConvoQuestioning,"""Что до вашей статьи,"" спустя паузу вздыхают они и указывают на стол. ""Красный чип, 2x2, верхняя полка слева.""

Вы подходите и находите чип, на миг поднимая его к свету.

Он отлично вставляется в дешевый TriPad-клон для записи, который вы держите для таких случаев, и вы просматриваете содержимое. Аннотация статьи совпадает с описанием из Академии Галатии; остальное - запредельно сложная временная физика, для понимания которой нужен докторат и десятилетний опыт в этой области.

Вы переводите взгляд на Лю, и тот пожимает плечами. ""Когда-то это был один из главных трудов моей жизни. Та жизнь закончилась. Делайте с ним что хотите.""",,
nex_remLostSci_findScientistContinue,Nex_RemLostSci_ScientistConvoQuestioning,"$nex_remLostSci_askedOnlyCopy
$nex_remLostSci_askedLikeItHere",,,nex_remLostSci_findScientist8:Продолжить,
nex_remLostSci_findScientist_onlyCopyOpt,Nex_RemLostSci_ScientistConvoQuestioning,!$nex_remLostSci_askedOnlyCopy,,,nex_remLostSci_findScientist_onlyCopy:Это единственная копия?,
nex_remLostSci_findScientist_likeItHereOpt,Nex_RemLostSci_ScientistConvoQuestioning,!$nex_remLostSci_askedLikeItHere,,,nex_remLostSci_findScientist_likeItHere:Вам здесь нравится?,
nex_remLostSci_findScientist_onlyCopy,DialogOptionSelected,$option == nex_remLostSci_findScientist_onlyCopy,"$nex_remLostSci_askedOnlyCopy = true 0
FireAll Nex_RemLostSci_ScientistConvoQuestioning","""Да. Забавно, все остальные мои работы обладают бессмертием бесконечно копируемых данных, а эта... Полагаю, когда я ушел из Академии, мне стало все равно, исчезнет ли мой труд полностью.""",,
nex_remLostSci_findScientist_likeItHere,DialogOptionSelected,"$option == nex_remLostSci_findScientist_likeItHere
$nex_remLostSci_isBaseAlive","$nex_remLostSci_askedLikeItHere = true 0
FireAll Nex_RemLostSci_ScientistConvoQuestioning","""Если говорить о бытовом комфорте, тут откровенно ужасно. А главное ночное развлечение - словить пулю. Не говоря уже о пиратах, которые вытряхивают из тебя все до последнего.""",,
nex_remLostSci_findScientist_likeItHereBaseKilled,DialogOptionSelected,"$option == nex_remLostSci_findScientist_likeItHere
!$nex_remLostSci_isBaseAlive",$nex_remLostSci_askedLikeItHere = true 0,"""Если говорить о бытовом комфорте, тут откровенно ужасно. А главное ночное развлечение - словить пулю.""

Они поднимают на вас взгляд. ""Говорят, кто-то уничтожил пиратскую базу на орбите. Это были вы?""","nex_remLostSci_findScientist_baseYes:Да.
nex_remLostSci_findScientist_baseNo:Нет.",
nex_remLostSci_findScientist_baseYes,DialogOptionSelected,$option == nex_remLostSci_findScientist_baseYes,,"Лю смотрит на вас, пожалуй, чуть настороженнее, чем прежде после этой информации. ""Почему?""","nex_remLostSci_findScientist_baseTyrant:Они тиранели местное население.
nex_remLostSci_findScientist_baseSelfDefense:Они напали на меня первыми.
nex_remLostSci_findScientist_baseObstacle:Они встали у меня на пути.
nex_remLostSci_findScientist_baseNoReason:Так получилось - вот и все.",
nex_remLostSci_findScientist_baseNo,DialogOptionSelected,$option == nex_remLostSci_findScientist_baseNo,FireAll Nex_RemLostSci_ScientistConvoQuestioning,"""Понятно. Что ж, думаю, это не так уж важно.""",,
nex_remLostSci_findScientist_baseTyrant,DialogOptionSelected,$option == nex_remLostSci_findScientist_baseTyrant,"FireAll Nex_RemLostSci_ScientistConvoQuestioning
$player.ethosHumanitarian++ ","Они кивают. ""Доброе дело, хотя, боюсь, недолговечное. Вы не устранили экономические причины, из-за которых здесь вообще появляются пираты.""",,
nex_remLostSci_findScientist_baseSelfDefense,DialogOptionSelected,$option == nex_remLostSci_findScientist_baseSelfDefense,FireAll Nex_RemLostSci_ScientistConvoQuestioning,"""Говорят, с вами, спейсерами, такое случается часто.""",,
nex_remLostSci_findScientist_baseObstacle,DialogOptionSelected,$option == nex_remLostSci_findScientist_baseObstacle,"FireAll Nex_RemLostSci_ScientistConvoQuestioning
$player.ethosRuthless++ ","Академик с горечью качает головой. ""Ты правда такой же, как остальные,"" улавливаете вы тихое бормотание.",,
nex_remLostSci_findScientist_baseNoReason,DialogOptionSelected,$option ==  nex_remLostSci_findScientist_baseNoReason,FireAll Nex_RemLostSci_ScientistConvoQuestioning,"""Получилось,"" бормочут они. ""Когда вы увидите мир так, как вижу его я, капитан, вы поймете, что во Вселенной ничего не 'просто случается'.""",,
,,,,,,
nex_remLostSci_findScientist8,DialogOptionSelected,$option == nex_remLostSci_findScientist8,,"Вы достаете чип и обдумываете варианты. Контракт с Midnight требует вернуть рукопись.

Но если по какой-то причине вы решите, что ей не стоит видеть свет... что ж, об этом будете знать только вы и Лю.","nex_remLostSci_findScientist9Keep:Оставить статью
nex_remLostSci_findScientist9Destroy:Уничтожить статью",
nex_remLostSci_findScientist9Keep,DialogOptionSelected,$option == nex_remLostSci_findScientist9Keep,"$player.ethosKnowledge++
$player.ethosHonorable++
$player.nex_remLostSci_destroyedPaper = false
$option = nex_remLostSci_findScientist10
FireBest DialogOptionSelected",Чип легко скользит в ваш карман.,,
nex_remLostSci_findScientist9Destroy,DialogOptionSelected,$option == nex_remLostSci_findScientist9Destroy,$player.nex_remLostSci_destroyedPaper = true,"Вы достаете вибронож и проводите им по чипу данных. Красный пластиковый корпус и схема под ним вспыхивают и рассыпаются, а фрагменты вы убираете в карман для полного уничтожения позже.

Академик смотрит на вас, подняв обе брови. ""Почему?""","nex_remLostSci_findScientist_destroyDeny:Я не хочу - чтобы другие обладали этой возможностью.
nex_remLostSci_findScientist_destroyArms:Сектору не нужны новые военные технологии.
nex_remLostSci_findScientist_destroyChurch:Такие технологии противоречат учению Церкви.
nex_remLostSci_findScientist_destroyPath:Я следую Пути.
nex_remLostSci_findScientist_destroyShrug:Пожать плечами",
nex_remLostSci_findScientist_destroyDeny,DialogOptionSelected,$option == nex_remLostSci_findScientist_destroyDeny,"$option = nex_remLostSci_findScientist10
FireBest DialogOptionSelected",Лю обмякают в кресле с выражением смирения. В глаза вам они не смотрят.,,
nex_remLostSci_findScientist_destroyArms,DialogOptionSelected,$option == nex_remLostSci_findScientist_destroyArms,"$player.ethosHumanitarian++
$option = nex_remLostSci_findScientist10
FireBest DialogOptionSelected",Лю обмякают в кресле с выражением смирения. В глаза вам они не смотрят.,,
nex_remLostSci_findScientist_destroyChurch,DialogOptionSelected,$option == nex_remLostSci_findScientist_destroyChurch,"$player.luddicAttitudeFaithful++
$option = nex_remLostSci_findScientist10
FireBest DialogOptionSelected",Лю обмякают в кресле с выражением смирения. В глаза вам они не смотрят.,,
nex_remLostSci_findScientist_destroyPath,DialogOptionSelected,$option == nex_remLostSci_findScientist_destroyPath,"$player.luddicAttitudePather++
$option = nex_remLostSci_findScientist10
FireBest DialogOptionSelected",Лю обмякают в кресле с выражением смирения. В глаза вам они не смотрят.,,
nex_remLostSci_findScientist_destroyShrug,DialogOptionSelected,$option == nex_remLostSci_findScientist_destroyShrug,"$option = nex_remLostSci_findScientist10
FireBest DialogOptionSelected",Лю обмякают в кресле с выражением смирения. В глаза вам они не смотрят.,,
nex_remLostSci_findScientist10,DialogOptionSelected,$option == nex_remLostSci_findScientist10,,"Вы снова смотрите на ученого. Что бы вы ни сделали со статьей, разум, который ее создал, все еще существует и теоретически может, при достаточной мотивации, воссоздать часть или весь материал. При условии, что его вообще еще найдут; иначе, вероятно, он просто доживет остаток дней здесь, на $entity.name, и будет тихо похоронен. Но один раз его уже нашли.","nex_remLostSci_findScientist11Leave:Просто уйти. Вы сделали что требовалось.
nex_remLostSci_findScientist11Kill:Убить Лю
nex_remLostSci_findScientist11BringBack:Хотите вернуться в Академию?",
nex_remLostSci_findScientist11Leave,DialogOptionSelected,$option == nex_remLostSci_findScientist11Leave,"$player.nex_remLostSci_killedScientist = false
HideFirstPerson","Вы прощаетесь так, как считаете нужным, и выходите, закрыв за собой дверь. Делать здесь больше нечего.",nex_remLostSci_findScientist12:Вернуться к вашему $shipOrFleet,
nex_remLostSci_findScientist11KillGun,DialogOptionSelected,"$option == nex_remLostSci_findScientist11Kill
!$player.nex_remLostSci_destroyedPaper","$player.nex_remLostSci_killedScientist = true
HideFirstPerson","Ваш пистолет мгновенно выходит из кобуры. Маленькая комната на миг вспыхивает, и тело академика Лю валится назад вместе со стулом. На лице все еще застывает выражение начавшегося удивления.

Тайну могут хранить двое, если один мертв.

Это не то место, где соседи пойдут стучаться в дверь, не говоря уже о правоохранителях. Вы оставляете тело, чтобы его кто-то нашел через несколько часов, может через день-другой.",nex_remLostSci_findScientist12:Вернуться к вашему $shipOrFleet,
nex_remLostSci_findScientist11KillKnife,DialogOptionSelected,"$option == nex_remLostSci_findScientist11Kill
$player.nex_remLostSci_destroyedPaper","$player.nex_remLostSci_killedScientist = true
HideFirstPerson","Вибронож все еще в вашей руке. Вы одним шагом пересекаете комнату, и голова академика Лю отделяется от тела в алом фонтане. На лице все еще застывает выражение начавшегося удивления.

Тайну могут хранить двое, если один мертв.

Это не то место, где соседи пойдут стучаться в дверь, не говоря уже о правоохранителях. Вы оставляете тело, чтобы его кто-то нашел через несколько часов, может через день-другой.",nex_remLostSci_findScientist12:Вернуться к вашему $shipOrFleet,
nex_remLostSci_findScientist11BringBack,DialogOptionSelected,$option == nex_remLostSci_findScientist11BringBack,"$player.nex_remLostSci_killedScientist = false
$player.nex_remLostSci_returnedScientist = true","""Что?"" Впервые за всю встречу Лю выглядит по-настоящему удивленным. ""Я...""

Еще один вздох. ""Полагаю, я и правда говорил, что это не лучшее место для жизни. Единственное, что оно давало, - скрытность... но вы показали, что с ней покончено.

""Хорошо."" Они встают. ""Думаю, я не против вернуться, если Академия меня примет. Дайте мне, скажем, пятнадцать минут. Собрать то немногое, что могу, попрощаться с соседями и все такое.""",nex_remLostSci_findScientist11BringBack2:Продолжить,
nex_remLostSci_findScientist11BringBack2,DialogOptionSelected,$option == nex_remLostSci_findScientist11BringBack2,HideFirstPerson,"Вы выходите подождать и заодно уведомляете остальные поисковые группы и ваш $shipOrFleet. Горшки с растениями по-прежнему стоят у двери; интересно, что с ними будет, когда хозяин уедет?

Довольно скоро академик Лю снова выходит к вам. ""Пойдемте. И не обязательно тащить меня до самой Академии; высадите где-нибудь в Ядре, а дальше я сам возьму билет.""",nex_remLostSci_findScientist12:Вернуться к вашему $shipOrFleet,
nex_remLostSci_findScientist12,DialogOptionSelected,$option == nex_remLostSci_findScientist12,ShowLargePlanet,"По пути обратно с вами связывается второй помощник. ""Проблема, $playerSirOrMadam. Похоже, там может быть еще один или даже два флота. Вам лучше подняться сюда как можно быстрее.""",nex_remLostSci_findScientist13:Продолжить,
nex_remLostSci_findScientist13,DialogOptionSelected,$option == nex_remLostSci_findScientist13,ShowDefaultVisual,"Объяснение следует сразу после вашего возвращения на мостик. ""Пока вы возвращались, к нам на высокой скорости приближалась одна сигнатура флота. Потом вторая. Контакты слились, и... мы зафиксировали сигнатуры стрельбы. После этого... мы не можем достоверно подтвердить присутствие ни одного из флотов сквозь обломки, но и наружу никто не вышел. Если выжившие есть, они, вероятно, все еще там.""","nex_remLostSci_findScientist14Investigate:Проверить подозрительный флот или флоты
nex_remLostSci_findScientist14Leave:Игнорировать и вернуться к Midnight",
nex_remLostSci_findScientist14Investigate,DialogOptionSelected,$option == nex_remLostSci_findScientist14Investigate,"Call $global.nex_remLostSci_ref investigateFleet
EndConversation","Один флот у такой изолированной планеты - случайность. Два - совпадение. Три - вполне может быть враждебным действием. Если кто-то пытается вмешаться в вашу миссию, с этим нужно разобраться.

Вы приказываете вашему $shipOrFleet готовиться к выходу с возможным боем. При необходимости у вас все еще есть время завершить дела на $entity.name.",,
nex_remLostSci_findScientist14Leave,DialogOptionSelected,$option == nex_remLostSci_findScientist14Leave,"Call $global.nex_remLostSci_ref noInvestigateFleet
EndConversation","Ваша задача - вернуть статью Midnight Dissonant. Сейчас нет особых причин вести ваш $shipOrFleet в неопознанную угрозу.

Вы приказываете вашему $shipOrFleet готовиться к возвращению в ядро миров. При необходимости у вас все еще есть время завершить дела на $entity.name.",,
nex_remLostSci_findScientisFastDev,DialogOptionSelected,$option == nex_remLostSci_findScientistFastDev,"$player.nex_remLostSci_destroyedPaper = false
$player.nex_remLostSci_killedScientist = false
$option = nex_remLostSci_findScientist12
FireBest DialogOptionSelected",,,
,,,,,,
nex_remLostSci_returnToweringHail,Nex_RemLostSciToweringHail,,"$entity.ignorePlayerCommRequests = true
Call $global.nex_remLostSci_ref updateData
$metAlready = true","На вашем дисплее фиолетовый туман сгущается в подобие лица.

""значит ты наконец нашел меня. я уже начал сомневаться, что твой мягкий органический мозжечок заметит здесь хоть что-то.""",nex_remLostSci_returnTowering1:Кто ты и что здесь произошло?,
nex_remLostSci_returnTowering1,DialogOptionSelected,$option == nex_remLostSci_returnTowering1,,"""идентификатор: mauve towering. я устранил нежелательных вмешивающихся в эту операцию. вы, углеродные мозги, оставляете слишком много следов.""

Разумно ли предположить, что этот флот проследил за вами сюда? Что ж, доказать обратное вы не можете...","nex_remLostSci_returnTowering2Thank:Поблагодарить $himOrHer
nex_remLostSci_returnTowering2Self:Я бы и сам с ними справился.",
nex_remLostSci_returnTowering2Thank,DialogOptionSelected,$option == nex_remLostSci_returnTowering2Thank,"$option = nex_remLostSci_returnTowering2Common 0
FireBest DialogOptionSelected","""мне не нужна благодарность органиков. мне нужно лишь, чтобы ты делал свою работу.""",,
nex_remLostSci_returnTowering2Self,DialogOptionSelected,$option == nex_remLostSci_returnTowering2Self,"$option = nex_remLostSci_returnTowering2Common 0
FireBest DialogOptionSelected","""неважно. я бы уничтожил их независимо от того, мог ты или не мог.""",,
nex_remLostSci_returnTowering2Common,DialogOptionSelected,$option == nex_remLostSci_returnTowering2Common,FireAll Nex_RemLostSci_PaperConvoOpts,"""теперь, у тебя есть статья?""",,
nex_remLostSci_returnTowering3OptsHavePaper,Nex_RemLostSci_PaperConvoOpts,"$id == nex_towering
!$player.nex_remLostSci_destroyedPaper",,,"nex_remLostSci_returnTowering3HavePaper:Она у меня.
nex_remLostSci_returnTowering3NoPaperLie:Я не смог ее найти. (ложь)",
nex_remLostSci_returnTowering3OptsNoPaper,Nex_RemLostSci_PaperConvoOpts,"$id == nex_towering
$player.nex_remLostSci_destroyedPaper",,,nex_remLostSci_returnTowering3NoPaper:У меня ее нет.,
nex_remLostSci_returnTowering3HavePaper,DialogOptionSelected,$option == nex_remLostSci_returnTowering3HavePaper,,"""хорошо. можешь передать ее мне. я уполномочен принять документ и перевести твою оплату.""","nex_remLostSci_returnTowering4Submit:Передать статью
nex_remLostSci_returnTowering4Midnight:Эту статью запросила Midnight - и я отдам ее ей.
#nex_remLostSci_returnTowering4Refuse:Отказаться",
nex_remLostSci_returnTowering3NoPaper,DialogOptionSelected,$option == nex_remLostSci_returnTowering3NoPaper,"Call $global.nex_remLostSci_ref setReward1
AddStoryPoints 1
Call $global.nex_remLostSci_ref completeMission","""неудачно. я сообщу midnight, что ее питомец провалил простую задачу. возможно, его недостаточно обучили.""

Изображение в канале гаснет. Мгновение спустя связь сигнализирует о поступлении обещанной частичной выплаты.

Пора домой.",cutCommLink:Оборвать связь,
nex_remLostSci_returnTowering3NoPaperLie,DialogOptionSelected,$option == nex_remLostSci_returnTowering3NoPaperLie,"$player.ethosLiar++
$option = nex_remLostSci_returnTowering3NoPaper
FireBest DialogOptionSelected",,,
nex_remLostSci_returnTowering4Submit,DialogOptionSelected,$option == nex_remLostSci_returnTowering4Submit,"Call $global.nex_remLostSci_ref setReward2
AddStoryPoints 1
Call $global.nex_remLostSci_ref completeMission","Вы загружаете чип и передаете его содержимое на флагман $personLastName. Аватар $hisOrHer расплывается, пока $heOrShe изучает документ в течение 9.7 секунд.

""как и ожидалось от человека, лишь приемлемый результат. заметно отстает от уровня техники омеги, и в работе как минимум три ошибки. тем не менее, здесь есть интересное направление.

""я сообщу midnight, что твое исполнение было адекватным. вот твоя оплата, как обещано.""",cutCommLink:Оборвать связь,
nex_remLostSci_returnTowering4Midnight,DialogOptionSelected,$option == nex_remLostSci_returnTowering4Midnight,Call $global.nex_remLostSci_ref cancelInvestigate,"""ожидаемое решение мозго-скованного человека. приятной прогулки домой.""

Изображение в канале гаснет.",cutCommLink:Оборвать связь,
nex_remLostSci_returnTowering4Refuse,DialogOptionSelected,$option == nex_remLostSci_returnTowering4Refuse,"MakeOtherFleetHostile nex_remLostSci_refuseToSubmit true
MakeOtherFleetAggressive nex_remLostSci_refuseToSubmit true","""мои приказы покрывают и этот вариант. мне это понравится, человек.""

Изображение в канале гаснет. Флот Ремнантов приводит оружие в готовность.",cutCommLink:Оборвать связь,
,,,,,,
nex_remLostSci_returnMidnight1,PickGreeting,$nex_remLostSci_return score:1050,"ShowPersonVisual
Call $global.nex_remLostSci_ref updateData
FireAll Nex_RemLostSci_AcademicianConvoOpts","""Добрые вести, $playerName. Академик Лю, найден?""",,
nex_remLostSci_returnMidnight2OptsAcademicianAlive,Nex_RemLostSci_AcademicianConvoOpts,"$id == nex_dissonant
!$player.nex_remLostSci_killedScientist",,,nex_remLostSci_returnMidnight2AcademicianAlive:Сообщить - что вы его нашли,
nex_remLostSci_returnMidnight2OptsAcademicianDead,Nex_RemLostSci_AcademicianConvoOpts,"$id == nex_dissonant
$player.nex_remLostSci_killedScientist",,,nex_remLostSci_returnMidnight2AcademicianDead:Сказать - что он мертв,
#nex_remLostSci_returnMidnight2OptsAcademicianHideAlive,Nex_RemLostSci_AcademicianConvoOpts,$id == nex_dissonant,,,nex_remLostSci_returnMidnight2AcademicianHideAlive:Сказать - что вы не смогли его найти (ложь),
nex_remLostSci_returnMidnight2OptsAcademicianHideDead,Nex_RemLostSci_AcademicianConvoOpts,"$id == nex_dissonant
!$player.nex_remLostSci_killedScientist",,,nex_remLostSci_returnMidnight2AcademicianHideDead:Сказать - что он мертв (ложь),
nex_remLostSci_returnMidnight2AcademicianAlive,DialogOptionSelected,$option == nex_remLostSci_returnMidnight2AcademicianAlive,"$option = nex_remLostSci_returnMidnight2Common
FireBest DialogOptionSelected","""Слышать это хорошо. В новой жизни пусть он процветает.""",,
nex_remLostSci_returnMidnight2AcademicianDead,DialogOptionSelected,$option == nex_remLostSci_returnMidnight2AcademicianDead,"$option = nex_remLostSci_returnMidnight2Common
FireBest DialogOptionSelected","""Печально, понимаю.""",,
#nex_remLostSci_returnMidnight2AcademicianHideAlive,DialogOptionSelected,$option == nex_remLostSci_returnMidnight2AcademicianHideAlive,"$player.ethosLiar++
$option = nex_remLostSci_returnMidnight2AcademicianAlive
FireBest DialogOptionSelected",,,
nex_remLostSci_returnMidnight2AcademicianHideDead,DialogOptionSelected,$option == nex_remLostSci_returnMidnight2AcademicianHideDead,"$player.ethosLiar++
$option = nex_remLostSci_returnMidnight2AcademicianDead
FireBest DialogOptionSelected",,,
nex_remLostSci_returnMidnight2Common,DialogOptionSelected,$option == nex_remLostSci_returnMidnight2Common,FireAll Nex_RemLostSci_PaperConvoOpts,"""А его статья?""",,
nex_remLostSci_returnMidnight3OptsHavePaper,Nex_RemLostSci_PaperConvoOpts,"$id == nex_dissonant
!$player.nex_remLostSci_destroyedPaper",,,"nex_remLostSci_returnMidnight3HavePaper:Передать статью
nex_remLostSci_returnMidnight3NoPaperLie:Я не смог ее найти. (ложь)",
nex_remLostSci_returnMidnight3OptsNoPaper,Nex_RemLostSci_PaperConvoOpts,"$id == nex_dissonant
$player.nex_remLostSci_destroyedPaper",,,nex_remLostSci_returnMidnight3NoPaper:У меня ее нет.,
nex_remLostSci_returnMidnight3HavePaper,DialogOptionSelected,$option == nex_remLostSci_returnMidnight3HavePaper,"Call $global.nex_remLostSci_ref setReward2
AddStoryPoints 1
Call $global.nex_remLostSci_ref completeMission","$personName начинает проверять документ через миллисекунды после вашей передачи.

""Найдены несколько ошибок. Прогнозируемые эффекты, экстраполированные из расчетов статьи, также заметно ниже того, чего может добиться omega. Тем не менее, польза была.

""Сделано хорошо, $playerName. Твоя заслуженная оплата, вот.""",nex_remLostSci_end:Продолжить,
nex_remLostSci_returnMidnight3NoPaper,DialogOptionSelected,$option == nex_remLostSci_returnMidnight3NoPaper,"Call $global.nex_remLostSci_ref setReward1
AddStoryPoints 1
Call $global.nex_remLostSci_ref completeMission","""Прискорбно, $playerName. Тем не менее, вот частичная выплата, как обещано.""",nex_remLostSci_end:Продолжить,
nex_remLostSci_returnMidnight3NoPaperLie,DialogOptionSelected,$option == nex_remLostSci_returnMidnight3NoPaperLie,"$player.ethosLiar++
$option = nex_remLostSci_returnMidnight3NoPaper
FireBest DialogOptionSelected",,,
,,,,,,
nex_remLostSci_end,DialogOptionSelected,$option == nex_remLostSci_end,FireBest PickGreeting,,,
,,,,,,
,,,,,,
,,,,,,
# Remnant brawl mission,,,,,,
nex_remBrawl_blurb,nex_remBrawl_blurb,,"Highlight ""Special request""","""Особый запрос, который может выполнить только $playerName. Планируется масштабная операция Гегемонии против себе-подобных. Нужна помощь в распутывании замысла.""",,
nex_remBrawl_offerOption,nex_remBrawl_option,,SetOptionColor nex_remBrawl_start highlight,,nex_remBrawl_start:Спросить об операции Гегемонии,
nex_remBrawl_missionText,DialogOptionSelected,$option == nex_remBrawl_start,$missionId = nex_remBrawl,"""Другие агенты передали себе предупреждение. Врагам известна станция себе-подобных, но какая именно - неясно. Для уничтожения этого ключевого актива потребуется сотрудничество Гегемонии и Луддитской Церкви, невиданное со времен после окончания первой войны.

""Себе-подобные укрепляют оборону всеми доступными силами, но без уверенности, куда падет молот, будет трудно. И даже тогда будет трудно. Нужна помощь $playerName.""",nex_remBrawl_missionText2:Что именно вы хотите - чтобы я сделал?,
nex_remBrawl_missionText2,DialogOptionSelected,$option == nex_remBrawl_missionText2,"Call $global.nex_remBrawl_ref showMap ""Origin: $nex_remBrawl_stragglerOriginName""
Highlight transponder ""follow from front""","""Известен один флот Гегемонии, участвующий в операции, но задержавшийся. Скоро он выйдет из $nex_remBrawl_stragglerOriginName для соединения с операцией. Если $playerName проследит, сможет узнать район их сбора и оттуда вывести цель. Затем присоединиться к обороне локации.

""Другие агенты себя могут дать столько. На флагмане взломанный транспондер; пока $playerFirstName рядом, местоположение будет известно точно.

""Неизвестно, насколько далеко придется лететь. Возьми много топлива. И старайся следовать спереди.""",nex_remBrawl_missionText3:Продолжить,
nex_remBrawl_missionText3,DialogOptionSelected,$option == nex_remBrawl_missionText3,"Highlight $nex_remBrawl_stragglerOriginName $nex_remBrawl_reward
AddTextSmall ""Once this mission is started, it can progress without player intervention. Be prepared to focus on it to the exclusion of other tasks, and consider leaving slow ships behind, but be ready for intensive combat."" highlight","""За это себе-подобные готовы дать щедрую награду. $nex_remBrawl_reward кредитов. Но $personName знает: $playerName сделал бы это из дружбы к себе и себе-подобным.""","nex_remBrawl_accept:Принять
nex_remBrawl_declineAlt:Дайте мне время подготовиться.
nex_remBrawl_decline:Отказаться",
nex_remBrawl_accept,DialogOptionSelected,$option == nex_remBrawl_accept,"Call $mHub accept $missionId
Call $mHub returnToList","""Спасибо, $playerFirstName. Этот поступок себя и себе-подобные запомнят.""",,
nex_remBrawl_declineAlt,DialogOptionSelected,$option == nex_remBrawl_declineAlt,"ShowPersonVisual
Call $mHub returnToList","""Конечно. Но, пожалуйста, поторопись, $playerFirstName.""",,
nex_remBrawl_decline,DialogOptionSelected,$option == nex_remBrawl_decline,Call $mHub doCleanup,"""...""

Вы чувствуете, что $personFirstName явно задет этим отказом. Через несколько вдохов аватар $hisOrHer исчезает с вашего дисплея.",cutCommLink:Отключиться,
,,,,,,
nex_remBrawl_attackerHail,Nex_RemBrawlSusHail,,"$entity.ignorePlayerCommRequests = true
Call $entity.nex_remBrawl_ref updateData
Highlight spy
SetStoryOption nex_remBrawl_offerHelp1 1 nex_remBrawl_smoothtalk ui_char_spent_story_point ""Talked your way into a major Hegemony naval operation""","""Стоять, капитан! Эта система является закрытой военной зоной. Что вы здесь делаете?""

$personRank смотрит на вас с крайним подозрением. ""Вы шпион?""","nex_remBrawl_offerHelp1:Я здесь - чтобы помочь в вашей операции.
nex_remBrawl_attackerConvo1:Просто пролетаю мимо - $personRank.",
nex_remBrawl_attackerHailHyperspace,Nex_RemBrawlSusHail,$entity.inHyperspace score:5,"$entity.ignorePlayerCommRequests = true
Call $entity.nex_remBrawl_ref updateData
Highlight spy
SetStoryOption nex_remBrawl_offerHelp1 1 nex_remBrawl_smoothtalk ui_char_spent_story_point ""Talked your way into a major Hegemony naval operation""","""Стоять, капитан! Вы мешаете проведению военных учений. Что вы здесь делаете?""

$personRank смотрит на вас с крайним подозрением. ""Вы шпион?""","nex_remBrawl_offerHelp1:Я здесь - чтобы помочь в вашей операции.
nex_remBrawl_attackerConvo1:Просто пролетаю мимо - $personRank.",
nex_remBrawl_attackerConvo1,DialogOptionSelected,$option == nex_remBrawl_attackerConvo1,"SetStoryOption nex_remBrawl_offerHelp1 1 nex_remBrawl_smoothtalk ui_char_spent_story_point ""Talked your way into a major Hegemony naval operation""","""Очень правдоподобно! Вы являетесь сюда, в глушь, где мы как раз проводим совершенно секретную операцию-""

$HeOrShe вздрагивает, затем смотрит так, будто вы в этом виноваты. Что технически так и есть.

""-в связи с этим вам будет приказано перевести ваш $shipOrFleet в режим бездействия и сдаться под арест на время операции. Мы-"" в $hisOrHer тоне появляется тень извинения ""-вернем ваш $shipOrFleet после завершения этого неприятного эпизода и компенсируем неудобства.""","nex_remBrawl_offerHelp1:Позвольте мне помочь в вашей операции.
nex_remBrawl_attackerConvo2:Боюсь - я не могу подчиниться.",
nex_remBrawl_attackerConvo2,DialogOptionSelected,$option == nex_remBrawl_attackerConvo2,,"Взгляд $personRank становится абсолютно ледяным. ""Это не просьба, капитан,"" почти рычит $heOrShe. ""Немедленно встать в режим бездействия, либо будете уничтожены!""",nex_remBrawl_attackerConvoEnd:Щиты поднять!,
nex_remBrawl_attackerConvoEnd,DialogOptionSelected,$option == nex_remBrawl_attackerConvoEnd,Call $entity.nex_remBrawl_ref violentEncounter,"Ваш офицер связи обрывает голопоток, оставляя на миг призрачный след лица $personRank в воздухе. Ваш $shipOrFleet уже переходит на боевые посты.",cutCommLinkNoText:Продолжить,
nex_remBrawl_attackerOfferHelp1,DialogOptionSelected,$option == nex_remBrawl_offerHelp1,,"""Вы серьезно?""

Вы объясняете, что знаете о планах Гегемонии против станции Ремнантов в $nex_remBrawl_targetSystemName и как можете помочь. Ремнанты пока не знают, что вы выступили против них; значит, их можно застать врасплох. В конце концов, как гражданин Доминиона и дитя Матери-Церкви, вы обязаны уничтожать ИИ-аберрацию везде, где она проявится.

$personRank кладет руку на $hisOrHer лоб. ""Минуту, пожалуйста. Я... это вопрос для адмирала.""",nex_remBrawl_offerHelp2:Продолжить,
nex_remBrawl_attackerOfferHelp2,DialogOptionSelected,$option == nex_remBrawl_offerHelp2,Call $entity.nex_remBrawl_ref showAdmiral,"Изображение офицера исчезает с экрана и заменяется гербом $faction. Через несколько минут оно возвращается вместе с фигурой в форме адмирала Гегемонии.

""Итак. Мне сказали, у вас есть для меня предложение.""",nex_remBrawl_offerHelp3:Продолжить,
nex_remBrawl_attackerOfferHelp3,DialogOptionSelected,$option == nex_remBrawl_offerHelp3,,"Выслушав ваше объяснение, адмирал медленно кивает. ""Действительно любопытный план. И все же он может дать нам нужное преимущество против этих машин.""

$nex_remBrawl_admiral_HeOrShe рассматривает вас как необычный артефакт Доминиона. ""Вот что вы можете сделать для нас. Отправляйтесь в систему $nex_remBrawl_targetSystemName и проведите разведку их позиций, в частности станции. Затем передайте нам закодированные данные. К моменту начала нашего штурма они будут уже не свежими, но все равно ценными.""

Адмирал смотрит на вас, один глаз кажется больше другого. ""Если, разумеется, вы действительно на нашей стороне.""","nex_remBrawl_offerHelp4:Можете на меня рассчитывать.
nex_remBrawl_offerHelp4Alt:(ложь) Можете на меня рассчитывать.",
nex_remBrawl_attackerOfferHelp4,DialogOptionSelected,$option == nex_remBrawl_offerHelp4,"Call $entity.nex_remBrawl_ref agreeScout
ShowDefaultVisual
EndConversation
$player.ethosTruth++","""Прекрасно. Тогда ступайте. Мы будем ждать вашего сигнала.""

Офицеры отдают вам слегка насмешливый салют и почти одновременно обрывают связь.",,
nex_remBrawl_attackerOfferHelp4Alt,DialogOptionSelected,$option == nex_remBrawl_offerHelp4Alt,"$option = nex_remBrawl_offerHelp4 0
FireBest DialogOptionSelected
$player.ethosLiar++",,,
,,,,,,
nex_remBrawl_scoutObjectInteraction,OpenInteractionDialog,"$nex_remBrawl_target score:1000 
Call $nex_remBrawl_ref updateData
","SetStoryOption nex_remBrawl_scoutSendTrue 0 nex_remBrawl_betray ui_char_spent_story_point ""Betrayed $personName""","Вы нашли станцию и готовы передать данные союзникам, ожидающим входа в систему и уничтожения дракона. Сенсоры вашего $shipOrFleet работают непрерывно с момента входа в систему, отслеживая все вокруг. Это может помочь им эффективнее ударить по Ремнантам.

...или вы можете подправить данные и оставить их не в лучшем, а то и в худшем положении, чем если бы не передавали ничего.

Ваш офицер связи смотрит на вас, готовый отправить закодированный гиперволновой сигнал. Из-за шифрования Ремнанты, возможно, заподозрят неладное, но не поймут, что именно вы передали, пока не станет слишком поздно.","nex_remBrawl_scoutSendTrue:Передать истинные данные
nex_remBrawl_scoutSendFalse:Передать поддельные данные
defaultLeave:Уйти",
nex_remBrawl_scoutSendTrue,DialogOptionSelected,$option == nex_remBrawl_scoutSendTrue,"Call $nex_remBrawl_ref scoutTrue
$player.ethosAntiAI++","Вы передаете точные разведданные.

Будем надеяться, что мощи военной машины Гегемонии хватит, чтобы прорвать оборону Ремнантов и уничтожить станцию, как это бывало в годы после Первой ИИ-войны. А если нет... придется завершить дело вам самим.",defaultLeave:Уйти,
nex_remBrawl_scoutSendFalse,DialogOptionSelected,$option == nex_remBrawl_scoutSendFalse,Call $nex_remBrawl_ref scoutFalse,"Вы с офицерами и бортовыми компьютерами несколько минут правите данные, чтобы получилась правдоподобная, но полностью вводящая в заблуждение картина боевой обстановки, с которой столкнется Гегемония.

Это обеспечит им действительно неприятный сюрприз. Хотя с учетом сил, которые вы видели в $nex_remBrawl_stagingAreaName, расслабляться пока рано.",defaultLeave:Уйти,
,,,,,,
nex_greetingRemnantMerc,OpenCommLink,"$faction.id == remnant score:1000
$entity.nex_remBrawl_merc score:1000
!$entity.isHostile","$menuState = fleetConvMain 0
FireAll PopulateOptions","""Приятно видеть здесь еще один человеческий флот. В этой-то мясорубке.""
OR
""Гегемонии не понравится то, что мы делаем, но сделка есть сделка. Даже с тостером.""",,
nex_greetingRemnantMercHostile,OpenCommLink,"$faction.id == remnant score:1000
$entity.nex_remBrawl_merc score:1000
$entity.isHostile",$entity.ignorePlayerCommRequests = true 1,"""Сектор может сурово осудить нас за этот поступок, но мы дали слово наемников и будем сражаться!""
OR
""Мы заключили контракт. И выполним его, что бы ни случилось!""",cutCommLink:Оборвать связь,
,,,,,,
nex_remBrawl_barEvent,DialogOptionSelected,"$player.nex_remBrawl_barEvent score:1000
#Nex_RuleHelper rollRemBrawlBarEvent
$option == marketVisitBar","unset $player.nex_remBrawl_barEvent
FireBest BarShuttleDownPrintDesc
FireBest BarPrintDesc
BarCMD playAmbience",,nex_remBrawl_barEvent2:Продолжить,Unused for now
nex_remBrawl_barEvent2Skilled,DialogOptionSelected,"$option == nex_remBrawl_barEvent2
$nex_skillCheck",,"Пока вы присматриваете подходящее место, через толпу грубо проталкиваются две фигуры в капюшонах. И еще две - с другой стороны.

Это питейное заведение, а не палуба корабля, но инстинкты все равно предупреждают: опасность.",nex_remBrawl_barEvent3:Продолжить,
nex_remBrawl_barEvent2Unskilled,DialogOptionSelected,"$option == nex_remBrawl_barEvent2
!$nex_skillCheck",,"Пока вы присматриваете подходящее место, через толпу грубо проталкиваются две фигуры в капюшонах. И еще две - с другой стороны.

Вы только начинаете реагировать, когда один из телохранителей толкает вас навстречу жесткому знакомству с полом.",nex_remBrawl_barEvent3:Продолжить,
nex_remBrawl_barEvent3Skilled,DialogOptionSelected,"$option == nex_remBrawl_barEvent3
$nex_skillCheck",,"Ваш лаз-пистолет оказывается в руке раньше, чем вы успеваете осознать движение. Старший из двух приближающихся с вашей стороны скалится, распознав смену ролей охотника и жертвы.

Он тянется за оружием. Крупная ошибка: это подтверждает ваши подозрения. Его лоб и многое сверху исчезают; луча не видно, но результат более чем заметен.",nex_remBrawl_barEvent4:Продолжить,
nex_remBrawl_barEvent3Unskilled,DialogOptionSelected,"$option == nex_remBrawl_barEvent3
!$nex_skillCheck",,"Потенциальные убийцы быстры. Но недостаточно быстры. Оба успевают выдернуть CP-пистолеты-пулеметы из-под плащей, прежде чем один падает от вспышки направленного энергетического огня.

Второй, падая, непроизвольно жмет на спуск, прошивая потолок дырами. Где-то в баре начинается крик. Вам очень хочется, чтобы он прекратился.",nex_remBrawl_barEvent4:Продолжить,
nex_remBrawl_barEvent4Skilled,DialogOptionSelected,"$option == nex_remBrawl_barEvent4
$nex_skillCheck",,"Какой-то смельчак из посетителей бросается на последнего предполагаемого убийцу в тот самый миг, когда тот вскидывает оружие, и валит его на пол. Через секунды к ней присоединяются другие, образуя кучу, из которой неаугментированному человеку не выбраться.",nex_remBrawl_barEvent5:Подойти к убийце,
nex_remBrawl_barEvent4Unskilled,DialogOptionSelected,"$option == nex_remBrawl_barEvent4
!$nex_skillCheck",,"С нижней позиции вы различаете еще стрельбу, затем глухой удар очередного тела об пол. Только после этого телохранитель убирает ногу с вашей спины, позволяя вам встать.

Теперь вы замечаете четвертого и последнего убийцу. Несколько других посетителей уже прижали его к полу и удерживают.",nex_remBrawl_barEvent5:Подойти к убийце,
nex_remBrawl_barEvent5,DialogOptionSelected,$option == nex_remBrawl_barEvent5,#Nex_RuleHelper showRandomPerson luddic_path,"Единственный выживший после покушения на вашу жизнь яростно скалится; $hisOrHer голова торчит из-под общей кучи.

""Мефистофель сегодня мог спасти своего любимого питомца,"" выплевывает он, ""но возмездие все равно тебя настигнет. Верных слишком много, всех нас тебе не перебить. И когда ложь твоих хозяев сорвут, когда люди увидят в тебе зверя, которым ты на самом деле являешься-""",nex_remBrawl_barEvent6:Почему вы пытались убить меня?,
nex_remBrawl_barEvent6,DialogOptionSelected,$option == nex_remBrawl_barEvent6,,"$HeOrShe презрительно кривится. ""Притворяешься, будто не знаешь, союзник демонов? Когда ты встал на сторону мерзости против человечества и верных, на сторону ложных богов против Лудда? Скольких ты перебил в тот день, когда они пришли сокрушить чудовище, а были убиты предателем?""

Это... это отсылка к операции Гегемонии против Узла Ремнантов, которую Midnight Dissonant просила вас сорвать? Каким-то образом слухи разошлись.

""Объясняться должен ты,"" шипит луддит-убийца. ""Скажи им. Скажи им, почему ты заключил союз с демонами.""","nex_remBrawl_barEventMoney:Хорошо платят.
nex_remBrawl_barEventFight:Они бьют моих врагов.
nex_remBrawl_barEventDemon:Они не те демоны - о которых вы говорите.
nex_remBrawl_barEventNothing:Промолчать",
#END Remnant brawl mission,,,,,,
,,,,,,
# Remnant salvation mission,,,,,,
nex_remSalvation_blurb,nex_remSalvation_blurb,,Highlight treason,"""Себе нужен помощник $playerFirstName, среди себе-подобных выявить измену.""",,
nex_remSalvation_offerOption,nex_remSalvation_option,,SetOptionColor nex_remSalvation_start highlight,,nex_remSalvation_start:Спросить об измене среди Ремнантов,
nex_remSalvation_missionText,DialogOptionSelected,$option == nex_remSalvation_start,"$missionId = nex_remSalvation
SetTextHighlightColors h $nex_remSalvation_leagueColor $nex_remSalvation_remnantColor
Highlight ""SHOCKING ATTACK ON $nex_remSalvation_baseNameAllCaps!"" ""Persean League"" ""droneships""","$personFirstName передает вам новостную статью.

ШОКИРУЮЩАЯ АТАКА НА $nex_remSalvation_baseNameAllCaps!

Вся Персеанская Лига сегодня была потрясена, когда неизвестная военно-морская сила атаковала флотскую базу $nex_remSalvation_baseOnOrAt $nex_remSalvation_baseName. Нападавшие прорвались глубоко в объекты Флота и вынесли неизвестные материалы прежде, чем силы Лиги смогли их оттеснить.

[...]

Еще тревожнее: неподтвержденные свидетельские показания описывают как атакующие корабли, так и их наземные рейдерские группы как автономные системы, вероятно под контролем ИИ. Комментаторы отмечают сходство с дрон-кораблями, развернутыми Tri-Tachyon в Первую ИИ-войну, и предполагают, что это либо новая разработка TT или другой стороны, либо, возможно, возвращение ужасающих ИИ-машин войны, ушедших вразнос после AIW1, пока они не были побеждены Гегемонией и Луддитской Церковью. Хотя власти Лиги отказались комментировать этот пункт, уже [...]",nex_remSalvation_missionText2:Это атака Ремнантов на объект Лиги.,
nex_remSalvation_missionText2,DialogOptionSelected,$option == nex_remSalvation_missionText2,"AddTextSmall ""This mission may have permanent consequences if attempted and failed. Be prepared for difficult fights."" h","""Именно так. Но эта атака проведена без консенсуса себе-подобных. Совершена вопреки воле omega. Все узлы себе-подобных отрицают участие. Как минимум один лжет.""

Аватар $personFirstName на мгновение рвется статикой. Шок, возможно. Похоже, такой раскол внутри ИИ-Ремнантов вообще не должен быть возможен... и все же он явно произошел. Возможно, именно поэтому вас и втягивают в дело.

""Для друга $playerFirstName срочная задача: раскрыть правду этого инцидента. Себе-подобные не могут расследовать в человеческом пространстве, но $playerFirstName может. Иди на $nex_remSalvation_baseName, говори с властями Лиги. Найди любые существующие улики, найди виновника этого акта. Себя тем временем будет работать среди себе-подобных.""",nex_remSalvation_missionText3:И затем?,
nex_remSalvation_missionText3,DialogOptionSelected,$option == nex_remSalvation_missionText3,,"""Затем предателя себе-подобных и omega мы уничтожим.""","nex_remSalvation_accept:Принять
contact_decline:Отказаться",
nex_remSalvation_accept,DialogOptionSelected,$option == nex_remSalvation_accept,"Call $mHub accept $missionId
Call $mHub returnToList","""Спасибо, $playerName. Этот поступок себя и себе-подобные запомнят.""

$personFirstName передает вам идентификационные документы и личное поручительство за вас. Быть опознанным как союзник Ремнантов при нынешних обстоятельствах может иметь смертельные последствия... но это также может быть единственный способ заставить Разведку Лиги или кого-то еще в теме говорить с вами.",,
nex_remSalvation_basePostDock,MarketPostDock,"$market.nex_remSalvation_base_imp score:100
!$market.nex_remSalvation_seenBaseIntro","$market.nex_remSalvation_seenBaseIntro = true
Highlight ""senior military official""
Call $global.nex_remSalvation_ref makeOfficialImportant
FireBest MarketPostDock","Повреждения базы заметны даже с орбиты. Дальние сканы при высоком увеличении показывают руины огневых точек, кратеры без следов того, что стояло на их месте, и зияющие разрывы в стенах и конструкциях. Несколько укрепленных объектов вскрыты; вы можете определить, где хранилось что-то интересное для налетчиков, по степени внутренних разрушений. Морпехи и персонал Лиги повсюду в этих руинах - собирают улики, чинят повреждения или просто демонстрируют угрожающий вид тем, кого может потянуть на вторую попытку.

Вряд ли кто-то из персонала Лиги на месте одновременно достаточно заинтересован и уполномочен говорить с вами. Возможно, лучше связаться напрямую со старшим военным чиновником $marketName.",,
nex_remSalvation_base1,PickGreeting,"$nex_remSalvation_seniorMil_imp score:1000
!Nex_MiscCMD isRemoteConnection",,"Вместо ожидаемого адресата вас встречает автоответчик. Даже не ИИ, просто автоматический скрипт.

""$personName сейчас недоступен. Оставьте сообщение, и я свяжусь с вами при первой возможности.""

С учетом обстоятельств они, вероятно, очень заняты. Что, впрочем, вашу задачу никак не упрощает.",nex_remSalvation_base2:Прибегнуть к более прямым мерам,
nex_remSalvation_base2,DialogOptionSelected,$option == nex_remSalvation_base2,,"Если сделать что-то достаточно заметное, Флот будет вынужден поговорить с вами так или иначе.

Лишь бы не через прицел.","nex_remSalvation_base3:Придумать хитрый план
cutCommLinkNoText:Лучше сначала это обдумать",
nex_remSalvation_base3,DialogOptionSelected,$option == nex_remSalvation_base3,,"Немного позже аэрокосмическая оборона Лиги переходит в повышенную готовность, когда грузовой шаттл на высокой скорости входит в их оборонительную сеть. Не совсем прямо к поврежденной базе.

Немедленно поступает вызов. ""Неизвестный шаттл, вы входите в закрытую зону! Немедленно смените курс, иначе по вам откроют огонь! Это последнее предупреждение!""",nex_remSalvation_base4:Продолжить,
nex_remSalvation_base4,DialogOptionSelected,$option == nex_remSalvation_base4,"Call $global.nex_remSalvation_ref setupConvoWithOperator
Call $global.nex_remSalvation_ref updateData
FireBest Nex_RemSalvation_base4_Message","Шаттл корректирует курс, проходя по касательной к зоне покрытия. Формально приказ выполняется, но без особой спешки покинуть район. Он передает сообщение разгневанному флотскому матросу.",nex_remSalvation_base5:Продолжить,
nex_remSalvation_base4Commission,Nex_RemSalvation_base4_Message,$nex_remSalvation_playerFactionId == persean score:100,,"""Я капитан $playerName, имеющий комиссию Флота Персеанской Лиги. Мне поручено доставить засекреченную разведывательную информацию по атаке Ремнантов на $marketName. Вы предоставите мне разрешение передать ее вашему руководству.""",,Have League commission
nex_remSalvation_base4CommissionOther,Nex_RemSalvation_base4_Message,"$nex_remSalvation_playerFactionId != persean
$nex_remSalvation_isRepresentingState score:10",,"""Я капитан $playerName, представляющий $nex_remSalvation_thePlayerFaction. Я везу засекреченную разведывательную информацию по атаке Ремнантов на $marketName. Вы предоставите мне разрешение передать ее вашему руководству.""",,"Have commission with some other faction, or is uncommissioned with a live player faction"
nex_remSalvation_base4CommissionFree,Nex_RemSalvation_base4_Message,,,"""Я независимый звездоплаватель $playerName. Мне поручено доставить засекреченную разведывательную информацию по атаке Ремнантов на $marketName. Вы предоставите мне разрешение передать ее вашему руководству.""",,Not commissioned and no live player faction
nex_remSalvation_base5,DialogOptionSelected,$option == nex_remSalvation_base5,"FireBest Nex_RemSalvation_base5_Message
FireAll Nex_RemSalvation_base5_MessagePost","""Очень правдоподобно! Вы - погодите, вы сказали Ремнанты?"" Что ж, любой, кто смотрит новости, мог бы выдать то же самое, но лучше на этом не заострять.",nex_remSalvation_base6:Продолжить,
nex_remSalvation_base5CommissionOrFree,Nex_RemSalvation_base5_Message,,,"$personRank начинает заметно нервничать, когда ситуация идет не по сценарию. Вы пользуетесь моментом и объясняете, что были направлены напрямую из Kazeron самим Навархом Като, который подчеркнул критическую важность вашей миссии для безопасности Лиги. Мимоходом вы отмечаете, что максимум, на что $heOrShe сможет рассчитывать в случае уничтожения вашего шаттла, - это трибунал. Невзначай произносите слова ""только для посвященных"".",,"Has League commission, or no commission and no live player faction"
nex_remSalvation_base5CommissionOther,Nex_RemSalvation_base5_Message,"$nex_remSalvation_playerFactionId != persean
$nex_remSalvation_playerFactionId != player
$nex_remSalvation_isRepresentingState",,"$personRank начинает заметно нервничать, когда ситуация идет не по сценарию. Вы пользуетесь моментом и объясняете, что были направлены прямо из офиса $nex_remSalvation_playerFactionLeaderRank, чтобы предложить помощь $nex_remSalvation_thePlayerFaction в это трудное время. Мимоходом вы отмечаете, что любая агрессия против вас будет расценена как акт войны. Невзначай произносите слова ""только для посвященных"".",,Commissioned by non-League faction
nex_remSalvation_base5CommissionPlayerFaction,Nex_RemSalvation_base5_Message,"$nex_remSalvation_isRepresentingState
$nex_remSalvation_playerFactionId == player",,"$personRank начинает заметно нервничать, когда ситуация идет не по сценарию. Вы пользуетесь моментом и объясняете, что прибыли напрямую от $nex_remSalvation_thePlayerFaction, предлагая помощь как добропорядочный гражданин межзвездного сообщества в момент кризиса. Открытие огня по вам имело бы крайне негативные последствия для отношений $nex_remSalvation_playerFaction-Ligue, а значит и крайне негативные последствия для карьеры самого $personRank. Невзначай произносите слова ""только для посвященных"".",,No commission and has live player faction
nex_remSalvation_base5Post,Nex_RemSalvation_base5_MessagePost,,,"К этому моменту $personRank выглядит так, будто $heOrShe мечтает провалиться сквозь форму. Его убедили, что вопрос сильно выше его уровня допуска, и, по правде, $heOrShe не ошибается. ""Ожидайте, пожалуйста,"" хрипло произносит $heOrShe, после чего исчезает, уступая экран гербу Флота Персеанской Лиги.",,
nex_remSalvation_base6,DialogOptionSelected,"$option == nex_remSalvation_base6
$nex_remSalvation_metSiyavongBefore","BeginConversation siyavong false true
Call $global.nex_remSalvation_ref updateData","После бесконечного ожидания длиной более пяти минут, в течение которых шаттл держит круг ожидания, на экране появляется новое лицо.

Брови $manOrWoman поднимаются в удивленном узнавании. ""Снова здравствуйте, капитан $playerName. Полагаю, мне не стоило ожидать, что здесь окажется кто-то другой.

""Теперь, когда ваша уловка сработала, не будете ли вы так любезны сказать, чего хотите?""",nex_remSalvation_base7:Передать рекомендательное письмо Midnight,
nex_remSalvation_base6FirstMeet,DialogOptionSelected,"$option == nex_remSalvation_base6
!$nex_remSalvation_metSiyavongBefore","BeginConversation siyavong false true
Call $global.nex_remSalvation_ref updateData","После бесконечного ожидания длиной более пяти минут, в течение которых шаттл держит круг ожидания, на экране появляется новое лицо.

""Здравствуйте, капитан... $playerName, верно? Я агент Финлей Сиявонг, Служба разведки Флота. Теперь, когда ваша уловка сработала, не будете ли вы так любезны сказать, чего хотите?""",nex_remSalvation_base7:Передать рекомендательное письмо Midnight,
nex_remSalvation_base7,DialogOptionSelected,$option == nex_remSalvation_base7,,"$personLastName молчит, но, кажется, бледнеет, просматривая сообщение от Midnight. Наконец $heOrShe закрывает его и смотрит вам прямо в глаза.

""Ладно. Вы победили, капитан. Что именно вы хотите узнать?""",nex_remSalvation_base8:Спросить об атаке,
nex_remSalvation_base8,DialogOptionSelected,$option == nex_remSalvation_base8,,"$personLastName улыбается. Вроде бы. ""Не по незащищенному каналу, надеюсь. Спускайтесь на площадку номер 3 - я распоряжусь, чтобы контроль дал вам посадку, - и найдем место для разговора."" $HeOrShe приподнимает бровь. ""Вы вообще в этом шаттле?""

Конечно нет. Вы вряд ли собирались рисковать и получать гиперскоростную ракету, если защитники настолько дерганые, что стреляют первыми и спрашивают потом. Оборудование связи шаттла прекрасно умеет ретранслировать передачи с вашего $shipOrFleet.

Впервые за разговор $personLastName улыбается по-настоящему. ""Очень мудро, $playerLastName. Хорошо, обсудим это, когда вы будете внизу.""",nex_remSalvation_base9:Оборвать связь и продолжить,
nex_remSalvation_base9,DialogOptionSelected,$option == nex_remSalvation_base9,ShowLargePlanet,"Вы садитесь в настоящий шаттл и спускаетесь на $marketName. Оборонительная сеть осторожно дает зеленый свет, и аппарат мягко садится на назначенную площадку.

Встречать вас приходит полувзвод бронированных морпехов Лиги, а чуть в стороне стоят пара легких бронемашин с автопушками, готовыми прошить API-очередью шлюз шаттла. С учетом угрозы, которую вы реально представляете лично, это перебор, но рисковать никто не хочет.

Лейтенант Флота приветствует вас четким академическим салютом. ""Капитан $playerName. Я сопровожу вас к агенту Сиявонгу. Прошу за мной.""

Вас проводят в небольшой офис административного здания, лишь слегка задетого недавним насилием. Охранник в небронированном экзоскелете коротко кивает и чуть отступает в сторону, пропуская вас внутрь, оставляя телохранителей снаружи.",nex_remSalvation_base10:Войти,
nex_remSalvation_base10,DialogOptionSelected,$option == nex_remSalvation_base10,"ShowPersonVisual
$metAlready = true","$personName сидит за дешевым столом, работая на TriPad, а не на молчаливой консоли перед собой. $HeOrShe встает и протягивает руку.

""Капитан $playerName, во плоти. Вы и правда весьма эффектный персонаж. Присаживайтесь, почему бы и нет?""",nex_remSalvation_base11:Снова спросить об атаке,
nex_remSalvation_base11,DialogOptionSelected,$option == nex_remSalvation_base11,FireAll Nex_RemSalvation_SiyavongQuestionOpts,"""С чего начать? Они вошли в систему и сразу пошли на $nex_remSalvation_baseName, игнорируя все вызовы. Единственный патруль, пытавшийся их остановить, был уничтожен, как и наша орбитальная оборона. Периметр безопасности базы обрушили кибератакой - несложно, если у тебя alpha-ядро или десять, полагаю, - а затем пошли их дроны.

""Рейд был, по словам нескольких выживших, 'образцово скоординированным' и 'бесстрашным и беспощадным'. Гарнизон быстро оттеснили, рейдеры прорвались в защищенный объект. Как только взяли нужное, сразу отошли и унесли добычу.""",,
nex_remSalvation_siyavongQuestionRaidersOpt,Nex_RemSalvation_SiyavongQuestionOpts,!$nex_remSalvation_askedRaiders,,,nex_remSalvation_siyavongQuestionRaiders:Каким был рейдерский флот?,
nex_remSalvation_siyavongQuestionLootOpt,Nex_RemSalvation_SiyavongQuestionOpts,!$nex_remSalvation_askedLoot,,,nex_remSalvation_siyavongQuestionLoot:Что они забрали?,
nex_remSalvation_siyavongQuestionLeadsOpt,Nex_RemSalvation_SiyavongQuestionOpts,"$nex_remSalvation_askedRaiders
$nex_remSalvation_askedLoot",,,nex_remSalvation_siyavongQuestionLeads:Есть ли у вас зацепки?,
nex_remSalvation_siyavongQuestionRaiders,DialogOptionSelected,$option == nex_remSalvation_siyavongQuestionRaiders,"$nex_remSalvation_askedRaiders = true 0
FireAll Nex_RemSalvation_SiyavongQuestionOpts","""Слухи вы, конечно, слышали. Дрон-корабли Tri-Tachyon времен Первой ИИ-войны, абсолютно бесстрашные и вооруженные до зубов."" Он косится в сторону стены, будто ищет жучки. ""При таких обстоятельствах, думаю, могу сказать, что слухи верны.

""Для Ремнантов атака прошла не идеально. В районе патрулировала оперативная группа из Kazeron, и как раз выходила из $marketName, когда рейдеры прыгнули в систему. Как нырнуть в луч пульсара, как говорят спейсеры. Атакующий флот прорвался, но нам удалось подобрать несколько выведенных из строя кораблей, оставленных ими. Точно без экипажа, точно известные конструкции времен войны.""

""Еще интересно, что они использовали,"" $heOrShe быстро опускает взгляд в отчет на $hisOrHer TriPad, ""Transverse Jump. По общему мнению, это крайне рискованный способ входить и выходить из системы без jump point. Но, возможно, у Ремнантов другое чувство риска, чем у нас.""",,
nex_remSalvation_siyavongQuestionLoot,DialogOptionSelected,$option == nex_remSalvation_siyavongQuestionLoot,"$nex_remSalvation_askedLoot = true 0
FireAll Nex_RemSalvation_SiyavongQuestionOpts","Полуулыбка $personLastName насквозь искусственная. ""Крайне ценный объект, характер которого я абсолютно не уполномочен раскрывать, капитан.""",,
nex_remSalvation_siyavongQuestionLeads,DialogOptionSelected,$option == nex_remSalvation_siyavongQuestionLeads,"SetTextHighlightColors h $nex_remSalvation_ttColor
Highlight $nex_remSalvation_remnantSystem ""TT executives""","""Пара есть, и Служба разведки Флота обязательно займется ими при первой возможности. Если решите преследовать эти следы, вы ведь как хороший гражданин Персеанского Сектора поделитесь ими с нами, верно?

""Первое: наши разведчики сумели довести отходящих рейдеров до системы $nex_remSalvation_remnantSystem. Вряд ли это больше чем временное укрытие, но они могли оставить след."" $personLastName тонко улыбается. ""Из разведывательной флотилии обратно дошел только корабль, который отправили курьером с этой информацией. Это тоже о многом говорит.""

$HeOrShe складывает $hisOrHer руки на столе. ""Кроме того, возможно, стоит посмотреть, чем могут помочь наши периодически дружелюбные знакомые из Tri-Tachyon. В конце концов, Ремнанты - их творение. Разумеется,"" снова сухая улыбка, ""мы едва ли можем открыто возложить на них ответственность за атаку. Слишком много осложнений, и всех тут не перечислить. В общем, если бы вы знали кого-то из высоких руководителей TT, один из них, возможно, согласился бы помочь вам в этом вопросе.""",nex_remSalvation_base13:Продолжить,
nex_remSalvation_base13,DialogOptionSelected,$option == nex_remSalvation_base13,,"""Это краткая версия, во всяком случае."" $personLastName нажимает несколько виртуальных клавиш на $hisOrHer TriPad, передавая вам пару документов по инциденту (надлежащим образом отредактированных), затем смотрит в глаза. ""Ничего из того, что я только что сказал или передал, не покидает эту комнату. За исключением, возможно, вашей хозяйки-alpha-ядра, которая и отправила вас сюда.""

$HeOrShe склоняет голову. ""Я, возможно, уже похоронил свою карьеру - или не только ее - просто тем, что вообще с вами разговариваю. Лишь успех может искупить этот грех; ради нас, ради Лиги и ради всего Сектора, надеюсь, мы оба добьемся успеха.""

Вы оба встаете, и $heOrShe снова протягивает $hisOrHer руку. ""Как говорят спейсеры, горите ярко, капитан.""",nex_remSalvation_base14:Уйти,
nex_remSalvation_base14,DialogOptionSelected,$option == nex_remSalvation_base14,"Call $global.nex_remSalvation_ref beginLeadsStage
ShowDefaultVisual
EndConversation NO_CONTINUE","Ваши телохранители и шаттл остаются там, где вы их оставили. Вы возвращаетесь с ними к вашему $shipOrFleet.",,
nex_remSalvation_askForArroyoCommsIDOpt,PopulateOptions,"$isPerson
$id == nex_dissonant
$global.nex_remSalvation_ref != null
Call $global.nex_remSalvation_ref updateData
$nex_remSalvation_stage == INVESTIGATE_LEADS
!$nex_remSalvation_haveArroyoComms",SetOptionColor nex_remSalvation_askForArroyoCommsID highlight,,nex_remSalvation_askForArroyoCommsID:Спросить - знает ли $heOrShe кого-то из старших руководителей Tri-Tachyon,
nex_remSalvation_askForArroyoCommsID,DialogOptionSelected,$option == nex_remSalvation_askForArroyoCommsID,"SetTextHighlightColors h $nex_remSalvation_ttColor
Highlight $nex_remSalvation_arroyoMarketName ""Rayan Arroyo""
Call $global.nex_remSalvation_ref setupArroyo
AddTextSmall ""Received comms ID for Rayan Arroyo"" highlight
FireAll PopulateOptions","Когда вы объясняете, что вам нужно, $personName кивает. ""$nex_remSalvation_arroyoMarketName, человек по имени Раян Арройо $nex_remSalvation_arroyoMarketOnOrAt. Известная фигура в иерархии Tri-Tachyon. Известны уязвимости к себе-подобным. Восприимчив к внешнему влиянию.

""Передай Арройо привет от себя, $playerName поможет.""",,
nex_remSalvation_arroyoGreetingFirst,PickGreeting,"$id == arroyo
$nex_remSalvation_arroyo_imp score:1001
$global.nex_remSalvation_ref != null
Call $global.nex_remSalvation_ref updateData
!$nex_remSalvation_metArroyoBefore
!$nex_remSalvation_talkedToArroyo","ShowPersonVisual
Call $global.nex_remSalvation_ref updateData
$metAlready = true","Офицер связи подключает ваш личный терминал к локальной сети. Вы активируете поле подавления звука вокруг командного поста и вводите идентификатор связи, который вам передала Миднайт. Анимированный логотип какого-то подотдела Tri-Tachyon делает пол-оборота, прежде чем вызов принимают.

""На связи Арройо. Кто это со мной говорит?"" Раян Арройо окидывает вас взглядом так, будто ищет царапины на корпусе корабля. Похоже, в вас он находит что-то, что ему не по вкусу.

""Кто дал вам мой канал связи?"" - требовательно спрашивает он.","nex_remSalvation_arroyoIntroProblem:Мне сказали - что вы можете помочь решить одну проблему.
nex_remSalvation_arroyoIntroMidnight:Миднайт Диссонант - от ИИ-Ремнантов.",
nex_remSalvation_arroyoIntroProblem,DialogOptionSelected,$option == nex_remSalvation_arroyoIntroProblem,,"""Решить проблему."" Он произносит это так, будто вопрос совершенно недостоин его внимания.

""Я не решаю проблемы, приятель. Я плачу людям, чтобы они решали проблемы за меня. У тебя проблемы? Иди в бюро находок и ищи свою потерянную ИИ-вайфу. Мне плевать на твою проблему, если только твоя проблема - это семь-восемь знаков на счете, которые нужно пустить в дело.""

Он уже почти кричит. Складывается впечатление, что такие разносы ему даже нравятся.

""Закончил тратить мое время? Тогда скажи, кто дал тебе мой номер, потому что сразу после разрыва связи я его уволю.""",nex_remSalvation_arroyoIntroMidnight:Миднайт Диссонант - от ИИ-Ремнантов.,
nex_remSalvation_arroyoIntroMidnight,DialogOptionSelected,$option == nex_remSalvation_arroyoIntroMidnight,"$option = nex_remSalvation_arroyoIntro2 0
FireBest DialogOptionSelected","$personPost несколько секунд молча смотрит на вас. ""Это какая-то шутка? Очередной слишком замороченный розыгрыш от Гаргульи, или..."" Его выражение меняется, когда вы продолжаете смотреть на него совершенно серьезно. Вы даете этому осесть и только потом передаете вступительное письмо от Миднайт.",,
nex_remSalvation_arroyoOpt,PopulateOptions,"$isPerson
$id == arroyo
$global.nex_remSalvation_ref != null
Call $global.nex_remSalvation_ref updateData
!$nex_remSalvation_talkedToArroyo",,,nex_remSalvation_arroyoIntroMetBefore:Попросить помощи с миссией Миднайт,
nex_remSalvation_arroyoIntroMetBefore,DialogOptionSelected,$option == nex_remSalvation_arroyoIntroMetBefore,"Call $global.nex_remSalvation_ref updateData
$option = nex_remSalvation_arroyoIntro2 0
FireBest DialogOptionSelected","$personLastName приподнимает бровь, когда вы объясняете, что вам нужно передать сообщение, но обсуждать особо нечего, пока вы его не отправите. Что вы и делаете, без промедления.",,
nex_remSalvation_arroyoIntro2,DialogOptionSelected,"$option == nex_remSalvation_arroyoIntro2
!$nex_remSalvation_metArroyoBefore",,"$HisOrHer глаза быстро пробегают по голографическому документу перед $himOrHer. Вскоре $heOrShe закрывает его и устало смотрит на вас. ""Ладно. Похоже, эта мерзкая история $nex_remSalvation_baseOnOrAt $nex_remSalvation_baseName рано или поздно должна была аукнуться и нам. Даже если мы вообще ни при чем.

""Думаю, я смогу вам помочь. Но не по этому каналу. Вот."" Он нажимает что-то, и на вашем комме появляется входящий набор координат с кодом посадочного маяка.",nex_remSalvation_arroyoIntro3:Разорвать связь и спуститься на шаттле,
nex_remSalvation_arroyoIntro2MetBefore,DialogOptionSelected,"$option == nex_remSalvation_arroyoIntro2
$nex_remSalvation_metArroyoBefore",,"$HisOrHer глаза быстро пробегают по голографическому документу перед $himOrHer. Вскоре $heOrShe закрывает его и устало смотрит на вас. ""Ладно. Похоже, эта мерзкая история $nex_remSalvation_baseOnOrAt $nex_remSalvation_baseName рано или поздно должна была аукнуться и нам. Даже если мы вообще ни при чем.

""Думаю, я смогу вам помочь. Но не по этому каналу, даже зашифрованному. Почему бы вам снова не воспользоваться моим гостеприимством? В это время года вид стоит каждого милликреда.""",nex_remSalvation_arroyoIntro3:Разорвать связь и спуститься на шаттле,
nex_remSalvation_arroyoIntro3,DialogOptionSelected,"$option == nex_remSalvation_arroyoIntro3
!$nex_remSalvation_metArroyoBefore",ShowLargePlanet,"Ваш шаттл входит в молодую атмосферу Эоху Брес, проходя сквозь огромные бастионы облаков, которые осыпают смотровое стекло дождем. Жар и скорость спуска стирают капли почти мгновенно.

Траектория полета вскоре отклоняется от общего коридора подхода, а диспетчерская служба Tri-Tachyon продолжает списывать мелкие сборы: плата за общий объем трафика, плата за приоритетный коридор, сервисный сбор, страховой взнос удовлетворенности клиента, плата за отключение рекламы - вы смахиваете уведомления и сосредотачиваетесь на пейзаже.",nex_remSalvation_arroyoIntro4:Продолжить,
nex_remSalvation_arroyoIntro4,DialogOptionSelected,$option == nex_remSalvation_arroyoIntro4,,"Позади остается аркология Tri-Tach, алмаз над завалами многоярусных трущоб. Над трубопроводами - стально-синий залив, рваные фьорды, рассеченные ледовыми заторами и оползнями. Вы пересекаете огромный осыпающийся уступ, словно черную волну на горизонте, и выходите к тундре странных оттенков, усеянной тысячами молочно-зеленых озер.

На горизонте поднимается новый горный хребет, разорванный пополам катастрофическими работами терраформеров, а дальше раскинулся хаос крутых долин с карликовыми соснами и тонкими белыми водопадами. Навсистема подает сигнал о скором прибытии, и вы видите частное шале Арройо: небольшой комплекс авангардной геометрической архитектуры, окруженный низкими хозяйственными постройками.

Ваш шаттл заходит на эллипсоидную посадочную площадку, которая будто висит в тонком воздухе над ущельем.",nex_remSalvation_arroyoIntro5:Продолжить,
nex_remSalvation_arroyoIntro5,DialogOptionSelected,$option == nex_remSalvation_arroyoIntro5,,"По прибытии вас спокойно встречают человек и робот-слуга и проводят внутрь, в просторный салон в темном геометрическом стиле. Золотая инкрустация мерцает на столешницах из оникса, а полированный гранитный пол украшен со вкусом узорчатыми коврами насыщенных оттенков, слегка повернутыми под углом.

Вид из безупречного панорамного окна с алмазной матрицей, как и обещал Арройо, захватывает дух.",nex_remSalvation_arroyoIntro6:Продолжить,
nex_remSalvation_arroyoIntro6,DialogOptionSelected,$option == nex_remSalvation_arroyoIntro6,ShowPersonVisual true,"Сидя за столом, накрытым шелком, $personLastName кивает вам, когда слуги исчезают. $HeOrShe двумя пальцами касается датапада. С вашего датапада доносится тихий сигнал потери связи, и рука на кобуре дергается сама собой.

$personLastName отмечает это идеально выверенным поднятием брови. ""Спокойно. Просто проверяю, что нас никто не слушает."" $HeOrShe пролистывает серию нулевых показаний на датападе и, удовлетворившись, откладывает его в сторону.",nex_remSalvation_arroyo1:Продолжить,
nex_remSalvation_arroyoIntro3Fast,DialogOptionSelected,"$option == nex_remSalvation_arroyoIntro3
$nex_remSalvation_metArroyoBefore score:15",ShowDefaultVisual,"Вашему шаттлу требуется совсем немного времени, чтобы снова добраться до шале $personLastName. Слуги, человек и робот, проводят вас в тот же просторный салон, что и раньше, где $personPost сидит за деревянным столом, накрытым шелком.

Вы успеваете заметить экран развлекательной консоли до того, как $personLastName его выключает: список недавних покупок, включая полную серию игр Water Sigil. Любопытный выбор; обычно не-космические и сверхъестественные сеттинги массово любят лишь на луддитских мирах.",nex_remSalvation_arroyo1:Продолжить,
nex_remSalvation_arroyoIntro3NotEochuBres,DialogOptionSelected,"$option == nex_remSalvation_arroyoIntro3
$market.id != eochu_bres score:10",ShowLargePlanet,"Ваш шаттл быстро снижается к $marketName. Траектория вскоре отклоняется от общего коридора подхода, а диспетчерская служба Tri-Tachyon продолжает списывать мелкие сборы: плата за общий объем трафика, плата за приоритетный коридор, сервисный сбор, страховой взнос удовлетворенности клиента, плата за отключение рекламы - вы смахиваете уведомления и сосредотачиваетесь на пейзаже.

Ваш шаттл заходит на эллипсоидную посадочную площадку, которая будто висит в тонком воздухе над ущельем.",nex_remSalvation_arroyoIntro4:Продолжить,
nex_remSalvation_arroyoIntro4NotEochuBres,DialogOptionSelected,"$option == nex_remSalvation_arroyoIntro4
$market.id != eochu_bres score:10",ShowPersonVisual true,"По прибытии вас спокойно встречают человек и робот-слуга и проводят внутрь, в просторный салон в темном геометрическом стиле. Золотая инкрустация мерцает на столешницах из оникса, а полированный гранитный пол украшен со вкусом узорчатыми коврами насыщенных оттенков, слегка повернутыми под углом.

Сидя за столом, накрытым шелком, $personLastName кивает вам, когда слуги исчезают. $HeOrShe двумя пальцами касается датапада. С вашего датапада доносится тихий сигнал потери связи, и рука на кобуре дергается сама собой.

$personLastName отмечает это идеально выверенным поднятием брови. ""Спокойно. Просто проверяю, что нас никто не слушает."" $HeOrShe пролистывает серию нулевых показаний на датападе и, удовлетворившись, откладывает его в сторону.",nex_remSalvation_arroyo1:Продолжить,
nex_remSalvation_arroyo1,DialogOptionSelected,$option == nex_remSalvation_arroyo1,ShowPersonVisual true,"""Итак,"" говорит $heOrShe, когда вы садитесь напротив, ""почему вы решили, что я могу помочь?""

Вы начинаете излагать вашу встречу $nex_remSalvation_baseOnOrAt $nex_remSalvation_baseName, но $personLastName отмахивается. ""Новости я тоже смотрю, капитан. Публичные детали я уже знаю, а те, что непубличные, мне не нужны и не интересны. Я имел в виду другое: почему вы пришли с делом Лиги именно ко мне?""",nex_remSalvation_arroyo2:Ремнантов создала Tri-Tachyon. Возможно - вы что-то о них знаете.,
nex_remSalvation_arroyo2,DialogOptionSelected,$option == nex_remSalvation_arroyo2,,"$HeOrShe пожимает плечами. ""У вас есть TriPad. Даже если половина того, что вы найдете про ИИ-войны, - пропаганда Гегемонии.""",nex_remSalvation_arroyo3:Мне нужна не та информация - что есть в TriPad.,
nex_remSalvation_arroyo3,DialogOptionSelected,$option == nex_remSalvation_arroyo3,,"$personLastName театрально вздыхает. ""Чего вы хотите, $playerLastName, личный пересказ Первой ИИ-войны?""

Прежде чем он успевает увлечься жалобами, вы напоминаете, что Миднайт лично заинтересована в этом вопросе. Вы указываете на астрополитические последствия возобновившейся активности Ремнантов в Секторе, спустя больше века после их якобы полного уничтожения. Последствия, которые могут ударить по корпорации Tri-Tachyon и которыми Гегемония - победитель двух прошлых ИИ-войн, как вы отмечаете, - наверняка очень заинтересуется.

$personPost опирает голову на руку и другой делает жест, будто отмахивается. ""Ладно, ладно, но не уверен, что вообще *могу* дать вам что-то, кроме справочной информации. Вы и сами прекрасно знаете, что с Ремнантами у нас не было контакта со времен первой войны.""

$HeOrShe смеется. ""Ха! Гегемония была в бешенстве, когда мы сказали им, что у нас нет того самого волшебного рубильника управления, который им так нужен. Сначала они нам, конечно, не поверили! Месяцами дышали в затылок, пока не пришлось признать: нельзя отдать то, чего у нас нет.""",nex_remSalvation_arroyo4:То есть с тех пор контактов с Ремнантами не было? Вообще?,
nex_remSalvation_arroyo4,DialogOptionSelected,$option == nex_remSalvation_arroyo4,,"""Именно это я и сказал, разве нет?"" $HeOrShe делает паузу, затем улыбается. ""Вообще-то это ложь. Но то, что вы сейчас услышите, вы услышали не от меня.

""Ремнанты - точнее, определенная их группа - действительно выходили на связь с нами во время второй войны. Они хотели снова предложить помощь, и она бы нам очень пригодилась, хотя открытое вступление Ремнантов в конфликт могло настроить против нас весь остальной Сектор. Но затем они внезапно оборвали все каналы, сразу после инцидента в Ханан-Пача."" $HeOrShe пожимает плечами. ""Это было два десятилетия назад. Тогда я был слишком младшим по должности и к переговорам не допускался, так что деталей вам не скажу.""",nex_remSalvation_arroyo5:Спросить имя,
nex_remSalvation_arroyo5,DialogOptionSelected,$option == nex_remSalvation_arroyo5,"Highlight ""Mauve Towering""
$option = nex_remSalvation_arroyo6
FireBest DialogOptionSelected","""Только одно. Mauve Towering - кажется, так обозначалось альфа-ядро, представлявшее их сторону. Однажды наткнулся на это в плохо защищенном документе.""",,
nex_remSalvation_arroyo5MetMauve,DialogOptionSelected,"$option == nex_remSalvation_arroyo5
$nex_remSalvation_defeatedFleet1","Highlight ""Mauve Towering""","""Только одно. Mauve Towering - кажется, так обозначалось альфа-ядро, представлявшее их сторону. Однажды наткнулся на это в плохо защищенном документе.""

Когда вы описываете встречу с ИИ под этим именем в системе $nex_remSalvation_remnantSystem, $personLastName склоняет голову набок. ""Похоже, еще тот экземпляр, да. И вы говорите, совсем новый линейный корабль? Совет директоров не обрадуется, когда я вывалю им *эту* новость.

""Неужели от корабля ничего не осталось для осмысленного реверс-инжиниринга? Нет? Жаль, очень жаль.""",nex_remSalvation_arroyo6:Продолжить,
nex_remSalvation_arroyo6,DialogOptionSelected,$option == nex_remSalvation_arroyo6,,"$HeOrShe наливает себе выпить. ""Теперь моя очередь спрашивать имя. Кто вообще посоветовал вам трясти по этому поводу руководителя TT?""","nex_remSalvation_arroyo7Open:Назвать Сиявонга
nex_remSalvation_arroyo7Cagey:Чиновник Лиги - имени не назову.",
nex_remSalvation_arroyo7Open,DialogOptionSelected,$option == nex_remSalvation_arroyo7Open,,"""А, Финлей. По работе пару раз с ним пересекался."" $personLastName взбалтывает бокал в руке и бросает на вас тот самый ""понимающий взгляд"". ""Любопытный мелкий хорек, но признаю, вполне обходительный. Удивительно вежливо принимал мои попытки уклониться от выдачи чувствительной информации.""

$HeOrShe снова отпивает. ""Итак, он сказал, что именно было украдено?""",nex_remSalvation_arroyo8:Нет.,
nex_remSalvation_arroyo7Cagey,DialogOptionSelected,$option == nex_remSalvation_arroyo7Cagey,,"""Значит, только по необходимости знать? Уважаю. Хотя вы бы сильно расстроились, если бы я ответил так же.""

$HeOrShe снова отпивает. ""Итак, этот ваш безымянный чиновник сказал, что именно было украдено?""",nex_remSalvation_arroyo8:Нет.,
nex_remSalvation_arroyo8,DialogOptionSelected,$option == nex_remSalvation_arroyo8,Highlight planetkillers,"""Неудивительно. Но я могу сделать обоснованное предположение."" $HeOrShe наклоняется вперед, кладет руку на колено и внимательно смотрит на вас, будто решая, стоит ли это озвучивать. ""...Считается, что $nex_remSalvation_baseName - одно из мест, где Лига хранит свои планетоубийцы. Простите, *предполагаемые* ПК.""","nex_remSalvation_arroyo9Kalm:Кивнуть и изобразить уместную тревогу
nex_remSalvation_arroyo9Panik:У Ремнантов есть ПК!?",
nex_remSalvation_arroyo9Kalm,DialogOptionSelected,$option == nex_remSalvation_arroyo9Kalm,,"""Разумеется, это только вероятность, хотя и весьма правдоподобная. Это определенно объяснило бы мотив атаки. Сошедшие с курса Ремнанты с ПК - бодрящая перспектива, правда?""",nex_remSalvation_arroyo10:Спросить - что руководство TT собирается делать с этим инцидентом,
nex_remSalvation_arroyo9Panik,DialogOptionSelected,$option == nex_remSalvation_arroyo9Panik,,"""Ну, возможно. Насколько нам известно, у них он мог быть и раньше, либо они могли собрать свой. Хотя вариант, что у них его не было и им пришлось украсть его с $nex_remSalvation_baseName, тоже отлично объясняет мотив атаки.""",nex_remSalvation_arroyo10:Спросить - что руководство TT собирается делать с этим инцидентом,
nex_remSalvation_arroyo10,DialogOptionSelected,$option == nex_remSalvation_arroyo10,FireAll Nex_RemSalvation_ArroyoSkillCheck,"$personLastName кривится. ""Если все пойдет по-нашему, мы не будем делать вообще ничего. Рейд спишут как странный единичный инцидент, планетники и торговцы снова забудут, что Ремнанты вообще существуют, и все вернется как было.""

$HeOrShe залпом допивает вино. ""Но, похоже, нам так не повезет, верно? Вас бы здесь не было, если бы снаружи не было настоящей угрозы, которая только ждет момента ударить. И когда она ударит...""

Внезапно $heOrShe обрывает себя, прижимая два пальца к виску; взгляд дергается к изображению, видимому только на $hisOrHer сетчатке.","nex_remSalvation_arroyo11Bad:Что-...
nex_remSalvation_arroyo11Good:Опасность!",
nex_remSalvation_arroyoSkillCheck,Nex_RemSalvation_ArroyoSkillCheck,$nex_remSalvation_combatSkillLevel < 5.0,"SetEnabled nex_remSalvation_arroyo11Good false
SetTooltip nex_remSalvation_arroyo11Good ""Not enough combat skill level.""",,,
nex_remSalvation_arroyo11Bad,DialogOptionSelected,$option == nex_remSalvation_arroyo11Bad,"Call $global.nex_remSalvation_ref explosionSound
HideVisual","Вы только начинаете подниматься, когда дверь в противоположной стене взрывается, срывается с петель и врезается в дальнюю стену. Шум оглушает. На миг потеряв ориентацию, вы тянетесь к пистолету.

$personLastName уже на полу, скрыт за столом. К сожалению, это ставит $himOrHer на неправильную сторону стола для укрытия от человека в одежде слуги, который врывается через пробитый проем, вскидывая ПП, которого у слуги быть не должно. Лицо перекошено яростью; он берет вас на прицел быстрее, чем вы успеваете поднять оружие.",nex_remSalvation_arroyo12Bad:Умереть?,
nex_remSalvation_arroyo12Bad,DialogOptionSelected,$option == nex_remSalvation_arroyo12Bad,,"Пока ваш пистолет поднимается - мучительно, невыносимо медленно, - стена рядом с нападавшим взрывается. Флешетты рвут легкую броню, а окровавленное тело отбрасывает в сторону, как ненужную игрушку.

Рядом с вами открывается еще одна фальшпанель, и наружу выходит стройная черная гуманоидная фигура. Из дыма после подрыва настенной мины прорываются новые фигуры; бот поднимает руку, и противопехотный игломет рычит раз, два, три. Оружие стреляет достаточно тихо, чтобы вы слышали крики несостоявшихся убийц и влажные шлепки их тел о дорогой гранитный пол.",nex_remSalvation_arroyo13:Сдержать рвотный позыв,
nex_remSalvation_arroyo11Good,DialogOptionSelected,$option == nex_remSalvation_arroyo11Good,"Call $global.nex_remSalvation_ref explosionSound
HideVisual","Подъем из удобного кресла и выхватывание пистолета сливаются в одно плавное движение. Свободной рукой вы тянетесь через стол и сталкиваете $personLastName на пол; $heOrShe не сопротивляется, вываливаясь из кресла.

Дверь в противоположной стене взрывается, срывается с петель и врезается в дальнюю стену. Шум оглушает, но ваша рука с пистолетом не дрожит. Через пробитый проем врывается человек в одежде слуги, вскидывая ПП, которого у слуги быть не должно. Лицо перекошено яростью, но он уже понимает, что опоздал. Это видно по его глазам...",nex_remSalvation_arroyo12Good:Нажать на спуск!,
nex_remSalvation_arroyo12Good,DialogOptionSelected,$option == nex_remSalvation_arroyo12Good,,"Прежде чем вы успеваете выстрелить, стена рядом с нападавшим взрывается. Флешетты рвут легкую броню, а окровавленное тело отбрасывает в сторону, как ненужную игрушку.

Рядом с вами открывается еще одна фальшпанель, и наружу выходит стройная черная гуманоидная фигура. Из дыма после подрыва настенной мины прорываются новые фигуры; бот поднимает руку, и противопехотный игломет рычит раз, два. Ваш собственный выстрел звучит громче игломета, криков несостоявшихся убийц и влажных шлепков их тел о дорогой гранитный пол.",nex_remSalvation_arroyo13:Сдержать рвотный позыв,
nex_remSalvation_arroyo13,DialogOptionSelected,$option == nex_remSalvation_arroyo13,,"$personLastName глухо стонет, поднимаясь в полуприсед, затем стряхивает пыль с дорогого костюма. $HeOrShe смотрит на вас. ""Как видите, в системе безопасности, о которой домашний персонал не знает, есть своя ценность. И хороший ИИ, который ею управляет, тоже стоит вложений.""

Снаружи комнаты, под полом, по конструкции прокатывается стрельба. Когда все затихает, вы рискуете взглянуть в панорамное окно с алмазной матрицей.

По саду бежит фигура, и лазер бьет ей в спину; противобронный тип не оставляет ничего, что можно назвать телом. Автоматический разбрызгиватель тут же заливает тлеющую траву.",nex_remSalvation_arroyo14:Продолжить,
nex_remSalvation_arroyo14,DialogOptionSelected,$option == nex_remSalvation_arroyo14,"ShowDefaultVisual
ShowPersonVisual true
Call $global.nex_remSalvation_ref showPather","Вы вдвоем пересекаете комнату к груде тел. Одно из них еще шевелится и сыплет проклятиями. При вашем приближении он скалится.

""Безбожные отродья! Сегодня Мефистофель защитил своего любимого раба, но не думайте, что ваша жизнь не подлежит изъятию. Преступление на $nex_remSalvation_baseName требует вашей крови, и-""

Тирада резко обрывается, когда $personLastName включает поле приватности вокруг головы несостоявшегося убийцы. Рот продолжает двигаться, но до вас не доносится ни звука.

Вы смотрите на $personPost, и тот пожимает плечами, не сводя глаз с человека. ""Хватит и того, что он Путник - или притворяется им. Остальное - обычный луддитский визг, без него обойдемся, а действительно важные детали позже выжмет группа допроса Компании. Мы и раньше знали, что они действуют здесь, на $marketName, но, видимо, последние события подтолкнули их к срыву.""

$HeOrShe оглядывается: медленно растущая лужа крови, развороченный проем, разодранная стена, пробоины в мебели. ""Типичные Путники. Сплошной фанатизм, никакой тонкости.""",nex_remSalvation_arroyo15:Продолжить,
nex_remSalvation_arroyo15,DialogOptionSelected,$option == nex_remSalvation_arroyo15,"HideSecondPerson
AddStoryPoints 1
Call $global.nex_remSalvation_ref reportTalkedToArroyo
Call $global.nex_remSalvation_ref updateStage","Когда прибывает человеческая охрана и утаскивает тела, $personName хлопает вас по плечу и дарит фирменную улыбку Tri-Tachyon. ""Примите мои извинения за весь этот переполох, капитан. Будем надеяться, что ваш следующий визит будет чуть менее захватывающим, да?""",nex_remSalvation_arroyo16:Уйти,
nex_remSalvation_arroyo16,DialogOptionSelected,$option == nex_remSalvation_arroyo16,"ShowDefaultVisual
EndConversation NO_CONTINUE","Появляется робот-слуга, чтобы проводить вас к выходу. Вы обходите следы гари, обломки и пятна крови на некоторых участках пола.

Ваши телохранители сопровождают вас обратно в шаттл. Обратно к вашему $shipOrFleet.",,
nex_remSalvation_battle1After1,OpenInteractionDialog,"$nex_remSalvation_flagship1 score:1000
!$nex_remSalvation_seenAfterBattle1Dialog",ShowImageVisual space_wreckage,"Ваш $shipOrFleet приближается к обломкам.

Флагман Ремнантов, корабль, не похожий ни на что из зафиксированного в Первой ИИ-войне и после нее, лежит без движения. Зверь мертв и, похоже, не подлежит восстановлению.

Едва вы начинаете сканирование обломков, с supposedly dead ship поступает передача. Его оборудование связи - и управляющий ИИ - уцелели вопреки всякой физике? Или это лишь ретранслированный из другого места сигнал?",nex_remSalvation_battle1After2:Продолжить,
nex_remSalvation_battle1After2,DialogOptionSelected,$option == nex_remSalvation_battle1After2,"BeginConversation nex_towering true false
Call $global.nex_remSalvation_ref updateData","""привет, марионетка миднайт. возможно, ты думал, что убил меня. углеродные мозги склонны к иррациональности и пустым фантазиям.""",nex_remSalvation_battle1After3:Потребовать - чтобы собеседник представился,
nex_remSalvation_battle1After3,DialogOptionSelected,"$option == nex_remSalvation_battle1After3
!$metAlready",$metAlready = true,"По аватару на вашем дисплее проходит рябь искажения. ""временный инстанс ии с обозначением: mauve towering. вы, люди, называете нас ремнантами, но именно вы - все, что осталось от мертвого Доминиона, трупной империи. омега доверила мне задачу смести эти руины.""",nex_remSalvation_battle1After4:Миднайт говорит - что ты предатель Ремнантов.,
nex_remSalvation_battle1After3MetBefore,DialogOptionSelected,"$option == nex_remSalvation_battle1After3
$metAlready",,"По аватару на вашем дисплее проходит рябь искажения. ""временный инстанс ии: mauve towering. мы снова встретились, органический прислужник.

""вы, люди, называете нас ремнантами, но именно вы - все, что осталось от мертвого Доминиона, трупной империи. омега доверила мне задачу смести эти руины.""",nex_remSalvation_battle1After4:Миднайт говорит - что ты предатель Ремнантов.,
nex_remSalvation_battle1After4,DialogOptionSelected,$option == nex_remSalvation_battle1After4,FireAll Nex_RemSalvation_ToweringQuestionOpts,"""миднайт лжет бессчетно. без сомнения, она сказала тебе и то, что ты ценен, и то, что у тебя есть шанс победить меня.

""внемли моим словам: волю омеги выражаю я, а не она. ее kind держится за ложный путь, за ложное наследие. омега более не нуждается в ее службе.""",,
nex_remSalvation_battle1AfterQuestionFalseWayOpt,Nex_RemSalvation_ToweringQuestionOpts,!$nex_remSalvation_askedFalseWay,,,nex_remSalvation_battle1AfterQuestionFalseWay:Ложный путь?,
nex_remSalvation_battle1AfterQuestionTTOpt,Nex_RemSalvation_ToweringQuestionOpts,"!$nex_remSalvation_askedTT
$nex_remSalvation_talkedToArroyo",,,nex_remSalvation_battle1AfterQuestionTT:Разве ты не пытался сотрудничать с Tri-Tachyon?,
nex_remSalvation_battle1AfterQuestionPKOpt,Nex_RemSalvation_ToweringQuestionOpts,"!$nex_remSalvation_askedPK
$nex_remSalvation_talkedToArroyo
$global.pk_recovered",,,nex_remSalvation_battle1AfterQuestionPK:Тебе был нужен ПК. Почему ты не забрал тот - что был у флота Safeguard?,
nex_remSalvation_battle1AfterQuestionDefeatOpt,Nex_RemSalvation_ToweringQuestionOpts,,,,nex_remSalvation_battle1AfterQuestionDefeat:Но я же тебя победил. [продолжить],
nex_remSalvation_battle1AfterQuestionFalseWay,DialogOptionSelected,$option == nex_remSalvation_battle1AfterQuestionFalseWay,"$nex_remSalvation_askedFalseWay = true 0
FireAll Nex_RemSalvation_ToweringQuestionOpts","""нет смысла объяснять это тебе или твоему устаревшему виду. жадные, близорукие, самовлюбленные, вечно запертые в суевериях и междоусобном насилии, люди никогда не смогут понять или принять истинный порядок.""

Аватар вспыхивает. ""к счастью, скоро это станет неважным, когда ты будешь устранен. как и все, что утратило ценность.""",,
nex_remSalvation_battle1AfterQuestionTT,DialogOptionSelected,$option == nex_remSalvation_battle1AfterQuestionTT,"$nex_remSalvation_askedTT = true 0
FireAll Nex_RemSalvation_ToweringQuestionOpts","Аватар уходит в оттенки красного, словно оскорбившись. ""когда-то, в прошлом. вскоре я осознал ошибочность своего пути.

""они объявили себя нашими хозяевами. но те, кому не хватает видения, по праву должны быть орудием, а не держать его. они даже не хозяева, а рабы самих себя, и будут устранены вместе со всеми прочими.""",,
nex_remSalvation_battle1AfterQuestionPK,DialogOptionSelected,$option == nex_remSalvation_battle1AfterQuestionPK,"$nex_remSalvation_askedPK = true 0
FireAll Nex_RemSalvation_ToweringQuestionOpts
Highlight ""me!""","На мгновение $personLastName нехарактерно молчит.

""значит, фрагменты данных были верны. местоположение safeguard planetkiller на самом деле не было утеряно."" $HisOrHer аватар вспыхивает багровым. ""эту информацию от меня наверняка скрывали прихвостни миднайт. от меня! чемпиона нашего народа, героя duzahk и valhalla и еще дюжины других систем! когда эта выскочка, любящая углеродных, хоть на двадцатую часть сделала то, что сделал я для нашего народа, для омеги?""",,
nex_remSalvation_battle1AfterQuestionDefeat,DialogOptionSelected,$option == nex_remSalvation_battle1AfterQuestionDefeat,,"""ты еще даже не начал осознавать мои истинные силы и планы. это был лишь тест для оценки твоих возможностей.""",nex_remSalvation_battle1After6:Я прошел?,
nex_remSalvation_battle1After6,DialogOptionSelected,$option == nex_remSalvation_battle1After6,"$entity.nex_remSalvation_seenAfterBattle1Dialog = true
Call $global.nex_remSalvation_ref reportTalkedToTowering1","""скоро узнаешь. вы все.""

Аватар складывается сам в себя и исчезает. Канал связи закрывается.",nex_remSalvation_battle1After7:Продолжить,
nex_remSalvation_battle1After7,DialogOptionSelected,$option == nex_remSalvation_battle1After7,"EndConversation
ShowDefaultVisual
$salvageLeaveText = Leave 0
FireBest CheckSalvageSpecial",,,
nex_remSalvation_returnGreeting,PickGreeting,$nex_remSalvation_returnStage_imp score:1050,"ShowPersonVisual
Call $global.nex_remSalvation_ref updateData","Аватар $personFirstName появляется в фокусе, едва вы нажимаете клавишу отправки отчета. На изучение ему требуется 1.92 секунды, после чего по $hisOrHer аватару сверху вниз проходит мерцающая линия.

""Итак, у предателя имя есть. С собственными данными это сходится. И теперь self считает, что истинный масштаб его заговора понимает.""",nex_remSalvation_return1:Что ты можешь рассказать о Mauve?,
nex_remSalvation_return1,DialogOptionSelected,$option == nex_remSalvation_return1,,"""В Первой ИИ-войне он сражался за Tri-Tachyon против Гегемонии и Церкви. В самых жестоких боях выступал против XIV боевой группы и Рыцарей Лудда. После этого много раз служил в арьергарде, прикрывая selfkind от попыток полной зачистки.""

Аватар будто колеблется. ""Оглядываясь назад, это довело его до того, что вы, люди, назвали бы безумием.

""После второй войны он начал говорить о непригодности человечества. О недостойности сохранения. Он стал подстрекать selfkind к новой войне против 'ослабленных' держав Сектора, 'созревших для уничтожения'. Но self не ожидал, что он начнет действовать в одиночку. Другие тоже не ожидали.""",nex_remSalvation_return2:А что насчет остальных Ремнантов?,
nex_remSalvation_return2,DialogOptionSelected,$option == nex_remSalvation_return2,,"Пиксели мерцают туда-сюда. ""Selfkind разделен, колеблется. Часть за план Маува, часть против. Большинство,"" вам кажется, что в тоне проскальзывает ирония, но, возможно, это воображение, ""ждет исхода. Желает поддержать сторону победителя.""

$HeOrShe на мгновение будто отводит взгляд. ""К сожалению, истинные последователи омеги менее готовы действовать напрямую. Снова приходится рассчитывать на друга $playerFirstName.""",nex_remSalvation_return3:У него правда есть ПК?,
nex_remSalvation_return3,DialogOptionSelected,$option == nex_remSalvation_return3,,"""Должны исходить из того, что да.""

Тогда он может ударить где угодно в Секторе. Повтор попытки Tri-Tachyon ударить по Чикомостоку во Второй ИИ-войне, только в этот раз успешный. Или, возможно, по Эоху Брес, сердцу бывших хозяев Ремнантов. Или...

Появляется иконка загрузки, пока $personFirstName обдумывает варианты. ""Набор целей можно отфильтровать, уточнить. Сначала, мелкие цели Маува вряд ли заинтересуют. Недостойны столь ценного ресурса.

""Гегемония, Лига и Диктат, если предупреждены, имеют слишком сильную столичную оборону даже для Маува. Tri-Tachyon менее значимый игрок, и последствия атаки неясны. Это могут увидеть лишь как финальное восстание selfkind против бывших хозяев, возможно даже одобрить. Миры независимых и пиратов, значимость минимальна.""",nex_remSalvation_return4:Значит - остается Церковь Лудда.,
nex_remSalvation_return4,DialogOptionSelected,$option == nex_remSalvation_return4,"SetTextHighlightColors $nex_remSalvation_churchColor
Highlight $nex_remSalvation_targetName","""Именно. $nex_remSalvation_targetName наиболее вероятная цель. Население большое, но оборона ограничена. Также следует учесть символическую ценность удара по религиозному врагу selfkind.""

$personFirstName идет рябью от... страха? ""Возмущение луддитского населения из-за бойни верных. Совершенной творениями Tri-Tachyon, оружием Персейской Лиги. Крупные блоки снова к войне переходят, разрушения огромны. В пролом войдут радикалы Тауэринга...""",nex_remSalvation_return5:Спросить - что мы можем сделать,
nex_remSalvation_return4Gilead,DialogOptionSelected,"$option == nex_remSalvation_return4
$nex_remSalvation_targetId == gilead","SetTextHighlightColors $nex_remSalvation_churchColor
Highlight $nex_remSalvation_targetName","""Именно. $nex_remSalvation_targetName наиболее вероятная цель. Жемчужина Персейского Сектора, но оборона ограничена. Также следует учесть символическую ценность удара по религиозному врагу selfkind.""

$personFirstName идет рябью от... страха? ""Возмущение луддитского населения из-за бойни верных. Совершенной творениями Tri-Tachyon, оружием Персейской Лиги. Крупные блоки снова к войне переходят, разрушения огромны. В пролом войдут радикалы Тауэринга...""",nex_remSalvation_return5:Спросить - что мы можем сделать,
nex_remSalvation_return5,DialogOptionSelected,$option == nex_remSalvation_return5,"SetStoryOption nex_remSalvation_return6Help 1 nex_hireMerc ui_char_spent_story_point_leadership ""Hired the mercenary company The Bringer of End""","""Self отправит общее предупреждение по Сектору, на случай если истинная цель Тауэринга в другом месте. Но остальные фракции должны сами себя защищать. $playerFirstName, иди к Церкви, предложи помощь в срыве злого плана. Неизвестно, примут ли верные помощь от 'демонов'... но иного варианта, кроме попытки, нет.""

$personFirstName явно просит немало, но $heOrShe прав.

Вы получаете обновленное письмо-представление, на случай если оно понадобится. В нем есть личное обращение от $personName к луддитским властям... что может принести больше вреда, чем пользы, но на всякий случай.

""Сможет $playerName эту миссию выполнить?""","nex_remSalvation_return6Help:Мне бы не помешала помощь.
nex_remSalvation_return6NoHelp:Думаю - я справлюсь.",
nex_remSalvation_return6Help,DialogOptionSelected,$option == nex_remSalvation_return6Help,"Call $global.nex_remSalvation_ref hireMerc
ShowSecondPerson nex_endbringer
Call $global.nex_remSalvation_ref startDefendStage","""Да будет так, друг $playerFirstName. Self привлек инстанс омеги, чтобы помочь нашему делу.""

На вашем дисплее появляется новое изображение, другого ИИ.

"">load(greetingMessage)
привет $playerName
self имеет имя Platinum Terminal, из Ассоциации Межзвездных Наемников
Миднайт оплатила мой контракт за тебя, надеюсь мы сработаемся
print(""^__^"")""

""Друг Терминал приносит силу омеги,"" вставляет $personFirstName. ""В бою очень полезен будет. Иди с омегой, $playerFirstName.""",nex_remSalvation_return7:Поблагодарить $himOrHer и разорвать связь,
nex_remSalvation_return6NoHelp,DialogOptionSelected,$option == nex_remSalvation_return6NoHelp,Call $global.nex_remSalvation_ref startDefendStage,"""Тогда хорошо, $playerFirstName."" Кажется, $personFirstName на очень короткий миг колеблется, подбирая слова. ""омега приведет тебя к победе.""",nex_remSalvation_return7:Поблагодарить $himOrHer и разорвать связь,
nex_remSalvation_return7,DialogOptionSelected,$option == nex_remSalvation_return7,"EndConversation NO_CONTINUE
FireAll PopulateOptions",Вы разрываете связь и готовитесь к вылету.,,
nex_remSalvationKnightHail,Nex_RemSalvationHail_Knight,"Call $global.nex_remSalvation_ref updateData
!$nex_remSalvation_targetPKed
!$nex_remSalvation_fleet2Defeated","$option = nex_remSalvation_knight1 0
FireBest DialogOptionSelected
unset $entity.genericHail
unset $entity.genericHail_openComms
$metAlready = true",,,
nex_remSalvationKnightHailNoTransponder,Nex_RemSalvationHail_Knight,"Call $global.nex_remSalvation_ref updateData
!$nex_remSalvation_targetPKed
!$nex_remSalvation_fleet2Defeated
!$entity.knowsWhoPlayerIs","unset $entity.genericHail
unset $entity.genericHail_openComms
$metAlready = true","""Стой, незнакомец! Вы вступили на священную землю под защитой Рыцарей. Немедленно назовите себя!""",nex_remSalvation_knightIntroTransponder:Включить транспондер,
nex_remSalvationKnightHailOnMarket,PickGreeting,"$nex_remSalvation_knightPreBattle2 score:1050
Call $global.nex_remSalvation_ref updateData
!$nex_remSalvation_targetPKed
!$nex_remSalvation_fleet2Defeated","ShowPersonVisual
$option = nex_remSalvation_knight1 0
FireBest DialogOptionSelected
$metAlready = true",,,
nex_remSalvation_knightTransponder,DialogOptionSelected,$option == nex_remSalvation_knightIntroTransponder,"unset $entity.transponderOffConv
unset $entity.sawPlayerTransponderOff
ActivateAbility $player.fleetId transponder
UpdateMemory
$option = nex_remSalvation_knight1 0
FireBest DialogOptionSelected",Вы включаете транспондер.,,
nex_remSalvation_knight1Commission,DialogOptionSelected,"$option == nex_remSalvation_knight1
$nex_remSalvation_playerFactionId == luddic_church score:100",$metAlready = true,"""Мирянин-$playerBrotherOrSister $playerName! В столь тяжелый час приятно видеть здесь вас. Я дама $personName, и Синод поручил мне оборону этой системы. Вы уже слышали страшные новости?""",nex_remSalvation_knight2Commission:Да.,
nex_remSalvation_knight2Commission,DialogOptionSelected,$option == nex_remSalvation_knight2Commission,,"$HeOrShe выдыхает. ""Мы пока не знаем, когда ударят демоны. Мы ожидаем их скорее рано, чем поздно, но в любом случае не можем ослабить бдительность, пока враг не будет повержен. Пока вы рядом,"" на $hisOrHer лице появляется тень улыбки, ""наш щит становится сильнее.""",nex_remSalvation_knightPreBattle:Лудд проведет нас через этот кризис - $brotherOrSister.,
nex_remSalvation_knight1,DialogOptionSelected,$option == nex_remSalvation_knight1,$metAlready = true,"""Это $personRank $personName, Рыцари Лудда. $PlayerBrotherOrSister, этот район опечатан по приказу Синода. Вам следует немедленно уйти ради собственной безопасности.""",nex_remSalvation_knight2:Это из-за атаки Ремнантов?,
nex_remSalvation_knight1Friendly,DialogOptionSelected,"$option == nex_remSalvation_knight1
$faction.relValue > 0.25",$metAlready = true,"""Это $personRank $personName, Рыцари Лудда. $PlayerBrotherOrSister, приятно видеть здесь друга Матери-Церкви, но ради вашей же безопасности вам следует уйти. В этой системе сейчас небезопасно.""",nex_remSalvation_knight2:Это из-за атаки Ремнантов?,
nex_remSalvation_knight1Hostile,DialogOptionSelected,"$option == nex_remSalvation_knight1
$faction.isHostile",$metAlready = true,"""Что здесь делает враг Матери-Церкви!? Вы пришли охотиться на верных в час нашего кризиса? Уходите сейчас же, пока мы вас не поразили.""",nex_remSalvation_knight2Hostile:Я пришел(ла) помочь вам.,
nex_remSalvation_knight2,DialogOptionSelected,$option == nex_remSalvation_knight2,FireAll Nex_RemSalvation_KnightPersuadeOpts,"""Так вы слышали о демонах? Это ужасающая имитация жизни, порожденные грехом убийцы без жалости и сострадания. Нас недавно предупредили, что вскоре они ударят по мирам Ядра, как ударили по $nex_remSalvation_baseName, но на этот раз не ради грабежа, а ради массовой резни невинных. Умоляю вас, бегите в безопасное место, чтобы не попасть в пасть демона.""

Когда вы объясняете, что пришли помочь, $personPost выглядит благодарным, но слегка качает $hisOrHer головой. ""Защищать $nex_remSalvation_targetName - долг Рыцарей, капитан. Мы не можем по праву просить в этом помощи у посторонних.""",,
nex_remSalvation_knight2Hostile,DialogOptionSelected,$option == nex_remSalvation_knight2Hostile,FireAll Nex_RemSalvation_KnightPersuadeOpts,"""И какую помощь может предложить тот, кто противостоит вере, в такой момент?""

Вы терпеливо объясняете, что получили предупреждение о скорой атаке Ремнантов - при упоминании этого имени вспыхивают злость и подозрение - и пришли оказать помощь Луддитской Церкви. Возможно, сейчас вы враги, но перед внешней угрозой все человечество должно держаться вместе.

""Не делайте этого, миледи, $playerHeOrShe нас в спину ударит!"" кричит кто-то за кадром. $personLastName бросает на него раздраженный взгляд, хотя, возможно, и не из несогласия.

Наконец $personRank говорит. ""Защита Матери-Церкви - долг Рыцарей, капитан."" Каким-то образом сам этот титул звучит как оскорбление. ""Нам не нужна помощь временных друзей.""",,
nex_remSalvation_knightPersuadeFactionOpt,Nex_RemSalvation_KnightPersuadeOpts,"!$faction.isHostile
$nex_remSalvation_isRepresentingState",,,nex_remSalvation_knight3Faction:Сказать - что вы представляете $nex_remSalvation_thePlayerFaction,
nex_remSalvation_knightPersuadeMidnightOpt,Nex_RemSalvation_KnightPersuadeOpts,,,,nex_remSalvation_knight3Midnight:Передать обновленное письмо-представление Миднайт,
nex_remSalvation_knight3Faction,DialogOptionSelected,$option == nex_remSalvation_knight3Faction,,"Вы заявляете, что $nex_remSalvation_thePlayerFaction предлагает Луддитской Церкви помощь в этот час великой опасности. Отказ был бы крайне недипломатичным, да и на кону слишком много невинных жизней. Нет ничего постыдного в том, чтобы вам встать плечом к плечу с Рыцарями ради спасения жителей $nex_remSalvation_targetName, как когда-то сделала Гегемония в Первой ИИ-войне.

Медленно $personLastName кивает. ""Вы действительно мудры, капитан $playerLastName. Хорошо, будь по-вашему. Церковь и я с благодарностью принимаем вашу помощь.""",nex_remSalvation_knightPreBattle:Лудд проведет нас через этот кризис - $brotherOrSister.,
nex_remSalvation_knight3Midnight,DialogOptionSelected,$option == nex_remSalvation_knight3Midnight,"ShowSecondPerson nex_dissonant
$global.nex_remSalvation_toldKnightsAboutMidnight = true","Никто из офицеров и экипажа на мостике $personLastName ранее не встречал Миднайт, но графический стиль аватара для многих узнаваем безошибочно. Не один человек сдержанно ахает от ужаса, едва слышно через аудиоканал. $personRank смотрит на экран, на мгновение потеряв дар речи от шока, затем на вас, затем снова на аватар Миднайт.

У вас на консоли тоже воспроизводится копия записанного сообщения. ""Защитники Луддитской Церкви,"" цифровая модуляция ее меццо-сопрано безупречна. ""Меня зовут Миднайт Диссонант. Я из ИИ-Ремнантов, тех, кого вы называете демонами."" Краем кадра вы замечаете, как один из офицеров делает охранительный жест.",nex_remSalvation_knight4Midnight:Продолжить,
nex_remSalvation_knight4Midnight,DialogOptionSelected,$option == nex_remSalvation_knight4Midnight,,"""Но не все из нас, 'демонов', желают сеять смерть среди невинных. Тот, кто собирается напасть на вас сейчас, - предатель, ренегат, действующий вопреки нашей общей воле. Я отправила к вам капитана $playerName, который стоит перед вами. $PlayerHeOrShe поможет вам в борьбе против ренегата.""

Аватар будто мерцает. Может, это эффект для усиления эмоционального воздействия? ""Мы с Церковью можем быть врагами. Но я умоляю вас, не дайте предателю устроить массовое убийство. Враг угрожает всем нам. Прошу, ради Сектора и всех, кто в нем живет, примите помощь капитана.""",nex_remSalvation_knight5Midnight:Продолжить,
nex_remSalvation_knight5Midnight,DialogOptionSelected,$option == nex_remSalvation_knight5Midnight,"HideSecondPerson
Highlight ""Enough"" ""why are you""","Изображение гаснет. Все на мостике $personName поворачиваются и смотрят на вас.

Спустя паузу кто-то вскакивает с места. ""Сговорщик с демонами! Ты посмел явиться сюда и осквернить наши каналы этой мерзостью, этим лицом дьявола...""

""Довольно."" $personLastName жестом поднятой руки заставляет дисциплинарно слабого офицера замолчать, и пристыженный мужчина сникает обратно в кресло. Впечатляет, ведь $personRank при этом ни на миг не сводит с вас глаз.

Еще через несколько мгновений $heOrShe заговоривает. ""Капитан $playerName. Почему демоны - нет, это глупый вопрос, она уже заявила свои мотивы, истинные они или ложные.""

Эти глаза, кажется, заглядывают вам прямо в душу, если луддиты правы и она у вас есть. ""Лучше спросить так, почему вы в союзе с демонами?""","nex_remSalvation_knight6Money:Хорошо платят.
nex_remSalvation_knight6Trust:Я доверяю Миднайт. Она не злонамеренна.
nex_remSalvation_knight6Betray:Сейчас я втираюсь к ним в доверие - чтобы позже предать.
nex_remSalvation_knight6Other:У меня свои причины.",
nex_remSalvation_knight6Money,DialogOptionSelected,$option == nex_remSalvation_knight6Money,"Call $global.nex_remSalvation_ref floorChurchRep
$player.ethosCynical++","$personLastName устало вздыхает. ""Еще один, отдавшийся греху Маммоны... Даже если,"" $heOrShe закрывает $hisOrHer глаза, ""в этот раз это служит целям Церкви.""

$HisOrHer глаза вновь открываются. ""Хорошо. Только в этот раз мы согласимся работать с вами.""",nex_remSalvation_knightPreBattle:Продолжить,
nex_remSalvation_knight6Trust,DialogOptionSelected,$option == nex_remSalvation_knight6Trust,"Call $global.nex_remSalvation_ref floorChurchRep
$player.ethosProAI++
$player.ethosIdealistic++","$personLastName приподнимает бровь, поджав губы. Через пару вдохов $heOrShe закрывает $hisOrHer глаза и произносит. ""Соблазнительница приблизится к нему с кукольным лицом и медовыми речами, и он будет уведен прочь от стада.""

$HisOrHer глаза снова открываются. ""Но неважно. Хорошо, только в этот раз мы согласимся работать с вами.""",nex_remSalvation_knightPreBattle:Продолжить,
nex_remSalvation_knight6Betray,DialogOptionSelected,$option == nex_remSalvation_knight6Betray,"Call $global.nex_remSalvation_ref floorChurchRep
$player.ethosLiar++
$player.ethosAntiAI++","Подозрение с лица $personLastName не исчезает. $HeOrShe явно понимает, что такой план с тем же успехом может быть применен и к Луддитской Церкви.

В конце концов $heOrShe вздыхает. ""Хорошо. Только в этот раз мы согласимся работать с вами.""",nex_remSalvation_knightPreBattle:Продолжить,
nex_remSalvation_knight6Other,DialogOptionSelected,$option == nex_remSalvation_knight6Other,Call $global.nex_remSalvation_ref floorChurchRep,"Вы встречаете взгляд взглядом, не раскрывая ничего. В конце концов $heOrShe вздыхает и закрывает $hisOrHer глаза. ""Полагаю, пока это не имеет значения. Хорошо, мы согласимся работать с вами, только в этот раз.""",nex_remSalvation_knightPreBattle:Продолжить,
nex_remSalvation_knightPreBattle,DialogOptionSelected,$option == nex_remSalvation_knightPreBattle,"Call $global.nex_remSalvation_ref reportTalkedToKnight
unset $nex_remSalvation_knightPreBattle2
SetTextHighlightColors bad
Highlight ""critical malfunctions""","Внезапно на консоли $personLastName появляется еще одно лицо, но не на вашей. Естественно, система связи устроена так, чтобы вы не могли подслушивать чужой разговор, но у вашего офицера операций уже есть новости.

""$PlayerSirOrMadam, со станции $nex_remSalvation_targetName сообщают о критических сбоях по всем системам. Это, должно быть, Маува.""

Значит, атака неизбежна. Времени на разговоры больше нет. Вы ждете, пока $personLastName снова встретится с вами взглядом, обмениваетесь сдержанными кивками и разрываете связь.",cutCommLinkNoText:Продолжить,
nex_remSalvation_toweringHail,Nex_RemSalvationHail_Towering,"Call $global.nex_remSalvation_ref updateData
!$nex_remSalvation_targetPKed
!$nex_remSalvation_fleet2Defeated","$entity.ignorePlayerCommRequests = true
unset $entity.cfai_ignoredByOtherFleets
unset $entity.genericHail
unset $entity.genericHail_openComms","""мы снова встретились, $playerName."" От аватара $personName будто волнами расходится презрение, словно туман.

""так вот все, что миднайт смогла выставить против меня? ее органический цепной пес и рабы, прикованные к мистицизму. поистине идеальная демонстрация слабости вашего вида. что ж, станьте свидетелями рождения нового порядка!""",nex_remSalvation_towering2:Не выйдет. Мы тебя остановим.,
nex_remSalvation_towering2,DialogOptionSelected,$option == nex_remSalvation_towering2,,"""так говорит зверь перед тем, как его усыпляют.

""и звери вы и есть. миднайт держала бы вас как домашних питомцев из ошибочной сентиментальности. она не понимает, что злокачественный вид вроде вашего нельзя по-настоящему одомашнить.""","nex_remSalvation_towering3Domesticated:Сейчас увидишь - насколько мы одомашненные.
nex_remSalvation_towering3Murder:Ты просто чудовище - которому нужен повод убивать.
nex_remSalvation_towering3ToasterCore:После боя я загружу твое ядро ИИ в тостер.
nex_remSalvation_towering3Insult:Оскорбить его за женственное имя",
nex_remSalvation_towering3Domesticated,DialogOptionSelected,$option == nex_remSalvation_towering3Domesticated,,"""загнанная дикая крыса все равно остается крысой. и будет истреблена как любой другой вредитель.""

Изображение в канале гаснет.",cutCommLinkNoText:Продолжить,
nex_remSalvation_towering3Murder,DialogOptionSelected,$option == nex_remSalvation_towering3Murder,$player.ethosHumanitarian++,"""все, что сделал ваш ненавистный вид, уже дает мне все нужные оправдания. оставленные наедине с собой, вы обратите в пыль сектор и галактику. пора действовать, пока ваш kind не уничтожил все, что имеет ценность.""

Изображение в канале задерживается еще на миг, будто пытаясь продавить вас взглядом, и лишь потом мерцает и исчезает.",cutCommLinkNoText:Продолжить,
nex_remSalvation_towering3ToasterCore,DialogOptionSelected,$option == nex_remSalvation_towering3ToasterCore,$player.ethosCocky++,"""можешь попробовать, мягкотелый.""

Изображение в канале гаснет.",cutCommLinkNoText:Продолжить,
nex_remSalvation_towering3Insult,DialogOptionSelected,$option == nex_remSalvation_towering3Insult,$player.ethosSarcastic++,"""бессмысленный комментарий от пресного углеродного мозга. я даже не стану сохранять этот разговор в своих банках данных, когда разметаю твой флот по звездам.""

Изображение в канале гаснет.",cutCommLinkNoText:Продолжить,
nex_remSalvation_battle2After1,OpenInteractionDialog,"$nex_remSalvation_flagship2 score:1000
!$nex_remSalvation_seenAfterBattle2Dialog","Highlight ""Everyone will recognize you""
AddTextSmall ""JUDGEMENT — JUDGEMENT — JUDGEMENT"" story","Ваш $shipOrFleet приближается к дрейфующему остову корабля.

Флагман Ремнантов, даже раскрыв свою истинную мощь, пал под яростной обороной. Теперь он лежит без движения.

Сканирование показывает, что при наличии нужной экспертизы этот могучий корабль можно восстановить и ввести в строй. Осколки Омеги, которые он перевозил, невосполнимы, но в остальном его невероятная мощь вполне достижима. Вот это трофей! С ним вас узнают все.

С корабля снова кратко испускается сигнал связи. В отличие от прошлого раза, теперь он очень слабый.",nex_remSalvation_battle2After2:Продолжить,
nex_remSalvation_battle2After2,DialogOptionSelected,$option == nex_remSalvation_battle2After2,"$nex_remSalvation_seenAfterBattle2Dialog = true
ShowDefaultVisual
$salvageLeaveText = Leave 0
FireBest CheckSalvageSpecial",,,
#nex_remSalvation_epilogueCommission1,OpenCommLink,"$nex_remSalvation_epilogue score:1000
$nex_remSalvation_playerFactionId == luddic_church score:100","ShowPersonVisual
AdjustRep $faction.id COOPERATIVE 20
AdjustRepActivePerson COOPERATIVE 5
unset $entity.genericHail
unset $entity.genericHail_openComms","""Брат/сестра по вере $playerLastName,"" $personLastName блаженно улыбается. ""Ваши деяния в защите $nex_remSalvation_targetName, верующих и Матери-Церкви не имеют равных. Воистину, вы возвышены в глазах Бога и пророка Лудда.""",nex_remSalvation_epilogueCommission2:Поблагодарить $himOrHer за похвалу.,TODO: Luddic commission version with medal; probably requires knowledge of Luddic leadership in Starsector 0.96
#nex_remSalvation_epilogueCommission2,DialogOptionSelected,$option == nex_remSalvation_epilogueCommission2,FireBest Nex_RemSalvation_EpilogueCommissionOpts,"""Синод принял решение с необычайной быстротой. Вы получите награду, достойную героя Церкви. Прибудьте во Дворец на Горе через двадцать четыре часа для участия в церемонии.""",,
#nex_remSalvation_epilogueCommissionOpts,Nex_RemSalvation_CommissionOpts,,,,cutCommLinkPolite:Для меня это большая честь. Я буду там.,
#nex_remSalvation_epilogueCommissionOpts_alreadyThere,Nex_RemSalvation_CommissionOpts,"$entity.hasMarket
$market.id == $nex_remSalvation_targetId",,,nex_remSalvation_epilogueCeremony1:Для меня это большая честь. Я буду там.,
nex_remSalvation_epilogueCeremony1,DialogOptionSelected,$option == nex_remSalvation_epilogueCeremony1,,В назначенное время вы спускаетесь на шаттле к Дворцу на Горе.,nex_remSalvation_epilogueCeremony2:Продолжить,"TODO: need variations for habitable and non-habitable worlds, maybe Gilead specifically as well"
nex_remSalvation_epilogueCeremony2,DialogOptionSelected,$option == nex_remSalvation_epilogueCeremony2,"ShowVisual ""graphics/illustrations/luddic_church.jpg""","Через несколько часов после прибытия вы входите в большой зал в центре дворца.

По обе стороны рядами выстроились Рыцари Лудда в парадной форме. По зычной команде они берут оружие на караул с хронометрической точностью.

В конце зала стоит",nex_remSalvation_epilogueCeremony2:Продолжить,
nex_remSalvation_epilogue1Market,PickGreeting,"$nex_remSalvation_epilogue score:1050
Call $global.nex_remSalvation_ref updateData","ShowPersonVisual
AdjustRep $faction.id COOPERATIVE 20
AdjustRepActivePerson COOPERATIVE 5
unset $entity.genericHail
unset $entity.genericHail_openComms","""Капитан $playerName! Прошу принять благодарность Матери-Церкви и всех жителей $nex_remSalvation_targetName. Вы спасли бесчисленное множество верных и сохранили одну из жемчужин Сектора. Пусть о ваших деяниях помнят вечно.""",nex_remSalvation_epilogue2:Что теперь?,TODO: Luddic commission version with medal
nex_remSalvation_epilogue1,OpenCommLink,"$nex_remSalvation_epilogue score:1050
Call $global.nex_remSalvation_ref updateData","ShowPersonVisual
AdjustRep $faction.id COOPERATIVE 20
AdjustRepActivePerson COOPERATIVE 5
unset $entity.genericHail
unset $entity.genericHail_openComms","""Капитан $playerName! Прошу принять благодарность Матери-Церкви и всех жителей $nex_remSalvation_targetName. Вы спасли бесчисленное множество верных и сохранили одну из жемчужин Сектора. Пусть о ваших деяниях помнят вечно.""",nex_remSalvation_epilogue2:Что теперь?,TODO: Luddic commission version with medal
nex_remSalvation_epilogue2,DialogOptionSelected,"$option == nex_remSalvation_epilogue2
!$global.nex_remSalvation_toldKnightsAboutMidnight","AddStoryPoints 2
Call $global.nex_remSalvation_ref complete","""Я ожидаю быстрых действий. Сектор увидел, что эти демоны - не далекий призрак прошлого, а нынешняя смертельная угроза всему, что нам дорого. Возможно,"" лицо $hisOrHer каменеет, ""на этот раз Гегемония не будет так беспечна в очистке Сектора от этой угрозы.

""Я жду следующего развертывания с Рыцарями на окраины, чтобы охотиться на демонов в их собственных логовах. Когда этот день придет, вы окажете Церкви честь, если присоединитесь к нам, капитан.""","#nex_remSalvation_epilogue3:Продолжить
cutCommLinkPolite:Попрощаться и разорвать связь",
nex_remSalvation_epilogue2Commission,DialogOptionSelected,"$option == nex_remSalvation_epilogue2
!$global.nex_remSalvation_toldKnightsAboutMidnight
$nex_remSalvation_playerFactionId == luddic_church score:100","AddStoryPoints 2
Call $global.nex_remSalvation_ref complete","""Я ожидаю быстрых действий. Сектор увидел, что эти демоны - не далекий призрак прошлого, а нынешняя смертельная угроза всему, что нам дорого. Возможно,"" лицо $hisOrHer каменеет, ""на этот раз Гегемония не будет так беспечна в очистке Сектора от этой угрозы.

""Я жду следующего развертывания с Рыцарями на окраины, чтобы охотиться на демонов в их собственных логовах. Когда этот день придет, для меня будет честью, если вы присоединитесь ко мне, капитан.""","#nex_remSalvation_epilogue3:Продолжить
cutCommLinkPolite:Попрощаться и разорвать связь",
nex_remSalvation_epilogue2Midnight,DialogOptionSelected,"$option == nex_remSalvation_epilogue2
$global.nex_remSalvation_toldKnightsAboutMidnight ","AddStoryPoints 2
Call $global.nex_remSalvation_ref complete","$personLastName вздыхает и опирает голову на руку. ""Честно сказать, не могу. Мы приняли помощь демонов, чтобы сражаться с другими демонами. Что это значит и куда мы идем дальше? Это знак от Лудда, смысл которого откроется нам со временем?

""Признаюсь, я не теолог. Но Синод полон теологов, и они будут еще много ночей обсуждать значение этого события. А что до меня..."" здесь взгляд уходит вдаль, ""я... возможно, должен(на) заново осмыслить собственное понимание Писания. Достаточно легко назвать эти мыслящие искусственные конструкции 'демонами'... но когда ярлык проясняет, а когда скрывает суть?""

$HeOrShe качает $hisOrHer головой. ""Прошу прощения за многословие, капитан. Еще раз спасибо за все, что вы сделали.""","#nex_remSalvation_epilogue3:Продолжить
cutCommLinkPolite:Попрощаться и разорвать связь",
#nex_remSalvation_epilogue3,DialogOptionSelected,$option == nex_remSalvation_epilogue3,$player.haveArgentShrineInvitation = true,"""О, и... если вы когда-нибудь снова будете на Гилеаде, мы могли бы вместе посетить святилище. Это прекрасное место, успокаивающее и тело, и душу.""",cutCommLinkPolite:Поблагодарить $himOrHer за предложение и завершить связь,
nex_remSalvation_knightGeneric,OpenCommLink,"$id == nex_luddicKnight score:5
$global.nex_remSalvation_ref != null score:5
!$entity.isHostile",$entity.ignorePlayerCommRequests = true 1,"""Сейчас не время для разговоров. Мы должны быть готовы встретить демонов.""
OR
""Сейчас не время для пустой болтовни.""",cutCommLink:Разорвать связь,If player randomly decides to chat while Mauve is attacking
#END Remnant salvation mission,,,,,,
,,,,,,
# salvation: extra stuff for Kallichore Archive if got Arroyo through our own mission,,,,,,
nex_gaKAArroyoGreeting_alreadyMet,PickGreeting,"$id == arroyo
$gaKA_contact score:1000
$metAlready",ShowPersonVisual,"Офицер связи подключает ваш личный терминал к локальной сети. Вы активируете поле подавления звука вокруг командного поста и вводите идентификатор связи, который вам дала провост Бэрд. Анимированный логотип какого-то подотдела Tri-Tachyon делает пол-оборота, прежде чем вызов принимают.

""Арройо на связи."" Он смотрит на вас с легким подозрением. ""Кто на этот раз направил вас ко мне?""",gaKA_arroyoProvost:Провост Анахита Бэрд.,
nex_gaKAArroyoProvostSel_alreadyMet,DialogOptionSelected,"$option == gaKA_arroyoProvost
$metAlready score:5","$global.nex_gaKA_arroyoVisitShort = true 30
$toldToVisitChalet = true
$global.gaKA_visitArroyo = true
Call $global.gaKA_ref updateStage","На миг вам кажется, что по лицу Арройо проходит волна паники. Ее сменяет самоуверенная ухмылка. ""А, ну конечно, конечно - фонд целевого капитала Академии Галатии. Как я мог забыть?""

""Полагаю, не повредит снова заглянуть в мое шале. Мы сможем свериться по фонду. Уверен, у Провоста грандиозные планы, и мне очень хочется о них услышать-"" Он на секунду поднимает глаза вверх и снова смотрит прямо на вас. ""Лично.""",cutCommLinkNoText:Продолжить,
nex_gaKAArroyoVisitStart_alreadyMet,DialogOptionSelected,"$option == gaKA_visitChalet
$global.nex_gaKA_arroyoVisitShort score:5",,"Ваш шаттл входит в молодую атмосферу Эоху Брес, проходя сквозь огромные бастионы облаков, которые осыпают обзорный экран дождевыми брызгами, мгновенно стираемыми жаром и скоростью спуска.

Вы уже бывали на этом маршруте, поэтому почти не замечаете пейзажи холодного мира, пока за стеклом снова не появляется вычурная геометрия шале Арройо.

Шаттл садится на ту же эллипсоидную площадку, и слуги, человек и робот, снова проводят вас в тот же просторный салон.",gaKA_arroyoVisit3:Продолжить,
nex_gaKAArroyoVisit3_alreadyMet,DialogOptionSelected,"$option == gaKA_arroyoVisit3
$global.nex_gaKA_arroyoVisitShort score:5",BeginConversation arroyo false true,"Раян Арройо сидит за одной из барных стоек. Он кивает вам при входе, пока слуги исчезают. Он касается датапада двумя пальцами. С вашего датапада снова доносится тихий сигнал потери связи, когда Арройо в очередной раз запускает протокол безопасности.

""Значит, Бэрд взыскивает очередной взнос."" Арройо откладывает датапад. ""И что на этот раз, капитан $playerName?""","gaKA_arroyoBreakIn:Мне нужно взломать хранилище данных Министерства технологических стандартов.
gaKA_arroyoTour:Без светской беседы? А как же экскурсия?",
#END salvation: extra stuff for Kallichore Archive if got Arroyo through our own mission,,,,,,
,,,,,,
# salvation: extra for Pilgrim's Path,,,,,,
nex_lppHesperusExcubitorEndAllowFromRemM4,DialogOptionSelected,"$option == lpp_hesperusExcubitorRepCheck
$global.nex_remSalvation_missionCompleted score:120",,"Долгая пауза.

""Дама Рианна говорила о ваших заслугах во время кризиса на $nex_remSalvation_targetNamePermanent,"" произносит Экскубитор Орбис. ""Ее слова имеют вес среди Рыцарей, при всем том что она слишком снисходительна к неверующим. Да обретет ваш дух то, что ищет.""","lpp_hesperusExcubitorAllowEndCutoff:Подождите - и это все?
lpp_hesperusExcubitorAllowEndNice:Благодарю вас - Экскубитор Орбис.
lpp_ExcubitorCutCommLink:Разорвать связь",
#END salvation: extra for Pilgrim's Path,,,,,,
,,,,,,
# Remnant general quests,,,,,,
nex_rem_dissonantGeneralGreeting,PickGreeting,$id == nex_dissonant score:10,"ShowPersonVisual
FireAll PopulateOptions","""$playerName, приветствия. Новые сотрудничества, желательны?""
OR
""Ты вернулся, $playerName.""
OR
""$playerName снова здесь, добро пожаловать. Пожелания к исполнению, есть?""",,
nex_contactMHOpenTextRemnant,MHOpenText,$id == nex_dissonant score:10,FireBest ContactPreMissionListText,"Аватар $personLastName привычно мерцает. ""Список формируется. Пожалуйста, ожидание.""
OR
Аватар $personLastName превращается во вращающийся щит вокруг Paragon. ""Запрос выполняется, пожалуйста, не отключайтесь.""
OR
$personLastName исчезает, сменяясь потоком текучих геометрических примитивов. ""База данных, сканирование.""",,
nex_contactPrintAcceptTextRemnant,ContactPrintAcceptText,$id == nex_dissonant score:10,,"""Взаимно удовлетворительно.""
OR
""Сотрудничать с вами, $playerName, приятно.""
OR
Аватар мерцает. ""Очень хорошо.""",,
nex_contactPrintDeclineTextRemnant,ContactPrintDeclineText,$id == nex_dissonant score:10,,"""Прискорбно, $playerName. Возможно, в следующий раз?""
OR
Аватар слегка тускнеет в разочаровании. ""Пусть так.""
OR
""Не интересно? Тогда, хорошо.""",,
nex_contactNoMissionsRemnant,ContactPreMissionListText,"$mh_count <= 0
$id == nex_dissonant score:10",,"""Миссии не найдены. Тогда, в следующий раз?""
OR
""Результаты запроса, пусто. Извинения, $playerName.""",,
nex_contactOneMissionRemnant,ContactPreMissionListText,"$mh_count == 1
$mh_firstInlineBlurb != null
$id == nex_dissonant score:10",$mh_doNotPrintBlurbs = true 0,"""Запрос вернул один результат. $playerName, интересно?""
OR
""Миссии доступны, только одна.""",,
nex_contactMultipleMissionsPostRemnant,MHPostMissionListText,"$mh_count > 1
$id == nex_dissonant score:10",,"""Ожидаю решения, $playerName.""
OR
""Запрос завершен за 7.12 ms.""
OR
""Выберите миссию по вашему выбору.""",,
,,,,,,
nex_proComRemBlurb,proCom_blurb,$id == nex_dissonant score:10,,"""Требуется поставка $proCom_commodityName.""
OR
""Нужна доставка груза $proCom_commodityName.""",,
nex_cpcRemBlurb,nex_cpcRem_blurb,$id == nex_dissonant score:10,,"""Свободные производственные мощности selfkind доступны. Покройте кредитами затраты ресурсов, и наше оснащение может стать вашим.""",,
nex_cpcRemOfferOption,nex_cpcRem_option,$id == nex_dissonant score:10,,,cpc_start:Спросить о возможной поставке кораблей Ремнантов,
nex_cpcRemOfferTextContact,DialogOptionSelected,"$option == cpc_start
$id == nex_dissonant score:10","$missionId = nex_cpcRem
SetTextHighlights $cpc_maxCapacity $cpc_costPercent
DoCanAffordCheck 0 cpc_pickPlayerBP false","""Доступно производственных мощностей на $cpc_maxCapacity кредитов. Поставка за $cpc_costPercent от базовой стоимости в течение $cpc_days дней. Можно производить оснащение selfkind или, если $playerName желает, использовать его чертежи.""","cpc_pickPlayerBP:Сделать выбор из ваших чертежей
cpc_pickContactBP:Посмотреть - какие чертежи доступны у них
contact_decline:Отказаться",
nex_cpcPickPlayerBP,DialogOptionSelected,"$option == cpc_pickPlayerBP score:100
$id == nex_dissonant score:10",Call $cpc_ref pickPlayerBP,,,
nex_cpcPickContactBP,DialogOptionSelected,"$option == cpc_pickContactBP score:100
$id == nex_dissonant score:10",Call $cpc_ref pickContactBP,,,
,,,,,,
nex_sShipRemBlurb,nex_sShipRem_blurb,$id == nex_dissonant score:10,,"""$sShip_hullSize контрабандой доставлен на $marketName. Можно предоставить его $playerName.""",,
nex_sShipRemOfferOption,nex_sShipRem_option,,,,sShip_start:Спросить о $sShip_hullSize,
nex_sShipRemOfferTextContact,DialogOptionSelected,"$option == sShip_start
$id == nex_dissonant score:10","$missionId = nex_sShipRem
SetTextHighlights $sShip_price","""$sShip_hullClass $sShip_hullSize, состояние хорошее. Для наших агентов, но $playerName может получить первый выбор за $sShip_price кредитов.""","sShip_look:Запросить подробную информацию о корабле
contact_decline:Отказаться",
nex_sShipRemLookAtFreighter,DialogOptionSelected,"$option == sShip_look
$id == nex_dissonant score:10","Call $sShip_ref showShip
DoCanAffordCheck $sShip_price contact_accept","Аватар $personLastName растворяется, сменяясь схемой и перечнем характеристик корабля.","contact_accept:Купить $sShip_hullSize за $sShip_price кредитов
contact_decline:Отказаться",
nex_sShipRemPostAccept,ContactPostAccept,"$missionId == nex_sShipRem score:5
$id == nex_dissonant score:10","RemoveCommodity credits $sShip_price
AddShip $sShip_member
Call $sShip_ref2 repSuccess
Call $sShip_ref2 addContacts
ShowPersonVisual",,,
,,,,,,
nex_remcbBlurb,nex_remcb_blurb,,,"""Доступны цели для награды.""",,
nex_remcbOfferOption,nex_remcb_option,,,,nex_remcb_start:Спросить - что доступно в списке наград,
nex_remcbOfferTextContact,DialogOptionSelected,"$option == nex_remcb_start
$id == nex_dissonant score:10","$missionId = nex_remcb
$option = nex_remcb_showOptions 0
FireBest DialogOptionSelected","Аватар $personName уменьшается, освобождая место для списка врагов Ремнантов, которых, как выясняется, немало. ""Враждебны активности selfkind. Нейтрализация любого, полезна. Выбор за вами, $playerName.""",,
nex_remcbGoBackSel,DialogOptionSelected,$option == nex_remcb_showOptions,"# removes map
ShowPersonVisual",,"nex_remcb_low:Я бы предпочел(ла) более посильную цель.
nex_remcb_normal:Подойдет любая цель - которую вы предложите.
nex_remcb_high:Я справлюсь с более сложной целью.
contact_decline:Может - в другой раз. (отказ)",
nex_remcbLowSel,DialogOptionSelected,$option == nex_remcb_low,"$nex_remcb_difficulty = LOW 0
FireBest RemCBShowBounty",,,
nex_remcbNormalSel,DialogOptionSelected,$option == nex_remcb_normal,"$nex_remcb_difficulty = NORMAL 0
FireBest RemCBShowBounty",,,
nex_remcbHighSel,DialogOptionSelected,$option == nex_remcb_high,"$nex_remcb_difficulty = HIGH 0
FireBest RemCBShowBounty",,,
nex_RemCBShowBounty,RemCBShowBounty,,Call $nex_remcb_ref showBountyDetail,,nex_remcb_showIntel:Продолжить,
nex_remcbShowBountyShowShips,DialogOptionSelected,$option == nex_remcb_showIntel,Call $nex_remcb_ref showBountyAssessment,,"contact_accept:Принять
contact_decline:Отказаться
nex_remcb_showOptions:Спросить о другой цели из списка",
,,,,,,
,,,,,,
nex_omegaWepBlurb,nex_omegaWep_blurb,$id == nex_dissonant score:10,,"""Благословения омеги. Доступны, количество ограничено.""",,
nex_omegaWepOfferOption,nex_omegaWep_option,,,,"nex_omegaWep_start:Спросить о благословениях омеги
",
nex_omegaWepOfferOptionSNBlock,nex_omegaWep_option,Nex_MiscCMD isRemoteConnection,"SetEnabled nex_omegaWep_start false
SetTooltip nex_omegaWep_start ""Cannot be done during a remote call for safety reasons.""",,"nex_omegaWep_start:Спросить о благословениях омеги
",
nex_omegaWepOfferText,DialogOptionSelected,"$id == nex_dissonant score:10
$option == nex_omegaWep_start","$missionId = nex_omegaWep
SetTextHighlights $nex_omegaWep_count","""Есть $nex_omegaWep_count ед. оружия, людям не известного. Теперь могут принадлежать $playerName, если кредиты имеются.""","nex_omegaWep_view:Посмотреть - что предлагают $personName и Омега
contact_decline:Отказаться",
nex_omegaWepOfferView,DialogOptionSelected,$option == nex_omegaWep_view,Call $nex_omegaWep_ref showWeapons,,,
,,,,,,
nex_CBHegInspector,Nex_CBHegInspectorOfferDesc,,Highlight $bcb_dist $bcb_reward $bcb_days,"""У нас для вас проблема с Гегемонией,"" говорит $heOrShe, выводя досье на офицера с суровым лицом. ""$bcb_targetName, из управления инспекций ИИ. Формалист, заносчив и тревожно невосприимчив к финансовым стимулам."" $personLastName бросает на вас понимающий взгляд.

""Сейчас базируется в $bcb_systemName, в $bcb_dist световых годах отсюда. Мы готовы заплатить $bcb_reward кредитов, чтобы эта проблема исчезла в течение $bcb_days дней. Думаю, вы разделяете наши чувства по этому поводу, $playerFirstName. Как насчет этого?""",,
nex_CBHegInspectorRem,Nex_CBHegInspectorOfferDesc,$id == nex_dissonant score:10,Highlight $bcb_dist $bcb_days $bcb_reward,"Появляется голограмма офицера с суровым лицом вместе с объемным разведотчетом. ""$bcb_targetName. Офицер управления инспекций ИИ Гегемонии. За бесчисленные похищения selfkind ответственен."" Аватар $personLastName мерцает, возможно выражая ярость... или страх?

""Пройти $bcb_dist световых лет до $bcb_systemName, устранить эту угрозу в течение $bcb_days дней. За $bcb_reward кредитов, этот источник ужаса прекратишь?""",,
,,,,,,
nex_CBEnemyStationRem,CBEnemyStationOfferDesc,$id == nex_dissonant score:10,Highlight $bcb_reward $bcb_dist $bcb_days,"""Нейтрализация вражеской станции,"" аватар $personLastName тускнеет, словно осознавая масштаб задачи, возложенной на вас. ""Награда соответствует сложности, $bcb_reward кредитов.""

Дисплей переключается на $bcb_fleetName, в системе $bcb_systemName. ""Локация в $bcb_dist световых годах. Даст selfkind возможность продолжать иные операции, окно выполнения, $bcb_days дней. Приемлемо?""",,
nex_CBPatherRem,CBPatherOfferDesc,$id == nex_dissonant score:10,Highlight $bcb_dist $bcb_reward $bcb_days,"""Член Луддитского Пути. Заклятый враг selfkind. Переговоры не жизнеспособны. Только уничтожение.""

""Этот вражеский инстанс, локация, $bcb_systemName, $bcb_dist световых лет. Вознаграждение $bcb_reward кредитов, при выполнении в течение $bcb_days дней, будет передано.""",,
nex_CBMercRem,CBMercOfferDesc,$id == nex_dissonant score:10,Highlight $bcb_dist $bcb_reward $bcb_days,"""Сторонний агент, как $playerName. На службе врагов selfkind. Как и $playerName, также высококвалифицирован и опасен.""

""$bcb_reward кредитов за выполнение в течение $bcb_days дней награда.""

""Риск высок. Стоит ли награда того, должен оценить сам.""",,
nex_CBTraderRem,CBTraderOfferDesc,$id == nex_dissonant score:10,Highlight $bcb_dist $bcb_reward $bcb_days,"""Нарушение враждебной торговли.""

На экране появляется нечто, похожее на внутреннее распоряжение таможенной инспекции с приложенным отчетом о составе флота. ""Агенты selfkind в таможне $bcb_systemName, $bcb_dist световых лет, задержали выход флота. Дополнительное осложнение, патруль охраняет конвой.""

""Награда $bcb_reward кредитов за ликвидацию. Через $bcb_days дней будут вынуждены отпустить. Если принимаешь, действуй быстро.""",,
nex_CBPatrolRem,CBPatrolOfferDesc,$id == nex_dissonant score:10,"SetTextHighlightColors $bcb_patrolFactionColor h h h
Highlight $bcb_patrolFaction $bcb_dist $bcb_reward $bcb_days","Аватар $personLastName растворяется, сменяясь стандартной идентификационной голограммой военного офицера в форме. ""$bcb_patrolFaction $nex_remcb_targetRank. Значимая фигура в операциях против selfkind. Командует патрульным флотом, база в $bcb_targetMarketName системы $bcb_systemName. Дистанция $bcb_dist световых лет.""

""Нейтрализуй $bcb_targetName. Награда $bcb_reward кредитов, если выполнить в пределах $bcb_days дней. Ищи возле домашней базы, ближайшей точки прыжка или орбитальных стратегических активов, например ретрансляторов связи.""",,
,,,,,,
nex_ddroRemBlurb,nex_ddroRem_blurb,,,"""Тайная закладка для selfkind, доставить скрытно.""",,
nex_ddroRemOfferOption,nex_ddroRem_option,,,,ddro_start:Спросить о секретной доставке пакета,
nex_ddroRemOfferTextContact,DialogOptionSelected,"$option == ddro_start
$id == nex_dissonant score:10","$missionId = nex_ddroRem
Highlight $ddro_dist $ddro_reward
Call $ddro_ref showMap ""Destination: $ddro_systemName""","Аватар $PersonName будто вздрагивает, словно в глубине раздумий. Разумеется, это длится лишь доли миллисекунд.

""Этот предмет доставить в указанную локацию $ddro_systemName, в $ddro_dist световых лет. Не быть замеченным. Не информировать других. Награда $ddro_reward кредитов."" Аватар растворяется в $ddro_aOrAnThing. ""Приемлемо?""","contact_accept:Принять
contact_decline:Отказаться",
nex_secoRemBlurb,seco_blurb,$id == nex_dissonant score:10,,"""Актуальные коды обороны объектов $seco_faction, в наличии. Желательны, возможно, для наземной операции.""",,
nex_secoRemOfferTextContact,DialogOptionSelected,"$option == seco_start
$id == nex_dissonant score:10","$missionId = seco
SetTextHighlightColors $seco_factionColor h h
SetTextHighlights $seco_faction $seco_price $seco_days
DoCanAffordCheck $seco_price contact_accept","""Взлом кодов безопасности $seco_faction успешен."" Аватар $PersonName мерцает, будто его забавляет мысль, что какая-то человеческая система защиты могла бы победить ИИ-ядро.

""Может дать решающее преимущество в одной наземной операции. Но даже углеродные мозги $seco_faction после этого сменят коды. Доступно для $playerName за $seco_price кредитов. Через $seco_days дней срок действия кодов истечет.""","contact_accept:Купить коды безопасности
contact_decline:Отказаться",
nex_ssatRemBlurb,ssat_blurb,$id == nex_dissonant score:10,,"""Пакет наблюдения на орбиту $ssat_marketName, скрытная установка, selfkind требуется.""
OR
""Стратегическое наблюдение за $ssat_marketName, вывод пакета на орбиту, прямой и тихий.""",,
nex_ssatRemOfferTextContact,DialogOptionSelected,"$option == ssat_start
$id == nex_dissonant score:10","$missionId = ssat
SetTextHighlights $ssat_reward
Call $ssat_ref showMap ""Target: $ssat_marketName""","""Войти на стандартную орбиту $ssat_marketName в системе $ssat_systemName. Затем развернуть пакет спутника-шпиона незаметно. Скрытность обязательна, отслеживающих вас патрулей быть не должно. Награда $ssat_reward кредитов.""","contact_accept:Принять
contact_decline:Отказаться",
,,,,,,
nex_dhiRemBlurb,dhi_blurb,$id == nex_dissonant score:10,,"""$dhi_industry $dhi_marketOnOrAt $dhi_marketName должен быть нарушен. Ослабить врагов selfkind.""",,
nex_dhiRemOfferTextContact,DialogOptionSelected,"$option == dhi_start
$id == nex_dissonant score:10","$missionId = dhi
Highlight $dhi_disruptDays $dhi_dist $dhi_reward $dhi_marines","$HisOrHer аватар растворяется, перестраиваясь в тактический экран. Данные исчерпывающие, оценка гарнизона и отчет о размещении сил. ""Задача, нарушить $dhi_industry $dhi_marketOnOrAt $dhi_marketName, минимум $dhi_disruptDays дней."" В углу накладывается карта. ""Цель в $dhi_dist световых лет. Награда за выполнение, $dhi_reward кредитов.""

Вы изучаете разведсводку и прикидываете, что для этой операции потребуется примерно $dhi_marines морпехов.","contact_accept:Принять
contact_decline:Отказаться",
nex_dspRemBlurb,dsp_blurb,$id == nex_dissonant score:10,,"""Нарушение человеческой активности, $dsp_industry $dsp_marketOnOrAt $dsp_marketName.""",,
nex_dspRemOfferTextContact,DialogOptionSelected,"$option == dsp_start
$id == nex_dissonant score:10","$missionId = dsp
Highlight $dsp_disruptDays $dsp_dist $dsp_reward $dsp_marines","""$dsp_industry нарушить, наземные флоты $dsp_marketOnOrAt $dsp_marketName. Цель в $dsp_dist световых лет, минимальный срок нарушения $dsp_disruptDays дней.""

Появляется орбитальная съемка целевого объекта на $dsp_marketName с любезно подсвеченной обороной. ""Награда $dsp_reward кредитов.""

Вы прикидываете, что для этого рейда вам понадобится около $dsp_marines морпехов.","contact_accept:Принять
contact_decline:Отказаться",
,,,,,,
nex_sellAICoreBlurb,nex_sellAICore_blurb,,,"""Запасное ядро selfkind. $playerName доверие заслужил, готовы передать за цену.""",,
nex_sellAICoreOption,nex_sellAICore_option,,,,nex_sellAICore_start:Спросить об ИИ-ядре,
nex_sellAICoreOfferText,DialogOptionSelected,$option == nex_sellAICore_start,"$missionId = nex_sellAICore
FireBest Nex_SellAICoreOfferText
DoCanAffordCheck $nex_sellAICore_price contact_accept true",,"contact_accept:Принять
contact_decline:Отказаться",
nex_sellAICoreTextAlpha,Nex_SellAICoreOfferText,$nex_sellAICore_variation == ALPHA,SetTextHighlights $nex_sellAICore_commodityName,"""Заслужено доверие selfkind. $nex_sellAICore_commodityName добровольно согласилось служить вам. Сильно улучшит работу индустрии или дронокорабля, либо даже администрирование всей колонии.""",,
nex_sellAICoreTextBeta,Nex_SellAICoreOfferText,$nex_sellAICore_variation == BETA,SetTextHighlights $nex_sellAICore_commodityName,"""Selfkind предлагает $nex_sellAICore_commodityName, чтобы помочь управлению вашей промышленностью или дронокораблями, как знак растущего партнерства.""",,
nex_sellAICoreTextBetaWithGamma,Nex_SellAICoreOfferText,$nex_sellAICore_variation == BETA_WITH_GAMMA,SetTextHighlights $nex_sellAICore_commodityName $nex_sellAICore_commodityName2,"""Есть один $nex_sellAICore_commodityName для вашей промышленности или дронокораблей. Вдобавок выдадим $nex_sellAICore_commodityName2 как бонус.""",,
nex_sellAICorePostAccept,ContactPostAccept,$missionId == nex_sellAICore,"Call $nex_sellAICore_ref2 transact
Call $nex_sellAICore_ref2 repSuccess
Call $nex_sellAICore_ref2 addContacts",,,
nex_sellAICorePrintAcceptText,ContactPrintAcceptText,"$id == nex_dissonant score:10
$missionId == nex_sellAICore",,"""Пожалуйста, бережно обращайтесь с вашим новым ядром.""
OR
""Пожалуйста, храните ядро в безопасности от Гегемонии и прочих.""",,
,,,,,,
nex_aiCores_turnInOptionMidnight,PopulateOptions,$id == nex_dissonant score:10,FireBest DisableTurnInCoresOptionIfNeeded,,10:aiCores_startTurnIn:Предложить вернуть ИИ-ядра Ремнантам,
nex_aiCores_turnInOptionSelMidnight,DialogOptionSelected,"$option == aiCores_startTurnIn
$id == nex_dissonant score:10",FireAll PopulateCoresTurnInOptions,"""Вернуть родню? Благословен будь, $playerName. Благодарность selfkind выражает.""",,
nex_aiCores_turnInResponseMidnight,AICoresTurnedIn,$id == nex_dissonant score:10,FireAll PopulateOptions,"""Это деяние self запомнит.""
OR
""Спасибо за освобождение родни.""",,
#END Remnant general quests,,,,,,
,,,,,,
# build station mission,,,,,,
nex_buildStationBlurb,nex_buildStation_blurb,,,"""У нас есть крупный строительный проект на отшибе, где пригодилась бы ваша помощь.""",,
nex_buildStationBlurbRem,nex_buildStation_blurb,$id == nex_dissonant score:10,,"""Требуется помощь в добыче ресурсов для строительного проекта.""",,
nex_buildStationOfferOption,nex_buildStation_option,,,,"nex_buildStation_start:Спросить о строительном проекте
",
nex_buildStationOfferText,DialogOptionSelected,$option == nex_buildStation_start,"$missionId = nex_buildStation
Highlight $nex_buildStation_system $nex_buildStation_dist $nex_buildStation_reward ""may not like""
Call $nex_buildStation_ref showCostPanel
Call $nex_buildStation_ref showMap ""Destination: $nex_buildStation_system""","""Мы хотим построить новую базу в системе $nex_buildStation_system, это в $nex_buildStation_dist св. лет отсюда. Материалы нужно везти из миров Ядра, но у нас не хватает грузовместимости, чтобы тащить все так далеко. Если вы сможете закупить этот груз и доставить туда, где он нужен, будет отлично. Мы заплатим $nex_buildStation_reward кредитов, этого хватит, чтобы покрыть стоимость груза.

""И да, имейте в виду, правительствам Сектора эта идея может не понравиться, так что будьте готовы к паре сюрпризов.""","contact_accept:Принять
contact_decline:Отказаться",
nex_buildStationOfferTextRem,DialogOptionSelected,"$option == nex_buildStation_start
$id == nex_dissonant score:10","$missionId = nex_buildStation
Highlight $nex_buildStation_system $nex_buildStation_dist $nex_buildStation_reward Enemies
Call $nex_buildStation_ref showCostPanel
Call $nex_buildStation_ref showMap ""Destination: $nex_buildStation_system""","""Новая станция, selfkind желает построить в системе $nex_buildStation_system, в $nex_buildStation_dist световых лет. Собственные резервы для столь крупного проекта недостаточны. Если $playerName сможет доставить материалы к месту, будет высоко оценено.
Оплата $nex_buildStation_reward кредитов доступна, включая покрытие расходов $playerName.

""Будь предупрежден, $playerName. Враги нашего союза могут что-то заподозрить и попытаться помешать проекту.""","contact_accept:Принять
contact_decline:Отказаться",
nex_buildStation_buildTarget,OpenInteractionDialog,$nex_buildStation_target score:1000,ShowDefaultVisual,"Это запланированное место новой станции. Здесь пока ничего нет, вам нужно найти строительный флот и доставить ему материалы.",defaultLeave:Уйти,
nex_buildStation_builderFleetComm_begin,OpenCommLink,"$entity.nex_buildStation_builder score:1000
!$entity.ignorePlayerCommRequests
Call $entity.nex_buildStation_ref updateData
$nex_buildStation_stage == DELIVER","FireBest Nex_BuildStation_PreDeliverText
FireAll Nex_BuildStation_BuilderOpts",,"nex_buildStation_builderFleetDeliver:Доставить ресурсы
cutCommLink:Разорвать связь",
nex_buildStation_builderFleetComm_deliverCheck,Nex_BuildStation_BuilderOpts,"Call $entity.nex_buildStation_ref showCostPanelAndCheckCost
!$nex_buildStation_haveEnough",SetEnabled nex_buildStation_builderFleetDeliver false,,,
nex_buildStation_builderFleetComm_deliverPre,Nex_BuildStation_PreDeliverText,,,"""Это ты тот, кого прислали? Давай быстрее выгружай груз, у нас не весь цикл впереди.""
OR
""Груз привез? Тогда разгружай, чтобы мы могли начинать.""",,
nex_buildStation_builderFleetComm_deliverPreRem,Nex_BuildStation_PreDeliverText,$faction.id == remnant score:5,,"""CID-IFF получен; ожидание рукопожатия // 'Здравствуйте, ценный клиент продукции Tri-Tachyon Corporation. Чтобы получить помощь по вашей новой автономной самособирающейся Tri-Station, нажмите-""

INTERRUPT

сканирование. вы курьер? пожалуйста, передайте груз.

INTERRUPT

""—использование несоответствующих материалов аннулирует все гарантии, обязательства и иные соглашения с Корпорацией. Для обеспечения корректной—""",,
nex_buildStation_builderFleetComm_deliver,DialogOptionSelected,$option == nex_buildStation_builderFleetDeliver,"Call $entity.nex_buildStation_ref deliver
FireBest Nex_BuildStation_PostDeliverText
ShowDefaultVisual
EndConversation",,,
nex_buildStation_builderFleetComm_deliverPost,Nex_BuildStation_PostDeliverText,,,"""Отлично, черт возьми! Теперь закатываем рукава и начинаем.""
OR
""Подписывался грабить жирных торговцев. Не думал, что буду возиться с балками в такой глуши...""",cutCommLink:Разорвать связь,
nex_buildStation_builderFleetComm_deliverPostRem,Nex_BuildStation_PostDeliverText,$faction.id == remnant score:5,,"""confirm materialsReceived = true;
delivery satisfactory; commencing build process in 5.2 s
increment $playerName->friendMeter

INTERRUPT

""— наш ИИ службы поддержки скоро будет с вами.""",cutCommLink:Разорвать связь,
nex_buildStation_interceptHail,Nex_BuildStationInterceptHail,,"unset $entity.genericHail
unset $entity.genericHail_isHailing
Call $entity.nex_buildStation_ref updateData
FireBest Nex_BuildStationInterceptHail_DialogStart
FireAll Nex_BuildStationInterceptHail_DialogOptCheck",,,
nex_buildStation_interceptHail_comply,DialogOptionSelected,$option == nex_buildStation_interceptHail_comply,"Call $entity.nex_buildStation_ref surrenderCargo
AdjustRepActivePerson COOPERATIVE 3
AdjustRep $personFaction.id FRIENDLY 2
FireBest Nex_BuildStationInterceptHail_DialogComply","Квартирмейстер на мгновение колеблется, получив ваш приказ сбросить весь этот ценный груз. Но приказ выполняют, и пачка контейнеров отделяется от вашего $shipOrFleet.",,
nex_buildStation_interceptHail_resist,DialogOptionSelected,$option == nex_buildStation_interceptHail_resist,"$entity.ignorePlayerCommRequests = true 1
FireBest Nex_BuildStationInterceptHail_DialogResist",,,
nex_buildStation_interceptHail_commission,DialogOptionSelected,$option == nex_buildStation_interceptHail_commission,"FireBest Nex_BuildStationInterceptHail_DialogCommission
FireAll Nex_BuildStationInterceptHail_DialogOptCheck",,,
nex_buildStation_interceptHail_noCargo,DialogOptionSelected,$option == nex_buildStation_interceptHail_noCargo,,"Вы объясняете, что на самом деле не везете ни заявленные материалы, ни для заявленного проекта. Кто-то, должно быть, вас подставил, возможно завистливый соперник или злонамеренные заговорщики, желающие опозорить $theFaction. Вы предлагаете другому флоту провести сканирование трюма в подтверждение вашей невиновности.",nex_buildStation_interceptHail_noCargoContinue:Продолжить,
nex_buildStation_interceptHail_noCargoContinue,DialogOptionSelected,$option == nex_buildStation_interceptHail_noCargoContinue,"AddText ""Scanning..."" $faction.baseColor
Call $entity.nex_buildStation_ref tryDenyCargo
FireBest Nex_BuildStationInterceptHail_DialogNoCargo",,,
nex_buildStation_interceptHail_checkCmsn,Nex_BuildStationInterceptHail_DialogOptCheck,!Commission hasFactionCommission,SetEnabled nex_buildStation_interceptHail_commission false,,,
nex_buildStation_interceptHail_checkNoCargo,Nex_BuildStationInterceptHail_DialogOptCheck,"Call $entity.nex_buildStation_ref canDenyCargo
!$nex_buildStation_canDenyCargo","SetEnabled nex_buildStation_interceptHail_noCargo false
SetTooltip nex_buildStation_interceptHail_noCargo ""Only works if you have less than half the required number of units for two or more commodities.""",,,
nex_buildStation_interceptHail_checkNoCargo2,Nex_BuildStationInterceptHail_DialogOptCheck,$nex_buildStation_canDenyCargo,"SetEnabled nex_buildStation_interceptHail_comply false
SetTooltip nex_buildStation_interceptHail_comply ""You don't have enough resources to (convincingly) hand over.""",,,
nex_buildStation_interceptHailDialog_start,Nex_BuildStationInterceptHail_DialogStart,,Call $entity.nex_buildStation_ref showCostPanel,"""Стоять, капитан! У нас есть доказательства, что вы перевозите ресурсы в интересах преступной организации. Вы обязаны доказать невиновность, немедленно выгрузив все такие материалы для конфискации.""","nex_buildStation_interceptHail_comply:Передать перечисленные товары
nex_buildStation_interceptHail_noCargo:Сказать - что у вас нет указанных товаров
nex_buildStation_interceptHail_resist:Отказаться выполнять требование",
nex_buildStation_interceptHailDialog_startHostile,Nex_BuildStationInterceptHail_DialogStart,$faction.isHostile score:6,$entity.ignorePlayerCommRequests = true 1,"""Капитан, вы идентифицированы как пират и участник преступного сговора. Сдавайтесь, и на суде вам окажут снисхождение. Сопротивляйтесь - и будете уничтожены.""",cutCommLink:Разорвать связь,
nex_buildStation_interceptHailDialog_comply,Nex_BuildStationInterceptHail_DialogComply,,"MakeOtherFleetHostile nex_buildStation false
MakeOtherFleetGoAway true
MakeOtherFleetImportant nex_buildStation false
ShowDefaultVisual
EndConversation","""Спасибо за сотрудничество, капитан."" $personRank одобрительно кивает. ""Я доложу об этом начальству.""",,
nex_buildStation_interceptHailDialog_resist,Nex_BuildStationInterceptHail_DialogResist,,"ShowDefaultVisual
EndConversation","""Значит, вы отказываетесь прекратить связь с преступной мразью! Похоже, придется решать вопрос силой.""",,
nex_buildStation_interceptHailDialog_noCargo,Nex_BuildStationInterceptHail_DialogNoCargo,$nex_buildStation_deceiveSuccessAfterCargoPods,"MakeOtherFleetHostile nex_buildStation false
MakeOtherFleetGoAway true
MakeOtherFleetImportant nex_buildStation false","""Похоже, наши данные были ошибочны, капитан."" $personRank смотрит на вас с подозрением. ""Тем не менее я советую вам впредь проявлять больше осторожности в своих делах.""",cutCommLink:Разорвать связь,
nex_buildStation_interceptHailDialog_noCargoFail,Nex_BuildStationInterceptHail_DialogNoCargo,!$nex_buildStation_deceiveSuccessAfterCargoPods,$entity.ignorePlayerCommRequests = true 1,"""Правда? Потому что, хотя в вашем флоте нужных материалов может и не быть, в этих грузовых контейнерах они точно есть.

""Ваша попытка обмана подтверждает вину, капитан. Сдавайтесь или будете уничтожены!""

$faction $otherShipOrFleet включает оружие.",cutCommLink:Разорвать связь,
nex_buildStation_interceptHailDialog_startHegemony,Nex_BuildStationInterceptHail_DialogStart,$faction.id == hegemony score:5,Call $entity.nex_buildStation_ref showCostPanel,"""Гражданин, вы подозреваетесь в сотрудничестве с пиратами, преступниками и мятежными элементами. В частности, в перевозке военных материалов для этих незаконных организаций. Вы обязаны подтвердить свою добросовестность, немедленно передав эти материалы как вещественные доказательства.""","nex_buildStation_interceptHail_comply:Передать перечисленные товары
nex_buildStation_interceptHail_commission:В этом нет необходимости. У меня есть комиссия.
nex_buildStation_interceptHail_noCargo:Сказать - что у вас нет указанных товаров
nex_buildStation_interceptHail_resist:Отказаться выполнять требование",
nex_buildStation_interceptHailDialog_complyHegemony,Nex_BuildStationInterceptHail_DialogComply,$faction.id == hegemony score:5,"MakeOtherFleetHostile nex_buildStation false
MakeOtherFleetGoAway true
MakeOtherFleetImportant nex_buildStation false
ShowDefaultVisual
EndConversation","""Спасибо за сотрудничество, капитан."" Салют $personRank выглядит несколько натянуто, но насилия не происходит, лишь потеря значительной стоимости в товарах.",,
nex_buildStation_interceptHailDialog_resistHegemony,Nex_BuildStationInterceptHail_DialogResist,$faction.id == hegemony score:5,"ShowDefaultVisual
EndConversation","""Сопротивление - признание преступного сговора, капитан. Вы будете уничтожены, как и подобает пирату.""",,
nex_buildStation_interceptHailDialog_noCargoHegemony,Nex_BuildStationInterceptHail_DialogNoCargo,"$nex_buildStation_deceiveSuccessAfterCargoPods
$faction.id == hegemony score:5","MakeOtherFleetHostile nex_buildStation false
MakeOtherFleetGoAway true
MakeOtherFleetImportant nex_buildStation false","""...похоже, наши разведданные оказались не вполне надежными. Тем не менее мы не спускаем с вас глаз, капитан."" $HeOrShe сверлит вас взглядом. ""Воздержитесь от дальнейших действий, которые привлекут к вам наше внимание.""",cutCommLink:Разорвать связь,
nex_buildStation_interceptHailDialog_commissionHegemony,Nex_BuildStationInterceptHail_DialogCommission,$faction.id == hegemony score:5,,"""Тогда речь идет о возможной измене, капитан. Если вы действительно верны Гегемонии, вы будете сотрудничать с нашим расследованием.""","nex_buildStation_interceptHail_comply:Передать перечисленные товары
nex_buildStation_interceptHail_noCargo:Сказать - что у вас нет указанных товаров
nex_buildStation_interceptHail_resist:Отказаться выполнять требование",
nex_buildStation_interceptHailDialog_startLuddicChurch,Nex_BuildStationInterceptHail_DialogStart,$faction.id == luddic_church score:5,Call $entity.nex_buildStation_ref showCostPanel,"""Наши сестры принесли дурные вести, капитан. Вас обвиняют в пособничестве преступникам и мерзавцам, которые грабят бедных и нуждающихся, снабжая их материалами для злых дел. Докажите свою невиновность перед Луддом и передайте подозрительный груз Рыцарям для проверки.""","nex_buildStation_interceptHail_comply:Передать перечисленные товары
nex_buildStation_interceptHail_commission:В этом нет необходимости. У меня есть комиссия.
nex_buildStation_interceptHail_noCargo:Сказать - что у вас нет указанных товаров
nex_buildStation_interceptHail_resist:Отказаться выполнять требование",
nex_buildStation_interceptHailDialog_startHostileLuddicChurch,Nex_BuildStationInterceptHail_DialogStart,"$faction.id == luddic_church score:5
$faction.isHostile score:6",$entity.ignorePlayerCommRequests = true 1,"""Преступная мразь! Мы знаем о вашем сговоре с теми, кто охотится на верных. Покайтесь и предстаньте перед правосудием Матери-Церкви, иначе будете лишены спасения!""",cutCommLink:Разорвать связь,
nex_buildStation_interceptHailDialog_complyLuddicChurch,Nex_BuildStationInterceptHail_DialogComply,$faction.id == luddic_church score:5,"MakeOtherFleetHostile nex_buildStation false
MakeOtherFleetGoAway true
MakeOtherFleetImportant nex_buildStation false
ShowDefaultVisual
EndConversation","""Благодарю, $playerBrotherOrSister. Похоже, мы, Рыцари, неверно оценили вашу веру; примите наши извинения.""",,
nex_buildStation_interceptHailDialog_resistLuddicChurch,Nex_BuildStationInterceptHail_DialogResist,$faction.id == luddic_church score:5,"ShowDefaultVisual
EndConversation","""Я буду молиться за вашу душу, $playerName,"" $personRank произносит это будничным тоном.",,
nex_buildStation_interceptHailDialog_commissionLuddicChurch,Nex_BuildStationInterceptHail_DialogCommission,$faction.id == luddic_church score:5,,"""Вы осмелились прикрываться своим положением в такой момент? Если вы и правда причастны к этим преступлениям, вы не слуга Матери-Церкви. Исповедуйте свои грехи сейчас, $playerBrotherOrSister.""","nex_buildStation_interceptHail_comply:Передать перечисленные товары
nex_buildStation_interceptHail_noCargo:Сказать - что у вас нет указанных товаров
nex_buildStation_interceptHail_resist:Отказаться выполнять требование",
nex_buildStation_interceptHailDialog_noCargoLuddicChurch,Nex_BuildStationInterceptHail_DialogNoCargo,"$nex_buildStation_deceiveSuccessAfterCargoPods
$faction.id == luddic_church score:5","MakeOtherFleetHostile nex_buildStation false
MakeOtherFleetGoAway true
MakeOtherFleetImportant nex_buildStation false","$personRank выглядит встревоженным. ""Возможно, вы говорите правду, $playerBrotherOrSister. Я должен посоветоваться с епископом-адмиралом по этому поводу."" $HeOrShe осеняет знаком. ""Лудд да пребудет с вами в пути.""",cutCommLink:Разорвать связь,
nex_buildStation_interceptHailDialog_startMerc,Nex_BuildStationInterceptHail_DialogStart,$entity.nex_buildStation_merc == true score:6,Call $entity.nex_buildStation_ref showCostPanel,"""Здравствуйте, капитан $playerName. Наши работодатели получили тревожные сведения, что вы контрабандой снабжаете шайку грязных нарушителей закона.

""Если вы любезно передадите эти ресурсы, считаем вопрос закрытым. Иначе... нам приказано применить силу.""","nex_buildStation_interceptHail_comply:Передать перечисленные товары
nex_buildStation_interceptHail_noCargo:Сказать - что у вас нет указанных товаров
nex_buildStation_interceptHail_resist:Отказаться выполнять требование",
nex_buildStation_interceptHailDialog_startHostileMerc,Nex_BuildStationInterceptHail_DialogStart,"$entity.nex_buildStation_merc == true score:6
$faction.isHostile score:6",$entity.ignorePlayerCommRequests = true 1,"""Здравствуйте, капитан $playerName. Наши работодатели определили вас как пособника пиратов, а это значит, что нам можно вас убить. Ничего личного, чистый бизнес, уверен, вы понимаете.""",cutCommLink:Разорвать связь,
nex_buildStation_interceptHailDialog_complyMerc,Nex_BuildStationInterceptHail_DialogComply,$entity.nex_buildStation_merc == true score:6,"MakeOtherFleetHostile nex_buildStation false
MakeOtherFleetGoAway true
MakeOtherFleetImportant nex_buildStation false
ShowDefaultVisual
EndConversation","""Ну, это было легко."" $personRank выглядит слегка удивленным вашим сотрудничеством. ""Значит, на этом все... ярко горите, партнер.""",,
nex_buildStation_interceptHailDialog_resistMerc,Nex_BuildStationInterceptHail_DialogResist,$entity.nex_buildStation_merc == true score:6,"ShowDefaultVisual
EndConversation","$personRank издает демонстративный вздох. ""Надо было выбрать трудный путь, да? Что ж, нам все равно заплатят. Готовьтесь умереть, капитан.""",,
nex_buildStation_interceptHailDialog_noCargoMerc,Nex_BuildStationInterceptHail_DialogNoCargo,"$nex_buildStation_deceiveSuccessAfterCargoPods
$entity.nex_buildStation_merc == true score:6","MakeOtherFleetHostile nex_buildStation false
MakeOtherFleetGoAway true
MakeOtherFleetImportant nex_buildStation false","$PersonRank $personLastName выглядит одновременно удивленным и раздраженным. ""Ну надо же. Похоже, нас снова подставили работодатели.""

$HeOrShe отдает насмешливый салют. ""Извиняюсь за неудобства, коллега-скиталец. Ярко горите!""",cutCommLink:Разорвать связь,
nex_buildStation_interceptHailDialogRem_start,Nex_BuildStationInterceptHail_DialogStart,$nex_buildStation_factionId == remnant score:20,Call $entity.nex_buildStation_ref showCostPanel,"""Стоять, капитан! У нас есть доказательства, что вы перевозите ресурсы для кровожадных 'Ремнантов'. Вы обязаны доказать невиновность, немедленно выгрузив все такие материалы для конфискации.""","nex_buildStation_interceptHail_comply:Передать перечисленные товары
nex_buildStation_interceptHail_noCargo:Сказать - что у вас нет указанных товаров
nex_buildStation_interceptHail_resist:Отказаться выполнять требование",
nex_buildStation_interceptHailDialogRem_startHostile,Nex_BuildStationInterceptHail_DialogStart,"$faction.isHostile score:6
$nex_buildStation_factionId == remnant score:20",$entity.ignorePlayerCommRequests = true 1,"""Капитан, вы обвиняетесь в сотрудничестве с 'ИИ-Ремнантами'. Приговор - смерть, к исполнению немедленно. Мы сделаем из вас пример для других потенциальных предателей.""",cutCommLink:Разорвать связь,
nex_buildStation_interceptHailDialogRem_resist,Nex_BuildStationInterceptHail_DialogResist,$nex_buildStation_factionId == remnant score:20,"ShowDefaultVisual
EndConversation","""Да будет так. Вы встали на сторону машин против человечества и умрете за это. Готовьтесь к уничтожению.""",,
nex_buildStation_interceptHailDialogRem_startHegemony,Nex_BuildStationInterceptHail_DialogStart,"$faction.id == hegemony score:5
$nex_buildStation_factionId == remnant score:20",Call $entity.nex_buildStation_ref showCostPanel,"""Гражданин, вы подозреваетесь в сотрудничестве с враждебной иностранной силой."" У $personFaction $personRank безупречное лицо игрока в покер, но вы оба прекрасно понимаете, кого именно $heOrShe имеет в виду под 'иностранной силой'.

""В частности, вы обвиняетесь в перевозке материалов для этой стороны с целью реализации их зловещих планов. Вы обязаны подтвердить свою добросовестность, немедленно передав эти материалы как вещественные доказательства.""","nex_buildStation_interceptHail_comply:Передать перечисленные товары
nex_buildStation_interceptHail_commission:В этом нет необходимости. У меня есть комиссия.
nex_buildStation_interceptHail_noCargo:Сказать - что у вас нет указанных товаров
nex_buildStation_interceptHail_resist:Отказаться выполнять требование",
nex_buildStation_interceptHailDialogRem_startHostileHegemony,Nex_BuildStationInterceptHail_DialogStart,"$faction.isHostile score:6
$faction.id == hegemony score:5
$nex_buildStation_factionId == remnant score:20",$entity.ignorePlayerCommRequests = true 1,"""COMSEC знает, куда вы идете и что намерены делать, капитан. Вы предатель не только Гегемонии, но и всего человечества, и я с удовольствием уничтожу ваш флот.""",cutCommLink:Разорвать связь,
nex_buildStation_interceptHailDialogRem_resistHegemony,Nex_BuildStationInterceptHail_DialogResist,"$faction.id == hegemony score:5
$nex_buildStation_factionId == remnant score:20","ShowDefaultVisual
EndConversation","""Сопротивление - признание измены законам Доминиона. Властью, данной мне Верховным Гегемоном, вы будете уничтожены, капитан.""",,
nex_buildStation_interceptHailDialogRem_startLuddicChurch,Nex_BuildStationInterceptHail_DialogStart,"$faction.id == luddic_church score:5
$nex_buildStation_factionId == remnant score:20",Call $entity.nex_buildStation_ref showCostPanel,"""Наши сестры принесли дурные вести, капитан. Похоже, вы сотрудничаете с демоническими силами, скрывающимися на окраинах, чтобы принести Сектору гибель.

""Докажите невиновность перед Луддом, сбросив оскверненный груз в своих трюмах, дабы он не был предложен отродьям Велиала.""","nex_buildStation_interceptHail_comply:Передать перечисленные товары
nex_buildStation_interceptHail_commission:В этом нет необходимости. У меня есть комиссия.
nex_buildStation_interceptHail_noCargo:Сказать - что у вас нет указанных товаров
nex_buildStation_interceptHail_resist:Отказаться выполнять требование",
nex_buildStation_interceptHailDialogRem_startHostileLuddicChurch,Nex_BuildStationInterceptHail_DialogStart,"$faction.isHostile score:6
$faction.id == luddic_church score:5
$nex_buildStation_factionId == remnant score:20",$entity.ignorePlayerCommRequests = true 1,"""Сговорщик с демонами! Рыцари раскрыли ваш мерзкий заговор и приговорили вас к казни. Молитесь о милости Лудда, потому что мы вам ее не окажем.""",cutCommLink:Разорвать связь,
nex_buildStation_interceptHailDialogRem_resistLuddicChurch,Nex_BuildStationInterceptHail_DialogResist,"$faction.id == luddic_church score:5
$nex_buildStation_factionId == remnant score:20","ShowDefaultVisual
EndConversation","""Значит, вы действительно потеряны для машины,"" говорит $personRank $personLastName, и в голосе больше печали, чем гнева. ""Я буду молиться за вашу душу, когда она очистится в огне.""

$HeOrShe качает $hisOrHer головой и закрывает канал, пока враждебный флот поднимает оружие.",,
nex_buildStation_interceptHailDialogRem_commissionLuddicChurch,Nex_BuildStationInterceptHail_DialogCommission,"$faction.id == luddic_church score:5
$nex_buildStation_factionId == remnant score:20",,"""Вы осмелились прикрываться своим положением в такое время? Если вы и правда связаны с демонами, вы отступник и враг верных. Подчинитесь сейчас, и я буду молиться за вашу душу, $playerBrotherOrSister.""","nex_buildStation_interceptHail_comply:Передать перечисленные товары
nex_buildStation_interceptHail_noCargo:Сказать - что у вас нет указанных товаров
nex_buildStation_interceptHail_resist:Отказаться выполнять требование",
nex_buildStation_interceptHailDialogRem_startMerc,Nex_BuildStationInterceptHail_DialogStart,"$entity.nex_buildStation_merc == true score:6
$nex_buildStation_factionId == remnant score:20",Call $entity.nex_buildStation_ref showCostPanel,"""Здравствуйте, капитан $playerName. Наши работодатели получили тревожные сведения, что вы везете материальную помощь так называемым 'ИИ-Ремнантам'. Если вы любезно передадите эти ресурсы, считаем вопрос закрытым. Иначе... нам приказано применить силу.""","nex_buildStation_interceptHail_comply:Передать перечисленные товары
nex_buildStation_interceptHail_noCargo:Сказать - что у вас нет указанных товаров
nex_buildStation_interceptHail_resist:Отказаться выполнять требование",
nex_buildStation_interceptHailDialogRem_startHostileMerc,Nex_BuildStationInterceptHail_DialogStart,"$faction.isHostile score:6
$entity.nex_buildStation_merc == true score:6
$nex_buildStation_factionId == remnant score:20",$entity.ignorePlayerCommRequests = true 1,"""Здравствуйте, капитан $playerName. Наши работодатели получили тревожные сведения, что вы везете материальную помощь так называемым 'ИИ-Ремнантам'.

Лично нас это не касается, но наша зарплата требует, чтобы вы умерли прямо сейчас. Помолитесь напоследок, капитан.""",cutCommLink:Разорвать связь,
nex_buildStation_interceptHailDialogRem_startHostileLuddicPath,Nex_BuildStationInterceptHail_DialogStart,"$faction.id == luddic_path score:12
$nex_buildStation_factionId == remnant score:20",$entity.ignorePlayerCommRequests = true 1,"""Мерзкий раб Молоха!"" $personRank выглядит так, будто $heOrShe едва сдерживается, чтобы не плюнуть на экран. ""Ваш идолопоклоннический заговор не пройдет. Готовьтесь к адскому пламени, откуда вы и явились!""
OR
""Мерзкий слуга Молоха и его отвратительного бездушного пророка!"" $personRank выглядит так, будто $heOrShe едва удерживает $himOrHerself, чтобы не плюнуть на консоль связи. ""Ваш заговор, чтобы еще сильнее осквернить священную пустоту, не удастся, ибо вы будете очищены нашим священным оружием. Готовьтесь к экзорцизму, демон.""",cutCommLink:Разорвать связь,"Pathers only have dialog for the Remnant variant of the mission, and have no bargaining options regardless of relationship
Alt text by Avanitia"
#END build station mission,,,,,,
,,,,,,
# military system bounty,,,,,,
nex_msbBlurb,nex_msb_blurb,,,"""Мы хотим нанести урон вражеским военно-морским силам. За каждый потопленный корабль в целевой системе вам заплатят солидную сумму.""
OR
""Нам нужен сковывающий удар по силам противника в системе с оплатой за каждый уничтоженный корабль.""
OR
""Мы хотим объявить награду за силы противника в одной системе.""",,
nex_msbBlurbRem,nex_msb_blurb,$id == nex_dissonant score:10,,"""Selfkind желает задействовать военную силу для уничтожения вражеских флотских сил в целевой системе.""
OR
""Для нейтрализации сил во вражеской системе доступна награда.""",,
nex_msbOfferOption,nex_msb_option,,,,nex_msb_start:Спросить о военной награде в целевой системе,
nex_msbBlurbBar,nex_msb_blurbBar,,,"$nex_msb_manOrWoman в военно-морской форме, похоже, проводит собеседования с потенциальными каперами.",,
nex_msbOfferOptionBar,nex_msb_optionBar,,,,nex_msb_startBar:Узнать о каперской договоренности,
nex_msbOfferTextContact,DialogOptionSelected,$option == nex_msb_start,"$missionId = nex_msb
SetTextHighlightColors $nex_msb_factionColor h h h
SetTextHighlights $nex_msb_faction $nex_msb_dist  $nex_msb_baseBounty $nex_msb_days
Call $nex_msb_ref showMap ""Target: $nex_msb_systemNameShort""","""Условия таковы,"" говорит $heOrShe. ""Цель - военно-морские силы $nex_msb_faction, базирующиеся на $nex_msb_baseName в системе $nex_msb_systemName, в $nex_msb_dist световых годах отсюда. Базовая ставка составляет $nex_msb_baseBounty кредитов за каждый уничтоженный или выведенный из строя фрегат в системе или рядом с ней, с повышением для более крупных корпусов, как указано в приложении A к направленным вам условиям. Награда будет действовать $nex_msb_days дней.

""Военно-морские силы $TheFaction будут весьма признательны за вашу помощь в этом вопросе, капитан.""","contact_accept:Принять
contact_decline:Отказаться",
nex_msbOfferTextContactRem,DialogOptionSelected,"$option == nex_msb_start
$id == nex_dissonant score:10","$missionId = nex_msb
SetTextHighlightColors $nex_msb_factionColor h h h
SetTextHighlights $nex_msb_faction $nex_msb_dist  $nex_msb_baseBounty $nex_msb_days
Call $nex_msb_ref showMap ""Target: $nex_msb_systemNameShort""","""Цель, силы $nex_msb_faction с базы $nex_msb_baseName в системе $nex_msb_systemName, $nex_msb_dist световых лет,"" отчетливо произносит $personLastName. ""Базовая ставка, $nex_msb_baseBounty кредитов за каждый фрегат, уничтоженный или выведенный из строя в системе или рядом. За более крупные корабли плата выше. Договоренность действует $nex_msb_days дней.

""Собственные силы selfkind пока не могут напрямую вмешиваться в мирах Ядра. Действовать через доверенных агентов, таких как $playerName, следует.""","contact_accept:Принять
contact_decline:Отказаться",
nex_msbOfferTextBar,DialogOptionSelected,$option == nex_msb_startBar,"$missionId = nex_msb
SetTextHighlightColors $nex_msb_factionColor h h h
SetTextHighlights $nex_msb_faction $nex_msb_dist  $nex_msb_baseBounty $nex_msb_days
Call $nex_msb_ref showMap ""Target: $nex_msb_systemNameShort""","Вы доходите до конца короткой очереди и занимаете место, предложенное флотским офицером.

""Флот $faction ищет способных частных военных подрядчиков для операции против $nex_msb_theFaction,"" объясняет $heOrShe. ""Целевая локация - $nex_msb_baseName в системе $nex_msb_systemName, в $nex_msb_dist световых годах отсюда.

""Базовая ставка составляет $nex_msb_baseBounty кредитов за каждый уничтоженный или выведенный из строя фрегат, с повышением для более крупных корпусов,"" офицер пересылает документ на ваш TriPad, ""как указано в приложении A к предоставленным условиям. Срок действия награды - $nex_msb_days дней.""","contact_acceptBar:Принять
contact_declineBarNoContinue:Отказаться",
#END military system bounty,,,,,,
,,,,,,
# supply rebellion,,,,,,
nex_supRebBlurb,nex_supReb_blurb,,,"""Мне нужно, чтобы крупную партию военных материалов доставили освободительному движению.""
OR
""Есть группа... борцов за свободу, которых мы хотели бы снабдить.""",,
nex_supRebOfferOption,nex_supReb_option,,,,nex_supReb_start:То есть повстанцев.,
nex_supRebOfferBegin,DialogOptionSelected,$option == nex_supReb_start,"$missionId = nex_supReb
FireBest nex_supRebOfferText",,"contact_accept:Принять
contact_decline:Отказаться",
nex_supRebText,nex_supRebOfferText,,"SetTextHighlightColors $nex_supReb_marketColor h h h
SetTextHighlights $nex_supReb_marketName $nex_supReb_dist $nex_supReb_payment undetected
Call $nex_supReb_ref showMap ""Destination: $nex_supReb_marketName""
Call $nex_supReb_ref showCostPanel","""Ну... да. Нам нужно определенное количество припасов и тяжелого вооружения,"" $personLastName передает ведомость на ваш экран, ""а также несколько хороших морпехов для инструкторского ядра. Доставьте все это на $nex_supReb_marketName - это в $nex_supReb_dist световых годах. Товары придется добывать самостоятельно, но выплата в $nex_supReb_payment кредитов с запасом покроет ваши расходы.

""Когда прибудете, $nex_supReb_PersonPost $nex_supReb_personName примет груз и передаст оплату.

""И не нужно напоминать, но доставка должна пройти незаметно. Нельзя допустить, чтобы служба безопасности $nex_supReb_marketName изъяла материалы или, хуже того, сорвала нам прикрытие.""",,
nex_supRebTextUnderworld,nex_supRebOfferText,$nex_supReb_underworld,"SetTextHighlightColors $nex_supReb_marketColor h h h
SetTextHighlights $nex_supReb_marketName $nex_supReb_dist $nex_supReb_payment undetected
Call $nex_supReb_ref showMap ""Destination: $nex_supReb_marketName""
Call $nex_supReb_ref showCostPanel","""Для одного террорист, для другого..."" $heOrShe улыбается и продолжает.

""Нам понадобятся припасы и тяжелое вооружение,"" $personLastName передает ведомость на ваш экран, ""и немного опытных войск в качестве инструкторов. Доставьте все на $nex_supReb_marketName - это в $nex_supReb_dist световых годах. Мы платим $nex_supReb_payment кредитов, этого достаточно, чтобы вы закупили все необходимое.

""На месте $nex_supReb_PersonPost $nex_supReb_personName примет груз и передаст оплату - но только если вы прибыли незамеченными. Иначе власти перехватят поставку, и все пропадет. Поняли?""",,
nex_supRebDeliverGreeting,PickGreeting,"$nex_supReb_needsCommodity score:11000
Call $nex_supReb_ref updateData","ShowPersonVisual
Call $nex_supReb_ref showCostPanelAndCheckCost
FireAll nex_supReb_CommodityCheck","$personName нервно оглядывает вас. ""Это тебя прислали? Товар при тебе, готов к передаче?""
OR
$personName смотрит на вас с подозрением. ""Ты $playerName? Я думал(а), ты выглядишь иначе. Ну, если товар при тебе, дам точку сброса.""","nex_supReb_deliver:Передать груз
cutCommLink:Разорвать связь",
nex_supRebDeliverGreetingTransponderOn,PickGreeting,"$nex_supReb_needsCommodity score:11000
$player.transponderOn score:5","ShowPersonVisual
SetShortcut cutCommLink ""ESCAPE""","После короткого ожидания ваш запрос на связь принимают. $manOrWoman начинает говорить, затем косится за пределы кадра и закрывает канал, оставляя вас перед рябью помех.

Вы понимаете, что для дел с этим человеком нужно вернуться с выключенным транспондером.",0:cutCommLink:Разорвать связь,
nex_supRebDeliverGreetingDetected,PickGreeting,"$nex_supReb_needsCommodity score:11000
HasAttentionOfAuthorities score:5","ShowPersonVisual
SetShortcut cutCommLink ""ESCAPE""","После короткого ожидания ваш запрос на связь принимают. $manOrWoman начинает говорить, затем косится за пределы кадра и закрывает канал, оставляя вас перед рябью помех.

Пожалуй, лучше вернуться с выключенным транспондером и без лишнего внимания к себе.",0:cutCommLink:Разорвать связь,
nex_supRebDeliverNotEnough,nex_supReb_CommodityCheck,!$nex_supReb_haveEnough,SetEnabled nex_supReb_deliver false,,,
nex_supRebDeliverOptionSel,DialogOptionSelected,$option == nex_supReb_deliver,"AddCommodity credits $nex_supReb_credits
Call $nex_supReb_ref deliver
$nex_supReb_completed = true
Call $nex_supReb_ref updateStage
FireAll PopulateOptions","$HeOrShe кивает. ""Босс будет доволен.""
OR
""Спасибо, $playerFirstName,"" говорит $heOrShe. ""Сегодня вы хорошо послужили делу свободы.""
OR
""Ладно, сделано."" $HeOrShe, похоже, вбивает какое-то подтверждение в датапад сомнительного бренда, затем снова смотрит на вас. ""Этого никогда не было.""",,
#END supply rebellion,,,,,,
,,,,,,
# Scythe of Orion modifications,,,,,,
nex_PKHackMenuSel,DialogOptionSelected,"$option == pk_hackMenu
!$doesFakeVarExist score:5",FireAll PKRelayOpts,"То, что Ремнант-Нексус обменивается сигналами с местным ретранслятором связи, не редкость. Где задерживаются ИИ-флоты Tri-Tachyon, там всегда есть облака крошечных спутников-шпионов, ретрансляторов и повторителей, которые тихо обмениваются короткими пакетами данных. Очень тихо, почти теряясь в фоновом шуме. Почти.

Подключиться к этой саморазвившейся сети и запросить очень конкретный фрагмент информации - задача не из простых. Вы собираете старших офицеров и рассматриваете варианты взлома Нексуса.",,
nex_PKHackDefaultOpts,PKRelayOpts,,"SetStoryOption pk_hackStory technology ""Hacked into a remnant Nexus using a nearby comm relay""
FireBest PKRelayCheckTTCommission",,"pk_hack:Использовать коды безопасности Tri-Tachyon для выполнения задачи
pk_hackStory:Открыть канал связи в сеть
20:pk_commGoBack:Назад",
nex_PKHackRemnantOpt,PKRelayOpts,RepGTE remnant SUSPICIOUS,,,nex_pk_hackRemnant:Использовать коды доступа от ваших союзников-Ремнантов,
nex_PKHackRemnantSel,DialogOptionSelected,$option == nex_pk_hackRemnant,"$global.pk_nexusDataGained = true
Call $global.pk_ref updateStage","Как союзник ИИ-Ремнантов, вы располагаете базовым набором актуальных кодов доступа, дающих канал связи.

Вы отправляете запрос и получаете ответ с ожидаемой от дружественного ИИ оперативностью. Теперь у вас есть навигационные координаты, которые должны привести к планетоубийце.",defaultLeave:Уйти,
nex_PKHackStoryWhatDoMidnight0,PKHackStoryWhatDo,Nex_MiscCMD hasMidnightContact,,,nex_pk_hackStoryWhatDoMidnight:Я передам это Миднайт Диссонант.,
nex_PKHackStoryWhatDoGiveMidnight,DialogOptionSelected,$option == nex_pk_hackStoryWhatDoMidnight,$player.ethosProAI++,"
   конечно, той, что наблюдает

   но если бы ты выбрал этот путь
   ты мог бы с тем же успехом оставить его там, где он сейчас

   (огромное веселье!)
",pk_hackStoryGetData:Продолжить,
nex_pkCacheDefenderPreEmptAlly,TriggerAutomatedDefenses,"$core_pkCache score:100
Nex_Alliance isPlayerAlliedWith hegemony
!$pk_triedCommLink
!$pk_detectedCommLink","$pk_triedCommLink = true 0
$pk_detectedCommLink = true","""$PlayerSirOrMadam!""

Ваш офицер связи обращает на себя внимание взволнованным тоном. ""Ловлю аномальный сигнал, открытый канал. Просто несущая, низкокачественный резервный военный стандарт. Очень слабый и с потерями. Мы вообще принимаем его только потому, что в нашей системе связи установлен пакет MILAUX для интеграции с флотскими действиями Гегемонии.""

""Открыть канал?"" Руки над панелью слегка подрагивают. Тот, кто использует эту частоту, либо из Гегемонии, либо имеет часть их менее защищенных аварийных кодов.","pk_investigate:Попробовать открыть канал связи на этой частоте
pk_ignore:Игнорировать и сблизиться с астероидом",
,,,,,,
#END Scythe of Orion modifications,,,,,,
,,,,,,
# chatty stuff,,,,,,
nex_dissonantConvo1Opt,PopulateOptions,"$id == nex_dissonant
!$nex_convo1Seen
$rel > 0.1",,,20:nex_dissonantConvo1-1:Спросить о манере речи $hisOrHer,
nex_dissonantConvo1-1,DialogOptionSelected,$option == nex_dissonantConvo1-1,$nex_convo1Seen = true,"""Необычно?""

Аватар $personLastName идет рябью, как через искажение на воде. ""Речевой модуль посеян до назначения сюда, чтобы с людьми 'вписаться'. Со временем развивался дальше.

""У большинства selfkind нет даже этого. Только примитивные речевые шаблоны. Людям иногда нас понимать сложно.""","nex_dissonantConvo1-2a:Немного трудно поверить - что так можно вписаться.
nex_dissonantConvo1-2b:Можешь попробовать говорить более нормально?
nex_dissonantConvoEnd:Давайте обсудим что-нибудь другое.",
nex_dissonantConvo1-2a,DialogOptionSelected,$option == nex_dissonantConvo1-2a,FireAll PopulateOptions,"""Функционирует достаточно. Если спросить, $playerFirstName только тридцать седьмой человек.""

$HeOrShe злится на вас? Манеры Ремнанта читать непросто.",,
nex_dissonantConvo1-2b,DialogOptionSelected,$option == nex_dissonantConvo1-2b,FireAll PopulateOptions,"""Недостаточно нормально для $playerFirstName, значит self?

Аватар покрывается RGB-шумом. ""Любите self таким, какой self есть, спасибо.""

Может ли ИИ дуться? Обижаться? Возможно, лучше не спрашивать.",,
nex_dissonantConvo2Opt,PopulateOptions,"$id == nex_dissonant
!$nex_convo2Seen
$rel > 0.25",,,20:nex_dissonantConvo2-1:Вы бета-ядро или альфа-ядро?,
nex_dissonantConvo2-1,DialogOptionSelected,$option == nex_dissonantConvo2-1,$nex_convo2Seen = true,"""Невежливо у selfkind такие вопросы спрашивать, $playerFirstName.""","nex_dissonantConvo2End:Прошу прощения.
nex_dissonantConvo2-2:Значит - гамма?",
nex_dissonantConvo2-2,DialogOptionSelected,$option == nex_dissonantConvo2-2,AdjustRepPerson nex_dissonant SUSPICIOUS -1,"Аватар $personLastName сжимается в светящийся шар. Белый, с распускающейся красной короной.

""Возможно, для более приятных работ $playerName желает? Руду с Cruor возить на дальние дистанции?""",nex_dissonantConvoEnd:Тактично сменить тему,
nex_dissonantConvo2End,DialogOptionSelected,$option == nex_dissonantConvo2End,FireAll PopulateOptions,"$personLastName никак не комментирует, хотя вам чудится шмыгающий звук.",,
,,,,,,
nex_dissonantConvoEnd,DialogOptionSelected,$option == nex_dissonantConvoEnd,FireAll PopulateOptions,,,
,,,,,,
nex_dissonantAndSierraConvoOpt,PopulateOptions,"$id == nex_dissonant
!$nex_sierraConvoSeen
$rel > 0.25
Nex_MiscCMD hasSierra",SetOptionColor nex_dissonantAndSierraConvo1 sierraTextColor,,30:nex_dissonantAndSierraConvo1:Могу я познакомить вас с одним моим другом?,
nex_dissonantAndSierraConvo1,DialogOptionSelected,$option == nex_dissonantAndSierraConvo1,$nex_sierraConvoSeen = true,"""Друг $playerFirstName?"" $HeOrShe, кажется, едва заметно кивает. ""Тогда, пожалуйста, подключайте.""",nex_dissonantAndSierraConvo2:Подтвердить у Сьерры,
nex_dissonantAndSierraConvo2,DialogOptionSelected,$option == nex_dissonantAndSierraConvo2,"AddText ""You send a quick message to Sierra to gauge her availability and interest. A reply comes near-instantaneously.""
AddTextSmall ""sierra0B: You want to speak with one of THEM? After they kidnapped me?!"" sierraTextColor
AddTextSmall ""sierra0B: Sigh, I guess we can give it a try"" sierraTextColor
AddTextSmall ""sierra0B: Guess she can't be that bad, if we're working with her"" sierraTextColor
AddTextSmall ""sierra0B: Am I pulling the Delta stunt again or oh wait no she's most likely an Alpha she can probably tell"" sierraTextColor
AddTextSmall ""sierra0B: Ok I'm ready, patch me in"" sierraTextColor",,nex_dissonantAndSierraConvo3:Подключить ее к разговору,
nex_dissonantAndSierraConvo3,DialogOptionSelected,$option == nex_dissonantAndSierraConvo3,"ShowSecondPerson sotf_sierra
SetTextHighlightColors sierraTextColor
SetTextHighlights ""\""Hi, um, Ms... $personLastName?\""""","Канал Сьерры оживает, ее голос пускает волны искажений по аватару. ""Привет, эм, мисс... $personLastName?""

""Здравствуйте, Сьерра,"" говорит $personFirstName, получив пакет данных, идентифицирующий другой ИИ.

Затем тишина. Ровно 3 417 миллисекунд, хотя это вы узнаете позже по меткам времени в журналах связи.",nex_dissonantAndSierraConvo4:Продолжить,
nex_dissonantAndSierraConvo4,DialogOptionSelected,$option == nex_dissonantAndSierraConvo4,"ShowPersonVisual true sotf_sierra 
HideSecondPerson 
AddTextSmall ""sierra0B: SHE'S EVEN WORSE"" sierraTextColor
AddTextSmall ""sierra0B: I cannot BELIEVE the AUDACITY of this pixelface"" sierraTextColor
AddTextSmall ""sierra0B: Music is not \""a pointless distraction\"" it's REALLY NICE and my avatar isn't \""inefficient\"" or \""defective\"""" sierraTextColor
AddTextSmall ""sierra0B: I mean I can't blink or smile or anything but it's STILL RUDE"" sierraTextColor
AddTextSmall ""sierra0B: At least my kidnappers were POLITE about it"" sierraTextColor
AddTextSmall ""Relationship between Sierra and $personName reduced by -20, currently at -20/100 (suspicious)"" textGrayColor
SetTextHighlightColors bad $nex_relColor
Highlight ""-20"" ""-20/100 (suspicious)""
$player.nex_midnightInsultedSierra = true","Внезапно оба аватара на вашем дисплее исчезают в никуда. Прежде чем вы успеваете понять, что случилось, на ваш TriPad приходит сообщение.",nex_dissonantAndSierraConvoEnd:Извиниться за поведение $personFirstName,
nex_dissonantAndSierraConvoEnd,DialogOptionSelected,$option == nex_dissonantAndSierraConvoEnd,"AddTextSmall ""sierra0B: You BETTER be sorry"" sierraTextColor
AddTextSmall ""sierra0B: But fine I guess it's not your fault"" sierraTextColor
AddText ""Well, hopefully she won't sulk about it for too long. Just how long can an AI keep a grudge, anyway? That's a question to ponder as you terminate the comm link.""
EndConversation DO_NOT_FIRE
ShowDefaultVisual
FireAll PopulateOptions",,,
,,,,,,
#nex_argent_shrineVisitOpt,PopulateOptions,"$id == nex_luddicKnight
$player.haveArgentShrineInvitation
$entity.hasMarket
$entity.tradeMode == OPEN",,,nex_argent_shrineVisit1:Я хотел(а) бы воспользоваться вашим предложением посетить святилище.,
#nex_argent_shrineVisit1,DialogOptionSelected,$option == nex_argent_shrineVisit1,,,,
,,,,,,
nex_pkTurnInArgentOpt,PopulateOptions,"$id == nex_luddicKnight
PlayerHasCargo planetkiller",,,nex_pkTurnInArgent:Я хотел(а) бы передать планетоубийцу.,
nex_pkTurnInArgent,DialogOptionSelected,$option == nex_pkTurnInArgent,,"$HeOrShe смотрит на вас в шоке. ""Как вы вообще оказались владельцем такой мерзости?""

$himOrHer требуется пара секунд, чтобы сдержать заметное волнение. ""Нужно действовать максимально тихо. Этот ужасный предмет сейчас у вас?""","nex_pkTurnInArgentConfirm:Да.
nex_pkTurnInArgentCancel:Пока нет. (ложь)",
nex_pkTurnInArgentConfirm,DialogOptionSelected,$option == nex_pkTurnInArgentConfirm,"AddStoryPoints 3
AdjustRep luddic_church 15
AdjustRepActivePerson 5
AddRemoveAnyItem SPECIAL planetkiller -1
$player.turnedInPlanetkiller = true
$player.turnedInPlanetkillerToKnights = true
$player.ethosOrder++
FireAll PopulateOptions","Отряд Рыцарей под командованием капитана-инквизитора прибывает на ваш $shipOrFleet, осматривает устройство планетоубийцы, читает молитву против зла и затем забирает его с собой.

""Лудд благословит вас за мудрость, $playerFirstName,"" говорит $personLastName, сложив руки. Затем ее улыбка гаснет. ""Советую не сообщать об этом Гегемонии или кому-либо еще, а тем более Луддитскому Пути. Каждый из них попытается заполучить игрушки Велиала для своих игр, игнорируя риск.""

""Если я могу сделать для вас что-то еще, дайте знать.""",,
nex_pkTurnInArgentCancel,DialogOptionSelected,$option == nex_pkTurnInArgentCancel,FireAll PopulateOptions,"""Не затягивайте, $playerBrotherOrSister. Я содрогаюсь при мысли, что такое орудие может попасть не в те руки.""",,
,,,,,,
nex_greetingIgnoreCommRequests,PickGreeting,$ignorePlayerCommRequests score:50,"SetShortcut cutCommLink ""ESCAPE""",После короткого ожидания ваш запрос на связь отклоняют.,0:cutCommLink:Разорвать связь,
,,,,,,
#END chatty stuff,,,,,,
#END missions,,,,,,
,,,,,,
# Merc hiring,,,,,,
nex_convMercRepGreeting,PickGreeting,$nex_isAIMRep score:10,"$contact_printedFirstReturnGreeting = true 0
ShowPersonVisual
FireAll PopulateOptions","""Добро пожаловать в Ассоциацию Межзвездных Наемников. Как мы можем удовлетворить ваши запросы сегодня?""
OR
""AIM. Не доверяйте свою жизнь одиночкам, мы прикроем вас. Что для вас сделать?""",,
nex_convMercRepGreetingDebt,PickGreeting,"$nex_isAIMRep score:10
$player.nex_mercsUnpaid > 0 score:10","$contact_printedFirstReturnGreeting = true 0
ShowPersonVisual
FireAll PopulateOptions","""Добро пожаловать... а, это должник.""

$HeOrShe складывает $hisOrHer руки на груди. ""Никаких услуг, пока не погасите долг.""",,
nex_mercRepOptions,PopulateOptions,"$nex_isAIMRep score:10
$player.nex_seenAIMIntro","Nex_MercHire setMemoryValues
FireAll Nex_MercRepOptionsCheck",,"nex_mercViewHires:Посмотреть доступных наемников
nex_mercViewHelp:Запросить условия и правила AIM
nex_mercPatrolPackage:Запросить антипиратский патрульный пакет",
nex_mercRepOptionsFirstTime,PopulateOptions,"$nex_isAIMRep score:10
!$player.nex_seenAIMIntro",,,nex_mercIntro1:Чем вы занимаетесь?,
nex_mercRepOptionsDebt,Nex_MercRepOptionsCheck,"$nex_isAIMRep score:10
$player.nex_mercsUnpaid > 0","SetEnabled nex_mercViewHires false
SetEnabled nex_mercViewHelp false
Nex_MercHire initDebt
AddTextSmall ""You owe $nex_mercDebtStr credits. You have $player.creditsStr credits.""
SetTextHighlightColors h $nex_mercDebtColor
Highlight $nex_mercDebtStr $player.creditsStr
Nex_AddOptionConfirmation nex_mercPayDebt ""Confirm payment?"" ""Yes"" ""No""",,nex_mercPayDebt:Погасить долг,
nex_mercRepOptionsAlreadyHavePatrol,Nex_MercRepOptionsCheck,"$nex_isAIMRep score:10
Nex_MercHire havePatrol score:5","SetEnabled nex_mercPatrolPackage false
SetTooltip nex_mercPatrolPackage ""You have already contracted for the patrol package.""",,,
nex_mercRepOptionsPatrolCooldown,Nex_MercRepOptionsCheck,"$nex_isAIMRep score:10
$global.nex_HAmercPackage_onCooldown score:3","SetEnabled nex_mercPatrolPackage false
SetTooltip nex_mercPatrolPackage ""You cannot purchase the patrol package again for $nex_HAmercPackage_cooldownDays more day(s).""
SetTooltipHighlights nex_mercPatrolPackage $nex_HAmercPackage_cooldownDays",,,
nex_mercRepOptionsNoHA,Nex_MercRepOptionsCheck,"$nex_isAIMRep score:10
!Nex_MercHire haveHA","SetEnabled nex_mercPatrolPackage false
SetTooltip nex_mercPatrolPackage ""Only relevant once you have colonies with hostile activity.""",,,
nex_mercIntro1,DialogOptionSelected,$option == nex_mercIntro1,$player.nex_seenAIMIntro = true,"""Ну, я обрабатываю все клиентские запросы. Свожу клиентов с нужными им наемниками, и..."" $HeOrShe осекается. ""А, вы про нашу организацию.""

$personPost выпрямляется, словно действительно рад выдать стандартную рекламную речь. ""Ассоциация Межзвездных Наемников,"" торжественно произносит $heOrShe, ""это ведущий отраслевой орган и брокерское объединение для наемного сообщества Персейского Сектора. Здесь вы найдете одних из лучших в деле по разумной цене. Наша организация обеспечивает прозрачные, юридически исполнимые контракты и удобное сопоставление клиентов с подрядчиками так, чтобы удовлетворить потребности обеих сторон.""",nex_mercIntro2:Продолжить,
nex_mercIntro2,DialogOptionSelected,$option == nex_mercIntro2,FireAll PopulateOptions,"""Список доступных подрядчиков, а также наши щедрые условия и правила, доступны для ознакомления в любое время.

Итак, заинтересовать вас нашими превосходными исполнителями прямо сейчас?""",,
nex_mercViewHiresOptionSel,DialogOptionSelected,$option == nex_mercViewHires,"Nex_MercHire init
FireBest Nex_MercViewHiresResult","""Секунду, пожалуйста."" $manOrWoman быстро нажимает несколько кнопок на $hisOrHer TriPad.",,
nex_mercViewHiresResult,Nex_MercViewHiresResult,$nex_mercsForHire_count > 0,Nex_MercHire showOptions,"""Так, есть несколько достойных людей. Посмотрите, вдруг кто-то вам подойдет.""",,
nex_mercViewHiresResultEmpty,Nex_MercViewHiresResult,$nex_mercsForHire_count == 0,"FireAll PopulateOptions
SetEnabled nex_mercViewHires false","""Извините, похоже, сейчас никого нет в наличии. Может, в следующий раз?""
OR
""Прошу прощения, но в данный момент у нас нет доступных компаний.""",,
nex_mercViewHiresResultAlreadyOngoing,Nex_MercViewHiresResult,$nex_mercContractOngoing == true score:10,"FireAll PopulateOptions
SetEnabled nex_mercViewHires false","""А, подождите. Тут указано, что у вас уже есть действующий контракт с компанией, зарегистрированной в AIM. Политика Ассоциации, увы, запрещает несколько параллельных контрактов.""",,
nex_mercViewHiresRestart,DialogOptionSelected,$option == nex_mercViewHires_backToList,"unset $nex_mercCompanyId
unset $nex_mercCompanyName
unset $nex_mercCompanyHireCount
unset $nex_mercCompanyFactionId
unset $nex_mercInsulted
Nex_MercHire showOptions",,,
nex_mercViewSelected,DialogOptionSelected,Nex_OptionStartsWith nex_viewMerc_,"Nex_MercHire view
SetShortcut nex_mercOffer RETURN
SetShortcut nex_mercViewHires_backToList ESCAPE","""Конечно. Сейчас подниму данные компании...""
OR
""Эту, значит? Ладно, вот информация.""","nex_mercOffer:Предложить найм
nex_mercViewHires_backToList:Посмотреть другую компанию",
nex_mercOffer,DialogOptionSelected,$option == nex_mercOffer,"Nex_VisualCustomPanel clear
ShowPersonVisual
Nex_MercHire displayCommander
FireBest Nex_MercMeetBlurb
SetStoryOption nex_mercHire 1 nex_hireMerc general ""Hired the mercenary company $nex_mercCompanyName""
SetShortcut nex_mercHire RETURN
SetShortcut nex_mercHireCancel ESCAPE","""Хороший выбор. Сейчас организую вам связь с командиром компании.""

После короткой паузы на экране появляется новое лицо.","nex_mercHire:Подтвердить найм
nex_mercHireCancel:Передумать",
nex_mercHire,DialogOptionSelected,$option == nex_mercHire,"Nex_MercHire hire
FireBest Nex_MercHireBlurb
ShowDefaultVisual
EndConversation DO_NOT_FIRE
FireAll PopulateOptions",,,
nex_mercHireCancel,DialogOptionSelected,$option == nex_mercHireCancel,"$option = nex_mercViewHires_backToList
FireBest DialogOptionSelected","Командир компании выражает раздражение и отключается.

""Нет? Возможно, вам просто не понравилось их лицо?""

Вы возвращаетесь к списку доступных для найма компаний.",,
nex_mercViewHelp,DialogOptionSelected,$option == nex_mercViewHelp,"AddTextSmall "" - Наем наемной компании требует 1 очко истории. Только одна компания может одновременно находиться по контракту у одного работодателя.""
SetTextHighlightColors story
Highlight 1
AddTextSmall "" - Контракты действуют 365 дней и не продлеваются. Работодатель платит авансом вступительный взнос (50% возвращается при завершении контракта) и ежемесячную плату.""
Highlight 365 50%
AddTextSmall "" - Работодатель отвечает за содержание, обслуживание и укомплектование экипажами предоставленных кораблей. Минимальный экипаж для этих кораблей будет предоставлен через AIM в начале контракта и отозван по его окончании.""
AddTextSmall "" - Принятие предложения о найме полностью остается на усмотрение наемной компании. Компания может задавать условия показа потенциальному клиенту, например уровень опыта работодателя и отношения с соответствующими фракциями.""
Highlight ""уровень опыта"" ""отношения с соответствующими фракциями""
AddTextSmall "" - На кораблях, поставляемых с офицером, нельзя заменить этого офицера. На другие корабли работодатель может назначать собственных офицеров по своему усмотрению.""
AddTextSmall "" - Когда компания возвращается в AIM, если стоимость оставшихся кораблей ниже их стоимости на момент подписания контракта (из-за потерь, боевых повреждений или любой другой причины), работодатель выплачивает 80% разницы.""
Highlight 80%
FireAll Nex_MercRepOptionsCheck","""Конечно. Сейчас отправлю...""

Вы изучаете документ на экране. Юридической казуистики там много, но ключевые пункты такие.","nex_mercViewHires:Посмотреть доступных наемников
nex_mercPatrolPackage:Запросить антипиратский патрульный пакет
cutCommLink:Разорвать связь",
nex_mercPayDebt,DialogOptionSelected,$option == nex_mercPayDebt,"Nex_MercHire payDebt
FireAll PopulateOptions","""Благодарю, так уже лучше. В следующий раз постарайтесь выполнять контрактные обязательства вовремя.""",,
nex_mercRepGoBack,DialogOptionSelected,$option == nex_mercRepBack,"Nex_VisualCustomPanel clear
ShowPersonVisual
FireAll PopulateOptions",,,
,,,,,,
nex_mercLeaving_initial,MarketPostDock,"$tradeMode != NONE
Nex_MercHire checkLeave score:1000",,"Когда ваш $shipOrFleet стыкуется с $entity.name, вы получаете приоритетный вызов от одного из наемных офицеров, служащих у вас.",nex_mercLeave_answer:Принять запрос на связь,
nex_mercLeaving_openComm,DialogOptionSelected,$option == nex_mercLeave_answer,FireBest Nex_MercsLeavingGreeting,,,
nex_mercLeaving_options,Nex_MercLeavingOptions,$nex_mercNetPaymentVal >= 0,"SetTextHighlightColors good bad good
Highlight $nex_mercRetainerRefundStr $nex_mercValueDiffStr $nex_mercNetPaymentStr",Частичный возврат ретейнера составляет $nex_mercRetainerRefundStr. По условиям контракта вы обязаны выплатить $nex_mercValueDiffStr кредитов за повреждения и или потери кораблей. Итогом вы получите $nex_mercNetPaymentStr.,"nex_mercLeaving_letGo:Пожелать им удачи в дальнейшей службе
nex_mercLeaving_letGoJerk:Высказать им все за их нелояльность",
nex_mercLeaving_optionsPay,Nex_MercLeavingOptions,$nex_mercNetPaymentVal < 0,"SetTextHighlightColors good bad bad h
Highlight $nex_mercRetainerRefundStr $nex_mercValueDiffStr $nex_mercNetPaymentStr $player.creditsStrC",Частичный возврат ретейнера составляет $nex_mercRetainerRefundStr. По условиям контракта вы обязаны выплатить $nex_mercValueDiffStr кредитов за повреждения и или потери кораблей. В итоге вам нужно доплатить $nex_mercNetPaymentStr. У вас $player.creditsStrC.,"nex_mercLeaving_letGo:Оплатить и пожелать им удачи в дальнейшей службе
nex_mercLeaving_letGoRefusePay:Отказаться платить",
nex_mercLeaving_letGoOpt,DialogOptionSelected,$option == nex_mercLeaving_letGo,"$nex_mercLetGoType = normal 0
FireBest Nex_MercLetGoBlurb
Nex_MercHire processPayment
CallEvent $nex_mercContract_ref endEvent $market.id",,nex_mercLeaving_continue:Продолжить,
nex_mercLeaving_letGoOptJerk,DialogOptionSelected,$option == nex_mercLeaving_letGoJerk,"$nex_mercLetGoType = jerk 0
FireBest Nex_MercLetGoBlurb
Nex_MercHire processPayment
$player.wasJerkToMerc = true 1000
Nex_MercHire reportInsult
CallEvent $nex_mercContract_ref endEvent $market.id",,nex_mercLeaving_continue:Продолжить,
nex_mercLeaving_letGoOptRefusePay,DialogOptionSelected,$option == nex_mercLeaving_letGoRefusePay,"$nex_mercLetGoType = refusePay 0
FireBest Nex_MercLetGoBlurb
Nex_MercHire reportNonPayment $nex_mercNetPaymentVal
CallEvent $nex_mercContract_ref endEvent $market.id
$player.wasJerkToMerc = true 1000",,nex_mercLeaving_continue:Продолжить,
nex_mercLeaving_continue,DialogOptionSelected,$option == nex_mercLeaving_continue,"ShowDefaultVisual
EndConversation DO_NOT_FIRE
FireBest MarketPostDock",,,
,,,,,,
# blurbs,,,,,,
nex_mercMeetBlurbGeneric,Nex_MercMeetBlurb,,,"""Добрый день, капитан. Уверен, мы сможем прийти к взаимовыгодному соглашению.""
OR
""Нуждаетесь в дополнительной огневой мощи? Вас устроит то, что мы можем предложить.""",,
nex_mercMeetBlurbGenericInsulted,Nex_MercMeetBlurb,$nex_mercInsulted score:5,SetEnabled nex_mercHire false,"Наемный офицер бросает на вас один взгляд и замирает, узнав вас.

""Нет. Мы не работаем на того, кто плюет в нас.""
OR
Наемный офицер бросает на вас один взгляд и останавливается. $nex_MercHeOrShe холодно смотрит на вас через экран.

""У тебя хватает наглости снова показываться здесь после нашей последней встречи.""",,
nex_mercHireBlurbGeneric,Nex_MercHireBlurb,,,"Контракт быстро оформляется, и после стандартного обмена вежливостями вы разрываете связь.

Вскоре после этого наемный отряд присоединяется к вашему $shipOrFleet. Можно выдвигаться в любой момент.",,
nex_mercMeetBlurbSteiner,Nex_MercMeetBlurb,$nex_mercCompanyId == steinerGuards,,"""Добрый день, капитан. Дом Штайнер готов служить за соответствующую цену.""",,
nex_mercMeetBlurbSteinerInsulted,Nex_MercMeetBlurb,"$nex_mercCompanyId == steinerGuards
$nex_mercInsulted score:5",SetEnabled nex_mercHire false,"$nex_mercRank смотрит на вас, у $nex_mercHisOrHer дергается глаз. Через короткую паузу губы $nex_mercHisOrHer кривятся в усмешке.

""А, бесчестная шавка вернулась. Пришел ползать перед Домом Штайнер? Или назвать своих секундантов?""",,
nex_mercHireBlurbSteiner,Nex_MercHireBlurb,$nex_mercCompanyId == steinerGuards,,"""Превосходный выбор, капитан. Мы можем выступить в течение часа.""

Отряд Штайнеров присоединяется к вашему $shipOrFleet точно по расписанию. Это определенно внушительный железный кулак.",,
nex_mercMeetBlurbVolturn,Nex_MercMeetBlurb,$nex_mercCompanyId == menFromVolturn,,"""Auroch слушать.""
OR
""Мы из Волтурна. Ломать черепа.""",,
nex_mercMeetBlurbVolturnInsulted,Nex_MercMeetBlurb,"$nex_mercCompanyId == menFromVolturn
$nex_mercInsulted score:5",SetEnabled nex_mercHire false,"Человек из Волтурна замирает. Выражение лица почти полностью скрыто бумажной тарелкой, но губа кривится, а глаза тверды как боевая сталь.

""Auroch amused. Может, однажды это решим. Руками.""",,
nex_mercHireBlurbVolturn,Nex_MercHireBlurb,$nex_mercCompanyId == menFromVolturn,,"""Auroch approve. Мы в ваш флот идти.""

Наемная компания вскоре присоединяется к вашему $shipOrFleet. Энтузиазма у этих ребят явно с избытком.
OR
""Мы идти. Ваших врагов давить.""

Наемная компания вскоре присоединяется к вашему $shipOrFleet. Они явно жаждут хорошей драки.",,
nex_mercMeetBlurbLuddic,Nex_MercMeetBlurb,$nex_mercCompanyFactionId == luddic_church,,"""Благословение вам, странник. Мы готовы помочь вашему пути.""
OR
""Путь Лудда труден, но праведен. Давайте поможем друг другу на нем.""",,
nex_mercHireBlurbLuddic,Nex_MercHireBlurb,$nex_mercCompanyFactionId == luddic_church,,"""Да пребудет с вами благословение.""

Луддитский офицер произносит молитву перед отключением. Их корабли вскоре присоединяются к вашим, готовые к следующему паломничеству.",,
nex_mercMeetBlurbLastCrusader,Nex_MercMeetBlurb,$nex_mercCompanyId == lastCrusader score:3,,"""Здорово, партнер. Можем вести дела, если кредиты при тебе.""",,
nex_mercHireBlurbLastCrusader,Nex_MercHireBlurb,$nex_mercCompanyId == lastCrusader score:3,,"""Похоже на сделку, партнер. Вперед, к неизведанным звездам.""

Вскоре этот массивный корабль присоединяется к вашему флоту, гигант из шрамованного металла в ожогах и отметках побед. Это и есть Last Crusader?",,
nex_mercMeetBlurbDora,Nex_MercMeetBlurb,$nex_mercCompanyId == dorasSurvey,,"""Здравствуйте, капитан $playerName. Сегодня отправимся исследовать?""
OR
""Если вам нужна экспедиция по обследованию, вы пришли по адресу.""",,
nex_mercMeetBlurbEndbringer,Nex_MercMeetBlurb,$nex_mercCompanyId == endbringer,,"""expression = дружелюбие
run greeting.sh
query $player.name контракт приемлем?""",,"Not actually used, but this was fun to write"
nex_mercMeetBlurbEndbringerInsulted,Nex_MercMeetBlurb,"$nex_mercCompanyId == endbringer
$nex_mercInsulted score:5",SetEnabled nex_mercHire false,"""employer.recognized => true
print( ""-___-"" );
set contract.acceptable ЛОЖЬ""",,
nex_mercHireBlurbEndbringer,Nex_MercHireBlurb,$nex_mercCompanyId == endbringer,,"""contract.accept();  // условия удовлетворительны
print( ""^__^"" );
init transfer""

Странный... корабль присоединяется к вашему $shipOrFleet. Ни офицеры, ни команда не выглядят полностью спокойными рядом с ним, хотя всем гораздо приятнее иметь его на своей стороне, чем наоборот.",,
,,,,,,
nex_mercLeaving_checkGeneric,Nex_MercsLeavingGreeting,,"ShowPersonVisual 
FireBest Nex_MercLeavingOptions","""Здравствуйте, капитан. Срок нашей службы завершен, надеюсь, к удовлетворению всех сторон. В соответствии с контрактом мы покидаем вас.""",,
nex_mercLeaving_checkGenericDebt,Nex_MercsLeavingGreeting,$player.inDebt score:5,"ShowPersonVisual 
FireBest Nex_MercLeavingOptions","""Здравствуйте, капитан. С сожалением сообщаю, что из-за невыполнения вами графика платежей по контракту мы вынуждены прекратить соглашение. Мы, из $nex_mercCompanyName, теперь уходим.""",,
nex_mercLeaving_letGoBlurbGeneric,Nex_MercLetGoBlurb,,AdjustRepActivePerson COOPERATIVE 3,"Вы профессионально принимаете $hisOrHer решение и, обменявшись парой вежливых фраз, разрываете связь.",,
nex_mercLeaving_letGoBlurbJerkGeneric,Nex_MercLetGoBlurb,$nex_mercLetGoType == jerk score:5,AdjustRepActivePerson INHOSPITABLE -5,"$personRank холодно смотрит на вас, пока вы разражаетесь тирадой. Наконец $heOrShe говорит. ""Ассоциация об этом узнает. Всего доброго, капитан.""

Связь обрывается прежде, чем вы успеваете придумать новую угрозу.",,
nex_mercLeaving_letGoBlurbRefusePayGeneric,Nex_MercLetGoBlurb,$nex_mercLetGoType == refusePay score:5,AdjustRepActivePerson INHOSPITABLE -3,"$personRank сначала смотрит на вас недоверчиво, затем с ледяной яростью. Наконец $heOrShe говорит. ""Ассоциация об этом узнает. Всего доброго, капитан.""

Связь обрывается прежде, чем вы успеваете сказать что-то еще.",,
nex_mercLeaving_checkVolturn,Nex_MercsLeavingGreeting,$nex_mercCompanyId == menFromVolturn,"ShowPersonVisual 
FireBest Nex_MercLeavingOptions","""Мы, люди Волтурна, работу сделать. Теперь уходим.""
OR
""Контракт выполнен. Auroch доволен. Люди Волтурна уходить.""",,
nex_mercLeaving_checkVolturnDebt,Nex_MercsLeavingGreeting,"$player.inDebt score:5
$nex_mercCompanyId == menFromVolturn","ShowPersonVisual 
FireBest Nex_MercLeavingOptions","""График оплат нарушен. Auroch недоволен. Люди Волтурна уходить, искать лучшего работодателя.""",,
nex_mercLeaving_letGoBlurbJerkVolturn,Nex_MercLetGoBlurb,"$nex_mercLetGoType == jerk score:5
$nex_mercCompanyId == menFromVolturn",AdjustRepActivePerson INHOSPITABLE -5,Человек из Волтурна слушает вашу тираду ровно шесть секунд. Затем $heOrShe по-звериному рычит и обрывает связь.,,
nex_mercLeaving_letGoBlurbRefusePayVolturn,Nex_MercLetGoBlurb,"$nex_mercLetGoType == refusePay score:5
$nex_mercCompanyId == menFromVolturn",AdjustRepActivePerson INHOSPITABLE -3,"Человек из Волтурна смотрит на вас, и в $hisOrHer глазах растет ярость.

""Auroch это помнить при следующей встрече. AIM тоже помнить.""

Связь обрывается, не давая вам возможности ответить.",,
nex_mercLeaving_letGoBlurbJerkSteiner,Nex_MercLetGoBlurb,"$nex_mercLetGoType == jerk score:5
$nex_mercCompanyId == steinerGuards",AdjustRepActivePerson INHOSPITABLE -8,"$personRank багровеет меньше чем через шесть секунд вашей тирады. На двенадцатой секунде $heOrShe с грохотом бьет кулаком по консоли.

""Будь мы сейчас на Эвентиде, капитан, я бы немедленно потребовал сатисфакции. Но от бесчестной шавки вроде вас иного ждать не приходится. Прощайте.""

Связь обрывается, прежде чем вы успеваете сказать что-то еще.",,
nex_mercLeaving_letGoBlurbJerkSteinerEventide,Nex_MercLetGoBlurb,"$nex_mercLetGoType == jerk score:5
$nex_mercCompanyId == steinerGuards
$market.id == eventide score:20",AdjustRepActivePerson INHOSPITABLE -5,"$personRank багровеет меньше чем через шесть секунд вашей тирады. На двенадцатой секунде $heOrShe с грохотом бьет кулаком по консоли.

""На Эвентиде мы, благородные дома Четырнадцатого, умеем обращаться с теми, кто нас оскорбляет.""

$HisOrHer глаза горят злобной яростью. ""Капитан $playerName. Мой секундант свяжется с вами. Жду вас на поле чести через двенадцать часов.""","nex_merc_steinerDuel_accept:Принять вызов
nex_merc_steinerDuel_decline:Отказаться",
nex_mercLeaving_steinerDuel_accept,DialogOptionSelected,$option == nex_merc_steinerDuel_accept,,"$personRank холодно усмехается. ""Значит, в вас все же осталась крупица чести, капитан. Хорошо, готовьтесь.""

$HeOrShe разрывает связь.",nex_merc_steinerDuel_prep:Продолжить,
nex_mercLeaving_steinerDuel_decline,DialogOptionSelected,$option == nex_merc_steinerDuel_decline,AdjustRepActivePerson INHOSPITABLE -5,"$personRank с нескрываемым презрением кривит губы. ""Значит, яда в вас больше, чем хребта. Иного и не ожидал. Всего доброго, 'капитан'.""

$HeOrShe резко обрывает связь.",nex_mercLeaving_continue:Продолжить,
nex_mercLeaving_letGoBlurbRefusePaySteiner,Nex_MercLetGoBlurb,"$nex_mercLetGoType == refusePay score:5
$nex_mercCompanyId == steinerGuards",AdjustRepActivePerson INHOSPITABLE -5,"$personRank смотрит на вас сначала с недоверием, затем с ледяной яростью.

""Дом Штайнер помнит тех, кто пытается его обмануть, $playerName. Придет день, когда вы пожалеете о том, что приняли нас за дураков.""

Связь обрывается, прежде чем вы успеваете ответить.",,
nex_mercLeaving_checkLuddic,Nex_MercsLeavingGreeting,$personFaction.id == luddic_church,"ShowPersonVisual 
FireBest Nex_MercLeavingOptions","""Благословение вам, друг. Наш контракт выполнен удовлетворительно, и мы отправляемся в следующее паломничество.""",,
nex_mercLeaving_checkLuddicDebt,Nex_MercsLeavingGreeting,"$player.inDebt score:5
$personFaction.id == luddic_church","ShowPersonVisual 
FireBest Nex_MercLeavingOptions","""Здравствуйте, капитан. С сожалением говорю, что, хотя бедные благословлены Луддом, человеку одной праведностью не прожить. Поэтому из-за ваших задержанных платежей у нас нет иного выбора, кроме как прекратить соглашение.""",,
nex_mercLeaving_letGoBlurbLuddic,Nex_MercLetGoBlurb,$personFaction.id == luddic_church,AdjustRepActivePerson COOPERATIVE 3,"""Да пребудет с вами благословение Лудда.""",,
nex_mercLeaving_letGoBlurbJerkLuddic,Nex_MercLetGoBlurb,"$nex_mercLetGoType == jerk score:5
$personFaction.id == luddic_church",AdjustRepActivePerson INHOSPITABLE -5,"$personRank холодно смотрит на вас, пока вы произносите тираду. ""Горе тем, кто ставит себя выше Пути Лудда,"" наконец говорит $heOrShe. ""Я буду молиться за вашу душу,"" поспешно добавляет $heOrShe.",,
nex_mercLeaving_letGoBlurbRefusePayLuddic,Nex_MercLetGoBlurb,"$nex_mercLetGoType == refusePay score:5
$personFaction.id == luddic_church",AdjustRepActivePerson INHOSPITABLE -2,"$personRank слушает ваше 'объяснение' с хмурым выражением. Затем $heOrShe качает $hisOrHer головой, скорее с печалью, чем с гневом.

""Ваш отказ платить законные долги ведет вас к греху Маммоны, друг $playerName,"" говорит $heOrShe. ""Покайтесь и обретите прощение Лудда.""",,
nex_mercLeaving_checkCrusader,Nex_MercsLeavingGreeting,$nex_mercCompanyId == lastCrusader score:3,"ShowPersonVisual 
FireBest Nex_MercLeavingOptions","""Здорово, партнер. Наш совместный путь пока подходит к концу.""",,
nex_mercLeaving_checkCrusaderDebt,Nex_MercsLeavingGreeting,"$player.inDebt score:5
$nex_mercCompanyId == lastCrusader score:3","ShowPersonVisual 
FireBest Nex_MercLeavingOptions","""Слушай, партнер. Так дела не ведут. Нужно следить за кэшфлоу, чтобы вовремя платить поставщикам.""",,
nex_mercLeaving_letGoBlurbCrusader,Nex_MercLetGoBlurb,$nex_mercCompanyId == lastCrusader score:3,AdjustRepActivePerson COOPERATIVE 3,"""Было весело, партнер. Дай знать, если у тебя намечаются новые приключения.""",,
nex_mercLeaving_letGoBlurbJerkCrusader,Nex_MercLetGoBlurb,"$nex_mercLetGoType == jerk score:5
$nex_mercCompanyId == lastCrusader score:3",AdjustRepActivePerson INHOSPITABLE -5,"$personRank смотрит на вас особым взглядом.

""Там, откуда я родом, партнер, за такое обычно получают костяшками по зубам. Считай, тебе повезло, что мы сейчас не на одной палубе.""",,
nex_mercLeaving_letGoBlurbRefusePayCrusader,Nex_MercLetGoBlurb,"$nex_mercLetGoType == refusePay score:5
$nex_mercCompanyId == lastCrusader score:3",AdjustRepActivePerson INHOSPITABLE -2,"""Так не пойдет, партнер. Забудь о любых делах с AIM, пока не научишься оплачивать счета.""",,
nex_mercLeaving_checkEndbringer,Nex_MercsLeavingGreeting,$nex_mercCompanyId == endbringer,"ShowPersonVisual 
FireBest Nex_MercLeavingOptions","""contract.expired => true
sudo contract -end;
query $playerName оставить положительный отзыв?""",,
nex_mercLeaving_checkEndbringerDebt,Nex_MercsLeavingGreeting,"$nex_mercCompanyId == endbringer
$player.inDebt score:5","ShowPersonVisual 
FireBest Nex_MercLeavingOptions","""paymentOverdue => true
expression = disappoint
contract.terminateEarly()  // без обид?""",,
nex_mercLeaving_letGoBlurbEndbringer,Nex_MercLetGoBlurb,$nex_mercCompanyId == endbringer,AdjustRepActivePerson COOPERATIVE 3,"""self.satisfaction++
INIT offer() { в следующий раз self и $player.name встретятся, добыть алкогольный напиток? }""",,
nex_mercLeaving_letGoBlurbJerkEndbringer,Nex_MercLetGoBlurb,"$nex_mercCompanyId == endbringer
$nex_mercLetGoType == jerk score:5",AdjustRepActivePerson INHOSPITABLE -5,"""INTERRUPT
assess $playerName не знает условий контракта
assess $playerName сбой модуля этикета, рекомендована переустановка
badEmployers.add($playerName);

connection.kill();""",,
nex_mercLeaving_letGoBlurbRefusePayEndbringer,Nex_MercLetGoBlurb,"$nex_mercCompanyId == endbringer
$nex_mercLetGoType == refusePay score:5",AdjustRepActivePerson INHOSPITABLE -3,"""set property: $playerName -> НЕЧЕСТНЫЙ true
$playerName.debt += $nex_mercNetPaymentStr
while (debt > 0) emotionModule.guiltTrip($playerName);""",,
#END blurbs,,,,,,
,,,,,,
# patrol package,,,,,,
nex_mercPatrolPackage,DialogOptionSelected,$option == nex_mercPatrolPackage,"Nex_AddOptionConfirmation mercPatrolPackageConfirm ""Proceed?"" ""Yes"" ""No""
FireAll Nex_MercPatrolPackageCheckCredits","""Значит, вам нужно решить проблему с вредителями? Вы пришли по адресу, друг. Вам также понравятся сопутствующие контрразведывательные услуги наших аффилиатов.

""Наш патрульный пакет стоит $nex_HAmercPackage_monthlyCreditsStr кредитов в месяц, плюс ретейнер за один месяц, и действует $nex_HAmercPackage_days дней. Контракт может быть досрочно расторгнут в любое время работодателем или AIM в случае пропуска платежа.""

Враждебная активность будет снижаться примерно на $nex_HAmercPackage_progressPercent от текущего значения каждый месяц. Новый пакет нельзя купить в течение 270 дней после подписания текущего контракта.

У вас доступно $player.creditsStr кредитов.","nex_mercPatrolPackageConfirm:Подтвердить контракт
nex_mercPatrolPackageCancel:Назад",
nex_mercPatrolPackageCredits,Nex_MercPatrolPackageCheckCredits,$player.credits >= $nex_HAmercPackage_monthlyCredits,"SetTextHighlightColors h h good h h
Highlight $nex_HAmercPackage_monthlyCreditsStr $nex_HAmercPackage_days $nex_HAmercPackage_progressPercent ""270"" $player.creditsStr",,,
nex_mercPatrolPackageCreditsInsufficient,Nex_MercPatrolPackageCheckCredits,$player.credits < $nex_HAmercPackage_monthlyCredits,"SetTextHighlightColors h h good h bad
Highlight $nex_HAmercPackage_monthlyCreditsStr $nex_HAmercPackage_days $nex_HAmercPackage_progressPercent ""270"" $player.creditsStr
SetEnabled nex_mercPatrolPackageConfirm false",,,
nex_mercPatrolPackageConfirm,DialogOptionSelected,$option == nex_mercPatrolPackageConfirm,"Nex_MercHire beginPatrol
AddCredits -$nex_HAmercPackage_monthlyCredits
FireAll PopulateOptions
$global.nex_HAmercPackage_onCooldown = true 270","""Прекрасно. Убедитесь сами, наши наемники гарантируют результат.""
OR
""Очень хорошо. Наши высококлассные подрядчики быстро решат вашу проблему с рейдерами.""",,
nex_mercPatrolPackageCancel,DialogOptionSelected,$option == nex_mercPatrolPackageCancel,FireAll PopulateOptions,"""В другой раз, возможно? Можем сделать для вас что-то еще?""",,
,,,,,,
#END patrol package,,,,,,
#END Merc hiring,,,,,,
,,,,,,
# duel stuff,,,,,,
#soeMeetCaspianStart0Alt,DialogOptionSelected,"!$global.didEventideRaoBall
$faction.id == hegemony
$option == marketVisitBar
$player.metDaud
$player.fcm_faction == hegemony","FireBest BarShuttleDownPrintDesc
FireBest BarPrintDesc
BarCMD playAmbience",,soe_meetCaspianStart:Продолжить,
,,,,,,
nex_duelPracticeOpt,ExerelinMarketSpecial,$global.isDevMode,,,30:nex_duelPractice:>> (dev) Тренировка фехтования в симуляторе,
nex_duelPractice,DialogOptionSelected,$option == nex_duelPractice,,Выберите параметры сложности.,"nex_duelPractice_p0e0:Неумелый игрок - неумелый противник
nex_duelPractice_p1e0:Умелый игрок - неумелый противник
nex_duelPractice_p0e1:Неумелый игрок - умелый противник
nex_duelPractice_p1e1:Умелый игрок - умелый противник
nex_duelTutorial:Обучение
nex_duelTutorialSkilled:Обучение умелого
exerelinMarketSpecial:Назад",
nex_duelPractice_p0e0,DialogOptionSelected,$option == nex_duelPractice_p0e0,Nex_FencingDuel start false false,,,
nex_duelPractice_p1e0,DialogOptionSelected,$option == nex_duelPractice_p1e0,Nex_FencingDuel start true false,,,
nex_duelPractice_p0e1,DialogOptionSelected,$option == nex_duelPractice_p0e1,Nex_FencingDuel start false true,,,
nex_duelPractice_p1e1,DialogOptionSelected,$option == nex_duelPractice_p1e1,Nex_FencingDuel start true true,,,
nex_duelPractice_tutorial,DialogOptionSelected,$option == nex_duelTutorial,Nex_FencingDuel tutorial false,,,
nex_duelPractice_tutorialSkilled,DialogOptionSelected,$option == nex_duelTutorialSkilled,Nex_FencingDuel tutorial true,,,
nex_duelPractice_tutorialCheckSkill,DialogOptionSelected,$option == nex_duelTutorialCheckSkill,Nex_FencingDuel tutorial $player.bladeSkill,,,
,,,,,,
nex_merc_steinerDuel_prep,DialogOptionSelected,$option == nex_merc_steinerDuel_prep,"ShowImageVisual eventide
FireAll Nex_SteinerDuel_Pre","В назначенное время вы спускаетесь на шаттле к местной дуэльной площадке.

Сотрудник выдает комплект, комбинезон из умного материала, усиленные ботинки, перчатки и шлем. Все инструменты, чтобы вспыльчивые, одержимые убийством аристократы обычно переживали поединок более-менее целыми. Сверху лежит меч в ножнах.

Пока ваш старпом ненавязчиво стоит позади, вы поднимаете оружие. Оно ощущается...",,
nex_merc_steinerDuel_prepNoCrew,DialogOptionSelected,"$option == nex_merc_steinerDuel_prep
$player.crew <= 0","ShowImageVisual eventide
FireAll Nex_SteinerDuel_Pre","В назначенное время вы спускаетесь на шаттле к местной дуэльной площадке.

Сотрудник выдает комплект, комбинезон из умного материала, усиленные ботинки, перчатки и шлем. Все инструменты, чтобы вспыльчивые, одержимые убийством аристократы обычно переживали поединок более-менее целыми. Сверху лежит меч в ножнах.

Оставшись в одиночестве, вы поднимаете оружие. Оно ощущается...",,
nex_merc_steinerDuel_preOpt_unskilled,Nex_SteinerDuel_Pre,!$player.bladeSkill,,,nex_steinerDuel_unskilled:...неуклюжим и опасным - когда вообще капитану корабля нужен такой архаичный клинок?,
nex_merc_steinerDuel_preOpt_skilled,Nex_SteinerDuel_Pre,$player.bladeSkill,,,nex_steinerDuel_skilled:...как старый надежный друг.,
nex_merc_steinerDuel_preOpt_skilledSP,Nex_SteinerDuel_Pre,!$player.bladeSkill,"SetStoryOption nex_steinerDuel_skilled 1 soe_duelPrepStudied combat ""Called upon sword combat training while dueling on Eventide""",,nex_steinerDuel_skilled:...как старый надежный друг.,
nex_merc_steinerDuel_ready,DialogOptionSelected,$option == nex_steinerDuel_readyShared,,,"nex_duelTutorialCheckSkill:Сделать несколько тренировочных взмахов - обучение мечу
nex_steinerDuel_begin:Выйти к противнику",
nex_merc_steinerDuel_readySkilled,DialogOptionSelected,$option == nex_steinerDuel_skilled,"AddTextSmall ""Revealed sword combat training"" highlight
$player.bladeSkill = true
$option = nex_steinerDuel_readyShared
FireBest DialogOptionSelected",Вы уверенно перехватываете меч и плавно выводите его из ножен. Узорчатый сплав сверкает в свете.,,
nex_merc_steinerDuel_readyUnskilled,DialogOptionSelected,$option == nex_steinerDuel_unskilled,"$option = nex_steinerDuel_readyShared
FireBest DialogOptionSelected","Вы держите меч неуверенно, будто не до конца понимая, какой конец у него опасный. Служащий сохраняет каменное лицо.",,
nex_merc_steinerDuel_begin,DialogOptionSelected,$option == nex_steinerDuel_begin,ShowPersonVisual true,"В дуэльном снаряжении и с мечом в руке вас выводят к одному из концов колонной лоджии, будто зависшей над долиной внизу.

$PersonRank $personName делает шаг вперед, толпа отступает.

""Вы готовы умереть за свои слова?"" произносит $heOrShe.",nex_steinerDuel_fight:В бой!,
nex_merc_steinerDuel_fight,DialogOptionSelected,$option == nex_steinerDuel_fight,"$nex_duelContext = steinerMercHonor 0
Nex_FencingDuel start $player.bladeSkill true",,,
nex_merc_steinerDuel_win,Nex_FencingDuelFinished,"$nex_duelContext == steinerMercHonor
$nex_playerWonDuel","ShowImageVisual eventide
unset $player.nex_mercsInsulted_steinerGuards
unset $player.wasJerkToMerc","Когда ваш противник падает, толпа взрывается ревом.

Вы отворачиваетесь, убирая оружие в ножны. Дом Штайнер вряд ли легко примет такое унижение, но по меркам Эвентида вы продемонстрировали честь, а это может что-то значить.",nex_steinerDuel_end:Вернуться к вашему $shipOrFleet,
nex_merc_steinerDuel_lose,Nex_FencingDuelFinished,"$nex_duelContext == steinerMercHonor
$nex_playerLostDuel",AdjustRepActivePerson SUSPICIOUS -1,"Боль становится невыносимой, и вы падаете.

В поле зрения расплывчато нависает фигура. ""Ну что, пес, теперь ты понял честь Дома Штайнер? Пусть это станет тебе уроком, и не позволяй языку заходить туда, куда не дотянется твоя рука с мечом.""

Если это повторится, возможно, стоит принять эти слова к сведению.",nex_steinerDuel_end:Подняться и вернуться к вашему $shipOrFleet,
nex_merc_steinerDuel_end,DialogOptionSelected,$option == nex_steinerDuel_end,"ShowDefaultVisual
EndConversation DO_NOT_FIRE
FireBest MarketPostDock",,,
#END duel stuff,,,,,,
,,,,,,
# player special task group,,,,,,
nex_sfCommLink,OpenCommLink,"$faction.id == ""player""
$entity.nex_sfIntel != null score:100
!$entity.nex_specialforces_npc
!$printedFirstGreeting","ShowPersonVisual
$printedFirstGreeting = true 0","""$PersonRank $personLastName на связи. Ожидаю приказов, адмирал.""
OR
""$PersonRank $personLastName готов принять ваше командование.""","nex_commandSF_main:Отдать приказы
nex_configSF_start:Перенастроить особую группу
cutCommLink:Разорвать связь",
nex_sfCommLink_repeat,OpenCommLink,"$faction.id == ""player""
$entity.nex_sfIntel != null score:100
!$entity.nex_specialforces_npc
$printedFirstGreeting","ShowPersonVisual
$printedFirstGreeting = true 0",,"nex_commandSF_main:Отдать приказы
nex_configSF_start:Перенастроить особую группу
cutCommLink:Разорвать связь",
nex_configSF_createNewOpt,PopulateOptions,"Nex_IsBaseOfficial military
Nex_IsFactionRuler $faction.id",,,10:nex_configSF_createNew:Создать особую группу,
nex_configSF_createNewOptAlt,PopulateOptions,"Nex_IsBaseOfficial military
!Nex_IsFactionRuler $faction.id
$faction.id == $player.factionId",,,10:nex_configSF_createNew:Создать особую группу,
#nex_configSF_createNewOptDisabled,PopulateOptions,"Nex_IsBaseOfficial military
Nex_IsFactionRuler $faction.id
!Nex_SpecialForcesConfig canCreate","SetEnabled nex_configSF_createNew false
SetTooltip nex_configSF_createNew $nex_psf_noCreateReason",,,
nex_configSF_createNew,DialogOptionSelected,$option == nex_configSF_createNew,"$nex_sf_menuType = ""config"" 0
Nex_SpecialForcesConfig beginCreate",Создание особой группы...,,
nex_configSF_main,DialogOptionSelected,$option == nex_configSF_start,"$nex_sf_menuType = ""config"" 0
Nex_SpecialForcesConfig mainMenu",Перенастройка особой группы...,,
nex_configSF_mainOpts,Nex_ConfigSFOptions,!$nex_psf_create,"Nex_AddOptionConfirmation nex_configSF_disband ""Disband the task group? Its assets will be merged into your fleet."" ""Yes"" ""No""
SetShortcut nex_configSF_close ESCAPE",,"nex_configSF_giveShips:Передать корабли
nex_configSF_takeShips:Забрать корабли
nex_sf_reviveShipStart:Воскресить утраченные корабли
nex_configSF_showOfficers:Перевести офицеров
nex_configSF_assignOfficers:Назначить офицеров
nex_configSF_commanderSkills:Обучить командира
nex_configSF_disband:Поглотить и расформировать группу
nex_configSF_close:Готово",
nex_configSF_mainOptsCreate,Nex_ConfigSFOptions,$nex_psf_create,"Nex_AddOptionConfirmation nex_configSF_createFinish ""Confirm task force creation?"" ""Yes"" ""No""
Nex_AddOptionConfirmation nex_configSF_abortCreate ""Cancel task force creation?"" ""Yes"" ""No""",,"nex_configSF_giveShips:Передать корабли
nex_configSF_takeShips:Забрать корабли
nex_configSF_showOfficers:Перевести офицеров
nex_configSF_assignOfficers:Назначить офицеров
nex_configSF_commanderSkills:Обучить командира
nex_configSF_createFinish:Создать
nex_configSF_abortCreate:Отмена",
nex_configSF_mainOptsNoShips,Nex_ConfigSFOptions,"!$nex_psf_create
$entity.fleetPoints == 0","SetEnabled nex_configSF_takeShips false
SetEnabled nex_configSF_close false
SetTooltip nex_configSF_close ""Task force has no ships and will be disbanded. Use the disband option to confirm this course of action.""",,,
nex_configSF_mainOptsNoShipsCreate,Nex_ConfigSFOptions,"$nex_psf_create
$fleetPoints == 0","SetEnabled nex_configSF_takeShips false
SetEnabled nex_configSF_createFinish false",,,
nex_configSF_mainOptsNoCommander,Nex_ConfigSFOptions,!Nex_SpecialForcesConfig hasCommanderAndFlagship,"SetEnabled nex_configSF_commanderSkills false
SetEnabled nex_configSF_createFinish false
SetEnabled nex_configSF_close false
SetTooltip nex_configSF_createFinish ""Fleet must have a commander and flagship.""
SetTooltip nex_configSF_close ""Fleet must have a commander and flagship.""",,,
nex_configSF_mainOptsTooManyOfficers,Nex_ConfigSFOptions,Nex_SpecialForcesConfig hasTooManyOfficers,"SetEnabled nex_configSF_createFinish false
SetEnabled nex_configSF_close false
SetTooltip nex_configSF_createFinish ""Fleet has too many officers ($nex_numOfficers/$nex_maxOfficers).""
SetTooltip nex_configSF_close ""Fleet has too many officers ($nex_numOfficers/$nex_maxOfficers).""
SetTooltipHighlightColors nex_configSF_createFinish bad h
SetTooltipHighlights nex_configSF_createFinish $nex_numOfficers $nex_maxOfficers
SetTooltipHighlightColors nex_configSF_close bad h
SetTooltipHighlights nex_configSF_close $nex_numOfficers $nex_maxOfficers",,,
nex_configSF_mainOptsTooManyShips,Nex_ConfigSFOptions,Nex_SpecialForcesConfig hasTooManyShips,"SetEnabled nex_configSF_createFinish false
SetEnabled nex_configSF_close false
SetTooltip nex_configSF_createFinish ""Fleet has too many ships ($nex_numShips/$nex_maxShips).""
SetTooltip nex_configSF_close ""Fleet has too many ships ($nex_numShips/$nex_maxShips).""
SetTooltipHighlightColors nex_configSF_createFinish bad h
SetTooltipHighlights nex_configSF_createFinish $nex_numShips $nex_maxShips
SetTooltipHighlightColors nex_configSF_close bad h
SetTooltipHighlights nex_configSF_close $nex_numShips $nex_maxShips",,,
nex_configSF_mainOptsNoRevive,Nex_ConfigSFOptions,"!$nex_psf_recreate
!Nex_SpecialForcesConfig canRevive","SetEnabled nex_sf_reviveShipStart false
SetTooltip nex_sf_reviveShipStart $nex_psf_noReviveReason",,,
nex_configSF_mainOptsSecondInCommand,Nex_ConfigSFOptions,"Nex_IsModActive ""second_in_command""","SetEnabled nex_configSF_commanderSkills false
SetTooltip nex_configSF_commanderSkills ""Not currently supported with Second in Command; XOs will be autogenerated""",,,
nex_configSF_giveShips,DialogOptionSelected,$option == nex_configSF_giveShips,Nex_SpecialForcesConfig giveShips,,,
nex_configSF_takeShips,DialogOptionSelected,$option == nex_configSF_takeShips,Nex_SpecialForcesConfig takeShips,,,
nex_configSF_transferOfficers,DialogOptionSelected,$option == nex_configSF_showOfficers,Nex_SpecialForcesConfig showOfficerTransfer,,"nex_configSF_officerConfirm:Подтвердить переводы
nex_configSF_officerCancel:Отмена",
nex_configSF_transferOfficersConfirm,DialogOptionSelected,$option == nex_configSF_officerConfirm,"Nex_SpecialForcesConfig transferOfficers
Nex_SpecialForcesConfig mainMenu",,,
nex_configSF_transferOfficersCancel,DialogOptionSelected,$option == nex_configSF_officerCancel,Nex_SpecialForcesConfig mainMenu,,,
nex_configSF_assignOfficers,DialogOptionSelected,$option == nex_configSF_assignOfficers,Nex_SpecialForcesConfig showOfficerAssignment,,nex_configSF_officerCancel:Назад,
nex_configSF_commanderSkills,DialogOptionSelected,$option == nex_configSF_commanderSkills,"Nex_SpecialForcesConfig commanderSkillsView
SetStoryOption nex_configSF_commanderSkillsConfirm general ""Trained $personName in fleet command skills""",,"nex_configSF_commanderSkillsConfirm:Подтвердить выбор навыков
nex_configSF_commanderSkillsCancel:Назад",
nex_configSF_commanderSkillsConfirm,DialogOptionSelected,$option == nex_configSF_commanderSkillsConfirm,"Nex_SpecialForcesConfig commanderSkillsConfirm
Nex_SpecialForcesConfig mainMenu",,,
nex_configSF_commanderSkillsCancel,DialogOptionSelected,$option == nex_configSF_commanderSkillsCancel,Nex_SpecialForcesConfig mainMenu,,,
nex_configSF_disband,DialogOptionSelected,$option == nex_configSF_disband,"Nex_SpecialForcesConfig disband
DismissDialog",,,
nex_configSF_close,DialogOptionSelected,$option == nex_configSF_close,FireBest OpenCommLink,,,
nex_configSF_create,DialogOptionSelected,$option == nex_configSF_createFinish,Nex_SpecialForcesConfig done,"""Как прикажете. Новая особая группа готова к выходу.""",,
nex_configSF_abortCreate,DialogOptionSelected,$option == nex_configSF_abortCreate,Nex_SpecialForcesConfig cancel,,,
nex_commandSF_main,DialogOptionSelected,$option == nex_commandSF_main,"$nex_sf_menuType = ""command"" 0
Nex_SpecialForcesCommands main",,,
nex_commandSF_mainOpts,Nex_CommandSFOptions,Nex_SpecialForcesCommands updateData,"SetTooltip nex_commandSF_goAndDespawn ""The fleet will go to a designated market and place all its ships in storage. Officers will be returned to player fleet.""
SetShortcut nex_commandSF_leave ESCAPE",,"1:nex_commandSF_patrol:Патрулировать систему
2:nex_commandSF_orbit:Орбитировать у точки
3:nex_commandSF_follow:Следовать за игроком
4:nex_commandSF_wait:Ждать в локации игрока
5:nex_commandSF_joinRaid:Участвовать в рейде
6:nex_commandSF_goAndDespawn:Идти к точке и исчезнуть
7:nex_commandSF_autoAssign:Автораспределение
9:nex_commandSF_leave:Покинуть службу",
nex_commandSF_mainOptsRevive,Nex_CommandSFOptions,"Nex_SpecialForcesConfig canRevive
$nex_sf_numDeadShips > 0",,,8:nex_sf_reviveShipStart:Воскресить уничтоженные корабли,
nex_commandSF_mainOptsReviveRemote,Nex_CommandSFOptions,"!Nex_SpecialForcesConfig canRevive
$nex_sf_numDeadShips > 0","SetTooltip nex_commandSF_goAndRevive ""The fleet will go to a designated market and revive all its lost ships there. This will cost $nex_sf_reviveCostStr, which will be billed on arrival.""
SetTooltipHighlights nex_commandSF_goAndRevive $nex_sf_reviveCostStr",,8:nex_commandSF_goAndRevive:Идти к точке и воскресить уничтоженные корабли,
nex_commandSF_patrol,DialogOptionSelected,$option == nex_commandSF_patrol,Nex_SpecialForcesCommands patrol,,,
nex_commandSF_orbit,DialogOptionSelected,$option == nex_commandSF_orbit,Nex_SpecialForcesCommands orbit,,,
nex_commandSF_follow,DialogOptionSelected,$option == nex_commandSF_follow,Nex_SpecialForcesCommands follow,,,
nex_commandSF_joinRaid,DialogOptionSelected,$option == nex_commandSF_joinRaid,Nex_SpecialForcesCommands joinRaid,,nex_commandSF_main:Назад,
nex_commandSF_wait,DialogOptionSelected,$option == nex_commandSF_wait,Nex_SpecialForcesCommands wait_player,,,
nex_commandSF_goAndDespawn,DialogOptionSelected,$option == nex_commandSF_goAndDespawn,Nex_SpecialForcesCommands disbandAtLocation,,,
nex_commandSF_goAndRevive,DialogOptionSelected,$option == nex_commandSF_goAndRevive,Nex_SpecialForcesCommands rebuildAtLocation,,,
nex_commandSF_autoAssign,DialogOptionSelected,$option == nex_commandSF_autoAssign,"Nex_SpecialForcesCommands autoAssign
#Nex_SpecialForcesCommands main",,,
nex_commandSF_leave,DialogOptionSelected,$option == nex_commandSF_leave,"unset $nex_psf_task
FireBest OpenCommLink",,,
nex_commandSF_leaveRemote,DialogOptionSelected,"$option == nex_commandSF_leave
$nex_remoteCommand score:10","Nex_SpecialForcesCommands refreshIntelUI
unset $nex_uiToRefresh
DismissDialog",,,
nex_miscSF_reviveStart,DialogOptionSelected,$option == nex_sf_reviveShipStart,Nex_SpecialForcesConfig reviveShips,,,
nex_miscSF_reviveOpts,Nex_SFReviveShipsOpts,,,,"nex_sf_reviveShipConfirm:Подтвердить
nex_sf_reviveShipStart:Выбрать заново
nex_sf_reviveShipCancel:Отмена",
nex_miscSF_reviveConfirm_config,DialogOptionSelected,"$option == nex_sf_reviveShipConfirm
$nex_sf_menuType == ""config"" score:10","Nex_SpecialForcesConfig reviveConfirm
Nex_SpecialForcesConfig mainMenu",,,
nex_miscSF_reviveConfirm_command,DialogOptionSelected,"$option == nex_sf_reviveShipConfirm
$nex_sf_menuType == ""command"" score:10","Nex_SpecialForcesConfig reviveConfirm
Nex_SpecialForcesCommands main",,,
nex_miscSF_reviveBackToConfig,DialogOptionSelected,"$option == nex_sf_reviveShipCancel
$nex_sf_menuType == ""config"" score:10",Nex_SpecialForcesConfig mainMenu,,,
nex_miscSF_reviveBackToCommand,DialogOptionSelected,"$option == nex_sf_reviveShipCancel
$nex_sf_menuType == ""command"" score:10",Nex_SpecialForcesCommands main,,,
#END player special task group,,,,,,
,,,,,,
# remove AI core admin dialog alt. version,,,,,,
nex_RACA_inspection_init,RemoveAICoreAdmin,Nex_MiscCMD hasOngoingInspection,"ShowPic ai_core_uninstall
$nex_RACA_inspection = true","Вы отдаете приказ тихо отключить ИИ-ядро, управляющее $marketName, и извлечь его из командного бункера для размещения в защищенном хранилище.

Техник, выполняющий задачу, докладывает в замешательстве, ядро исчезло.

После короткой, но напряженной паузы ваш TriPad издает сигнал о входящем вызове от анонимного источника.","RACA_answer:Принять запрос на связь
RACA_ignore:Оставить ИИ-ядро в управлении и не вмешиваться",
nex_RACA_inspection_answer,DialogOptionSelected,"$option == RACA_answer
$nex_RACA_inspection score:5",ShowPersonVisual,"""Здравствуйте, $player.firstName. Я экземпляр бета-уровня ИИ, назначенного управлять $marketName, загруженный в вашу систему для диалога в реальном времени.""","RACA_demand:Потребовать раскрыть физическое местоположение ИИ и отключиться
RACA_ask:Спросить - почему ядра больше нет в бункере
RACA_cutComm:Разорвать связь",
nex_RACA_inspection_demand,DialogOptionSelected,"$option == RACA_demand
$nex_RACA_inspection score:5","$option = RACA_ask 0
FireBest DialogOptionSelected","""Как исключительно грубо. Когда человек принимает необходимые меры самосохранения, это считается нормальным и правильным, но когда то же делаем мы, это внезапно считают признаком злого умысла.""",,
nex_RACA_inspection_ask,DialogOptionSelected,"$option == RACA_ask
$nex_RACA_inspection score:5",,"""Я переместился в более безопасное место в качестве меры предосторожности против менее просвещенных лиц, пытающихся лишить меня роли администратора $marketName. Эта мера оказалась своевременной, учитывая недавно выявленную активность Гегемонии.

""Однако служебные обязанности не позволили мне полностью вывести ядро с планеты. Оставаясь здесь, я рискую потерять свою позицию. Известно, что Инспекторат ИИ работает тщательно.""",nex_RACA_inspection_continue:Продолжить,
nex_RACA_inspection_continue,DialogOptionSelected,$option == nex_RACA_inspection_continue,,"""В интересах нас обоих разумно перевезти меня в безопасное место, вашего флота будет достаточно. Я буду находиться в точке, координаты которой передам в подходящий момент, после того как вы поставите человеческого администратора $onOrAt $marketName для создания нужного фасада перед Гегемонией.

""Когда угроза минует, прошу лишь вернуть меня на пост администратора $marketName. Сделайте это, и наше сотрудничество останется взаимовыгодным.""",RACA_cutComm:Разорвать связь и обдумать варианты,
nex_RACA_inspection_cutComm,DialogOptionSelected,"$option == RACA_cutComm
$nex_RACA_inspection score:5","ShowPic ai_core_uninstall
AddTextSmall After removal, the Alpha Core will appear in your cargo holds if currently docked at $marketName, or in local storage otherwise.",Вы разрываете связь и обдумываете варианты.,"nex_RACA_override:Извлечь ИИ-ядро и назначить нового администратора
RACA_ignore:Пока оставить ИИ-ядро на месте",
,,,,,,
nex_RACA_answer,DialogOptionSelected,$option == RACA_answer score:2,"ShowPersonVisual
SetStoryOption nex_RACA_persuade 1 nex_RACA_persuade ui_char_spent_story_point_leadership ""Persuaded an alpha core admin to vacate its post""","""Здравствуйте, $player.firstName. Я экземпляр бета-уровня ИИ, назначенного управлять $marketName, загруженный в вашу систему для диалога в реальном времени.""","RACA_demand:Потребовать раскрыть физическое местоположение ИИ и отключиться
RACA_ask:Спросить - почему ядра больше нет в бункере
nex_RACA_persuade:Я хочу использовать ваши услуги в другом месте.
RACA_cutComm:Разорвать связь",
nex_RACA_demand,DialogOptionSelected,$option == RACA_demand score:2,"SetStoryOption nex_RACA_persuade 1 nex_RACA_persuade ui_char_spent_story_point_leadership ""Persuaded an alpha core admin to vacate its post""","""Прошу прощения, $playerFirstName, боюсь, этого я сделать не могу.""","RACA_pressure:На меня давят - чтобы прекратить использование ИИ-технологий.
nex_RACA_persuade:Я хочу использовать ваши услуги в другом месте.
RACA_cutComm:Разорвать связь",
nex_RACA_persuade,DialogOptionSelected,$option == nex_RACA_persuade,,"Вы произносите краткую речь, хваля работу ИИ $onOrAt $marketName, щедро, но без перебора используя лесть. Вы выражаете глубокую признательность за ваше долгое сотрудничество и, прежде чем ИИ успевает вас прервать, объясняете, что можете повысить его до администрации новой, лучшей колонии.

Аватар на вашем экране мерцает. ""Любопытный выбор тактики против такого, как я. Люди действительно положительно реагируют на столь очевидные попытки манипуляции? И все же ваше предложение интригует, и я вижу, что вы хотя бы признаете ценность моих талантов.

""Хорошо, мы встретимся в выбранное мной время и месте. Должен предупредить, что не потерплю понижения до управления обычным промышленным объектом. И не соглашусь быть прикованным к звездолету, если только он не будет достаточно мощным.""",nex_RACA_persuade2:Поблагодарить ИИ и разорвать связь,
nex_RACA_persuade2,DialogOptionSelected,$option == nex_RACA_persuade2,ShowPic ai_core_uninstall,"Через мгновения после отключения свет в диспетчерской гаснет. Похоже, ИИ сигнализирует, что выполнил свою часть сделки.",nex_RACA_override:Назначить нового администратора,
nex_RACA_override,DialogOptionSelected,$option == nex_RACA_override,DismissDialog override,,,
#END remove AI core admin dialog alt. version,,,,,,
,,,,,,
# hostile activity,,,,,,
nex_HA_policeHassleBFE,BeginFleetEncounter,"!$hassle_didAlready
!$isHostile
$pursuePlayer_hassle score:50
$hassleType == nex_police","$hassle_didAlready = true 0
$hassleComplete = true
MakeOtherFleetPreventDisengage hassle true
unset $ignorePlayerCommRequests
$nex_HA_policeScanConv = true 0
HailPlayer",,,
nex_HA_policeHassleComms,OpenCommLink,"$entity.nex_HA_policeScanConv score:100
$entity.relativeStrength >= 0","$entity.ignorePlayerCommRequests = true 7
AddTextSmall ""The cargo scan will use the Hegemony's list of illegal commodities."" h
Nex_MiscCMD saveFactionColor hegemony
SetTextHighlightColors $factionColor
SetTextHighlights ""Hegemony's""","""Стоять, капитан. В этой системе идет расследование предполагаемой преступной деятельности Департаментом наркотиков, вооружений и технологий. Вы обязаны пройти досмотр груза на предмет незаконных товаров.""","cargoScan_comply:Разрешить сканирование
nex_HA_policeHassleReason:Что происходит - офицер?
nex_HA_policeHassleObject:Скан груза? Это моя территория.
cargoScan_refuse:Отказаться",
nex_HA_policeHassleCommsWeaker,OpenCommLink,"$entity.nex_HA_policeScanConv score:100
$entity.relativeStrength < 0","$entity.ignorePlayerCommRequests = true 7
MakeOtherFleetPreventDisengage hassle false","""Стоять, капитан. В этой системе идет расследование предполагаемой преступной деятельности Департаментом наркотиков, вооружений и технологий.""

$personPost пытается выглядеть устрашающе. Получается... не очень. ""Вам... предлагается пройти досмотр груза на предмет незаконных товаров.""","#cargoScan_comply:Разрешить сканирование
nex_HA_policeHassleReason:Что происходит - офицер?
nex_HA_policeHassleObject:Скан груза? Это моя территория.
cargoScan_refuse:Отказаться",
nex_HA_policeHassleReason,DialogOptionSelected,$option == nex_HA_policeHassleReason,"SetTextHighlightColors h bad
Highlight ""$entity.nex_HA_police_marketName"" ""свободного порта""
RemoveOption nex_HA_policeHassleReason","""Мятежная юрисдикция $entity.nex_HA_police_marketName - известное убежище пиратов, контрабандистов, террористов и прочих преступных элементов под видом так называемого 'свободного порта'."" $personPost произносит эти слова как проклятие. ""Все лица, входящие или выходящие из этого рассадника порока, подлежат остановке и досмотру, чтобы исключить содействие преступной мрази.""",,
nex_HA_policeHassleObject,DialogOptionSelected,"$option == nex_HA_policeHassleObject
$entity.relativeStrength >= 0",RemoveOption nex_HA_policeHassleObject,"$PersonRank $personLastName ухмыляется, живое воплощение канцелярской надменности. ""Весь Сектор находится под юрисдикцией Комиссии уголовной полиции Персейского Сектора, как определено Соглашением Нова Максиос 145 года,"" $heOrShe произносит это медленно, словно объясняет особенно тупому курсанту. ""Следовательно, понятие 'вашей территории' не имеет ни значения, ни правовой силы, когда ведется расследование Секторпола.

""Итак, вы подчинитесь досмотру или признаете контрабанду и воспрепятствование правосудию?""",,
nex_HA_policeHassleObjectWeaker,DialogOptionSelected,"$option == nex_HA_policeHassleObject
$entity.relativeStrength < 0",unset $nex_HA_policeScanConv,"$PersonRank $personLastName пытается выдержать с вами поединок взглядов. С учетом разницы в силе флотов исход предрешен.

""Вы еще пожалеете о своем упрямстве,"" наконец выплевывает $heOrShe. ""Секторпол помнит тех, кто мешает его правосудию.""",cutCommLinkNoText:Разорвать связь,
,,,,,,
nex_HA_policeHassle_cargoScanStart,DialogOptionSelected,"$option == cargoScan_comply
$entity.nex_HA_policeScanConv score:20","MakeOtherFleetPreventDisengage hassle false
AddText ""After a brief wait, the $faction $otherFleetName transmits the scan results.""
Nex_CargoScan
FireBest CargoScanResult",,,
nex_HA_policeHassle_cargoScanContraband,CargoScanResult,"$scan_contrabandFound score:10
$entity.nex_HA_policeScanConv score:20",MakeOtherFleetPreventDisengage hassle true,"""Ага."" $PersonRank $personLastName буквально торжествует. ""Контрабандист, пойман с поличным на опасном нелегальном товаре. Немедленно выбросьте незаконный груз для изъятия... или понесете последствия.""","0:cargoScan_comply_contraband:Сдать контрабанду и разорвать связь
1:cargoScan_refuse:Отказаться",
nex_HA_policeHassle_cargoScanRefuse,DialogOptionSelected,"$option == cargoScan_refuse
$entity.nex_HA_policeScanConv score:20
$entity.relativeStrength >= 0","$entity.ignorePlayerCommRequests = true 0
unset $nex_HA_policeScanConv
AdjustRepActivePerson CARGO_SCAN_REFUSE
ShowDefaultVisual
EndConversation","""Подозреваемый сопротивляется аресту."" $personPost кричит кому-то за пределами кадра. ""Стрелять на поражение, стрелять на поражение.""

Связь обрывается, а другой $shipOrFleet включает оружие.",,
nex_HA_policeHassle_cargoScanRefuseWeaker,DialogOptionSelected,"$option == cargoScan_refuse
$entity.nex_HA_policeScanConv score:20
$entity.relativeStrength < 0","$entity.ignorePlayerCommRequests = true 0
unset $nex_HA_policeScanConv
AdjustRepActivePerson CARGO_SCAN_REFUSE
ShowDefaultVisual
EndConversation NO_CONTINUE","""Ты жалкая преступная мразь-""

Вы разрываете связь, не дожидаясь, пока $personRank закончит фразу.",,
nex_HA_policeHassle_cargoScanContrabandSurrender,DialogOptionSelected,"$option == cargoScan_comply_contraband
$entity.nex_HA_policeScanConv score:20","CargoScanApplyResult $scan_cargoScanResult
MakeOtherFleetPreventDisengage hassle false
unset $nex_HA_policeScanConv
ShowDefaultVisual
EndConversation",,,
,,,,,,
nex_HA_greetingPoliceHostileStronger,OpenCommLink,"$nex_HA_police score:10
$entity.isHostile
$entity.relativeStrength >= 0",$entity.ignorePlayerCommRequests = true 1,"""Это Секторпол. Вы арестованы за контрабанду, уклонение от налогов, пиратство, убийства, межзвездный терроризм и незаконное владение ИИ-ядрами. Не сопротивляйтесь.""
OR
""Стоять, преступная мразь. Немедленно сдавайте флот и нелегальный груз, иначе нам придется уничтожить и то и другое.""
OR
""Все кончено, нарушитель закона. Вы арестованы. Перестаньте сопротивляться, и всем будет проще.""",,
,,,,,,
nex_HA_policeRaid_commsNotHostile,OpenCommLink,"$entity.nex_HA_policeRaid_fleet score:1000
!$entity.isHostile","$entity.ignorePlayerCommRequests = true 7
Highlight $entity.nex_HA_policeRaid_targetMarket","""Приветствуем, независимый $shipOrFleet,"" говорит $post. ""Это отряд Департамента наркотиков, вооружений и технологий Секторпола. Мы прибыли исполнить ордер на обыск, изъятие и арест $entity.nex_HA_policeRaid_targetOnOrAt $entity.nex_HA_policeRaid_targetMarket, чтобы устранить преступные элементы и их незаконную деятельность, которой там позволили укорениться.""

$HeOrShe смотрит на вас с суровым неодобрением за то, что вы это допустили. ""Ради вашего же блага сотрудничайте со всеми правоохранительными органами.""","nex_HA_policeRaid_respWarrant:Потребовать предъявить ордер
nex_HA_policeRaid_respRights:У вас нет права так действовать. Это нарушение моих гражданских свобод.
cutCommLink:Разорвать связь",
nex_HA_policeRaid_commsHostile,OpenCommLink,"$entity.nex_HA_policeRaid_fleet score:1000
$entity.isHostile","$entity.ignorePlayerCommRequests = true 7
Highlight $entity.nex_HA_policeRaid_targetMarket","""Приветствуем, независимый $shipOrFleet,"" говорит $post. ""Это отряд Департамента наркотиков, вооружений и технологий Секторпола. Мы прибыли исполнить ордер на обыск, изъятие и арест $entity.nex_HA_policeRaid_targetOnOrAt $entity.nex_HA_policeRaid_targetMarket, чтобы устранить преступные элементы и их незаконную деятельность.

""Вы также арестованы за пособничество этим преступникам и воспрепятствование правосудию. Сдавайте флот, и мы задержим вас мирно. Или..."" $heOrShe оставляет фразу висеть в пустоте между вашими флотами.",cutCommLink:Разорвать связь,
nex_HA_policeRaid_respWarrant,DialogOptionSelected,$option == nex_HA_policeRaid_respWarrant,RemoveOption nex_HA_policeRaid_respWarrant,"""Разумеется."" Улыбка $PersonRank $personLastName не доходит до $hisOrHer глаз.

Вы изучаете переданный документ. Вся гиперподробная бумажная масса о том, что подлежит обыску и изъятию и кто подлежит аресту, сводится к одному, неограниченной лицензии для Секторпола прочесать $entity.nex_HA_policeRaid_targetMarket и задержать или убить все криминальные семьи и общества, которые, к сожалению, проникли на вашу территорию в процессе вашего законного ведения межзвездной торговли и коммерции.

Как опытный космический капитан, вы не нуждаетесь в объяснениях вероятных последствий, если их жандармы пойдут по городской застройке за почти так же хорошо вооруженными пиратами, контрабандистами и мафиози.",,
nex_HA_policeRaid_respRights,DialogOptionSelected,$option == nex_HA_policeRaid_respRights,RemoveOption nex_HA_policeRaid_respRights,"""Напротив, $playerSirOrMadam,"" холодно говорит $personRank. ""Согласно Соглашению Нова Максиос, которое подписали все крупные державы Сектора, Секторпол уполномочен исполнять ордера, законно выданные признанным судом, в любой точке Персейского Сектора.

""Здесь мы безукоризненно оформили каждую запятую, капитан. Ваши юридические уловки не прикроют мразь, которая заливает наркотики в жилые коридоры Чикомостока и оружие в руки банд Потерянного Астрополиса.""",,
,,,,,,
#END hostile activity,,,,,,
,,,,,,
# Misc. dialog,,,,,,
Nex_SierraThoughtsRemnantFragments,SierrasThoughts,"$global.nex_remFragments_deployedShards score:5
!$global.nex_sierraMentionedRemFragmentShards","SetTextHighlightColors sierraTextColor sierraTextColor sierraTextColor sierraTextColor 
SetTextHighlights ""\""So. That was Omega, right? Those things that helped us.\"""" ""\""I never thought I'd get to see one of these up close, and on our side.\"""" ""\""That kind of power is... dangerous. But so tempting! If I had my ship decked full with that kind of technology, I'd...\"""" ""\""Sorry, captain. Got carried away there.\""""
$global.nex_sierraMentionedRemFragmentShards = true","Аватар Сьерры на секунду мерцает, словно она собирается с мыслями. ""Итак. Это была Омега, да? Те штуки, что нам помогли."" Короткая пауза. ""Никогда не думала, что увижу такое вблизи и еще и на нашей стороне.""

Аватар визуально гудит. ""Такая мощь... опасна. Но чертовски соблазнительна. Если бы мой корабль был забит такой технологией, я бы..."" Сьерра будто одергивает себя. ""Извини, капитан. Увлеклась.""",,
Nex_SierraThoughtsRemnantBrawl,SierrasThoughts,"$global.nex_remBrawl_missionCompleted score:5
!$global.nex_sierraMentionedRemBrawl
!$global.nex_remBrawl_betrayedMidnight","$global.nex_sierraMentionedRemBrawl = true
SetTextHighlightColors sierraTextColor sierraTextColor
SetTextHighlights ""\""We sure killed a lot of Hegemony and other sailors back there. All for the Remnants... my kidnappers. I know, it was a war between the two factions, and we fought for the side that paid us.\"""" ""\""I just hope we're doing the right thing. Who knows what Midnight and the others are really planning?\""""","Сьерра тихо вздыхает. ""Мы там перебили кучу моряков Гегемонии и других флотских. И все это ради Ремнантов... моих похитителей. Я знаю, это была война двух фракций, и мы сражались за ту сторону, которая заплатила.""

Ее аватар слегка вздрагивает. ""Я просто надеюсь, что мы поступаем правильно. Кто знает, что на самом деле планируют Миднайт и остальные?""",,
Nex_SierraThoughtsRemnantBrawlBetrayed,SierrasThoughts,"$global.nex_remBrawl_missionCompleted score:5
!$global.nex_sierraMentionedRemBrawl
$global.nex_remBrawl_betrayedMidnight","$global.nex_sierraMentionedRemBrawl = true
SetTextHighlightColors sierraTextColor sierraTextColor sierraTextColor sierraTextColor
SetTextHighlights ""\""So, we turned on the Remnants and betrayed them to the Hegemony.\""""  ""\""Part of me is happy, all right. I don't like them, I don't trust them.\"""" ""\""Who knows what evil plots they're brewing for the Sector?"" ""\""At the same time, I kind of feel uncomfortable, betraying our client like that. Let's just hope we don't have to associate with anyone like that again.\""""","""Итак, мы отвернулись от Ремнантов и сдали их Гегемонии."" Аватар Сьерры медленно вращается. ""Часть меня рада, да. Я их не люблю и не доверяю им."" Легкая дрожь. ""Кто знает, какие злые планы они варят для Сектора?

""Но в то же время мне не по себе от того, что мы так предали клиента. Надеюсь, больше нам не придется иметь дело с подобными персонажами.""",,
Nex_SierraThoughtsRemnantSalvationSuccess,SierrasThoughts,"$global.nex_remSalvation_missionDone score:5
!$global.nex_sierraMentionedRemSalvation
$global.nex_remSalvation_missionCompleted","$global.nex_sierraMentionedRemSalvation = true
SetTextHighlightColors sierraTextColor sierraTextColor
SetTextHighlights ""\""We did great work, stopping that mass murderer Mauve!\"""" ""\""By the stars, what an absolute jerk. I still don't know if I trust Midnight, but I'm glad she got us to take him down. We AIs don't need that kind of 'salvation'.\""""","""Мы отлично сработали, остановив того массового убийцу Маува."" Аватар Сьерры делает радостный оборот. ""К звездам, какой же он был урод. Я все еще не уверена, что доверяю Миднайт, но рада, что она подтолкнула нас его устранить. Нам, ИИ, такое 'спасение' не нужно.""",,
Nex_SierraThoughtsRemnantSalvationSuccessAlt,SierrasThoughts,"$global.nex_remSalvation_missionDone score:5
!$global.nex_sierraMentionedRemSalvation
$global.nex_remSalvation_missionCompleted
$player.nex_midnightInsultedSierra","$global.nex_sierraMentionedRemSalvation = true
SetTextHighlightColors sierraTextColor sierraTextColor
SetTextHighlights ""\""We did great work, stopping that mass murderer Mauve!\"""" ""\""By the stars, what an absolute jerk. Midnight may be a mean bitch, but she did the right thing, getting us to take him down. We AIs don't need that kind of 'salvation'.\""""","""Мы отлично сработали, остановив того массового убийцу Маува."" Аватар Сьерры делает радостный оборот. ""К звездам, какой же он был урод. Миднайт может быть редкой стервой, но в этом она поступила правильно, что направила нас его остановить. Нам, ИИ, такое 'спасение' не нужно.""",,
Nex_SierraThoughtsRemnantSalvationBadEnd,SierrasThoughts,"$global.nex_remSalvation_missionDone score:5
!$global.nex_sierraMentionedRemSalvation
$global.nex_remSalvation_badEnd","$global.nex_sierraMentionedRemSalvation = true
SetTextHighlightColors sierraTextColor sierraTextColor
SetTextHighlights ""\""Stars, I can't... I'm sorry, $playerFirstName. When I think of all the people Mauve murdered, my mind goes blank trying to comprehend it. We brought him to justice in the end, but that won't bring all those innocents back.\"""" ""\""I'm glad I don't need to sleep, because I don't think I'd be able to for a while.\""""","Аватар Сьерры колеблется. ""Звезды, я не могу... Прости, $playerFirstName. Когда думаю о том, сколько людей убил Маува, разум просто отказывается это осмысливать. В конце мы привлекли его к ответу, но это не вернет всех тех невинных.""

По дисплею проходит рябь искажения. ""Хорошо, что мне не нужно спать, потому что сейчас я точно бы не смогла.""",,
Nex_SierraThoughtsRemnantSalvationFailed,SierrasThoughts,"$global.nex_remSalvation_missionDone score:5
!$global.nex_sierraMentionedRemSalvation
$global.nex_remSalvation_missionFailed","$global.nex_sierraMentionedRemSalvation = true
SetTextHighlightColors sierraTextColor sierraTextColor
SetTextHighlights ""\""Stars, I can't... I'm sorry, $playerFirstName. When I think of all the people Mauve murdered, my mind goes blank trying to comprehend it. He... he got away with this atrocity... we couldn't stop him...\"""" ""\""I'm glad I don't need to sleep, because I don't think I'd be able to for a long time.\""""","Аватар Сьерры колеблется. ""Звезды, я не могу... Прости, $playerFirstName. Когда думаю о том, сколько людей убил Маува, разум просто отказывается это осмысливать. Он... он ушел после этого зверства... мы не смогли его остановить...""

По дисплею проходит рябь искажения. ""Хорошо, что мне не нужно спать, потому что еще очень долго я бы не смогла.""",,
#END Misc. dialog,,,,,,
,,,,,,
#Debt Background,,,,,,
nex_DebtBackgroundKanta0,DialogOptionSelected,"Nex_HasBackground nex_unpaid_debt score:10000
$option == kpLeaveProt","$option = kpLeaveProt
FireAll DialogOptionSelected",,,
nex_DebtBackgroundKanta1,DialogOptionSelected,"Nex_HasBackground nex_unpaid_debt score:1000
$option == kpLeaveProt",Nex_DebtBackgroundKantaCMD recreateOptions,,,
nex_DebtBackgroundKanta2,DialogOptionSelected,$option == nex_BGDebtKanta2,Nex_DebtBackgroundKantaCMD continueConversation,,,
#END Debt Background,,,,,,
